{
  "type": "FeatureCollection",
  "features": [
    {
      "type": "Feature",
      "properties": {
        "district_name": "24 - Parganas",
        "state_name": "West Bengal",
        "id": 319
      },
      "geometry": {
        "type": "Polygon",
        "coordinates": [
          [
            [
              88.10044567954643,
              21.839893944116447
            ],
            [
              88.08216731671982,
              21.889263157214664
            ],
            [
              88.06523383463028,
              21.972512584198082
            ],
            [
              88.07865955539978,
              22.006586912734814
            ],
            [
              88.10101842817879,
              22.11494116470422
            ],
            [
              88.09036627228328,
              22.16769469104783
            ],
            [
              88.05503217488284,
              22.217198330656274
            ],
            [
              88.04531727646588,
              22.217831957868135
            ],
            [
              88.04353993060514,
              22.21724801206067
            ],
            [
              88.04346614676167,
              22.21726662921792
            ],
            [
              88.04168641813342,
              22.22660676127335
            ],
            [
              88.03731257005596,
              22.238523297373476
            ],
            [
              88.01460505299039,
              22.300382111891054
            ],
            [
              88.0115764844131,
              22.321748398708834
            ],
            [
              88.01281243555289,
              22.36153952527381
            ],
            [
              88.01578745961478,
              22.392975473825324
            ],
            [
              88.02613483435708,
              22.435539572768036
            ],
            [
              88.10785530366016,
              22.550808867500475
            ],
            [
              88.12799450280497,
              22.56321327649751
            ],
            [
              88.16547194254814,
              22.549969733593255
            ],
            [
              88.16582167090999,
              22.54950767881122
            ],
            [
              88.19145058121404,
              22.540332609798785
            ],
            [
              88.20525443203586,
              22.513378604854413
            ],
            [
              88.21534663904703,
              22.448036663010647
            ],
            [
              88.23514489620752,
              22.444039531601785
            ],
            [
              88.26322443888277,
              22.460453080089472
            ],
            [
              88.3121286008148,
              22.470419560825693
            ],
            [
              88.33236971146556,
              22.48395657663506
            ],
            [
              88.34601586934805,
              22.507424179748238
            ],
            [
              88.35284160955509,
              22.525604201454886
            ],
            [
              88.34761374190893,
              22.57528284635687
            ],
            [
              88.33338749644615,
              22.584692574849615
            ],
            [
              88.31551591076372,
              22.595582111116837
            ],
            [
              88.27953225209913,
              22.653728899470234
            ],
            [
              88.25734683400084,
              22.655599655467554
            ],
            [
              88.26119035091612,
              22.672865902026487
            ],
            [
              88.2572026644891,
              22.709556020100774
            ],
            [
              88.25253116800876,
              22.726368618681903
            ],
            [
              88.25097677506272,
              22.730665783554112
            ],
            [
              88.24159100939671,
              22.756611669842027
            ],
            [
              88.24125661117675,
              22.791824330095977
            ],
            [
              88.2524493676615,
              22.828407293058167
            ],
            [
              88.26433354910259,
              22.859065149216995
            ],
            [
              88.29313504106182,
              22.90704425993477
            ],
            [
              88.3366333890412,
              22.98775937725645
            ],
            [
              88.36284635668557,
              23.160228624075177
            ],
            [
              88.3528579060162,
              23.18689109870861
            ],
            [
              88.33008886346994,
              23.225214271026957
            ],
            [
              88.28794969260126,
              23.26499809152362
            ],
            [
              88.26170968038927,
              23.289759140653832
            ],
            [
              88.26467467949894,
              23.513859959468526
            ],
            [
              88.30339239533265,
              23.475020150590513
            ],
            [
              88.34450946231658,
              23.466749465960028
            ],
            [
              88.4611393338508,
              23.463574557112885
            ],
            [
              88.50640281354066,
              23.53227782259428
            ],
            [
              88.55715108740976,
              23.58179984897123
            ],
            [
              88.57704762872196,
              23.56872059720135
            ],
            [
              88.59383383628996,
              23.559019799705002
            ],
            [
              88.606192247058,
              23.552925439611002
            ],
            [
              88.62981035683234,
              23.539039893341236
            ],
            [
              88.64933605146949,
              23.520716483532187
            ],
            [
              88.64693473096008,
              23.51468160535887
            ],
            [
              88.63979914488411,
              23.496742664761925
            ],
            [
              88.63026793549035,
              23.472766753778004
            ],
            [
              88.6246947241264,
              23.467385919786736
            ],
            [
              88.62159178737322,
              23.455942021488205
            ],
            [
              88.62036336990717,
              23.44419200426072
            ],
            [
              88.6162358754657,
              23.43227700689014
            ],
            [
              88.60809029566708,
              23.417879518888377
            ],
            [
              88.60233093870309,
              23.406446983745063
            ],
            [
              88.59848333217307,
              23.398807357243214
            ],
            [
              88.58918224959376,
              23.38263681865927
            ],
            [
              88.579858153959,
              23.372327492467168
            ],
            [
              88.5716130705318,
              23.36016351556308
            ],
            [
              88.56726412400116,
              23.34882660883817
            ],
            [
              88.56588065616184,
              23.335469394728545
            ],
            [
              88.56578813552564,
              23.32844486700856
            ],
            [
              88.56886795264242,
              23.31527991669253
            ],
            [
              88.57297082513962,
              23.312311095968013
            ],
            [
              88.58362550194707,
              23.3046005793851
            ],
            [
              88.59996064467607,
              23.29785044825918
            ],
            [
              88.61563275005444,
              23.29180801971552
            ],
            [
              88.674336696167,
              23.2806079308636
            ],
            [
              88.728545917627,
              23.28520937466746
            ],
            [
              88.75018188690304,
              23.28704006500649
            ],
            [
              88.78274860029147,
              23.289789361577824
            ],
            [
              88.80487582682261,
              23.285487310377146
            ],
            [
              88.81071265802876,
              23.275200483439182
            ],
            [
              88.81654887110534,
              23.264913888588644
            ],
            [
              88.8157974840522,
              23.241659744287162
            ],
            [
              88.81554320798276,
              23.23377235663179
            ],
            [
              88.81396623316556,
              23.22910877764425
            ],
            [
              88.80210281022273,
              23.21077559932786
            ],
            [
              88.78598655906094,
              23.189963107188035
            ],
            [
              88.7441542222958,
              23.153281612356576
            ],
            [
              88.72886457511663,
              23.134140886394245
            ],
            [
              88.72123021415831,
              23.115489774329795
            ],
            [
              88.71346696063674,
              23.07107738835216
            ],
            [
              88.71366704111557,
              23.065322240925678
            ],
            [
              88.71409686197195,
              23.052970591884673
            ],
            [
              88.71426427122648,
              23.048164144337953
            ],
            [
              88.72432158716015,
              23.029118098749272
            ],
            [
              88.73204391504211,
              23.017016463965792
            ],
            [
              88.73214785544634,
              23.011660425343965
            ],
            [
              88.74090737369727,
              22.992537473066335
            ],
            [
              88.78090962903957,
              22.960852882921962
            ],
            [
              88.79787175157098,
              22.944499349474437
            ],
            [
              88.81279110271893,
              22.920497261989496
            ],
            [
              88.81308050847736,
              22.919466425015393
            ],
            [
              88.81802056453608,
              22.90187045766086
            ],
            [
              88.8176107385479,
              22.891522047818466
            ],
            [
              88.78525402911292,
              22.832557102360585
            ],
            [
              88.780391931821,
              22.804881806700696
            ],
            [
              88.77696712392124,
              22.77145869747105
            ],
            [
              88.77717295322938,
              22.7339692109532
            ],
            [
              88.78825480701059,
              22.684284618386755
            ],
            [
              88.79203546189231,
              22.679349243749726
            ],
            [
              88.79286394151286,
              22.676192684155488
            ],
            [
              88.80093720178351,
              22.66533566607233
            ],
            [
              88.82077432789414,
              22.63865333700086
            ],
            [
              88.83613784143516,
              22.61199501547599
            ],
            [
              88.84460089210205,
              22.578742857726088
            ],
            [
              88.84177676663859,
              22.53070124493136
            ],
            [
              88.8318923865828,
              22.46616055152784
            ],
            [
              88.83261852942985,
              22.462199513582192
            ],
            [
              88.85481429532202,
              22.341189921255808
            ],
            [
              88.85560020337489,
              22.29872427078101
            ],
            [
              88.86170963228828,
              22.237556365897067
            ],
            [
              88.87353350240609,
              22.212721773505354
            ],
            [
              88.88198192776305,
              22.19660226351501
            ],
            [
              88.87550618648625,
              22.13784722693293
            ],
            [
              88.8783895589341,
              22.096790734471316
            ],
            [
              88.90631731740096,
              22.015905404699684
            ],
            [
              88.90750273070927,
              22.012471923282334
            ],
            [
              88.90378072426847,
              21.97525119212892
            ],
            [
              88.89415371905869,
              21.95487335799388
            ],
            [
              88.89264507344834,
              21.951678948220746
            ],
            [
              88.88032374242282,
              21.939483613264347
            ],
            [
              88.87320749323436,
              21.9324381710799
            ],
            [
              88.85536923105802,
              21.929935941918806
            ],
            [
              88.83793524724979,
              21.931147760256064
            ],
            [
              88.81658579053479,
              21.936763956676263
            ],
            [
              88.79343364849873,
              21.946237621904352
            ],
            [
              88.76837713172398,
              21.956808246798925
            ],
            [
              88.75500164683193,
              21.96207477209842
            ],
            [
              88.74711490603363,
              21.965179551216295
            ],
            [
              88.71860574853864,
              21.971357224101713
            ],
            [
              88.69171967305982,
              21.973646149480224
            ],
            [
              88.66700333791354,
              21.97761970546948
            ],
            [
              88.65432698147491,
              21.98150553974176
            ],
            [
              88.6456339025079,
              21.985052914942532
            ],
            [
              88.63929466092608,
              21.992147434923414
            ],
            [
              88.63413219383162,
              22.001015762011043
            ],
            [
              88.63223012228289,
              22.01241816258776
            ],
            [
              88.6292418001073,
              22.033280725913173
            ],
            [
              88.6278847113621,
              22.05025819106306
            ],
            [
              88.6200939360685,
              22.063097983811947
            ],
            [
              88.60323300988661,
              22.0626468161811
            ],
            [
              88.5949012815593,
              22.06242318912128
            ],
            [
              88.59450588318668,
              22.062288972873013
            ],
            [
              88.5842275795059,
              22.070605032742105
            ],
            [
              88.58134275592057,
              22.070803140038564
            ],
            [
              88.54461207618728,
              22.049805835049472
            ],
            [
              88.52031876208042,
              22.035469900443623
            ],
            [
              88.50711036746674,
              22.02672641088448
            ],
            [
              88.4990326697173,
              22.027404898253554
            ],
            [
              88.4933079130545,
              22.02485829438229
            ],
            [
              88.48881083258443,
              22.02442865988251
            ],
            [
              88.46955313854518,
              22.021956894507635
            ],
            [
              88.44081602314841,
              22.00598258995552
            ],
            [
              88.41812148861165,
              21.990534620908008
            ],
            [
              88.38573856330771,
              21.938118932558268
            ],
            [
              88.34408680014442,
              21.878801499420817
            ],
            [
              88.3081716696827,
              21.839904927636212
            ],
            [
              88.24348119381163,
              21.81129880247605
            ],
            [
              88.21817123159663,
              21.8050486813463
            ],
            [
              88.19873960329646,
              21.80024663026371
            ],
            [
              88.1823590098074,
              21.796196176906914
            ],
            [
              88.17330536759734,
              21.79611389778046
            ],
            [
              88.1432269177661,
              21.798027069851642
            ],
            [
              88.11821655394198,
              21.81296333530415
            ],
            [
              88.1156265931798,
              21.81400915396679
            ],
            [
              88.11499770620789,
              21.814885254457348
            ],
            [
              88.11333867222915,
              21.815875800947044
            ],
            [
              88.10406727596525,
              21.830111236704
            ],
            [
              88.10044567954643,
              21.839893944116447
            ]
          ]
        ]
      }
    },
    {
      "type": "Feature",
      "properties": {
        "district_name": "Bankura",
        "state_name": "West Bengal",
        "id": 320
      },
      "geometry": {
        "type": "Polygon",
        "coordinates": [
          [
            [
              87.64874176247366,
              23.05054595393096
            ],
            [
              87.58861264254942,
              23.04187187652169
            ],
            [
              87.58065230797159,
              22.997861818369376
            ],
            [
              87.5372733645029,
              22.96845206814344
            ],
            [
              87.49137617384028,
              22.96625744501096
            ],
            [
              87.44115103268831,
              22.95851547054429
            ],
            [
              87.44080919722612,
              22.95859883131303
            ],
            [
              87.3480286532066,
              22.981195908390056
            ],
            [
              87.31355716334315,
              22.97921702451925
            ],
            [
              87.21852857866747,
              22.967868643536413
            ],
            [
              87.0918326779613,
              22.901255987573112
            ],
            [
              86.98843756573488,
              22.852720607846525
            ],
            [
              86.97550887554458,
              22.764267710839885
            ],
            [
              86.9492880935163,
              22.740369896442484
            ],
            [
              86.93148713449989,
              22.71111943829885
            ],
            [
              86.90623844938881,
              22.683603763372794
            ],
            [
              86.82214384416552,
              22.67933262445958
            ],
            [
              86.76427121779469,
              22.714270370010063
            ],
            [
              86.65028160061054,
              22.82049280364556
            ],
            [
              86.59219968210074,
              22.824788606492017
            ],
            [
              86.53682679228226,
              22.838810282256325
            ],
            [
              86.54789130626715,
              22.852792102193646
            ],
            [
              86.61164614392379,
              22.914055769920644
            ],
            [
              86.64679642141624,
              23.0551516831533
            ],
            [
              86.62782339480025,
              23.216781817929704
            ],
            [
              86.72185365684739,
              23.442918676711745
            ],
            [
              86.81864909129307,
              23.5815459560399
            ],
            [
              86.82311733290688,
              23.630664839109585
            ],
            [
              86.79077914832747,
              23.69676485053759
            ],
            [
              86.78604990854946,
              23.747673625059882
            ],
            [
              86.8548168322367,
              23.70122455658733
            ],
            [
              87.00885514657428,
              23.693884901189602
            ],
            [
              87.05156439925537,
              23.644610314488386
            ],
            [
              87.12720215723606,
              23.592727785097843
            ],
            [
              87.19333889154423,
              23.562761724653157
            ],
            [
              87.26763844021376,
              23.52506430678338
            ],
            [
              87.3211387949321,
              23.49724869725791
            ],
            [
              87.38702577225187,
              23.43902328638489
            ],
            [
              87.46704386455278,
              23.396104637645042
            ],
            [
              87.53584801276607,
              23.356424591871917
            ],
            [
              87.58970306464374,
              23.267413303594445
            ],
            [
              87.61000529890045,
              23.226976955262323
            ],
            [
              87.6307086704054,
              23.20413597844015
            ],
            [
              87.65834609065418,
              23.20070243572374
            ],
            [
              87.67900355441282,
              23.190786827901942
            ],
            [
              87.68704805991983,
              23.18190354754181
            ],
            [
              87.65467020200464,
              23.082333853576262
            ],
            [
              87.6494895901771,
              23.054557806542682
            ],
            [
              87.64874176247366,
              23.05054595393096
            ]
          ]
        ]
      }
    },
    {
      "type": "Feature",
      "properties": {
        "district_name": "Birbhum",
        "state_name": "West Bengal",
        "id": 321
      },
      "geometry": {
        "type": "Polygon",
        "coordinates": [
          [
            [
              87.85660646830559,
              23.781727957461197
            ],
            [
              87.85560340209472,
              23.771698135542543
            ],
            [
              87.86857721511872,
              23.748280493179585
            ],
            [
              87.88143134924354,
              23.72369912597954
            ],
            [
              87.87967157953271,
              23.693308961278806
            ],
            [
              87.87930954917294,
              23.67689557783853
            ],
            [
              87.83247866689533,
              23.61624141426669
            ],
            [
              87.8147722485795,
              23.591885666532942
            ],
            [
              87.79960182039527,
              23.593158015285805
            ],
            [
              87.74269121201687,
              23.636691266308567
            ],
            [
              87.6687412884638,
              23.636976018316588
            ],
            [
              87.47033290175506,
              23.656852567886943
            ],
            [
              87.37718976754545,
              23.65738291375998
            ],
            [
              87.30700654719651,
              23.738346264366704
            ],
            [
              87.23074802665698,
              23.75625975519494
            ],
            [
              87.20151546529581,
              23.77155062870289
            ],
            [
              87.17508754110575,
              23.776022329145373
            ],
            [
              87.1471659925816,
              23.77825538021187
            ],
            [
              87.11460302350343,
              23.78556096395835
            ],
            [
              87.09378942688289,
              23.795457127809524
            ],
            [
              87.06485607047505,
              23.835505926103213
            ],
            [
              87.06714155063979,
              23.83524254628727
            ],
            [
              87.13682929713106,
              23.89559548196451
            ],
            [
              87.20005290999076,
              24.048209034874393
            ],
            [
              87.31187403675392,
              24.06500147014138
            ],
            [
              87.37592322374189,
              24.03857873932845
            ],
            [
              87.42303134823696,
              24.04881764429363
            ],
            [
              87.43037122102432,
              24.097611862340433
            ],
            [
              87.43426536571239,
              24.137280689961006
            ],
            [
              87.51954460651609,
              24.14431006906449
            ],
            [
              87.59790111650307,
              24.184786658869324
            ],
            [
              87.60144759007936,
              24.27149513895341
            ],
            [
              87.62954002586845,
              24.34672347181036
            ],
            [
              87.67912328192244,
              24.38013764321723
            ],
            [
              87.71191171892762,
              24.525466284452914
            ],
            [
              87.731262904085,
              24.563776341439105
            ],
            [
              87.73557693712233,
              24.605726640827324
            ],
            [
              87.7348008652736,
              24.648115492983585
            ],
            [
              87.77349477603542,
              24.67150978996827
            ],
            [
              87.82056992295941,
              24.610141410070124
            ],
            [
              87.89011017589455,
              24.487764168798225
            ],
            [
              87.91673587846161,
              24.410253151976505
            ],
            [
              87.9169925854764,
              24.300966241226707
            ],
            [
              87.87294239420336,
              24.2589469926465
            ],
            [
              87.8228594874334,
              24.19509551745494
            ],
            [
              87.80616827913228,
              24.16949551998081
            ],
            [
              87.79181696675465,
              24.154268479579144
            ],
            [
              87.78349089363859,
              24.147927201445352
            ],
            [
              87.77756155659509,
              24.12727908624642
            ],
            [
              87.7562816146447,
              24.030371431341806
            ],
            [
              87.78946462956608,
              23.927679213456212
            ],
            [
              87.83000175713835,
              23.91131870558222
            ],
            [
              87.8488493118909,
              23.88269723695038
            ],
            [
              87.86168890064448,
              23.845189169122328
            ],
            [
              87.8602678187256,
              23.818291153548827
            ],
            [
              87.85781751267628,
              23.79382996160104
            ],
            [
              87.85660646830559,
              23.781727957461197
            ]
          ]
        ]
      }
    },
    {
      "type": "Feature",
      "properties": {
        "district_name": "Burdwan",
        "state_name": "West Bengal",
        "id": 322
      },
      "geometry": {
        "type": "Polygon",
        "coordinates": [
          [
            [
              88.05317062263993,
              23.76929050469754
            ],
            [
              88.05311240486225,
              23.76893283233334
            ],
            [
              88.07948567961454,
              23.70209323519359
            ],
            [
              88.09060382847977,
              23.64831096666531
            ],
            [
              88.09574141748813,
              23.63613070332634
            ],
            [
              88.13911974801229,
              23.624180237750164
            ],
            [
              88.20989232440475,
              23.568777014766
            ],
            [
              88.26467467949894,
              23.513859959468526
            ],
            [
              88.26170968038927,
              23.289759140653832
            ],
            [
              88.28794969260126,
              23.26499809152362
            ],
            [
              88.19049507142772,
              23.225476168235758
            ],
            [
              88.09363035398478,
              23.196167177175827
            ],
            [
              88.05240889756793,
              23.164442479598463
            ],
            [
              88.01430089464381,
              23.099571996964
            ],
            [
              87.99007308248093,
              23.046432858994788
            ],
            [
              87.92917080668778,
              22.99398629736997
            ],
            [
              87.79330025532086,
              22.992291693712318
            ],
            [
              87.71540140210706,
              22.986923931180886
            ],
            [
              87.65995721210238,
              23.004361807566323
            ],
            [
              87.64431408791415,
              23.026780778379663
            ],
            [
              87.64874176247366,
              23.05054595393096
            ],
            [
              87.6494895901771,
              23.054557806542682
            ],
            [
              87.65467020200464,
              23.082333853576262
            ],
            [
              87.68704805991983,
              23.18190354754181
            ],
            [
              87.67900355441282,
              23.190786827901942
            ],
            [
              87.65834609065418,
              23.20070243572374
            ],
            [
              87.6307086704054,
              23.20413597844015
            ],
            [
              87.61000529890045,
              23.226976955262323
            ],
            [
              87.58970306464374,
              23.267413303594445
            ],
            [
              87.53584801276607,
              23.356424591871917
            ],
            [
              87.46704386455278,
              23.396104637645042
            ],
            [
              87.38702577225187,
              23.43902328638489
            ],
            [
              87.3211387949321,
              23.49724869725791
            ],
            [
              87.26763844021376,
              23.52506430678338
            ],
            [
              87.19333889154423,
              23.562761724653157
            ],
            [
              87.12720215723606,
              23.592727785097843
            ],
            [
              87.05156439925537,
              23.644610314488386
            ],
            [
              87.00885514657428,
              23.693884901189602
            ],
            [
              86.8548168322367,
              23.70122455658733
            ],
            [
              86.78604990854946,
              23.747673625059882
            ],
            [
              86.781746565766,
              23.79405023276067
            ],
            [
              86.86955747786415,
              23.857885203159892
            ],
            [
              87.06485607047505,
              23.835505926103213
            ],
            [
              87.09378942688289,
              23.795457127809524
            ],
            [
              87.11460302350343,
              23.78556096395835
            ],
            [
              87.1471659925816,
              23.77825538021187
            ],
            [
              87.17508754110575,
              23.776022329145373
            ],
            [
              87.20151546529581,
              23.77155062870289
            ],
            [
              87.23074802665698,
              23.75625975519494
            ],
            [
              87.30700654719651,
              23.738346264366704
            ],
            [
              87.37718976754545,
              23.65738291375998
            ],
            [
              87.47033290175506,
              23.656852567886943
            ],
            [
              87.6687412884638,
              23.636976018316588
            ],
            [
              87.74269121201687,
              23.636691266308567
            ],
            [
              87.79960182039527,
              23.593158015285805
            ],
            [
              87.8147722485795,
              23.591885666532942
            ],
            [
              87.83247866689533,
              23.61624141426669
            ],
            [
              87.87930954917294,
              23.67689557783853
            ],
            [
              87.87967157953271,
              23.693308961278806
            ],
            [
              87.88143134924354,
              23.72369912597954
            ],
            [
              87.86857721511872,
              23.748280493179585
            ],
            [
              87.85560340209472,
              23.771698135542543
            ],
            [
              87.85660646830559,
              23.781727957461197
            ],
            [
              87.94011965568261,
              23.789212080009765
            ],
            [
              87.98718822721858,
              23.785189490826312
            ],
            [
              88.05317062263993,
              23.76929050469754
            ]
          ]
        ]
      }
    },
    {
      "type": "Feature",
      "properties": {
        "district_name": "Calcutta",
        "state_name": "West Bengal",
        "id": 323
      },
      "geometry": {
        "type": "Polygon",
        "coordinates": [
          [
            [
              88.16547194254814,
              22.549969733593255
            ],
            [
              88.16707433624943,
              22.549403271686586
            ],
            [
              88.17161953862173,
              22.55723466695754
            ],
            [
              88.17672840482216,
              22.57088318156029
            ],
            [
              88.18264099446301,
              22.579772536266507
            ],
            [
              88.20757325969694,
              22.58941569185115
            ],
            [
              88.22715666859514,
              22.595983874443146
            ],
            [
              88.24093046199472,
              22.607727620934313
            ],
            [
              88.24992217075346,
              22.62221684441876
            ],
            [
              88.25734683400084,
              22.655599655467554
            ],
            [
              88.27953225209913,
              22.653728899470234
            ],
            [
              88.31551591076372,
              22.595582111116837
            ],
            [
              88.33338749644615,
              22.584692574849615
            ],
            [
              88.34761374190893,
              22.57528284635687
            ],
            [
              88.35284160955509,
              22.525604201454886
            ],
            [
              88.34601586934805,
              22.507424179748238
            ],
            [
              88.33236971146556,
              22.48395657663506
            ],
            [
              88.3121286008148,
              22.470419560825693
            ],
            [
              88.26322443888277,
              22.460453080089472
            ],
            [
              88.23514489620752,
              22.444039531601785
            ],
            [
              88.21534663904703,
              22.448036663010647
            ],
            [
              88.20525443203586,
              22.513378604854413
            ],
            [
              88.19145058121404,
              22.540332609798785
            ],
            [
              88.16582167090999,
              22.54950767881122
            ],
            [
              88.16547194254814,
              22.549969733593255
            ]
          ]
        ]
      }
    },
    {
      "type": "Feature",
      "properties": {
        "district_name": "Cooch Behar",
        "state_name": "West Bengal",
        "id": 324
      },
      "geometry": {
        "type": "Polygon",
        "coordinates": [
          [
            [
              88.54693665082823,
              26.30123370223429
            ],
            [
              88.54824376326063,
              26.309380132559678
            ],
            [
              88.56846739811367,
              26.354256667481344
            ],
            [
              88.58988968757889,
              26.389534474914154
            ],
            [
              88.59198479361311,
              26.401323053534906
            ],
            [
              88.59303183343134,
              26.403041162648865
            ],
            [
              88.59393104799939,
              26.410568915125495
            ],
            [
              88.60825913843578,
              26.4110660877332
            ],
            [
              88.6781547428517,
              26.413469448852773
            ],
            [
              88.74442397184619,
              26.42671339494406
            ],
            [
              88.75937905012846,
              26.446845721899738
            ],
            [
              88.76369165838702,
              26.465204171576577
            ],
            [
              88.77247029352081,
              26.485940273243873
            ],
            [
              88.80242031293892,
              26.52618595992772
            ],
            [
              88.83322862255997,
              26.53910382513212
            ],
            [
              88.89944970673638,
              26.551309867667573
            ],
            [
              88.98525604098405,
              26.544622062006518
            ],
            [
              89.07433189369453,
              26.522536434137326
            ],
            [
              89.16266471612107,
              26.50328986351972
            ],
            [
              89.23997015432316,
              26.487929889282924
            ],
            [
              89.2783736930339,
              26.4783846593274
            ],
            [
              89.30891176574924,
              26.480888875054585
            ],
            [
              89.36160752689969,
              26.477359355681923
            ],
            [
              89.40459631750555,
              26.479498078905614
            ],
            [
              89.46106400054113,
              26.481164864599737
            ],
            [
              89.50945825831528,
              26.444278772327678
            ],
            [
              89.5481404934896,
              26.41308095943656
            ],
            [
              89.56121356811018,
              26.401412583484074
            ],
            [
              89.5923750399831,
              26.400978014357023
            ],
            [
              89.63420294478252,
              26.410664195604213
            ],
            [
              89.6892747577702,
              26.40208145922509
            ],
            [
              89.7226471082069,
              26.410750609653192
            ],
            [
              89.75885232222724,
              26.433160295066582
            ],
            [
              89.7721171591369,
              26.433046252234256
            ],
            [
              89.7477819644097,
              26.398454609314996
            ],
            [
              89.64607026203367,
              26.27008618010559
            ],
            [
              89.62399832125556,
              26.283630630516395
            ],
            [
              89.60891004181154,
              26.287544149462207
            ],
            [
              89.57930255526729,
              26.29289840724016
            ],
            [
              89.57843243681296,
              26.293055664522896
            ],
            [
              89.57054706090106,
              26.288149500007506
            ],
            [
              89.56713983941162,
              26.286029239497186
            ],
            [
              89.56070916011394,
              26.269280039576476
            ],
            [
              89.55018014087165,
              26.26204291114766
            ],
            [
              89.54935099931616,
              26.20260584182139
            ],
            [
              89.55087189565121,
              26.15039359404911
            ],
            [
              89.54421191441398,
              26.131103899584197
            ],
            [
              89.54315783873258,
              26.12804980484229
            ],
            [
              89.53514524243965,
              26.11599258329033
            ],
            [
              89.52867365181689,
              26.095577156604982
            ],
            [
              89.5270355113226,
              26.07232137088325
            ],
            [
              89.5271009764246,
              26.070245349756046
            ],
            [
              89.51109772402634,
              26.03637885631336
            ],
            [
              89.49209819077211,
              26.036970510858318
            ],
            [
              89.48504031573583,
              26.040164731103243
            ],
            [
              89.46450578376856,
              26.049455646443526
            ],
            [
              89.44005618607329,
              26.0613278696342
            ],
            [
              89.41059971772513,
              26.06433549296815
            ],
            [
              89.36522326330658,
              26.08536068606619
            ],
            [
              89.33035144542778,
              26.09710652055589
            ],
            [
              89.29204212857128,
              26.10216152975968
            ],
            [
              89.2406154481708,
              26.106185754525853
            ],
            [
              89.22124303082872,
              26.117515915899794
            ],
            [
              89.20315326709817,
              26.139265879889244
            ],
            [
              89.18406024563134,
              26.163461404260897
            ],
            [
              89.15312191579731,
              26.18650222070516
            ],
            [
              89.14988807033102,
              26.187463732376344
            ],
            [
              89.11384781786666,
              26.19817404100468
            ],
            [
              89.1021145920424,
              26.205016370835352
            ],
            [
              89.09762863771917,
              26.210826927934882
            ],
            [
              89.0977228917184,
              26.233150595367608
            ],
            [
              89.09776796849042,
              26.24364808175099
            ],
            [
              89.0932008395471,
              26.28046001130844
            ],
            [
              89.07749766535349,
              26.332464085360638
            ],
            [
              89.05092889401725,
              26.391426448154412
            ],
            [
              89.04693030120619,
              26.41176786852176
            ],
            [
              89.01962321567159,
              26.443829778456838
            ],
            [
              89.0034609829168,
              26.460698133685863
            ],
            [
              88.98770294770983,
              26.46635998150977
            ],
            [
              88.96726219267029,
              26.473701287457505
            ],
            [
              88.92876531091679,
              26.478711841006188
            ],
            [
              88.89165139522805,
              26.482401184587047
            ],
            [
              88.89140619057034,
              26.48242552650137
            ],
            [
              88.86192537148149,
              26.475960157067895
            ],
            [
              88.85035665751734,
              26.455980088013558
            ],
            [
              88.85204355906359,
              26.446377397887115
            ],
            [
              88.85409671130368,
              26.434690647542265
            ],
            [
              88.85224005813025,
              26.42467366490992
            ],
            [
              88.88255376812872,
              26.394468909864656
            ],
            [
              88.94992336529802,
              26.342644933666783
            ],
            [
              88.96231218130175,
              26.328059886125676
            ],
            [
              88.9600598943564,
              26.319551981411106
            ],
            [
              88.95484994070844,
              26.317118196064595
            ],
            [
              88.93520892166539,
              26.30793982898255
            ],
            [
              88.90005524556358,
              26.307900466399385
            ],
            [
              88.86873804440113,
              26.318034249887567
            ],
            [
              88.85890492234287,
              26.325802421031035
            ],
            [
              88.84497266202519,
              26.336806664355255
            ],
            [
              88.79975755087752,
              26.350644577906877
            ],
            [
              88.76353950079574,
              26.3635886046773
            ],
            [
              88.7216283022402,
              26.3618205353296
            ],
            [
              88.69367167097676,
              26.335199129714596
            ],
            [
              88.68240473587912,
              26.326506962096907
            ],
            [
              88.67070273232777,
              26.317476139291923
            ],
            [
              88.66731949006007,
              26.309805839048757
            ],
            [
              88.6625516488266,
              26.305352933935644
            ],
            [
              88.65284434234657,
              26.296284776285464
            ],
            [
              88.65031822615134,
              26.266305124163228
            ],
            [
              88.65972264166908,
              26.23306555722537
            ],
            [
              88.65981380425075,
              26.228900432525936
            ],
            [
              88.66024871598148,
              26.206317670471183
            ],
            [
              88.65934910172939,
              26.20373391155325
            ],
            [
              88.65639523845262,
              26.19524871200978
            ],
            [
              88.63612497287369,
              26.18902687228268
            ],
            [
              88.63254364198585,
              26.191221442926565
            ],
            [
              88.61447895543363,
              26.202289010247938
            ],
            [
              88.58165837889908,
              26.21531560911402
            ],
            [
              88.55809659173455,
              26.22744640102413
            ],
            [
              88.54738336834843,
              26.242568059581625
            ],
            [
              88.54571289449888,
              26.268094726173167
            ],
            [
              88.54591178362334,
              26.27349029210512
            ],
            [
              88.5465657795331,
              26.29120564896343
            ],
            [
              88.54693665082823,
              26.30123370223429
            ]
          ]
        ]
      }
    },
    {
      "type": "Feature",
      "properties": {
        "district_name": "Darjeeling",
        "state_name": "West Bengal",
        "id": 325
      },
      "geometry": {
        "type": "Polygon",
        "coordinates": [
          [
            [
              88.36947492885699,
              26.647211537921265
            ],
            [
              88.3722869495587,
              26.60442254543255
            ],
            [
              88.36071744045685,
              26.605530624819224
            ],
            [
              88.33298597614628,
              26.592841958003188
            ],
            [
              88.3141614080847,
              26.57811663720976
            ],
            [
              88.3035291510966,
              26.555530850626138
            ],
            [
              88.2985036200851,
              26.53595129936775
            ],
            [
              88.2963896109019,
              26.51869187113634
            ],
            [
              88.29681669042101,
              26.517781370352875
            ],
            [
              88.24551060995938,
              26.501285004657664
            ],
            [
              88.20919930172099,
              26.49236979184555
            ],
            [
              88.15859494657029,
              26.49536589653819
            ],
            [
              88.14825855569845,
              26.524552426760717
            ],
            [
              88.11403335649844,
              26.55068906798643
            ],
            [
              88.05972685941755,
              26.574024793536246
            ],
            [
              88.10499548759516,
              26.674268824435565
            ],
            [
              88.11093455821265,
              26.708400866154996
            ],
            [
              88.12010691661479,
              26.78691425313807
            ],
            [
              88.11959033985832,
              26.8663431802111
            ],
            [
              88.11416828496974,
              26.903901284551427
            ],
            [
              88.06950448790006,
              26.992804893797814
            ],
            [
              88.00909244641136,
              27.065553184108147
            ],
            [
              87.95262019669894,
              27.122041890428253
            ],
            [
              87.93638019342829,
              27.151806367546197
            ],
            [
              87.94252746328385,
              27.204182911847877
            ],
            [
              87.95280411735754,
              27.257935749842417
            ],
            [
              87.95657830317849,
              27.26642908944435
            ],
            [
              88.03017547301704,
              27.217855862282274
            ],
            [
              88.08887764668876,
              27.158175090759734
            ],
            [
              88.12039081771357,
              27.124597309386797
            ],
            [
              88.17776662908614,
              27.10972001602514
            ],
            [
              88.23989812028987,
              27.123762217154184
            ],
            [
              88.28374662845586,
              27.127775977092966
            ],
            [
              88.33370056926601,
              27.117076021851844
            ],
            [
              88.35798523070488,
              27.10061909752486
            ],
            [
              88.39636748498825,
              27.092195212920295
            ],
            [
              88.42128236457648,
              27.10270264201498
            ],
            [
              88.45771691290132,
              27.121482325446305
            ],
            [
              88.49323520242461,
              27.175594828678477
            ],
            [
              88.52984687129698,
              27.195503239220752
            ],
            [
              88.59085879465054,
              27.200063065262807
            ],
            [
              88.62417750447622,
              27.193241341799716
            ],
            [
              88.65446093228196,
              27.18318912745127
            ],
            [
              88.67940328433438,
              27.183060154928494
            ],
            [
              88.71645354123352,
              27.18524307319453
            ],
            [
              88.83138514973159,
              27.214015893371165
            ],
            [
              88.84178814669838,
              27.192841755910923
            ],
            [
              88.9044138967226,
              27.16890913875448
            ],
            [
              88.917473780981,
              27.147629645906267
            ],
            [
              88.92127083789241,
              27.104982482124072
            ],
            [
              88.92250308850767,
              27.07316163565786
            ],
            [
              88.94647522368544,
              27.04491332414351
            ],
            [
              88.99851249329473,
              27.031425120658408
            ],
            [
              89.02119538969909,
              27.009586419070732
            ],
            [
              88.938519110256,
              26.984929125446374
            ],
            [
              88.8843125824959,
              26.962214078019155
            ],
            [
              88.82862823375572,
              26.94431454326731
            ],
            [
              88.7279668728118,
              26.944008138723806
            ],
            [
              88.64776364578323,
              26.939727472660888
            ],
            [
              88.53276285028431,
              26.94256098292023
            ],
            [
              88.51793367148964,
              26.93273017840438
            ],
            [
              88.5087613372529,
              26.917645500868076
            ],
            [
              88.49155096397652,
              26.89676234414194
            ],
            [
              88.47135197920267,
              26.8771058331187
            ],
            [
              88.45634056101734,
              26.856941538149737
            ],
            [
              88.44380232253197,
              26.822433692878036
            ],
            [
              88.44151928197539,
              26.785992057362343
            ],
            [
              88.42204834478825,
              26.73710871884475
            ],
            [
              88.38128467569263,
              26.676163278318754
            ],
            [
              88.36947492885699,
              26.647211537921265
            ]
          ]
        ]
      }
    },
    {
      "type": "Feature",
      "properties": {
        "district_name": "Hooghly",
        "state_name": "West Bengal",
        "id": 326
      },
      "geometry": {
        "type": "Polygon",
        "coordinates": [
          [
            [
              88.32787783735952,
              22.971526552763812
            ],
            [
              88.30117281660276,
              22.99897772823375
            ],
            [
              88.22694454381752,
              22.965896351919802
            ],
            [
              88.16480535909723,
              22.952391400110713
            ],
            [
              88.15638870963919,
              22.88740363889656
            ],
            [
              88.24828340396279,
              22.8147957392182
            ],
            [
              88.24125661117675,
              22.791824330095977
            ],
            [
              88.24159100939671,
              22.756611669842027
            ],
            [
              88.25097677506272,
              22.730665783554112
            ],
            [
              88.19302979043843,
              22.712613806788077
            ],
            [
              88.16566644143279,
              22.717255834351967
            ],
            [
              88.1261960725027,
              22.74050339199499
            ],
            [
              88.07462342842591,
              22.75654159333775
            ],
            [
              88.00558632451738,
              22.76227983306281
            ],
            [
              87.93128684518943,
              22.71325233472185
            ],
            [
              87.82022457793458,
              22.756401232798474
            ],
            [
              87.79692267914722,
              22.724249090309083
            ],
            [
              87.77763746819281,
              22.60017175435108
            ],
            [
              87.72545268659348,
              22.60745524826136
            ],
            [
              87.71492564301138,
              22.619328607633083
            ],
            [
              87.67237206208705,
              22.69205343895736
            ],
            [
              87.6601850137802,
              22.710654090326013
            ],
            [
              87.62447531025175,
              22.802809617832494
            ],
            [
              87.58881126091677,
              22.8280006625561
            ],
            [
              87.48930488196442,
              22.87592263907482
            ],
            [
              87.45336964446766,
              22.898768594152415
            ],
            [
              87.4326069160904,
              22.90747354977568
            ],
            [
              87.44080919722612,
              22.95859883131303
            ],
            [
              87.44115103268831,
              22.95851547054429
            ],
            [
              87.49137617384028,
              22.96625744501096
            ],
            [
              87.5372733645029,
              22.96845206814344
            ],
            [
              87.58065230797159,
              22.997861818369376
            ],
            [
              87.58861264254942,
              23.04187187652169
            ],
            [
              87.64874176247366,
              23.05054595393096
            ],
            [
              87.64431408791415,
              23.026780778379663
            ],
            [
              87.65995721210238,
              23.004361807566323
            ],
            [
              87.71540140210706,
              22.986923931180886
            ],
            [
              87.79330025532086,
              22.992291693712318
            ],
            [
              87.92917080668778,
              22.99398629736997
            ],
            [
              87.99007308248093,
              23.046432858994788
            ],
            [
              88.01430089464381,
              23.099571996964
            ],
            [
              88.05240889756793,
              23.164442479598463
            ],
            [
              88.09363035398478,
              23.196167177175827
            ],
            [
              88.19049507142772,
              23.225476168235758
            ],
            [
              88.28794969260126,
              23.26499809152362
            ],
            [
              88.33008886346994,
              23.225214271026957
            ],
            [
              88.3528579060162,
              23.18689109870861
            ],
            [
              88.36284635668557,
              23.160228624075177
            ],
            [
              88.3366333890412,
              22.98775937725645
            ],
            [
              88.32787783735952,
              22.971526552763812
            ]
          ]
        ]
      }
    },
    {
      "type": "Feature",
      "properties": {
        "district_name": "Howrah",
        "state_name": "West Bengal",
        "id": 327
      },
      "geometry": {
        "type": "Polygon",
        "coordinates": [
          [
            [
              88.25097677506272,
              22.730665783554112
            ],
            [
              88.25253116800876,
              22.726368618681903
            ],
            [
              88.2572026644891,
              22.709556020100774
            ],
            [
              88.26119035091612,
              22.672865902026487
            ],
            [
              88.25734683400084,
              22.655599655467554
            ],
            [
              88.24992217075346,
              22.62221684441876
            ],
            [
              88.24093046199472,
              22.607727620934313
            ],
            [
              88.22715666859514,
              22.595983874443146
            ],
            [
              88.20757325969694,
              22.58941569185115
            ],
            [
              88.18264099446301,
              22.579772536266507
            ],
            [
              88.17672840482216,
              22.57088318156029
            ],
            [
              88.17161953862173,
              22.55723466695754
            ],
            [
              88.16707433624943,
              22.549403271686586
            ],
            [
              88.16547194254814,
              22.549969733593255
            ],
            [
              88.12799450280497,
              22.56321327649751
            ],
            [
              88.10785530366016,
              22.550808867500475
            ],
            [
              88.02613483435708,
              22.435539572768036
            ],
            [
              88.01578745961478,
              22.392975473825324
            ],
            [
              88.01281243555289,
              22.36153952527381
            ],
            [
              88.0115764844131,
              22.321748398708834
            ],
            [
              88.01460505299039,
              22.300382111891054
            ],
            [
              88.03731257005596,
              22.238523297373476
            ],
            [
              87.99199172738393,
              22.234174028937286
            ],
            [
              87.93711622301618,
              22.253881347414065
            ],
            [
              87.86103571282085,
              22.303455042397122
            ],
            [
              87.84446766767834,
              22.369352139687823
            ],
            [
              87.82212230431234,
              22.454506288001795
            ],
            [
              87.8138923677269,
              22.488044129381002
            ],
            [
              87.77097554726902,
              22.55608991711963
            ],
            [
              87.72545268659348,
              22.60745524826136
            ],
            [
              87.77763746819281,
              22.60017175435108
            ],
            [
              87.79692267914722,
              22.724249090309083
            ],
            [
              87.82022457793458,
              22.756401232798474
            ],
            [
              87.93128684518943,
              22.71325233472185
            ],
            [
              88.00558632451738,
              22.76227983306281
            ],
            [
              88.07462342842591,
              22.75654159333775
            ],
            [
              88.1261960725027,
              22.74050339199499
            ],
            [
              88.16566644143279,
              22.717255834351967
            ],
            [
              88.19302979043843,
              22.712613806788077
            ],
            [
              88.25097677506272,
              22.730665783554112
            ]
          ]
        ]
      }
    },
    {
      "type": "Feature",
      "properties": {
        "district_name": "Jalpaiguri",
        "state_name": "West Bengal",
        "id": 328
      },
      "geometry": {
        "type": "Polygon",
        "coordinates": [
          [
            [
              88.36947492885699,
              26.647211537921265
            ],
            [
              88.38128467569263,
              26.676163278318754
            ],
            [
              88.42204834478825,
              26.73710871884475
            ],
            [
              88.44151928197539,
              26.785992057362343
            ],
            [
              88.44380232253197,
              26.822433692878036
            ],
            [
              88.45634056101734,
              26.856941538149737
            ],
            [
              88.47135197920267,
              26.8771058331187
            ],
            [
              88.49155096397652,
              26.89676234414194
            ],
            [
              88.5087613372529,
              26.917645500868076
            ],
            [
              88.51793367148964,
              26.93273017840438
            ],
            [
              88.53276285028431,
              26.94256098292023
            ],
            [
              88.64776364578323,
              26.939727472660888
            ],
            [
              88.7279668728118,
              26.944008138723806
            ],
            [
              88.82862823375572,
              26.94431454326731
            ],
            [
              88.8843125824959,
              26.962214078019155
            ],
            [
              88.938519110256,
              26.984929125446374
            ],
            [
              89.02119538969909,
              27.009586419070732
            ],
            [
              89.0557296964238,
              26.97632032042682
            ],
            [
              89.09450649330006,
              26.920742390456837
            ],
            [
              89.12468383773725,
              26.88012131214672
            ],
            [
              89.1888808797176,
              26.85009575436722
            ],
            [
              89.22838114119102,
              26.862462683636487
            ],
            [
              89.29994845448076,
              26.890266979812107
            ],
            [
              89.3748105249992,
              26.912989186306735
            ],
            [
              89.41126987472481,
              26.89160678752467
            ],
            [
              89.4508921909173,
              26.874576640729693
            ],
            [
              89.49829939906368,
              26.867270482669188
            ],
            [
              89.52537123810134,
              26.864429722929035
            ],
            [
              89.55516799798671,
              26.86246871833452
            ],
            [
              89.5743481891988,
              26.859276824380963
            ],
            [
              89.58700813417892,
              26.84622454378303
            ],
            [
              89.59496875959428,
              26.817263969261862
            ],
            [
              89.55452275832475,
              26.787540022824395
            ],
            [
              89.54264545992808,
              26.76652270759214
            ],
            [
              89.54092491158453,
              26.743267219674323
            ],
            [
              89.58060326938072,
              26.747303921244068
            ],
            [
              89.83359138433676,
              26.766138605209356
            ],
            [
              89.86441560574535,
              26.762576306345075
            ],
            [
              89.8413252917217,
              26.670921439344067
            ],
            [
              89.83554928693803,
              26.532455015411855
            ],
            [
              89.81867780932473,
              26.499128917348816
            ],
            [
              89.7721171591369,
              26.433046252234256
            ],
            [
              89.75885232222724,
              26.433160295066582
            ],
            [
              89.7226471082069,
              26.410750609653192
            ],
            [
              89.6892747577702,
              26.40208145922509
            ],
            [
              89.63420294478252,
              26.410664195604213
            ],
            [
              89.5923750399831,
              26.400978014357023
            ],
            [
              89.56121356811018,
              26.401412583484074
            ],
            [
              89.5481404934896,
              26.41308095943656
            ],
            [
              89.50945825831528,
              26.444278772327678
            ],
            [
              89.46106400054113,
              26.481164864599737
            ],
            [
              89.40459631750555,
              26.479498078905614
            ],
            [
              89.36160752689969,
              26.477359355681923
            ],
            [
              89.30891176574924,
              26.480888875054585
            ],
            [
              89.2783736930339,
              26.4783846593274
            ],
            [
              89.23997015432316,
              26.487929889282924
            ],
            [
              89.16266471612107,
              26.50328986351972
            ],
            [
              89.07433189369453,
              26.522536434137326
            ],
            [
              88.98525604098405,
              26.544622062006518
            ],
            [
              88.89944970673638,
              26.551309867667573
            ],
            [
              88.83322862255997,
              26.53910382513212
            ],
            [
              88.80242031293892,
              26.52618595992772
            ],
            [
              88.77247029352081,
              26.485940273243873
            ],
            [
              88.76369165838702,
              26.465204171576577
            ],
            [
              88.75937905012846,
              26.446845721899738
            ],
            [
              88.74442397184619,
              26.42671339494406
            ],
            [
              88.6781547428517,
              26.413469448852773
            ],
            [
              88.59393104815001,
              26.410568915110908
            ],
            [
              88.59436322725608,
              26.414185825737473
            ],
            [
              88.59455004020704,
              26.415749049003974
            ],
            [
              88.59636274866612,
              26.42593778659057
            ],
            [
              88.59589738821003,
              26.427019623274393
            ],
            [
              88.59617349197042,
              26.429328401703803
            ],
            [
              88.59736170676707,
              26.439261025148756
            ],
            [
              88.58144118724046,
              26.467580552663097
            ],
            [
              88.55629485534163,
              26.486459819094577
            ],
            [
              88.5238693552966,
              26.499001984649063
            ],
            [
              88.50851480797871,
              26.512256401974426
            ],
            [
              88.49962690355838,
              26.524896352411854
            ],
            [
              88.48602312604555,
              26.54153827053752
            ],
            [
              88.46597970203257,
              26.558814425261307
            ],
            [
              88.43976035890054,
              26.576949771335528
            ],
            [
              88.42630528892839,
              26.586253077664434
            ],
            [
              88.39044206540642,
              26.602681783922876
            ],
            [
              88.3722869495587,
              26.60442254543255
            ],
            [
              88.36947492885699,
              26.647211537921265
            ]
          ]
        ]
      }
    },
    {
      "type": "Feature",
      "properties": {
        "district_name": "Malda",
        "state_name": "West Bengal",
        "id": 329
      },
      "geometry": {
        "type": "Polygon",
        "coordinates": [
          [
            [
              88.10327066062892,
              24.964101199571434
            ],
            [
              88.09647336740731,
              24.96363358209626
            ],
            [
              88.0925403641804,
              24.96393960919099
            ],
            [
              88.08590447211299,
              24.962905826109772
            ],
            [
              88.05133656753078,
              24.960519825730206
            ],
            [
              88.0310648876049,
              24.951752147604694
            ],
            [
              88.02561553428527,
              24.936962847714373
            ],
            [
              88.02250465523954,
              24.907865896059633
            ],
            [
              88.02272961701374,
              24.87377311608189
            ],
            [
              88.01399410661047,
              24.852224611463868
            ],
            [
              87.97427950629674,
              24.829889209070636
            ],
            [
              87.95280349543991,
              24.809457619394305
            ],
            [
              87.94269055024505,
              24.78684626509742
            ],
            [
              87.94028256768318,
              24.77495313397577
            ],
            [
              87.93731554923046,
              24.760291703351285
            ],
            [
              87.93725153705942,
              24.75924823445579
            ],
            [
              87.90704526556243,
              24.773016742899703
            ],
            [
              87.85336255439056,
              24.80795075342263
            ],
            [
              87.85782231192735,
              24.816111714062846
            ],
            [
              87.83776291501232,
              24.968325915521138
            ],
            [
              87.80419148464794,
              24.992428000951808
            ],
            [
              87.77074975260477,
              25.164666280302036
            ],
            [
              87.72560096805248,
              25.25094127533363
            ],
            [
              87.71721744061907,
              25.366933655558686
            ],
            [
              87.80117125318935,
              25.521813345575
            ],
            [
              87.86401914498408,
              25.561964125828613
            ],
            [
              87.91798938943249,
              25.538426855449195
            ],
            [
              88.01140010367756,
              25.51590999139436
            ],
            [
              88.0429504883427,
              25.50835493998995
            ],
            [
              88.06013563744114,
              25.48799408813882
            ],
            [
              88.06450739985789,
              25.433539090767585
            ],
            [
              88.1239557035888,
              25.37409699021255
            ],
            [
              88.17669343814978,
              25.324657699665565
            ],
            [
              88.21955599128549,
              25.314875968465266
            ],
            [
              88.27300372515535,
              25.28414714304585
            ],
            [
              88.30610712129912,
              25.268192557356034
            ],
            [
              88.36798426925756,
              25.252385695633876
            ],
            [
              88.37757257262834,
              25.251115789469388
            ],
            [
              88.36550527832689,
              25.21905783925237
            ],
            [
              88.34973518214629,
              25.118760988562087
            ],
            [
              88.34901813269616,
              25.11419018481735
            ],
            [
              88.34015482539141,
              25.08922749628847
            ],
            [
              88.33163675817096,
              25.07261381295327
            ],
            [
              88.28798377632938,
              25.01554096334255
            ],
            [
              88.2373597794249,
              24.964945907569767
            ],
            [
              88.19253860084638,
              24.93944437238567
            ],
            [
              88.17845110432414,
              24.931422876400795
            ],
            [
              88.14783586407012,
              24.944091664240695
            ],
            [
              88.13722240301058,
              24.949666864295274
            ],
            [
              88.13109675594879,
              24.95925669294154
            ],
            [
              88.10327066062892,
              24.964101199571434
            ]
          ]
        ]
      }
    },
    {
      "type": "Feature",
      "properties": {
        "district_name": "Midnapur",
        "state_name": "West Bengal",
        "id": 330
      },
      "geometry": {
        "type": "Polygon",
        "coordinates": [
          [
            [
              87.33699801334436,
              21.808137473776522
            ],
            [
              87.25107909616257,
              21.79700332737704
            ],
            [
              87.20883658654151,
              21.81075990891021
            ],
            [
              87.16644138531282,
              21.86684700477699
            ],
            [
              87.14724651519307,
              21.951182965648233
            ],
            [
              87.10050899091911,
              21.979381953273315
            ],
            [
              87.0255576339221,
              21.965566715341573
            ],
            [
              86.9914523246528,
              21.920455796057063
            ],
            [
              86.93951992573786,
              21.9101725263275
            ],
            [
              86.89658362582284,
              21.91685888437863
            ],
            [
              86.91425374456253,
              22.058521155707908
            ],
            [
              86.8807875951492,
              22.110414839075695
            ],
            [
              86.80666057454546,
              22.129992927419757
            ],
            [
              86.6803243985069,
              22.1604076353405
            ],
            [
              86.67454982477977,
              22.18202110261514
            ],
            [
              86.66170332250503,
              22.23240924715508
            ],
            [
              86.63846689552291,
              22.241210260828005
            ],
            [
              86.71276562905634,
              22.25653261208994
            ],
            [
              86.80888281803396,
              22.256539265820848
            ],
            [
              86.77072264865927,
              22.3134998339683
            ],
            [
              86.76967678071709,
              22.3606663681585
            ],
            [
              86.66451292917183,
              22.434331822315265
            ],
            [
              86.67498963952755,
              22.52777126987718
            ],
            [
              86.6413779214915,
              22.57970478860174
            ],
            [
              86.58498451849866,
              22.602684980798145
            ],
            [
              86.45106253263165,
              22.73026126132271
            ],
            [
              86.53682679228226,
              22.838810282256325
            ],
            [
              86.59219968210074,
              22.824788606492017
            ],
            [
              86.65028160061054,
              22.82049280364556
            ],
            [
              86.76427121779469,
              22.714270370010063
            ],
            [
              86.82214384416552,
              22.67933262445958
            ],
            [
              86.90623844938881,
              22.683603763372794
            ],
            [
              86.93148713449989,
              22.71111943829885
            ],
            [
              86.9492880935163,
              22.740369896442484
            ],
            [
              86.97550887554458,
              22.764267710839885
            ],
            [
              86.98843756573488,
              22.852720607846525
            ],
            [
              87.0918326779613,
              22.901255987573112
            ],
            [
              87.21852857866747,
              22.967868643536413
            ],
            [
              87.31355716334315,
              22.97921702451925
            ],
            [
              87.3480286532066,
              22.981195908390056
            ],
            [
              87.44080919722612,
              22.95859883131303
            ],
            [
              87.4326069160904,
              22.90747354977568
            ],
            [
              87.45336964446766,
              22.898768594152415
            ],
            [
              87.48930488196442,
              22.87592263907482
            ],
            [
              87.58881126091677,
              22.8280006625561
            ],
            [
              87.62447531025175,
              22.802809617832494
            ],
            [
              87.6601850137802,
              22.710654090326013
            ],
            [
              87.67237206208705,
              22.69205343895736
            ],
            [
              87.71492564301138,
              22.619328607633083
            ],
            [
              87.72545268659348,
              22.60745524826136
            ],
            [
              87.77097554726902,
              22.55608991711963
            ],
            [
              87.8138923677269,
              22.488044129381002
            ],
            [
              87.82212230431234,
              22.454506288001795
            ],
            [
              87.84446766767834,
              22.369352139687823
            ],
            [
              87.86103571282085,
              22.303455042397122
            ],
            [
              87.93711622301618,
              22.253881347414065
            ],
            [
              87.99199172738393,
              22.234174028937286
            ],
            [
              88.03731257005596,
              22.238523297373476
            ],
            [
              88.04168641813342,
              22.22660676127335
            ],
            [
              88.04347383254877,
              22.21722629497915
            ],
            [
              88.03816664491922,
              22.215482440688845
            ],
            [
              88.03782531720867,
              22.21412046601156
            ],
            [
              88.03741063916688,
              22.212465728432104
            ],
            [
              88.0351419295354,
              22.203411094330463
            ],
            [
              88.0345276710804,
              22.196873631564813
            ],
            [
              88.03377486625232,
              22.188858290890604
            ],
            [
              88.03364857326686,
              22.1875132497029
            ],
            [
              88.03266506428484,
              22.177035158324788
            ],
            [
              88.03191747738194,
              22.169066307141097
            ],
            [
              88.03492782897445,
              22.141614949246673
            ],
            [
              88.03500100406067,
              22.140947873640084
            ],
            [
              88.03633137036961,
              22.12882175778981
            ],
            [
              88.03399211456895,
              22.117280980659373
            ],
            [
              88.03335636403165,
              22.11350980129932
            ],
            [
              88.03116401877237,
              22.10050087687558
            ],
            [
              88.02364313958503,
              22.088921662360587
            ],
            [
              88.02016719907438,
              22.083568912037418
            ],
            [
              88.0113350581204,
              22.069964617154994
            ],
            [
              88.00764577327078,
              22.06428054677304
            ],
            [
              87.99887988834864,
              22.044459153699957
            ],
            [
              87.99721348935785,
              22.04144391682435
            ],
            [
              87.98677952625697,
              22.02255908050465
            ],
            [
              87.98659164170105,
              22.022138098807677
            ],
            [
              87.98409987124352,
              22.016554498599287
            ],
            [
              87.98133436978031,
              22.01035656133147
            ],
            [
              87.9756636782521,
              21.997644475228096
            ],
            [
              87.96391155387393,
              21.982622580510125
            ],
            [
              87.95925794351952,
              21.976672575481206
            ],
            [
              87.9395076566155,
              21.95419270696707
            ],
            [
              87.93721392908179,
              21.951581094885068
            ],
            [
              87.93326048710885,
              21.947079320653906
            ],
            [
              87.92535972283244,
              21.938384718170266
            ],
            [
              87.9118689571629,
              21.923533707332105
            ],
            [
              87.90719600835018,
              21.9183881993695
            ],
            [
              87.88010769766352,
              21.88854639760618
            ],
            [
              87.87656585199846,
              21.884984738140428
            ],
            [
              87.84879534402968,
              21.85704655336178
            ],
            [
              87.83575757819158,
              21.843922527609504
            ],
            [
              87.80300005848802,
              21.810927029808592
            ],
            [
              87.78879216492248,
              21.796606468611152
            ],
            [
              87.78620152557306,
              21.793032081334918
            ],
            [
              87.7622424329652,
              21.759959522331453
            ],
            [
              87.7572048094301,
              21.75159621782822
            ],
            [
              87.75042885459717,
              21.74034422127199
            ],
            [
              87.74951917319866,
              21.738363831123774
            ],
            [
              87.74930971447378,
              21.73790782225194
            ],
            [
              87.74106244239883,
              21.719948586721166
            ],
            [
              87.73775435919319,
              21.71567025325788
            ],
            [
              87.71585271934143,
              21.68733307009781
            ],
            [
              87.71578938568364,
              21.687251096856738
            ],
            [
              87.71301096403644,
              21.683654787580718
            ],
            [
              87.70555582051429,
              21.674003425133584
            ],
            [
              87.68347360241204,
              21.651654340159663
            ],
            [
              87.6742717118317,
              21.644370487859376
            ],
            [
              87.66883123737568,
              21.640063235601072
            ],
            [
              87.66726569256171,
              21.638823677069183
            ],
            [
              87.66589314004287,
              21.638017718982738
            ],
            [
              87.64607197394234,
              21.626375869427502
            ],
            [
              87.6262253476079,
              21.62203880622475
            ],
            [
              87.62233252907056,
              21.62102894492969
            ],
            [
              87.61401648187919,
              21.618871210274506
            ],
            [
              87.60492587465221,
              21.61546220328275
            ],
            [
              87.59198245745264,
              21.607425683870485
            ],
            [
              87.59070825818193,
              21.606634404853345
            ],
            [
              87.5796886676285,
              21.599790228221472
            ],
            [
              87.55383231683102,
              21.584159435447656
            ],
            [
              87.52284656507712,
              21.576369515262957
            ],
            [
              87.52004678303163,
              21.575665259596946
            ],
            [
              87.51980988625098,
              21.57560566788054
            ],
            [
              87.48656409631715,
              21.568745483755645
            ],
            [
              87.46895428478936,
              21.565412312784563
            ],
            [
              87.4533686976385,
              21.562460364862602
            ],
            [
              87.43252433596511,
              21.555533657060664
            ],
            [
              87.4292160663905,
              21.555955576650632
            ],
            [
              87.42030708878701,
              21.553229090655833
            ],
            [
              87.4031360336969,
              21.548223964611207
            ],
            [
              87.40003115934863,
              21.554452281165595
            ],
            [
              87.33699801334436,
              21.808137473776522
            ]
          ]
        ]
      }
    },
    {
      "type": "Feature",
      "properties": {
        "district_name": "Murshidabad",
        "state_name": "West Bengal",
        "id": 331
      },
      "geometry": {
        "type": "Polygon",
        "coordinates": [
          [
            [
              88.49689677774002,
              23.932319816689095
            ],
            [
              88.47300391400833,
              23.9356296779231
            ],
            [
              88.4666272702823,
              23.92629172910795
            ],
            [
              88.46022819373893,
              23.92678807939035
            ],
            [
              88.45407249502104,
              23.91315392479104
            ],
            [
              88.44495444591188,
              23.872932009652516
            ],
            [
              88.30917941777052,
              23.876924613206125
            ],
            [
              88.20645086065807,
              23.846033036630622
            ],
            [
              88.1356448517759,
              23.82754551264699
            ],
            [
              88.09947115209144,
              23.810721735529846
            ],
            [
              88.05650615257788,
              23.789774234355885
            ],
            [
              88.05317062263993,
              23.76929050469754
            ],
            [
              87.98718822721858,
              23.785189490826312
            ],
            [
              87.94011965568261,
              23.789212080009765
            ],
            [
              87.85660646830559,
              23.781727957461197
            ],
            [
              87.85781751267628,
              23.79382996160104
            ],
            [
              87.8602678187256,
              23.818291153548827
            ],
            [
              87.86168890064448,
              23.845189169122328
            ],
            [
              87.8488493118909,
              23.88269723695038
            ],
            [
              87.83000175713835,
              23.91131870558222
            ],
            [
              87.78946462956608,
              23.927679213456212
            ],
            [
              87.7562816146447,
              24.030371431341806
            ],
            [
              87.77756155659509,
              24.12727908624642
            ],
            [
              87.78349089363859,
              24.147927201445352
            ],
            [
              87.79181696675465,
              24.154268479579144
            ],
            [
              87.80616827913228,
              24.16949551998081
            ],
            [
              87.8228594874334,
              24.19509551745494
            ],
            [
              87.87294239420336,
              24.2589469926465
            ],
            [
              87.9169925854764,
              24.300966241226707
            ],
            [
              87.91673587846161,
              24.410253151976505
            ],
            [
              87.89011017589455,
              24.487764168798225
            ],
            [
              87.82056992295941,
              24.610141410070124
            ],
            [
              87.77349477603542,
              24.67150978996827
            ],
            [
              87.81988969528605,
              24.699528987220322
            ],
            [
              87.82596288763081,
              24.757771472132113
            ],
            [
              87.85336255439056,
              24.80795075342263
            ],
            [
              87.90704526556243,
              24.773016742899703
            ],
            [
              87.93725153705942,
              24.75924823445579
            ],
            [
              87.93552508542757,
              24.73107179798241
            ],
            [
              87.94192591058105,
              24.69408329912096
            ],
            [
              87.94284678733102,
              24.69242690171034
            ],
            [
              87.9851729779042,
              24.61626553372125
            ],
            [
              88.02647372151267,
              24.569168019101063
            ],
            [
              88.1573370706024,
              24.495358725354492
            ],
            [
              88.23124670687163,
              24.46647746729038
            ],
            [
              88.26140624000338,
              24.457131956553347
            ],
            [
              88.34737544634153,
              24.428296811205147
            ],
            [
              88.36562945700707,
              24.42467146551921
            ],
            [
              88.36898806482117,
              24.423621388812446
            ],
            [
              88.41698847121609,
              24.405213204109295
            ],
            [
              88.45607294927122,
              24.39933292108104
            ],
            [
              88.48922523788434,
              24.397891809278498
            ],
            [
              88.53327823290499,
              24.383605558503994
            ],
            [
              88.55436983137253,
              24.350966219035293
            ],
            [
              88.57637304031704,
              24.295583476126282
            ],
            [
              88.5821574129896,
              24.211484056876845
            ],
            [
              88.58175781885284,
              24.208860029417963
            ],
            [
              88.56835969261853,
              24.117412242277084
            ],
            [
              88.58137769185338,
              24.066850923247316
            ],
            [
              88.59099635904727,
              24.00393354989609
            ],
            [
              88.57642651063239,
              23.97548938721597
            ],
            [
              88.55981242596957,
              23.95143033295365
            ],
            [
              88.5361619537431,
              23.93214581666236
            ],
            [
              88.52947751947964,
              23.92797383736077
            ],
            [
              88.51055293701513,
              23.928751236550376
            ],
            [
              88.49689677774002,
              23.932319816689095
            ]
          ]
        ]
      }
    },
    {
      "type": "Feature",
      "properties": {
        "district_name": "Nadia",
        "state_name": "West Bengal",
        "id": 332
      },
      "geometry": {
        "type": "Polygon",
        "coordinates": [
          [
            [
              88.30917941777052,
              23.876924613206125
            ],
            [
              88.44495444591188,
              23.872932009652516
            ],
            [
              88.43082682888469,
              23.810499177655373
            ],
            [
              88.4307950824915,
              23.810316839759984
            ],
            [
              88.41969481053746,
              23.792589303157794
            ],
            [
              88.41714289650862,
              23.7681839854791
            ],
            [
              88.41507956494969,
              23.748427054652417
            ],
            [
              88.41746195970067,
              23.72241274973769
            ],
            [
              88.42402046962435,
              23.711902428154744
            ],
            [
              88.44147070166068,
              23.683932429562564
            ],
            [
              88.47106155775144,
              23.6664321091668
            ],
            [
              88.5340320993696,
              23.59531789026198
            ],
            [
              88.55711358126489,
              23.581763276594852
            ],
            [
              88.50640281354066,
              23.53227782259428
            ],
            [
              88.4611393338508,
              23.463574557112885
            ],
            [
              88.34450946231658,
              23.466749465960028
            ],
            [
              88.30339239533265,
              23.475020150590513
            ],
            [
              88.26467467949894,
              23.513859959468526
            ],
            [
              88.20989232440475,
              23.568777014766
            ],
            [
              88.13911974801229,
              23.624180237750164
            ],
            [
              88.09574141748813,
              23.63613070332634
            ],
            [
              88.09060382847977,
              23.64831096666531
            ],
            [
              88.07948567961454,
              23.70209323519359
            ],
            [
              88.05311240486225,
              23.76893283233334
            ],
            [
              88.05317062263993,
              23.76929050469754
            ],
            [
              88.05650615257788,
              23.789774234355885
            ],
            [
              88.09947115209144,
              23.810721735529846
            ],
            [
              88.1356448517759,
              23.82754551264699
            ],
            [
              88.20645086065807,
              23.846033036630622
            ],
            [
              88.30917941777052,
              23.876924613206125
            ]
          ]
        ]
      }
    },
    {
      "type": "Feature",
      "properties": {
        "district_name": "West Dinajpur",
        "state_name": "West Bengal",
        "id": 333
      },
      "geometry": {
        "type": "Polygon",
        "coordinates": [
          [
            [
              88.36798426925756,
              25.252385695633876
            ],
            [
              88.30610712129912,
              25.268192557356034
            ],
            [
              88.27300372515535,
              25.28414714304585
            ],
            [
              88.21955599128549,
              25.314875968465266
            ],
            [
              88.17669343814978,
              25.324657699665565
            ],
            [
              88.1239557035888,
              25.37409699021255
            ],
            [
              88.06450739985789,
              25.433539090767585
            ],
            [
              88.06013563744114,
              25.48799408813882
            ],
            [
              88.0429504883427,
              25.50835493998995
            ],
            [
              88.01140010367756,
              25.51590999139436
            ],
            [
              87.91798938943249,
              25.538426855449195
            ],
            [
              87.86401914498408,
              25.561964125828613
            ],
            [
              87.8819438743563,
              25.573403024691586
            ],
            [
              87.93576860968935,
              25.70965503033458
            ],
            [
              88.02448940995978,
              25.828011697690965
            ],
            [
              88.02456669954185,
              25.827898936793407
            ],
            [
              88.04294541067698,
              25.81799255401552
            ],
            [
              88.05768594201221,
              25.815008291076573
            ],
            [
              88.07469441744709,
              25.811562933338823
            ],
            [
              88.11196845996996,
              25.80814557102098
            ],
            [
              88.1200574850971,
              25.809682718307727
            ],
            [
              88.16848066415763,
              25.80818325891705
            ],
            [
              88.18158643477024,
              25.806118911361434
            ],
            [
              88.2006199504177,
              25.803118693257638
            ],
            [
              88.22141478227752,
              25.788655190783025
            ],
            [
              88.29789525173071,
              25.719296263251344
            ],
            [
              88.32773220920018,
              25.69655226679588
            ],
            [
              88.35423667331402,
              25.665654072042305
            ],
            [
              88.37809152395754,
              25.637832598984446
            ],
            [
              88.43949707675458,
              25.562813779122617
            ],
            [
              88.44268009188036,
              25.560858516903277
            ],
            [
              88.45295247333499,
              25.554547667781197
            ],
            [
              88.46517736093492,
              25.5470358388794
            ],
            [
              88.46833824320461,
              25.543480204146046
            ],
            [
              88.4717992313172,
              25.542966236748768
            ],
            [
              88.51208662527308,
              25.518439354252603
            ],
            [
              88.54509730965778,
              25.512986277342122
            ],
            [
              88.57762051813157,
              25.5146141755588
            ],
            [
              88.60385594912947,
              25.526431201496248
            ],
            [
              88.61854184358006,
              25.533042289224248
            ],
            [
              88.63034557368651,
              25.537067378421693
            ],
            [
              88.63209114102737,
              25.537443703354953
            ],
            [
              88.65006078695042,
              25.54131621270603
            ],
            [
              88.67938815632131,
              25.539543418112242
            ],
            [
              88.69586516185434,
              25.517370706490023
            ],
            [
              88.67178231532799,
              25.47098724991309
            ],
            [
              88.68977161658285,
              25.448069838243935
            ],
            [
              88.69435566362816,
              25.444626475879048
            ],
            [
              88.69675024313827,
              25.437611583748943
            ],
            [
              88.7145813214419,
              25.424183062709815
            ],
            [
              88.73448981624128,
              25.41759443049834
            ],
            [
              88.79322352764665,
              25.41526580637837
            ],
            [
              88.79725000738557,
              25.41472269082475
            ],
            [
              88.87654614814676,
              25.378744097481352
            ],
            [
              88.88325458492905,
              25.35440219992288
            ],
            [
              88.8577116417272,
              25.30394041794149
            ],
            [
              88.81451983395426,
              25.243186349974184
            ],
            [
              88.78456500852626,
              25.234787272253094
            ],
            [
              88.7508619830745,
              25.24594579369472
            ],
            [
              88.73199012788609,
              25.250082444039663
            ],
            [
              88.68767485769544,
              25.246065765727675
            ],
            [
              88.6681345183556,
              25.244391293179543
            ],
            [
              88.49946945637295,
              25.259032785892835
            ],
            [
              88.42625954475906,
              25.26231407296014
            ],
            [
              88.39457369534045,
              25.267594879359233
            ],
            [
              88.38901453764913,
              25.260129628507535
            ],
            [
              88.38160622194404,
              25.260346616359843
            ],
            [
              88.38105547645618,
              25.260362732217093
            ],
            [
              88.37757257262834,
              25.251115789469388
            ],
            [
              88.36798426925756,
              25.252385695633876
            ]
          ]
        ]
      }
    }
  ]
}