{
  "type": "FeatureCollection",
  "name": "Rishra_Authentic_Physical_Cadastre",
  "features": [
    {
      "type": "Feature",
      "id": "rishra-dag-101",
      "geometry": {
        "type": "Polygon",
        "coordinates": [
          [
            [
              88.355329,
              22.722164
            ],
            [
              88.354583,
              22.722214
            ],
            [
              88.353386,
              22.724133
            ],
            [
              88.352936,
              22.725195
            ],
            [
              88.353127,
              22.72935
            ],
            [
              88.353508,
              22.730362
            ],
            [
              88.353919,
              22.732295
            ],
            [
              88.353942,
              22.732292
            ],
            [
              88.357334,
              22.731824
            ],
            [
              88.356138,
              22.727655
            ],
            [
              88.355543,
              22.724084
            ],
            [
              88.355329,
              22.722164
            ]
          ]
        ]
      },
      "properties": {
        "ulpin": "191472693545",
        "osm_id": 164999504,
        "state": "West Bengal",
        "state_code": "19",
        "district": "Hooghly (\u09b9\u09c1\u0997\u09b2\u09c0)",
        "district_code": "12",
        "district_lgd": 314,
        "subdivision": "Srirampore (\u09b6\u09cd\u09b0\u09c0\u09b0\u09be\u09ae\u09aa\u09c1\u09b0)",
        "municipality": "Rishra Municipality (\u09b0\u09bf\u09b7\u09dc\u09be \u09aa\u09cc\u09b0\u09b8\u09ad\u09be)",
        "ward_no": 1,
        "mouza_name": "Rishra",
        "mouza_name_bn": "\u09b0\u09bf\u09b7\u09dc\u09be",
        "jl_no": 12,
        "khasra_no": "101",
        "dag_no": 101,
        "khatian_no": 201,
        "owner_name": "Aditya Birla Nuvo / Jayshree Textiles Ltd",
        "owner_name_bn": "\u0995\u09b0\u09cd\u09aa\u09cb\u09b0\u09c7\u099f \u09b6\u09bf\u09b2\u09cd\u09aa",
        "ownership_type": "Corporate Industrial",
        "land_classification": "\u0995\u09b2\u0995\u09be\u09b0\u0996\u09be\u09a8\u09be (Karkhana)",
        "legal_area_sqm": 307638.06,
        "gis_area_sqm": 313916.39,
        "physical_area_sqm": 313916.39,
        "area_discrepancy_pct": 2.04,
        "area_bengali": "229 \u09ac\u09bf\u0998\u09be 19 \u0995\u09be\u09a0\u09be 2.3 \u099b\u099f\u09be\u0995",
        "area_english": "229 Bigha 19 Katha 2.3 Chhatak",
        "status": "ADJUDICATED",
        "cors_datum": "Survey of India KOL1 (Kolkata) CORS Station",
        "target_crs": "EPSG:7755 / EPSG:4326",
        "survey_source": "OpenStreetMap Real Building Footprints + Banglarbhumi RoR",
        "confidence_semi_major_m": 0.045,
        "confidence_semi_minor_m": 0.03
      }
    },
    {
      "type": "Feature",
      "id": "rishra-dag-102",
      "geometry": {
        "type": "Polygon",
        "coordinates": [
          [
            [
              88.350513,
              22.711162
            ],
            [
              88.353526,
              22.711656
            ],
            [
              88.355256,
              22.711669
            ],
            [
              88.355612,
              22.712842
            ],
            [
              88.355458,
              22.713583
            ],
            [
              88.353529,
              22.713618
            ],
            [
              88.3534,
              22.714322
            ],
            [
              88.350549,
              22.71345
            ],
            [
              88.349017,
              22.71378
            ],
            [
              88.349063,
              22.714582
            ],
            [
              88.349927,
              22.714574
            ],
            [
              88.350659,
              22.715538
            ],
            [
              88.350625,
              22.715538
            ],
            [
              88.350702,
              22.715946
            ],
            [
              88.353133,
              22.71584
            ],
            [
              88.355077,
              22.715475
            ],
            [
              88.355006,
              22.716247
            ],
            [
              88.354856,
              22.717767
            ],
            [
              88.353057,
              22.717823
            ],
            [
              88.353,
              22.718098
            ],
            [
              88.352897,
              22.718604
            ],
            [
              88.352879,
              22.718612
            ],
            [
              88.351792,
              22.718639
            ],
            [
              88.3517,
              22.718238
            ],
            [
              88.351052,
              22.71821
            ],
            [
              88.35106,
              22.717788
            ],
            [
              88.348677,
              22.717565
            ],
            [
              88.348064,
              22.717486
            ],
            [
              88.34608,
              22.717713
            ],
            [
              88.343461,
              22.717594
            ],
            [
              88.343396,
              22.71478
            ],
            [
              88.344873,
              22.714641
            ],
            [
              88.345791,
              22.714281
            ],
            [
              88.347738,
              22.714279
            ],
            [
              88.347801,
              22.713357
            ],
            [
              88.346619,
              22.712125
            ],
            [
              88.34656,
              22.711507
            ],
            [
              88.349678,
              22.711195
            ],
            [
              88.349682,
              22.711229
            ],
            [
              88.350513,
              22.711162
            ]
          ]
        ]
      },
      "properties": {
        "ulpin": "191471503505",
        "osm_id": 164999518,
        "state": "West Bengal",
        "state_code": "19",
        "district": "Hooghly (\u09b9\u09c1\u0997\u09b2\u09c0)",
        "district_code": "12",
        "district_lgd": 314,
        "subdivision": "Srirampore (\u09b6\u09cd\u09b0\u09c0\u09b0\u09be\u09ae\u09aa\u09c1\u09b0)",
        "municipality": "Rishra Municipality (\u09b0\u09bf\u09b7\u09dc\u09be \u09aa\u09cc\u09b0\u09b8\u09ad\u09be)",
        "ward_no": 14,
        "mouza_name": "Morepukur",
        "mouza_name_bn": "\u09ae\u09cb\u09dc\u09c7\u09aa\u09c1\u0995\u09c1\u09b0",
        "jl_no": 13,
        "khasra_no": "102",
        "dag_no": 102,
        "khatian_no": 202,
        "owner_name": "Hastings Jute Mill Estate (Vested)",
        "owner_name_bn": "\u099a\u099f\u0995\u09b2 \u098f\u09b8\u09cd\u099f\u09c7\u099f",
        "ownership_type": "Industrial Leasehold",
        "land_classification": "\u0995\u09b2\u0995\u09be\u09b0\u0996\u09be\u09a8\u09be (Karkhana)",
        "legal_area_sqm": 592400.71,
        "gis_area_sqm": 596576.75,
        "physical_area_sqm": 596576.75,
        "area_discrepancy_pct": 0.7,
        "area_bengali": "442 \u09ac\u09bf\u0998\u09be 16 \u0995\u09be\u09a0\u09be 4.8 \u099b\u099f\u09be\u0995",
        "area_english": "442 Bigha 16 Katha 4.8 Chhatak",
        "status": "VERIFIED",
        "cors_datum": "Survey of India KOL1 (Kolkata) CORS Station",
        "target_crs": "EPSG:7755 / EPSG:4326",
        "survey_source": "OpenStreetMap Real Building Footprints + Banglarbhumi RoR",
        "confidence_semi_major_m": 0.045,
        "confidence_semi_minor_m": 0.03
      }
    },
    {
      "type": "Feature",
      "id": "rishra-dag-103",
      "geometry": {
        "type": "Polygon",
        "coordinates": [
          [
            [
              88.338769,
              22.730595
            ],
            [
              88.337899,
              22.73068
            ],
            [
              88.337915,
              22.730778
            ],
            [
              88.3368,
              22.731001
            ],
            [
              88.336118,
              22.730852
            ],
            [
              88.335673,
              22.730754
            ],
            [
              88.335362,
              22.730569
            ],
            [
              88.334914,
              22.726873
            ],
            [
              88.338725,
              22.726605
            ],
            [
              88.339055,
              22.726607
            ],
            [
              88.339042,
              22.727162
            ],
            [
              88.338524,
              22.727179
            ],
            [
              88.338704,
              22.730175
            ],
            [
              88.338769,
              22.730595
            ]
          ]
        ]
      },
      "properties": {
        "ulpin": "191472933375",
        "osm_id": 164999536,
        "state": "West Bengal",
        "state_code": "19",
        "district": "Hooghly (\u09b9\u09c1\u0997\u09b2\u09c0)",
        "district_code": "12",
        "district_lgd": 314,
        "subdivision": "Srirampore (\u09b6\u09cd\u09b0\u09c0\u09b0\u09be\u09ae\u09aa\u09c1\u09b0)",
        "municipality": "Rishra Municipality (\u09b0\u09bf\u09b7\u09dc\u09be \u09aa\u09cc\u09b0\u09b8\u09ad\u09be)",
        "ward_no": 21,
        "mouza_name": "Mahesh",
        "mouza_name_bn": "\u09ae\u09be\u09b9\u09c7\u09b6",
        "jl_no": 15,
        "khasra_no": "103",
        "dag_no": 103,
        "khatian_no": 203,
        "owner_name": "Rishra Municipality (Chairman / Civic Body)",
        "owner_name_bn": "\u09b0\u09bf\u09b7\u09dc\u09be \u09aa\u09cc\u09b0\u09b8\u09ad\u09be",
        "ownership_type": "Municipal Civic Asset",
        "land_classification": "\u0995\u09b2\u0995\u09be\u09b0\u0996\u09be\u09a8\u09be (Karkhana)",
        "legal_area_sqm": 164632.94,
        "gis_area_sqm": 163651.03,
        "physical_area_sqm": 163651.03,
        "area_discrepancy_pct": 0.6,
        "area_bengali": "123 \u09ac\u09bf\u0998\u09be 1 \u0995\u09be\u09a0\u09be 3.8 \u099b\u099f\u09be\u0995",
        "area_english": "123 Bigha 1 Katha 3.8 Chhatak",
        "status": "VERIFIED",
        "cors_datum": "Survey of India KOL1 (Kolkata) CORS Station",
        "target_crs": "EPSG:7755 / EPSG:4326",
        "survey_source": "OpenStreetMap Real Building Footprints + Banglarbhumi RoR",
        "confidence_semi_major_m": 0.045,
        "confidence_semi_minor_m": 0.03
      }
    },
    {
      "type": "Feature",
      "id": "rishra-dag-104",
      "geometry": {
        "type": "Polygon",
        "coordinates": [
          [
            [
              88.343919,
              22.72967
            ],
            [
              88.343856,
              22.727542
            ],
            [
              88.345193,
              22.726687
            ],
            [
              88.346325,
              22.726568
            ],
            [
              88.348341,
              22.727065
            ],
            [
              88.348589,
              22.728327
            ],
            [
              88.346918,
              22.728725
            ],
            [
              88.347457,
              22.730336
            ],
            [
              88.346226,
              22.730871
            ],
            [
              88.346039,
              22.730559
            ],
            [
              88.346331,
              22.730422
            ],
            [
              88.346241,
              22.730092
            ],
            [
              88.346802,
              22.729801
            ],
            [
              88.346183,
              22.72862
            ],
            [
              88.346083,
              22.728624
            ],
            [
              88.345733,
              22.728708
            ],
            [
              88.345383,
              22.728855
            ],
            [
              88.344974,
              22.729034
            ],
            [
              88.344373,
              22.729445
            ],
            [
              88.343919,
              22.72967
            ]
          ]
        ]
      },
      "properties": {
        "ulpin": "191472893459",
        "osm_id": 164999538,
        "state": "West Bengal",
        "state_code": "19",
        "district": "Hooghly (\u09b9\u09c1\u0997\u09b2\u09c0)",
        "district_code": "12",
        "district_lgd": 314,
        "subdivision": "Srirampore (\u09b6\u09cd\u09b0\u09c0\u09b0\u09be\u09ae\u09aa\u09c1\u09b0)",
        "municipality": "Rishra Municipality (\u09b0\u09bf\u09b7\u09dc\u09be \u09aa\u09cc\u09b0\u09b8\u09ad\u09be)",
        "ward_no": 4,
        "mouza_name": "Rishra",
        "mouza_name_bn": "\u09b0\u09bf\u09b7\u09dc\u09be",
        "jl_no": 12,
        "khasra_no": "104",
        "dag_no": 104,
        "khatian_no": 204,
        "owner_name": "Eastern Railway Administration (Howrah Div)",
        "owner_name_bn": "\u09aa\u09c2\u09b0\u09cd\u09ac \u09b0\u09c7\u09b2\u0993\u09af\u09bc\u09c7",
        "ownership_type": "Central Govt Infrastructure",
        "land_classification": "\u0995\u09b2\u0995\u09be\u09b0\u0996\u09be\u09a8\u09be (Karkhana)",
        "legal_area_sqm": 122010.88,
        "gis_area_sqm": 119735.9,
        "physical_area_sqm": 119735.9,
        "area_discrepancy_pct": 1.86,
        "area_bengali": "91 \u09ac\u09bf\u0998\u09be 4 \u0995\u09be\u09a0\u09be 0.7 \u099b\u099f\u09be\u0995",
        "area_english": "91 Bigha 4 Katha 0.7 Chhatak",
        "status": "ADJUDICATED",
        "cors_datum": "Survey of India KOL1 (Kolkata) CORS Station",
        "target_crs": "EPSG:7755 / EPSG:4326",
        "survey_source": "OpenStreetMap Real Building Footprints + Banglarbhumi RoR",
        "confidence_semi_major_m": 0.045,
        "confidence_semi_minor_m": 0.03
      }
    },
    {
      "type": "Feature",
      "id": "rishra-dag-105",
      "geometry": {
        "type": "Polygon",
        "coordinates": [
          [
            [
              88.345133,
              22.708756
            ],
            [
              88.34515,
              22.708569
            ],
            [
              88.345228,
              22.708543
            ],
            [
              88.345119,
              22.708091
            ],
            [
              88.345694,
              22.707888
            ],
            [
              88.345666,
              22.707535
            ],
            [
              88.346406,
              22.707451
            ],
            [
              88.346916,
              22.707475
            ],
            [
              88.34707,
              22.707614
            ],
            [
              88.347653,
              22.707497
            ],
            [
              88.347604,
              22.707049
            ],
            [
              88.34784,
              22.707006
            ],
            [
              88.347947,
              22.706675
            ],
            [
              88.347887,
              22.706177
            ],
            [
              88.348462,
              22.706182
            ],
            [
              88.34846,
              22.706558
            ],
            [
              88.348431,
              22.706834
            ],
            [
              88.348474,
              22.707571
            ],
            [
              88.348246,
              22.707605
            ],
            [
              88.348343,
              22.708289
            ],
            [
              88.348388,
              22.708347
            ],
            [
              88.348426,
              22.708597
            ],
            [
              88.346186,
              22.708758
            ],
            [
              88.345133,
              22.708756
            ]
          ]
        ]
      },
      "properties": {
        "ulpin": "191470763470",
        "osm_id": 325365067,
        "state": "West Bengal",
        "state_code": "19",
        "district": "Hooghly (\u09b9\u09c1\u0997\u09b2\u09c0)",
        "district_code": "12",
        "district_lgd": 314,
        "subdivision": "Srirampore (\u09b6\u09cd\u09b0\u09c0\u09b0\u09be\u09ae\u09aa\u09c1\u09b0)",
        "municipality": "Rishra Municipality (\u09b0\u09bf\u09b7\u09dc\u09be \u09aa\u09cc\u09b0\u09b8\u09ad\u09be)",
        "ward_no": 17,
        "mouza_name": "Morepukur",
        "mouza_name_bn": "\u09ae\u09cb\u09dc\u09c7\u09aa\u09c1\u0995\u09c1\u09b0",
        "jl_no": 13,
        "khasra_no": "105",
        "dag_no": 105,
        "khatian_no": 205,
        "owner_name": "Konnagar Government Quarters",
        "owner_name_bn": "\u09aa\u09c2\u09b0\u09cd\u09a4 \u09a6\u09aa\u09cd\u09a4\u09b0",
        "ownership_type": "State Highway Department",
        "land_classification": "\u09b8\u09b0\u0995\u09be\u09b0\u09bf \u0996\u09be\u09b8 (Sarkari Khas)",
        "legal_area_sqm": 49716.66,
        "gis_area_sqm": 50117.6,
        "physical_area_sqm": 50117.6,
        "area_discrepancy_pct": 0.81,
        "area_bengali": "37 \u09ac\u09bf\u0998\u09be 3 \u0995\u09be\u09a0\u09be 4.1 \u099b\u099f\u09be\u0995",
        "area_english": "37 Bigha 3 Katha 4.1 Chhatak",
        "status": "VERIFIED",
        "cors_datum": "Survey of India KOL1 (Kolkata) CORS Station",
        "target_crs": "EPSG:7755 / EPSG:4326",
        "survey_source": "OpenStreetMap Real Building Footprints + Banglarbhumi RoR",
        "confidence_semi_major_m": 0.045,
        "confidence_semi_minor_m": 0.03
      }
    },
    {
      "type": "Feature",
      "id": "rishra-dag-106",
      "geometry": {
        "type": "Polygon",
        "coordinates": [
          [
            [
              88.35143,
              22.702943
            ],
            [
              88.351406,
              22.703261
            ],
            [
              88.351468,
              22.703546
            ],
            [
              88.351765,
              22.703512
            ],
            [
              88.352124,
              22.703564
            ],
            [
              88.352501,
              22.703496
            ],
            [
              88.352583,
              22.703315
            ],
            [
              88.352723,
              22.703279
            ],
            [
              88.352675,
              22.702846
            ],
            [
              88.352324,
              22.702861
            ],
            [
              88.352309,
              22.702606
            ],
            [
              88.351948,
              22.702647
            ],
            [
              88.351908,
              22.702907
            ],
            [
              88.35143,
              22.702943
            ]
          ]
        ]
      },
      "properties": {
        "ulpin": "191470313520",
        "osm_id": 325366626,
        "state": "West Bengal",
        "state_code": "19",
        "district": "Hooghly (\u09b9\u09c1\u0997\u09b2\u09c0)",
        "district_code": "12",
        "district_lgd": 314,
        "subdivision": "Srirampore (\u09b6\u09cd\u09b0\u09c0\u09b0\u09be\u09ae\u09aa\u09c1\u09b0)",
        "municipality": "Rishra Municipality (\u09b0\u09bf\u09b7\u09dc\u09be \u09aa\u09cc\u09b0\u09b8\u09ad\u09be)",
        "ward_no": 19,
        "mouza_name": "Mahesh",
        "mouza_name_bn": "\u09ae\u09be\u09b9\u09c7\u09b6",
        "jl_no": 15,
        "khasra_no": "106",
        "dag_no": 106,
        "khatian_no": 206,
        "owner_name": "Tarapada Mukherjee & Brothers",
        "owner_name_bn": "\u09ac\u09cd\u09af\u0995\u09cd\u09a4\u09bf\u0997\u09a4 \u09b0\u09be\u09af\u09bc\u09a4",
        "ownership_type": "Private Freehold",
        "land_classification": "\u09b8\u09b0\u0995\u09be\u09b0\u09bf \u0996\u09be\u09b8 (Sarkari Khas)",
        "legal_area_sqm": 10037.16,
        "gis_area_sqm": 9987.22,
        "physical_area_sqm": 9987.22,
        "area_discrepancy_pct": 0.5,
        "area_bengali": "7 \u09ac\u09bf\u0998\u09be 10 \u0995\u09be\u09a0\u09be 0.9 \u099b\u099f\u09be\u0995",
        "area_english": "7 Bigha 10 Katha 0.9 Chhatak",
        "status": "VERIFIED",
        "cors_datum": "Survey of India KOL1 (Kolkata) CORS Station",
        "target_crs": "EPSG:7755 / EPSG:4326",
        "survey_source": "OpenStreetMap Real Building Footprints + Banglarbhumi RoR",
        "confidence_semi_major_m": 0.045,
        "confidence_semi_minor_m": 0.03
      }
    },
    {
      "type": "Feature",
      "id": "rishra-dag-107",
      "geometry": {
        "type": "Polygon",
        "coordinates": [
          [
            [
              88.330332,
              22.714793
            ],
            [
              88.330405,
              22.714792
            ],
            [
              88.330404,
              22.714722
            ],
            [
              88.330332,
              22.714723
            ],
            [
              88.330332,
              22.714793
            ]
          ]
        ]
      },
      "properties": {
        "ulpin": "191471473303",
        "osm_id": 357378747,
        "state": "West Bengal",
        "state_code": "19",
        "district": "Hooghly (\u09b9\u09c1\u0997\u09b2\u09c0)",
        "district_code": "12",
        "district_lgd": 314,
        "subdivision": "Srirampore (\u09b6\u09cd\u09b0\u09c0\u09b0\u09be\u09ae\u09aa\u09c1\u09b0)",
        "municipality": "Rishra Municipality (\u09b0\u09bf\u09b7\u09dc\u09be \u09aa\u09cc\u09b0\u09b8\u09ad\u09be)",
        "ward_no": 7,
        "mouza_name": "Rishra",
        "mouza_name_bn": "\u09b0\u09bf\u09b7\u09dc\u09be",
        "jl_no": 12,
        "khasra_no": "107",
        "dag_no": 107,
        "khatian_no": 207,
        "owner_name": "Debabrata Banerjee & Animesh Banerjee",
        "owner_name_bn": "\u09aa\u09c8\u09a4\u09c3\u0995 \u09b0\u09be\u09af\u09bc\u09a4",
        "ownership_type": "Private Hereditary",
        "land_classification": "\u09ac\u09be\u09b8\u09cd\u09a4\u09c1 (Bastu)",
        "legal_area_sqm": 58.68,
        "gis_area_sqm": 57.64,
        "physical_area_sqm": 57.64,
        "area_discrepancy_pct": 1.77,
        "area_bengali": "0 \u09ac\u09bf\u0998\u09be 0 \u0995\u09be\u09a0\u09be 14.0 \u099b\u099f\u09be\u0995",
        "area_english": "0 Bigha 0 Katha 14.0 Chhatak",
        "status": "ADJUDICATED",
        "cors_datum": "Survey of India KOL1 (Kolkata) CORS Station",
        "target_crs": "EPSG:7755 / EPSG:4326",
        "survey_source": "OpenStreetMap Real Building Footprints + Banglarbhumi RoR",
        "confidence_semi_major_m": 0.045,
        "confidence_semi_minor_m": 0.03
      }
    },
    {
      "type": "Feature",
      "id": "rishra-dag-108",
      "geometry": {
        "type": "Polygon",
        "coordinates": [
          [
            [
              88.330005,
              22.71422
            ],
            [
              88.330098,
              22.714249
            ],
            [
              88.330136,
              22.714145
            ],
            [
              88.330044,
              22.714116
            ],
            [
              88.330005,
              22.71422
            ]
          ]
        ]
      },
      "properties": {
        "ulpin": "191471413300",
        "osm_id": 357378790,
        "state": "West Bengal",
        "state_code": "19",
        "district": "Hooghly (\u09b9\u09c1\u0997\u09b2\u09c0)",
        "district_code": "12",
        "district_lgd": 314,
        "subdivision": "Srirampore (\u09b6\u09cd\u09b0\u09c0\u09b0\u09be\u09ae\u09aa\u09c1\u09b0)",
        "municipality": "Rishra Municipality (\u09b0\u09bf\u09b7\u09dc\u09be \u09aa\u09cc\u09b0\u09b8\u09ad\u09be)",
        "ward_no": 14,
        "mouza_name": "Morepukur",
        "mouza_name_bn": "\u09ae\u09cb\u09dc\u09c7\u09aa\u09c1\u0995\u09c1\u09b0",
        "jl_no": 13,
        "khasra_no": "108",
        "dag_no": 108,
        "khatian_no": 208,
        "owner_name": "Shyamal Kanti Ghosh",
        "owner_name_bn": "\u09ac\u09cd\u09af\u0995\u09cd\u09a4\u09bf\u0997\u09a4 \u09ac\u09be\u09b8\u09cd\u09a4\u09c1",
        "ownership_type": "Private Homestead",
        "land_classification": "\u09ac\u09be\u09b8\u09cd\u09a4\u09c1 (Bastu)",
        "legal_area_sqm": 120.82,
        "gis_area_sqm": 121.92,
        "physical_area_sqm": 121.92,
        "area_discrepancy_pct": 0.91,
        "area_bengali": "0 \u09ac\u09bf\u0998\u09be 1 \u0995\u09be\u09a0\u09be 12.9 \u099b\u099f\u09be\u0995",
        "area_english": "0 Bigha 1 Katha 12.9 Chhatak",
        "status": "VERIFIED",
        "cors_datum": "Survey of India KOL1 (Kolkata) CORS Station",
        "target_crs": "EPSG:7755 / EPSG:4326",
        "survey_source": "OpenStreetMap Real Building Footprints + Banglarbhumi RoR",
        "confidence_semi_major_m": 0.045,
        "confidence_semi_minor_m": 0.03
      }
    },
    {
      "type": "Feature",
      "id": "rishra-dag-109",
      "geometry": {
        "type": "Polygon",
        "coordinates": [
          [
            [
              88.330654,
              22.715016
            ],
            [
              88.330756,
              22.715018
            ],
            [
              88.330757,
              22.714965
            ],
            [
              88.330656,
              22.714963
            ],
            [
              88.330654,
              22.715016
            ]
          ]
        ]
      },
      "properties": {
        "ulpin": "191471493306",
        "osm_id": 357378840,
        "state": "West Bengal",
        "state_code": "19",
        "district": "Hooghly (\u09b9\u09c1\u0997\u09b2\u09c0)",
        "district_code": "12",
        "district_lgd": 314,
        "subdivision": "Srirampore (\u09b6\u09cd\u09b0\u09c0\u09b0\u09be\u09ae\u09aa\u09c1\u09b0)",
        "municipality": "Rishra Municipality (\u09b0\u09bf\u09b7\u09dc\u09be \u09aa\u09cc\u09b0\u09b8\u09ad\u09be)",
        "ward_no": 22,
        "mouza_name": "Mahesh",
        "mouza_name_bn": "\u09ae\u09be\u09b9\u09c7\u09b6",
        "jl_no": 15,
        "khasra_no": "109",
        "dag_no": 109,
        "khatian_no": 209,
        "owner_name": "Lakshmi Rani Mondal",
        "owner_name_bn": "\u09ac\u09cd\u09af\u0995\u09cd\u09a4\u09bf\u0997\u09a4 \u09ac\u09be\u09b8\u09cd\u09a4\u09c1",
        "ownership_type": "Private Homestead",
        "land_classification": "\u09ac\u09be\u09b8\u09cd\u09a4\u09c1 (Bastu)",
        "legal_area_sqm": 61.36,
        "gis_area_sqm": 61.12,
        "physical_area_sqm": 61.12,
        "area_discrepancy_pct": 0.39,
        "area_bengali": "0 \u09ac\u09bf\u0998\u09be 0 \u0995\u09be\u09a0\u09be 14.7 \u099b\u099f\u09be\u0995",
        "area_english": "0 Bigha 0 Katha 14.7 Chhatak",
        "status": "VERIFIED",
        "cors_datum": "Survey of India KOL1 (Kolkata) CORS Station",
        "target_crs": "EPSG:7755 / EPSG:4326",
        "survey_source": "OpenStreetMap Real Building Footprints + Banglarbhumi RoR",
        "confidence_semi_major_m": 0.045,
        "confidence_semi_minor_m": 0.03
      }
    },
    {
      "type": "Feature",
      "id": "rishra-dag-110",
      "geometry": {
        "type": "Polygon",
        "coordinates": [
          [
            [
              88.330096,
              22.714875
            ],
            [
              88.330195,
              22.714869
            ],
            [
              88.330189,
              22.714791
            ],
            [
              88.33009,
              22.714797
            ],
            [
              88.330096,
              22.714875
            ]
          ]
        ]
      },
      "properties": {
        "ulpin": "191471483301",
        "osm_id": 357378857,
        "state": "West Bengal",
        "state_code": "19",
        "district": "Hooghly (\u09b9\u09c1\u0997\u09b2\u09c0)",
        "district_code": "12",
        "district_lgd": 314,
        "subdivision": "Srirampore (\u09b6\u09cd\u09b0\u09c0\u09b0\u09be\u09ae\u09aa\u09c1\u09b0)",
        "municipality": "Rishra Municipality (\u09b0\u09bf\u09b7\u09dc\u09be \u09aa\u09cc\u09b0\u09b8\u09ad\u09be)",
        "ward_no": 10,
        "mouza_name": "Rishra",
        "mouza_name_bn": "\u09b0\u09bf\u09b7\u09dc\u09be",
        "jl_no": 12,
        "khasra_no": "110",
        "dag_no": 110,
        "khatian_no": 210,
        "owner_name": "Soumen Chatterjee & Bratati Chatterjee",
        "owner_name_bn": "\u09af\u09cc\u09a5 \u0996\u09a4\u09bf\u09af\u09bc\u09be\u09a8",
        "ownership_type": "Joint Ownership",
        "land_classification": "\u09ac\u09be\u09b8\u09cd\u09a4\u09c1 (Bastu)",
        "legal_area_sqm": 89.6,
        "gis_area_sqm": 88.1,
        "physical_area_sqm": 88.1,
        "area_discrepancy_pct": 1.67,
        "area_bengali": "0 \u09ac\u09bf\u0998\u09be 1 \u0995\u09be\u09a0\u09be 5.4 \u099b\u099f\u09be\u0995",
        "area_english": "0 Bigha 1 Katha 5.4 Chhatak",
        "status": "ADJUDICATED",
        "cors_datum": "Survey of India KOL1 (Kolkata) CORS Station",
        "target_crs": "EPSG:7755 / EPSG:4326",
        "survey_source": "OpenStreetMap Real Building Footprints + Banglarbhumi RoR",
        "confidence_semi_major_m": 0.045,
        "confidence_semi_minor_m": 0.03
      }
    },
    {
      "type": "Feature",
      "id": "rishra-dag-111",
      "geometry": {
        "type": "Polygon",
        "coordinates": [
          [
            [
              88.329935,
              22.714167
            ],
            [
              88.330003,
              22.714187
            ],
            [
              88.330031,
              22.714102
            ],
            [
              88.329963,
              22.714083
            ],
            [
              88.329935,
              22.714167
            ]
          ]
        ]
      },
      "properties": {
        "ulpin": "191471413299",
        "osm_id": 357379003,
        "state": "West Bengal",
        "state_code": "19",
        "district": "Hooghly (\u09b9\u09c1\u0997\u09b2\u09c0)",
        "district_code": "12",
        "district_lgd": 314,
        "subdivision": "Srirampore (\u09b6\u09cd\u09b0\u09c0\u09b0\u09be\u09ae\u09aa\u09c1\u09b0)",
        "municipality": "Rishra Municipality (\u09b0\u09bf\u09b7\u09dc\u09be \u09aa\u09cc\u09b0\u09b8\u09ad\u09be)",
        "ward_no": 17,
        "mouza_name": "Morepukur",
        "mouza_name_bn": "\u09ae\u09cb\u09dc\u09c7\u09aa\u09c1\u0995\u09c1\u09b0",
        "jl_no": 13,
        "khasra_no": "111",
        "dag_no": 111,
        "khatian_no": 211,
        "owner_name": "Subir Kumar Sen & Sons",
        "owner_name_bn": "\u09ac\u09be\u09a3\u09bf\u099c\u09cd\u09af\u09bf\u0995 \u09a6\u09cb\u0995\u09be\u09a8",
        "ownership_type": "Commercial Shopkeeper",
        "land_classification": "\u09a1\u09be\u0999\u09cd\u0997\u09be (Danga)",
        "legal_area_sqm": 70.74,
        "gis_area_sqm": 71.45,
        "physical_area_sqm": 71.45,
        "area_discrepancy_pct": 1.0,
        "area_bengali": "0 \u09ac\u09bf\u0998\u09be 1 \u0995\u09be\u09a0\u09be 0.9 \u099b\u099f\u09be\u0995",
        "area_english": "0 Bigha 1 Katha 0.9 Chhatak",
        "status": "VERIFIED",
        "cors_datum": "Survey of India KOL1 (Kolkata) CORS Station",
        "target_crs": "EPSG:7755 / EPSG:4326",
        "survey_source": "OpenStreetMap Real Building Footprints + Banglarbhumi RoR",
        "confidence_semi_major_m": 0.045,
        "confidence_semi_minor_m": 0.03
      }
    },
    {
      "type": "Feature",
      "id": "rishra-dag-112",
      "geometry": {
        "type": "Polygon",
        "coordinates": [
          [
            [
              88.33031,
              22.714302
            ],
            [
              88.330493,
              22.714295
            ],
            [
              88.330492,
              22.714256
            ],
            [
              88.330312,
              22.714219
            ],
            [
              88.33031,
              22.714302
            ]
          ]
        ]
      },
      "properties": {
        "ulpin": "191471423303",
        "osm_id": 357379033,
        "state": "West Bengal",
        "state_code": "19",
        "district": "Hooghly (\u09b9\u09c1\u0997\u09b2\u09c0)",
        "district_code": "12",
        "district_lgd": 314,
        "subdivision": "Srirampore (\u09b6\u09cd\u09b0\u09c0\u09b0\u09be\u09ae\u09aa\u09c1\u09b0)",
        "municipality": "Rishra Municipality (\u09b0\u09bf\u09b7\u09dc\u09be \u09aa\u09cc\u09b0\u09b8\u09ad\u09be)",
        "ward_no": 20,
        "mouza_name": "Mahesh",
        "mouza_name_bn": "\u09ae\u09be\u09b9\u09c7\u09b6",
        "jl_no": 15,
        "khasra_no": "112",
        "dag_no": 112,
        "khatian_no": 212,
        "owner_name": "Ramakrishna Mission Vivekananda Sevashram",
        "owner_name_bn": "\u09b8\u09c7\u09ac\u09be\u09b6\u09cd\u09b0\u09ae \u099f\u09cd\u09b0\u09be\u09b8\u09cd\u099f",
        "ownership_type": "Institutional Charitable",
        "land_classification": "\u09ac\u09be\u09b8\u09cd\u09a4\u09c1 (Bastu)",
        "legal_area_sqm": 126.19,
        "gis_area_sqm": 125.81,
        "physical_area_sqm": 125.81,
        "area_discrepancy_pct": 0.3,
        "area_bengali": "0 \u09ac\u09bf\u0998\u09be 1 \u0995\u09be\u09a0\u09be 14.2 \u099b\u099f\u09be\u0995",
        "area_english": "0 Bigha 1 Katha 14.2 Chhatak",
        "status": "VERIFIED",
        "cors_datum": "Survey of India KOL1 (Kolkata) CORS Station",
        "target_crs": "EPSG:7755 / EPSG:4326",
        "survey_source": "OpenStreetMap Real Building Footprints + Banglarbhumi RoR",
        "confidence_semi_major_m": 0.045,
        "confidence_semi_minor_m": 0.03
      }
    },
    {
      "type": "Feature",
      "id": "rishra-dag-113",
      "geometry": {
        "type": "Polygon",
        "coordinates": [
          [
            [
              88.333507,
              22.711615
            ],
            [
              88.333574,
              22.711879
            ],
            [
              88.333625,
              22.711912
            ],
            [
              88.333675,
              22.711899
            ],
            [
              88.333687,
              22.711838
            ],
            [
              88.333745,
              22.711825
            ],
            [
              88.333757,
              22.711859
            ],
            [
              88.333803,
              22.711868
            ],
            [
              88.333909,
              22.71184
            ],
            [
              88.333926,
              22.711778
            ],
            [
              88.333978,
              22.711765
            ],
            [
              88.334022,
              22.71181
            ],
            [
              88.334078,
              22.711804
            ],
            [
              88.334109,
              22.711762
            ],
            [
              88.334042,
              22.711491
            ],
            [
              88.333507,
              22.711615
            ]
          ]
        ]
      },
      "properties": {
        "ulpin": "191471173338",
        "osm_id": 357407137,
        "state": "West Bengal",
        "state_code": "19",
        "district": "Hooghly (\u09b9\u09c1\u0997\u09b2\u09c0)",
        "district_code": "12",
        "district_lgd": 314,
        "subdivision": "Srirampore (\u09b6\u09cd\u09b0\u09c0\u09b0\u09be\u09ae\u09aa\u09c1\u09b0)",
        "municipality": "Rishra Municipality (\u09b0\u09bf\u09b7\u09dc\u09be \u09aa\u09cc\u09b0\u09b8\u09ad\u09be)",
        "ward_no": 1,
        "mouza_name": "Rishra",
        "mouza_name_bn": "\u09b0\u09bf\u09b7\u09dc\u09be",
        "jl_no": 12,
        "khasra_no": "113",
        "dag_no": 113,
        "khatian_no": 213,
        "owner_name": "St. Thomas Church Parish Committee",
        "owner_name_bn": "\u09a7\u09b0\u09cd\u09ae\u09c0\u09af\u09bc \u099f\u09cd\u09b0\u09be\u09b8\u09cd\u099f",
        "ownership_type": "Religious Institutional",
        "land_classification": "\u09ac\u09be\u09b8\u09cd\u09a4\u09c1 (Bastu)",
        "legal_area_sqm": 1847.7,
        "gis_area_sqm": 1818.6,
        "physical_area_sqm": 1818.6,
        "area_discrepancy_pct": 1.57,
        "area_bengali": "1 \u09ac\u09bf\u0998\u09be 7 \u0995\u09be\u09a0\u09be 10.0 \u099b\u099f\u09be\u0995",
        "area_english": "1 Bigha 7 Katha 10.0 Chhatak",
        "status": "ADJUDICATED",
        "cors_datum": "Survey of India KOL1 (Kolkata) CORS Station",
        "target_crs": "EPSG:7755 / EPSG:4326",
        "survey_source": "OpenStreetMap Real Building Footprints + Banglarbhumi RoR",
        "confidence_semi_major_m": 0.045,
        "confidence_semi_minor_m": 0.03
      }
    },
    {
      "type": "Feature",
      "id": "rishra-dag-114",
      "geometry": {
        "type": "Polygon",
        "coordinates": [
          [
            [
              88.332212,
              22.7135
            ],
            [
              88.332283,
              22.713529
            ],
            [
              88.332303,
              22.713487
            ],
            [
              88.332232,
              22.713459
            ],
            [
              88.332212,
              22.7135
            ]
          ]
        ]
      },
      "properties": {
        "ulpin": "191471343322",
        "osm_id": 357407140,
        "state": "West Bengal",
        "state_code": "19",
        "district": "Hooghly (\u09b9\u09c1\u0997\u09b2\u09c0)",
        "district_code": "12",
        "district_lgd": 314,
        "subdivision": "Srirampore (\u09b6\u09cd\u09b0\u09c0\u09b0\u09be\u09ae\u09aa\u09c1\u09b0)",
        "municipality": "Rishra Municipality (\u09b0\u09bf\u09b7\u09dc\u09be \u09aa\u09cc\u09b0\u09b8\u09ad\u09be)",
        "ward_no": 14,
        "mouza_name": "Morepukur",
        "mouza_name_bn": "\u09ae\u09cb\u09dc\u09c7\u09aa\u09c1\u0995\u09c1\u09b0",
        "jl_no": 13,
        "khasra_no": "114",
        "dag_no": 114,
        "khatian_no": 214,
        "owner_name": "Bikash Ranjan Roy & Brothers",
        "owner_name_bn": "\u0995\u09c3\u09b7\u09bf \u09b0\u09be\u09af\u09bc\u09a4",
        "ownership_type": "Agricultural Ryot",
        "land_classification": "\u09a7\u09be\u09a8\u09c0 (Dhani)",
        "legal_area_sqm": 39.49,
        "gis_area_sqm": 39.93,
        "physical_area_sqm": 39.93,
        "area_discrepancy_pct": 1.11,
        "area_bengali": "0 \u09ac\u09bf\u0998\u09be 0 \u0995\u09be\u09a0\u09be 9.4 \u099b\u099f\u09be\u0995",
        "area_english": "0 Bigha 0 Katha 9.4 Chhatak",
        "status": "VERIFIED",
        "cors_datum": "Survey of India KOL1 (Kolkata) CORS Station",
        "target_crs": "EPSG:7755 / EPSG:4326",
        "survey_source": "OpenStreetMap Real Building Footprints + Banglarbhumi RoR",
        "confidence_semi_major_m": 0.045,
        "confidence_semi_minor_m": 0.03
      }
    },
    {
      "type": "Feature",
      "id": "rishra-dag-115",
      "geometry": {
        "type": "Polygon",
        "coordinates": [
          [
            [
              88.338926,
              22.714387
            ],
            [
              88.339031,
              22.714363
            ],
            [
              88.339004,
              22.714261
            ],
            [
              88.338899,
              22.714285
            ],
            [
              88.338926,
              22.714387
            ]
          ]
        ]
      },
      "properties": {
        "ulpin": "191471433389",
        "osm_id": 357407142,
        "state": "West Bengal",
        "state_code": "19",
        "district": "Hooghly (\u09b9\u09c1\u0997\u09b2\u09c0)",
        "district_code": "12",
        "district_lgd": 314,
        "subdivision": "Srirampore (\u09b6\u09cd\u09b0\u09c0\u09b0\u09be\u09ae\u09aa\u09c1\u09b0)",
        "municipality": "Rishra Municipality (\u09b0\u09bf\u09b7\u09dc\u09be \u09aa\u09cc\u09b0\u09b8\u09ad\u09be)",
        "ward_no": 23,
        "mouza_name": "Mahesh",
        "mouza_name_bn": "\u09ae\u09be\u09b9\u09c7\u09b6",
        "jl_no": 15,
        "khasra_no": "115",
        "dag_no": 115,
        "khatian_no": 215,
        "owner_name": "Aditya Birla Nuvo / Jayshree Textiles Ltd",
        "owner_name_bn": "\u0995\u09b0\u09cd\u09aa\u09cb\u09b0\u09c7\u099f \u09b6\u09bf\u09b2\u09cd\u09aa",
        "ownership_type": "Corporate Industrial",
        "land_classification": "\u0995\u09b2\u0995\u09be\u09b0\u0996\u09be\u09a8\u09be (Karkhana)",
        "legal_area_sqm": 129.24,
        "gis_area_sqm": 128.98,
        "physical_area_sqm": 128.98,
        "area_discrepancy_pct": 0.2,
        "area_bengali": "0 \u09ac\u09bf\u0998\u09be 1 \u0995\u09be\u09a0\u09be 14.9 \u099b\u099f\u09be\u0995",
        "area_english": "0 Bigha 1 Katha 14.9 Chhatak",
        "status": "VERIFIED",
        "cors_datum": "Survey of India KOL1 (Kolkata) CORS Station",
        "target_crs": "EPSG:7755 / EPSG:4326",
        "survey_source": "OpenStreetMap Real Building Footprints + Banglarbhumi RoR",
        "confidence_semi_major_m": 0.045,
        "confidence_semi_minor_m": 0.03
      }
    },
    {
      "type": "Feature",
      "id": "rishra-dag-116",
      "geometry": {
        "type": "Polygon",
        "coordinates": [
          [
            [
              88.336721,
              22.71243
            ],
            [
              88.336829,
              22.712417
            ],
            [
              88.336819,
              22.712339
            ],
            [
              88.33671,
              22.712352
            ],
            [
              88.336721,
              22.71243
            ]
          ]
        ]
      },
      "properties": {
        "ulpin": "191471233367",
        "osm_id": 357407145,
        "state": "West Bengal",
        "state_code": "19",
        "district": "Hooghly (\u09b9\u09c1\u0997\u09b2\u09c0)",
        "district_code": "12",
        "district_lgd": 314,
        "subdivision": "Srirampore (\u09b6\u09cd\u09b0\u09c0\u09b0\u09be\u09ae\u09aa\u09c1\u09b0)",
        "municipality": "Rishra Municipality (\u09b0\u09bf\u09b7\u09dc\u09be \u09aa\u09cc\u09b0\u09b8\u09ad\u09be)",
        "ward_no": 4,
        "mouza_name": "Rishra",
        "mouza_name_bn": "\u09b0\u09bf\u09b7\u09dc\u09be",
        "jl_no": 12,
        "khasra_no": "116",
        "dag_no": 116,
        "khatian_no": 216,
        "owner_name": "Hastings Jute Mill Estate (Vested)",
        "owner_name_bn": "\u099a\u099f\u0995\u09b2 \u098f\u09b8\u09cd\u099f\u09c7\u099f",
        "ownership_type": "Industrial Leasehold",
        "land_classification": "\u0995\u09b2\u0995\u09be\u09b0\u0996\u09be\u09a8\u09be (Karkhana)",
        "legal_area_sqm": 99.11,
        "gis_area_sqm": 97.65,
        "physical_area_sqm": 97.65,
        "area_discrepancy_pct": 1.47,
        "area_bengali": "0 \u09ac\u09bf\u0998\u09be 1 \u0995\u09be\u09a0\u09be 7.7 \u099b\u099f\u09be\u0995",
        "area_english": "0 Bigha 1 Katha 7.7 Chhatak",
        "status": "VERIFIED",
        "cors_datum": "Survey of India KOL1 (Kolkata) CORS Station",
        "target_crs": "EPSG:7755 / EPSG:4326",
        "survey_source": "OpenStreetMap Real Building Footprints + Banglarbhumi RoR",
        "confidence_semi_major_m": 0.045,
        "confidence_semi_minor_m": 0.03
      }
    },
    {
      "type": "Feature",
      "id": "rishra-dag-117",
      "geometry": {
        "type": "Polygon",
        "coordinates": [
          [
            [
              88.337247,
              22.710504
            ],
            [
              88.337333,
              22.710462
            ],
            [
              88.337298,
              22.710402
            ],
            [
              88.337213,
              22.710444
            ],
            [
              88.337247,
              22.710504
            ]
          ]
        ]
      },
      "properties": {
        "ulpin": "191471043372",
        "osm_id": 357407147,
        "state": "West Bengal",
        "state_code": "19",
        "district": "Hooghly (\u09b9\u09c1\u0997\u09b2\u09c0)",
        "district_code": "12",
        "district_lgd": 314,
        "subdivision": "Srirampore (\u09b6\u09cd\u09b0\u09c0\u09b0\u09be\u09ae\u09aa\u09c1\u09b0)",
        "municipality": "Rishra Municipality (\u09b0\u09bf\u09b7\u09dc\u09be \u09aa\u09cc\u09b0\u09b8\u09ad\u09be)",
        "ward_no": 17,
        "mouza_name": "Morepukur",
        "mouza_name_bn": "\u09ae\u09cb\u09dc\u09c7\u09aa\u09c1\u0995\u09c1\u09b0",
        "jl_no": 13,
        "khasra_no": "117",
        "dag_no": 117,
        "khatian_no": 217,
        "owner_name": "Rishra Municipality (Chairman / Civic Body)",
        "owner_name_bn": "\u09b0\u09bf\u09b7\u09dc\u09be \u09aa\u09cc\u09b0\u09b8\u09ad\u09be",
        "ownership_type": "Municipal Civic Asset",
        "land_classification": "\u09b8\u09b0\u0995\u09be\u09b0\u09bf \u0996\u09be\u09b8 (Sarkari Khas)",
        "legal_area_sqm": 73.81,
        "gis_area_sqm": 74.71,
        "physical_area_sqm": 74.71,
        "area_discrepancy_pct": 1.22,
        "area_bengali": "0 \u09ac\u09bf\u0998\u09be 1 \u0995\u09be\u09a0\u09be 1.7 \u099b\u099f\u09be\u0995",
        "area_english": "0 Bigha 1 Katha 1.7 Chhatak",
        "status": "VERIFIED",
        "cors_datum": "Survey of India KOL1 (Kolkata) CORS Station",
        "target_crs": "EPSG:7755 / EPSG:4326",
        "survey_source": "OpenStreetMap Real Building Footprints + Banglarbhumi RoR",
        "confidence_semi_major_m": 0.045,
        "confidence_semi_minor_m": 0.03
      }
    },
    {
      "type": "Feature",
      "id": "rishra-dag-118",
      "geometry": {
        "type": "Polygon",
        "coordinates": [
          [
            [
              88.334606,
              22.714281
            ],
            [
              88.334661,
              22.71428
            ],
            [
              88.334661,
              22.714212
            ],
            [
              88.334606,
              22.714213
            ],
            [
              88.334606,
              22.714281
            ]
          ]
        ]
      },
      "properties": {
        "ulpin": "191471423346",
        "osm_id": 357407149,
        "state": "West Bengal",
        "state_code": "19",
        "district": "Hooghly (\u09b9\u09c1\u0997\u09b2\u09c0)",
        "district_code": "12",
        "district_lgd": 314,
        "subdivision": "Srirampore (\u09b6\u09cd\u09b0\u09c0\u09b0\u09be\u09ae\u09aa\u09c1\u09b0)",
        "municipality": "Rishra Municipality (\u09b0\u09bf\u09b7\u09dc\u09be \u09aa\u09cc\u09b0\u09b8\u09ad\u09be)",
        "ward_no": 21,
        "mouza_name": "Mahesh",
        "mouza_name_bn": "\u09ae\u09be\u09b9\u09c7\u09b6",
        "jl_no": 15,
        "khasra_no": "118",
        "dag_no": 118,
        "khatian_no": 218,
        "owner_name": "Eastern Railway Administration (Howrah Div)",
        "owner_name_bn": "\u09aa\u09c2\u09b0\u09cd\u09ac \u09b0\u09c7\u09b2\u0993\u09af\u09bc\u09c7",
        "ownership_type": "Central Govt Infrastructure",
        "land_classification": "\u09b8\u09b0\u0995\u09be\u09b0\u09bf \u0996\u09be\u09b8 (Sarkari Khas)",
        "legal_area_sqm": 42.51,
        "gis_area_sqm": 42.47,
        "physical_area_sqm": 42.47,
        "area_discrepancy_pct": 0.09,
        "area_bengali": "0 \u09ac\u09bf\u0998\u09be 0 \u0995\u09be\u09a0\u09be 10.2 \u099b\u099f\u09be\u0995",
        "area_english": "0 Bigha 0 Katha 10.2 Chhatak",
        "status": "VERIFIED",
        "cors_datum": "Survey of India KOL1 (Kolkata) CORS Station",
        "target_crs": "EPSG:7755 / EPSG:4326",
        "survey_source": "OpenStreetMap Real Building Footprints + Banglarbhumi RoR",
        "confidence_semi_major_m": 0.045,
        "confidence_semi_minor_m": 0.03
      }
    },
    {
      "type": "Feature",
      "id": "rishra-dag-119",
      "geometry": {
        "type": "Polygon",
        "coordinates": [
          [
            [
              88.337064,
              22.711003
            ],
            [
              88.337148,
              22.710967
            ],
            [
              88.337103,
              22.710878
            ],
            [
              88.337019,
              22.710915
            ],
            [
              88.337064,
              22.711003
            ]
          ]
        ]
      },
      "properties": {
        "ulpin": "191471093370",
        "osm_id": 357407151,
        "state": "West Bengal",
        "state_code": "19",
        "district": "Hooghly (\u09b9\u09c1\u0997\u09b2\u09c0)",
        "district_code": "12",
        "district_lgd": 314,
        "subdivision": "Srirampore (\u09b6\u09cd\u09b0\u09c0\u09b0\u09be\u09ae\u09aa\u09c1\u09b0)",
        "municipality": "Rishra Municipality (\u09b0\u09bf\u09b7\u09dc\u09be \u09aa\u09cc\u09b0\u09b8\u09ad\u09be)",
        "ward_no": 7,
        "mouza_name": "Rishra",
        "mouza_name_bn": "\u09b0\u09bf\u09b7\u09dc\u09be",
        "jl_no": 12,
        "khasra_no": "119",
        "dag_no": 119,
        "khatian_no": 219,
        "owner_name": "PWD Roads Directorate, Govt of West Bengal",
        "owner_name_bn": "\u09aa\u09c2\u09b0\u09cd\u09a4 \u09a6\u09aa\u09cd\u09a4\u09b0",
        "ownership_type": "State Highway Department",
        "land_classification": "\u09b8\u09b0\u0995\u09be\u09b0\u09bf \u0996\u09be\u09b8 (Sarkari Khas)",
        "legal_area_sqm": 104.51,
        "gis_area_sqm": 103.07,
        "physical_area_sqm": 103.07,
        "area_discrepancy_pct": 1.38,
        "area_bengali": "0 \u09ac\u09bf\u0998\u09be 1 \u0995\u09be\u09a0\u09be 9.0 \u099b\u099f\u09be\u0995",
        "area_english": "0 Bigha 1 Katha 9.0 Chhatak",
        "status": "VERIFIED",
        "cors_datum": "Survey of India KOL1 (Kolkata) CORS Station",
        "target_crs": "EPSG:7755 / EPSG:4326",
        "survey_source": "OpenStreetMap Real Building Footprints + Banglarbhumi RoR",
        "confidence_semi_major_m": 0.045,
        "confidence_semi_minor_m": 0.03
      }
    },
    {
      "type": "Feature",
      "id": "rishra-dag-120",
      "geometry": {
        "type": "Polygon",
        "coordinates": [
          [
            [
              88.333176,
              22.714026
            ],
            [
              88.333249,
              22.714062
            ],
            [
              88.333291,
              22.713989
            ],
            [
              88.333217,
              22.713953
            ],
            [
              88.333176,
              22.714026
            ]
          ]
        ]
      },
      "properties": {
        "ulpin": "191471403332",
        "osm_id": 357407153,
        "state": "West Bengal",
        "state_code": "19",
        "district": "Hooghly (\u09b9\u09c1\u0997\u09b2\u09c0)",
        "district_code": "12",
        "district_lgd": 314,
        "subdivision": "Srirampore (\u09b6\u09cd\u09b0\u09c0\u09b0\u09be\u09ae\u09aa\u09c1\u09b0)",
        "municipality": "Rishra Municipality (\u09b0\u09bf\u09b7\u09dc\u09be \u09aa\u09cc\u09b0\u09b8\u09ad\u09be)",
        "ward_no": 14,
        "mouza_name": "Morepukur",
        "mouza_name_bn": "\u09ae\u09cb\u09dc\u09c7\u09aa\u09c1\u0995\u09c1\u09b0",
        "jl_no": 13,
        "khasra_no": "120",
        "dag_no": 120,
        "khatian_no": 220,
        "owner_name": "Tarapada Mukherjee & Brothers",
        "owner_name_bn": "\u09ac\u09cd\u09af\u0995\u09cd\u09a4\u09bf\u0997\u09a4 \u09b0\u09be\u09af\u09bc\u09a4",
        "ownership_type": "Private Freehold",
        "land_classification": "\u09ac\u09be\u09b8\u09cd\u09a4\u09c1 (Bastu)",
        "legal_area_sqm": 76.88,
        "gis_area_sqm": 77.89,
        "physical_area_sqm": 77.89,
        "area_discrepancy_pct": 1.31,
        "area_bengali": "0 \u09ac\u09bf\u0998\u09be 1 \u0995\u09be\u09a0\u09be 2.4 \u099b\u099f\u09be\u0995",
        "area_english": "0 Bigha 1 Katha 2.4 Chhatak",
        "status": "VERIFIED",
        "cors_datum": "Survey of India KOL1 (Kolkata) CORS Station",
        "target_crs": "EPSG:7755 / EPSG:4326",
        "survey_source": "OpenStreetMap Real Building Footprints + Banglarbhumi RoR",
        "confidence_semi_major_m": 0.045,
        "confidence_semi_minor_m": 0.03
      }
    },
    {
      "type": "Feature",
      "id": "rishra-dag-121",
      "geometry": {
        "type": "Polygon",
        "coordinates": [
          [
            [
              88.33637,
              22.712839
            ],
            [
              88.336454,
              22.71283
            ],
            [
              88.33644,
              22.712721
            ],
            [
              88.336356,
              22.71273
            ],
            [
              88.33637,
              22.712839
            ]
          ]
        ]
      },
      "properties": {
        "ulpin": "191471273363",
        "osm_id": 357407154,
        "state": "West Bengal",
        "state_code": "19",
        "district": "Hooghly (\u09b9\u09c1\u0997\u09b2\u09c0)",
        "district_code": "12",
        "district_lgd": 314,
        "subdivision": "Srirampore (\u09b6\u09cd\u09b0\u09c0\u09b0\u09be\u09ae\u09aa\u09c1\u09b0)",
        "municipality": "Rishra Municipality (\u09b0\u09bf\u09b7\u09dc\u09be \u09aa\u09cc\u09b0\u09b8\u09ad\u09be)",
        "ward_no": 19,
        "mouza_name": "Mahesh",
        "mouza_name_bn": "\u09ae\u09be\u09b9\u09c7\u09b6",
        "jl_no": 15,
        "khasra_no": "121",
        "dag_no": 121,
        "khatian_no": 221,
        "owner_name": "Debabrata Banerjee & Animesh Banerjee",
        "owner_name_bn": "\u09aa\u09c8\u09a4\u09c3\u0995 \u09b0\u09be\u09af\u09bc\u09a4",
        "ownership_type": "Private Hereditary",
        "land_classification": "\u09ac\u09be\u09b8\u09cd\u09a4\u09c1 (Bastu)",
        "legal_area_sqm": 105.41,
        "gis_area_sqm": 105.41,
        "physical_area_sqm": 105.41,
        "area_discrepancy_pct": 0.0,
        "area_bengali": "0 \u09ac\u09bf\u0998\u09be 1 \u0995\u09be\u09a0\u09be 9.2 \u099b\u099f\u09be\u0995",
        "area_english": "0 Bigha 1 Katha 9.2 Chhatak",
        "status": "VERIFIED",
        "cors_datum": "Survey of India KOL1 (Kolkata) CORS Station",
        "target_crs": "EPSG:7755 / EPSG:4326",
        "survey_source": "OpenStreetMap Real Building Footprints + Banglarbhumi RoR",
        "confidence_semi_major_m": 0.045,
        "confidence_semi_minor_m": 0.03
      }
    },
    {
      "type": "Feature",
      "id": "rishra-dag-122",
      "geometry": {
        "type": "Polygon",
        "coordinates": [
          [
            [
              88.336966,
              22.710907
            ],
            [
              88.337084,
              22.710857
            ],
            [
              88.337059,
              22.710806
            ],
            [
              88.336941,
              22.710856
            ],
            [
              88.336966,
              22.710907
            ]
          ]
        ]
      },
      "properties": {
        "ulpin": "191471083370",
        "osm_id": 357407156,
        "state": "West Bengal",
        "state_code": "19",
        "district": "Hooghly (\u09b9\u09c1\u0997\u09b2\u09c0)",
        "district_code": "12",
        "district_lgd": 314,
        "subdivision": "Srirampore (\u09b6\u09cd\u09b0\u09c0\u09b0\u09be\u09ae\u09aa\u09c1\u09b0)",
        "municipality": "Rishra Municipality (\u09b0\u09bf\u09b7\u09dc\u09be \u09aa\u09cc\u09b0\u09b8\u09ad\u09be)",
        "ward_no": 10,
        "mouza_name": "Rishra",
        "mouza_name_bn": "\u09b0\u09bf\u09b7\u09dc\u09be",
        "jl_no": 12,
        "khasra_no": "122",
        "dag_no": 122,
        "khatian_no": 222,
        "owner_name": "Shyamal Kanti Ghosh",
        "owner_name_bn": "\u09ac\u09cd\u09af\u0995\u09cd\u09a4\u09bf\u0997\u09a4 \u09ac\u09be\u09b8\u09cd\u09a4\u09c1",
        "ownership_type": "Private Homestead",
        "land_classification": "\u09ac\u09be\u09b8\u09cd\u09a4\u09c1 (Bastu)",
        "legal_area_sqm": 83.61,
        "gis_area_sqm": 82.54,
        "physical_area_sqm": 82.54,
        "area_discrepancy_pct": 1.28,
        "area_bengali": "0 \u09ac\u09bf\u0998\u09be 1 \u0995\u09be\u09a0\u09be 4.0 \u099b\u099f\u09be\u0995",
        "area_english": "0 Bigha 1 Katha 4.0 Chhatak",
        "status": "VERIFIED",
        "cors_datum": "Survey of India KOL1 (Kolkata) CORS Station",
        "target_crs": "EPSG:7755 / EPSG:4326",
        "survey_source": "OpenStreetMap Real Building Footprints + Banglarbhumi RoR",
        "confidence_semi_major_m": 0.045,
        "confidence_semi_minor_m": 0.03
      }
    },
    {
      "type": "Feature",
      "id": "rishra-dag-123",
      "geometry": {
        "type": "Polygon",
        "coordinates": [
          [
            [
              88.336057,
              22.71271
            ],
            [
              88.336148,
              22.712698
            ],
            [
              88.33613,
              22.712588
            ],
            [
              88.33604,
              22.7126
            ],
            [
              88.336057,
              22.71271
            ]
          ]
        ]
      },
      "properties": {
        "ulpin": "191471263360",
        "osm_id": 357407158,
        "state": "West Bengal",
        "state_code": "19",
        "district": "Hooghly (\u09b9\u09c1\u0997\u09b2\u09c0)",
        "district_code": "12",
        "district_lgd": 314,
        "subdivision": "Srirampore (\u09b6\u09cd\u09b0\u09c0\u09b0\u09be\u09ae\u09aa\u09c1\u09b0)",
        "municipality": "Rishra Municipality (\u09b0\u09bf\u09b7\u09dc\u09be \u09aa\u09cc\u09b0\u09b8\u09ad\u09be)",
        "ward_no": 17,
        "mouza_name": "Morepukur",
        "mouza_name_bn": "\u09ae\u09cb\u09dc\u09c7\u09aa\u09c1\u0995\u09c1\u09b0",
        "jl_no": 13,
        "khasra_no": "123",
        "dag_no": 123,
        "khatian_no": 223,
        "owner_name": "Lakshmi Rani Mondal",
        "owner_name_bn": "\u09ac\u09cd\u09af\u0995\u09cd\u09a4\u09bf\u0997\u09a4 \u09ac\u09be\u09b8\u09cd\u09a4\u09c1",
        "ownership_type": "Private Homestead",
        "land_classification": "\u09ac\u09be\u09b8\u09cd\u09a4\u09c1 (Bastu)",
        "legal_area_sqm": 113.81,
        "gis_area_sqm": 115.43,
        "physical_area_sqm": 115.43,
        "area_discrepancy_pct": 1.42,
        "area_bengali": "0 \u09ac\u09bf\u0998\u09be 1 \u0995\u09be\u09a0\u09be 11.2 \u099b\u099f\u09be\u0995",
        "area_english": "0 Bigha 1 Katha 11.2 Chhatak",
        "status": "VERIFIED",
        "cors_datum": "Survey of India KOL1 (Kolkata) CORS Station",
        "target_crs": "EPSG:7755 / EPSG:4326",
        "survey_source": "OpenStreetMap Real Building Footprints + Banglarbhumi RoR",
        "confidence_semi_major_m": 0.045,
        "confidence_semi_minor_m": 0.03
      }
    },
    {
      "type": "Feature",
      "id": "rishra-dag-124",
      "geometry": {
        "type": "Polygon",
        "coordinates": [
          [
            [
              88.339138,
              22.712018
            ],
            [
              88.339198,
              22.712014
            ],
            [
              88.339191,
              22.711922
            ],
            [
              88.33913,
              22.711926
            ],
            [
              88.339138,
              22.712018
            ]
          ]
        ]
      },
      "properties": {
        "ulpin": "191471193391",
        "osm_id": 357407160,
        "state": "West Bengal",
        "state_code": "19",
        "district": "Hooghly (\u09b9\u09c1\u0997\u09b2\u09c0)",
        "district_code": "12",
        "district_lgd": 314,
        "subdivision": "Srirampore (\u09b6\u09cd\u09b0\u09c0\u09b0\u09be\u09ae\u09aa\u09c1\u09b0)",
        "municipality": "Rishra Municipality (\u09b0\u09bf\u09b7\u09dc\u09be \u09aa\u09cc\u09b0\u09b8\u09ad\u09be)",
        "ward_no": 22,
        "mouza_name": "Mahesh",
        "mouza_name_bn": "\u09ae\u09be\u09b9\u09c7\u09b6",
        "jl_no": 15,
        "khasra_no": "124",
        "dag_no": 124,
        "khatian_no": 224,
        "owner_name": "Soumen Chatterjee & Bratati Chatterjee",
        "owner_name_bn": "\u09af\u09cc\u09a5 \u0996\u09a4\u09bf\u09af\u09bc\u09be\u09a8",
        "ownership_type": "Joint Ownership",
        "land_classification": "\u09ac\u09be\u09b8\u09cd\u09a4\u09c1 (Bastu)",
        "legal_area_sqm": 63.48,
        "gis_area_sqm": 63.54,
        "physical_area_sqm": 63.54,
        "area_discrepancy_pct": 0.09,
        "area_bengali": "0 \u09ac\u09bf\u0998\u09be 0 \u0995\u09be\u09a0\u09be 15.2 \u099b\u099f\u09be\u0995",
        "area_english": "0 Bigha 0 Katha 15.2 Chhatak",
        "status": "VERIFIED",
        "cors_datum": "Survey of India KOL1 (Kolkata) CORS Station",
        "target_crs": "EPSG:7755 / EPSG:4326",
        "survey_source": "OpenStreetMap Real Building Footprints + Banglarbhumi RoR",
        "confidence_semi_major_m": 0.045,
        "confidence_semi_minor_m": 0.03
      }
    },
    {
      "type": "Feature",
      "id": "rishra-dag-125",
      "geometry": {
        "type": "Polygon",
        "coordinates": [
          [
            [
              88.340495,
              22.713484
            ],
            [
              88.340684,
              22.713461
            ],
            [
              88.340671,
              22.713366
            ],
            [
              88.340481,
              22.71339
            ],
            [
              88.340495,
              22.713484
            ]
          ]
        ]
      },
      "properties": {
        "ulpin": "191471343405",
        "osm_id": 357407161,
        "state": "West Bengal",
        "state_code": "19",
        "district": "Hooghly (\u09b9\u09c1\u0997\u09b2\u09c0)",
        "district_code": "12",
        "district_lgd": 314,
        "subdivision": "Srirampore (\u09b6\u09cd\u09b0\u09c0\u09b0\u09be\u09ae\u09aa\u09c1\u09b0)",
        "municipality": "Rishra Municipality (\u09b0\u09bf\u09b7\u09dc\u09be \u09aa\u09cc\u09b0\u09b8\u09ad\u09be)",
        "ward_no": 1,
        "mouza_name": "Rishra",
        "mouza_name_bn": "\u09b0\u09bf\u09b7\u09dc\u09be",
        "jl_no": 12,
        "khasra_no": "125",
        "dag_no": 125,
        "khatian_no": 225,
        "owner_name": "Subir Kumar Sen & Sons",
        "owner_name_bn": "\u09ac\u09be\u09a3\u09bf\u099c\u09cd\u09af\u09bf\u0995 \u09a6\u09cb\u0995\u09be\u09a8",
        "ownership_type": "Commercial Shopkeeper",
        "land_classification": "\u09a1\u09be\u0999\u09cd\u0997\u09be (Danga)",
        "legal_area_sqm": 209.44,
        "gis_area_sqm": 206.96,
        "physical_area_sqm": 206.96,
        "area_discrepancy_pct": 1.18,
        "area_bengali": "0 \u09ac\u09bf\u0998\u09be 3 \u0995\u09be\u09a0\u09be 2.1 \u099b\u099f\u09be\u0995",
        "area_english": "0 Bigha 3 Katha 2.1 Chhatak",
        "status": "VERIFIED",
        "cors_datum": "Survey of India KOL1 (Kolkata) CORS Station",
        "target_crs": "EPSG:7755 / EPSG:4326",
        "survey_source": "OpenStreetMap Real Building Footprints + Banglarbhumi RoR",
        "confidence_semi_major_m": 0.045,
        "confidence_semi_minor_m": 0.03
      }
    },
    {
      "type": "Feature",
      "id": "rishra-dag-126",
      "geometry": {
        "type": "Polygon",
        "coordinates": [
          [
            [
              88.339768,
              22.713592
            ],
            [
              88.339925,
              22.713553
            ],
            [
              88.339907,
              22.713489
            ],
            [
              88.339749,
              22.713528
            ],
            [
              88.339768,
              22.713592
            ]
          ]
        ]
      },
      "properties": {
        "ulpin": "191471353398",
        "osm_id": 357407163,
        "state": "West Bengal",
        "state_code": "19",
        "district": "Hooghly (\u09b9\u09c1\u0997\u09b2\u09c0)",
        "district_code": "12",
        "district_lgd": 314,
        "subdivision": "Srirampore (\u09b6\u09cd\u09b0\u09c0\u09b0\u09be\u09ae\u09aa\u09c1\u09b0)",
        "municipality": "Rishra Municipality (\u09b0\u09bf\u09b7\u09dc\u09be \u09aa\u09cc\u09b0\u09b8\u09ad\u09be)",
        "ward_no": 14,
        "mouza_name": "Morepukur",
        "mouza_name_bn": "\u09ae\u09cb\u09dc\u09c7\u09aa\u09c1\u0995\u09c1\u09b0",
        "jl_no": 13,
        "khasra_no": "126",
        "dag_no": 126,
        "khatian_no": 226,
        "owner_name": "Ramakrishna Mission Vivekananda Sevashram",
        "owner_name_bn": "\u09b8\u09c7\u09ac\u09be\u09b6\u09cd\u09b0\u09ae \u099f\u09cd\u09b0\u09be\u09b8\u09cd\u099f",
        "ownership_type": "Institutional Charitable",
        "land_classification": "\u09ac\u09be\u09b8\u09cd\u09a4\u09c1 (Bastu)",
        "legal_area_sqm": 120.82,
        "gis_area_sqm": 122.66,
        "physical_area_sqm": 122.66,
        "area_discrepancy_pct": 1.52,
        "area_bengali": "0 \u09ac\u09bf\u0998\u09be 1 \u0995\u09be\u09a0\u09be 12.9 \u099b\u099f\u09be\u0995",
        "area_english": "0 Bigha 1 Katha 12.9 Chhatak",
        "status": "ADJUDICATED",
        "cors_datum": "Survey of India KOL1 (Kolkata) CORS Station",
        "target_crs": "EPSG:7755 / EPSG:4326",
        "survey_source": "OpenStreetMap Real Building Footprints + Banglarbhumi RoR",
        "confidence_semi_major_m": 0.045,
        "confidence_semi_minor_m": 0.03
      }
    },
    {
      "type": "Feature",
      "id": "rishra-dag-127",
      "geometry": {
        "type": "Polygon",
        "coordinates": [
          [
            [
              88.33542,
              22.710149
            ],
            [
              88.335549,
              22.710118
            ],
            [
              88.335527,
              22.710042
            ],
            [
              88.335398,
              22.710073
            ],
            [
              88.33542,
              22.710149
            ]
          ]
        ]
      },
      "properties": {
        "ulpin": "191471013354",
        "osm_id": 357407165,
        "state": "West Bengal",
        "state_code": "19",
        "district": "Hooghly (\u09b9\u09c1\u0997\u09b2\u09c0)",
        "district_code": "12",
        "district_lgd": 314,
        "subdivision": "Srirampore (\u09b6\u09cd\u09b0\u09c0\u09b0\u09be\u09ae\u09aa\u09c1\u09b0)",
        "municipality": "Rishra Municipality (\u09b0\u09bf\u09b7\u09dc\u09be \u09aa\u09cc\u09b0\u09b8\u09ad\u09be)",
        "ward_no": 20,
        "mouza_name": "Mahesh",
        "mouza_name_bn": "\u09ae\u09be\u09b9\u09c7\u09b6",
        "jl_no": 15,
        "khasra_no": "127",
        "dag_no": 127,
        "khatian_no": 227,
        "owner_name": "St. Thomas Church Parish Committee",
        "owner_name_bn": "\u09a7\u09b0\u09cd\u09ae\u09c0\u09af\u09bc \u099f\u09cd\u09b0\u09be\u09b8\u09cd\u099f",
        "ownership_type": "Religious Institutional",
        "land_classification": "\u09ac\u09be\u09b8\u09cd\u09a4\u09c1 (Bastu)",
        "legal_area_sqm": 118.84,
        "gis_area_sqm": 119.08,
        "physical_area_sqm": 119.08,
        "area_discrepancy_pct": 0.2,
        "area_bengali": "0 \u09ac\u09bf\u0998\u09be 1 \u0995\u09be\u09a0\u09be 12.4 \u099b\u099f\u09be\u0995",
        "area_english": "0 Bigha 1 Katha 12.4 Chhatak",
        "status": "VERIFIED",
        "cors_datum": "Survey of India KOL1 (Kolkata) CORS Station",
        "target_crs": "EPSG:7755 / EPSG:4326",
        "survey_source": "OpenStreetMap Real Building Footprints + Banglarbhumi RoR",
        "confidence_semi_major_m": 0.045,
        "confidence_semi_minor_m": 0.03
      }
    },
    {
      "type": "Feature",
      "id": "rishra-dag-128",
      "geometry": {
        "type": "Polygon",
        "coordinates": [
          [
            [
              88.333953,
              22.712434
            ],
            [
              88.334096,
              22.712423
            ],
            [
              88.334089,
              22.712337
            ],
            [
              88.333945,
              22.712348
            ],
            [
              88.333953,
              22.712434
            ]
          ]
        ]
      },
      "properties": {
        "ulpin": "191471233340",
        "osm_id": 357407166,
        "state": "West Bengal",
        "state_code": "19",
        "district": "Hooghly (\u09b9\u09c1\u0997\u09b2\u09c0)",
        "district_code": "12",
        "district_lgd": 314,
        "subdivision": "Srirampore (\u09b6\u09cd\u09b0\u09c0\u09b0\u09be\u09ae\u09aa\u09c1\u09b0)",
        "municipality": "Rishra Municipality (\u09b0\u09bf\u09b7\u09dc\u09be \u09aa\u09cc\u09b0\u09b8\u09ad\u09be)",
        "ward_no": 4,
        "mouza_name": "Rishra",
        "mouza_name_bn": "\u09b0\u09bf\u09b7\u09dc\u09be",
        "jl_no": 12,
        "khasra_no": "128",
        "dag_no": 128,
        "khatian_no": 228,
        "owner_name": "Bikash Ranjan Roy & Brothers",
        "owner_name_bn": "\u0995\u09c3\u09b7\u09bf \u09b0\u09be\u09af\u09bc\u09a4",
        "ownership_type": "Agricultural Ryot",
        "land_classification": "\u09a7\u09be\u09a8\u09c0 (Dhani)",
        "legal_area_sqm": 142.62,
        "gis_area_sqm": 141.07,
        "physical_area_sqm": 141.07,
        "area_discrepancy_pct": 1.09,
        "area_bengali": "0 \u09ac\u09bf\u0998\u09be 2 \u0995\u09be\u09a0\u09be 2.1 \u099b\u099f\u09be\u0995",
        "area_english": "0 Bigha 2 Katha 2.1 Chhatak",
        "status": "VERIFIED",
        "cors_datum": "Survey of India KOL1 (Kolkata) CORS Station",
        "target_crs": "EPSG:7755 / EPSG:4326",
        "survey_source": "OpenStreetMap Real Building Footprints + Banglarbhumi RoR",
        "confidence_semi_major_m": 0.045,
        "confidence_semi_minor_m": 0.03
      }
    },
    {
      "type": "Feature",
      "id": "rishra-dag-129",
      "geometry": {
        "type": "Polygon",
        "coordinates": [
          [
            [
              88.339195,
              22.710914
            ],
            [
              88.339254,
              22.710909
            ],
            [
              88.339246,
              22.710804
            ],
            [
              88.339186,
              22.710808
            ],
            [
              88.339195,
              22.710914
            ]
          ]
        ]
      },
      "properties": {
        "ulpin": "191471083392",
        "osm_id": 357407168,
        "state": "West Bengal",
        "state_code": "19",
        "district": "Hooghly (\u09b9\u09c1\u0997\u09b2\u09c0)",
        "district_code": "12",
        "district_lgd": 314,
        "subdivision": "Srirampore (\u09b6\u09cd\u09b0\u09c0\u09b0\u09be\u09ae\u09aa\u09c1\u09b0)",
        "municipality": "Rishra Municipality (\u09b0\u09bf\u09b7\u09dc\u09be \u09aa\u09cc\u09b0\u09b8\u09ad\u09be)",
        "ward_no": 17,
        "mouza_name": "Morepukur",
        "mouza_name_bn": "\u09ae\u09cb\u09dc\u09c7\u09aa\u09c1\u0995\u09c1\u09b0",
        "jl_no": 13,
        "khasra_no": "129",
        "dag_no": 129,
        "khatian_no": 229,
        "owner_name": "Aditya Birla Nuvo / Jayshree Textiles Ltd",
        "owner_name_bn": "\u0995\u09b0\u09cd\u09aa\u09cb\u09b0\u09c7\u099f \u09b6\u09bf\u09b2\u09cd\u09aa",
        "ownership_type": "Corporate Industrial",
        "land_classification": "\u0995\u09b2\u0995\u09be\u09b0\u0996\u09be\u09a8\u09be (Karkhana)",
        "legal_area_sqm": 70.57,
        "gis_area_sqm": 71.72,
        "physical_area_sqm": 71.72,
        "area_discrepancy_pct": 1.63,
        "area_bengali": "0 \u09ac\u09bf\u0998\u09be 1 \u0995\u09be\u09a0\u09be 0.9 \u099b\u099f\u09be\u0995",
        "area_english": "0 Bigha 1 Katha 0.9 Chhatak",
        "status": "ADJUDICATED",
        "cors_datum": "Survey of India KOL1 (Kolkata) CORS Station",
        "target_crs": "EPSG:7755 / EPSG:4326",
        "survey_source": "OpenStreetMap Real Building Footprints + Banglarbhumi RoR",
        "confidence_semi_major_m": 0.045,
        "confidence_semi_minor_m": 0.03
      }
    },
    {
      "type": "Feature",
      "id": "rishra-dag-130",
      "geometry": {
        "type": "Polygon",
        "coordinates": [
          [
            [
              88.337404,
              22.711385
            ],
            [
              88.337511,
              22.711341
            ],
            [
              88.337484,
              22.711286
            ],
            [
              88.337377,
              22.71133
            ],
            [
              88.337404,
              22.711385
            ]
          ]
        ]
      },
      "properties": {
        "ulpin": "191471133374",
        "osm_id": 357407170,
        "state": "West Bengal",
        "state_code": "19",
        "district": "Hooghly (\u09b9\u09c1\u0997\u09b2\u09c0)",
        "district_code": "12",
        "district_lgd": 314,
        "subdivision": "Srirampore (\u09b6\u09cd\u09b0\u09c0\u09b0\u09be\u09ae\u09aa\u09c1\u09b0)",
        "municipality": "Rishra Municipality (\u09b0\u09bf\u09b7\u09dc\u09be \u09aa\u09cc\u09b0\u09b8\u09ad\u09be)",
        "ward_no": 23,
        "mouza_name": "Mahesh",
        "mouza_name_bn": "\u09ae\u09be\u09b9\u09c7\u09b6",
        "jl_no": 15,
        "khasra_no": "130",
        "dag_no": 130,
        "khatian_no": 230,
        "owner_name": "Hastings Jute Mill Estate (Vested)",
        "owner_name_bn": "\u099a\u099f\u0995\u09b2 \u098f\u09b8\u09cd\u099f\u09c7\u099f",
        "ownership_type": "Industrial Leasehold",
        "land_classification": "\u0995\u09b2\u0995\u09be\u09b0\u0996\u09be\u09a8\u09be (Karkhana)",
        "legal_area_sqm": 80.08,
        "gis_area_sqm": 80.32,
        "physical_area_sqm": 80.32,
        "area_discrepancy_pct": 0.3,
        "area_bengali": "0 \u09ac\u09bf\u0998\u09be 1 \u0995\u09be\u09a0\u09be 3.2 \u099b\u099f\u09be\u0995",
        "area_english": "0 Bigha 1 Katha 3.2 Chhatak",
        "status": "VERIFIED",
        "cors_datum": "Survey of India KOL1 (Kolkata) CORS Station",
        "target_crs": "EPSG:7755 / EPSG:4326",
        "survey_source": "OpenStreetMap Real Building Footprints + Banglarbhumi RoR",
        "confidence_semi_major_m": 0.045,
        "confidence_semi_minor_m": 0.03
      }
    },
    {
      "type": "Feature",
      "id": "rishra-dag-131",
      "geometry": {
        "type": "Polygon",
        "coordinates": [
          [
            [
              88.337224,
              22.711915
            ],
            [
              88.337292,
              22.711905
            ],
            [
              88.337276,
              22.71181
            ],
            [
              88.337208,
              22.71182
            ],
            [
              88.337224,
              22.711915
            ]
          ]
        ]
      },
      "properties": {
        "ulpin": "191471183372",
        "osm_id": 357407172,
        "state": "West Bengal",
        "state_code": "19",
        "district": "Hooghly (\u09b9\u09c1\u0997\u09b2\u09c0)",
        "district_code": "12",
        "district_lgd": 314,
        "subdivision": "Srirampore (\u09b6\u09cd\u09b0\u09c0\u09b0\u09be\u09ae\u09aa\u09c1\u09b0)",
        "municipality": "Rishra Municipality (\u09b0\u09bf\u09b7\u09dc\u09be \u09aa\u09cc\u09b0\u09b8\u09ad\u09be)",
        "ward_no": 7,
        "mouza_name": "Rishra",
        "mouza_name_bn": "\u09b0\u09bf\u09b7\u09dc\u09be",
        "jl_no": 12,
        "khasra_no": "131",
        "dag_no": 131,
        "khatian_no": 231,
        "owner_name": "Rishra Municipality (Chairman / Civic Body)",
        "owner_name_bn": "\u09b0\u09bf\u09b7\u09dc\u09be \u09aa\u09cc\u09b0\u09b8\u09ad\u09be",
        "ownership_type": "Municipal Civic Asset",
        "land_classification": "\u09b8\u09b0\u0995\u09be\u09b0\u09bf \u0996\u09be\u09b8 (Sarkari Khas)",
        "legal_area_sqm": 75.92,
        "gis_area_sqm": 75.17,
        "physical_area_sqm": 75.17,
        "area_discrepancy_pct": 0.99,
        "area_bengali": "0 \u09ac\u09bf\u0998\u09be 1 \u0995\u09be\u09a0\u09be 2.2 \u099b\u099f\u09be\u0995",
        "area_english": "0 Bigha 1 Katha 2.2 Chhatak",
        "status": "VERIFIED",
        "cors_datum": "Survey of India KOL1 (Kolkata) CORS Station",
        "target_crs": "EPSG:7755 / EPSG:4326",
        "survey_source": "OpenStreetMap Real Building Footprints + Banglarbhumi RoR",
        "confidence_semi_major_m": 0.045,
        "confidence_semi_minor_m": 0.03
      }
    },
    {
      "type": "Feature",
      "id": "rishra-dag-132",
      "geometry": {
        "type": "Polygon",
        "coordinates": [
          [
            [
              88.332144,
              22.714918
            ],
            [
              88.332202,
              22.714949
            ],
            [
              88.332244,
              22.71488
            ],
            [
              88.332186,
              22.71485
            ],
            [
              88.332144,
              22.714918
            ]
          ]
        ]
      },
      "properties": {
        "ulpin": "191471493321",
        "osm_id": 357407174,
        "state": "West Bengal",
        "state_code": "19",
        "district": "Hooghly (\u09b9\u09c1\u0997\u09b2\u09c0)",
        "district_code": "12",
        "district_lgd": 314,
        "subdivision": "Srirampore (\u09b6\u09cd\u09b0\u09c0\u09b0\u09be\u09ae\u09aa\u09c1\u09b0)",
        "municipality": "Rishra Municipality (\u09b0\u09bf\u09b7\u09dc\u09be \u09aa\u09cc\u09b0\u09b8\u09ad\u09be)",
        "ward_no": 14,
        "mouza_name": "Morepukur",
        "mouza_name_bn": "\u09ae\u09cb\u09dc\u09c7\u09aa\u09c1\u0995\u09c1\u09b0",
        "jl_no": 13,
        "khasra_no": "132",
        "dag_no": 132,
        "khatian_no": 232,
        "owner_name": "Eastern Railway Administration (Howrah Div)",
        "owner_name_bn": "\u09aa\u09c2\u09b0\u09cd\u09ac \u09b0\u09c7\u09b2\u0993\u09af\u09bc\u09c7",
        "ownership_type": "Central Govt Infrastructure",
        "land_classification": "\u09b8\u09b0\u0995\u09be\u09b0\u09bf \u0996\u09be\u09b8 (Sarkari Khas)",
        "legal_area_sqm": 58.65,
        "gis_area_sqm": 59.66,
        "physical_area_sqm": 59.66,
        "area_discrepancy_pct": 1.72,
        "area_bengali": "0 \u09ac\u09bf\u0998\u09be 0 \u0995\u09be\u09a0\u09be 14.0 \u099b\u099f\u09be\u0995",
        "area_english": "0 Bigha 0 Katha 14.0 Chhatak",
        "status": "ADJUDICATED",
        "cors_datum": "Survey of India KOL1 (Kolkata) CORS Station",
        "target_crs": "EPSG:7755 / EPSG:4326",
        "survey_source": "OpenStreetMap Real Building Footprints + Banglarbhumi RoR",
        "confidence_semi_major_m": 0.045,
        "confidence_semi_minor_m": 0.03
      }
    },
    {
      "type": "Feature",
      "id": "rishra-dag-133",
      "geometry": {
        "type": "Polygon",
        "coordinates": [
          [
            [
              88.333444,
              22.711592
            ],
            [
              88.33353,
              22.711569
            ],
            [
              88.333517,
              22.711527
            ],
            [
              88.333431,
              22.71155
            ],
            [
              88.333444,
              22.711592
            ]
          ]
        ]
      },
      "properties": {
        "ulpin": "191471153334",
        "osm_id": 357407176,
        "state": "West Bengal",
        "state_code": "19",
        "district": "Hooghly (\u09b9\u09c1\u0997\u09b2\u09c0)",
        "district_code": "12",
        "district_lgd": 314,
        "subdivision": "Srirampore (\u09b6\u09cd\u09b0\u09c0\u09b0\u09be\u09ae\u09aa\u09c1\u09b0)",
        "municipality": "Rishra Municipality (\u09b0\u09bf\u09b7\u09dc\u09be \u09aa\u09cc\u09b0\u09b8\u09ad\u09be)",
        "ward_no": 21,
        "mouza_name": "Mahesh",
        "mouza_name_bn": "\u09ae\u09be\u09b9\u09c7\u09b6",
        "jl_no": 15,
        "khasra_no": "133",
        "dag_no": 133,
        "khatian_no": 233,
        "owner_name": "PWD Roads Directorate, Govt of West Bengal",
        "owner_name_bn": "\u09aa\u09c2\u09b0\u09cd\u09a4 \u09a6\u09aa\u09cd\u09a4\u09b0",
        "ownership_type": "State Highway Department",
        "land_classification": "\u09b8\u09b0\u0995\u09be\u09b0\u09bf \u0996\u09be\u09b8 (Sarkari Khas)",
        "legal_area_sqm": 44.23,
        "gis_area_sqm": 44.41,
        "physical_area_sqm": 44.41,
        "area_discrepancy_pct": 0.41,
        "area_bengali": "0 \u09ac\u09bf\u0998\u09be 0 \u0995\u09be\u09a0\u09be 10.6 \u099b\u099f\u09be\u0995",
        "area_english": "0 Bigha 0 Katha 10.6 Chhatak",
        "status": "VERIFIED",
        "cors_datum": "Survey of India KOL1 (Kolkata) CORS Station",
        "target_crs": "EPSG:7755 / EPSG:4326",
        "survey_source": "OpenStreetMap Real Building Footprints + Banglarbhumi RoR",
        "confidence_semi_major_m": 0.045,
        "confidence_semi_minor_m": 0.03
      }
    },
    {
      "type": "Feature",
      "id": "rishra-dag-134",
      "geometry": {
        "type": "Polygon",
        "coordinates": [
          [
            [
              88.334525,
              22.712838
            ],
            [
              88.334631,
              22.712834
            ],
            [
              88.334626,
              22.712743
            ],
            [
              88.334521,
              22.712747
            ],
            [
              88.334525,
              22.712838
            ]
          ]
        ]
      },
      "properties": {
        "ulpin": "191471283345",
        "osm_id": 357407180,
        "state": "West Bengal",
        "state_code": "19",
        "district": "Hooghly (\u09b9\u09c1\u0997\u09b2\u09c0)",
        "district_code": "12",
        "district_lgd": 314,
        "subdivision": "Srirampore (\u09b6\u09cd\u09b0\u09c0\u09b0\u09be\u09ae\u09aa\u09c1\u09b0)",
        "municipality": "Rishra Municipality (\u09b0\u09bf\u09b7\u09dc\u09be \u09aa\u09cc\u09b0\u09b8\u09ad\u09be)",
        "ward_no": 10,
        "mouza_name": "Rishra",
        "mouza_name_bn": "\u09b0\u09bf\u09b7\u09dc\u09be",
        "jl_no": 12,
        "khasra_no": "134",
        "dag_no": 134,
        "khatian_no": 234,
        "owner_name": "Tarapada Mukherjee & Brothers",
        "owner_name_bn": "\u09ac\u09cd\u09af\u0995\u09cd\u09a4\u09bf\u0997\u09a4 \u09b0\u09be\u09af\u09bc\u09a4",
        "ownership_type": "Private Freehold",
        "land_classification": "\u09ac\u09be\u09b8\u09cd\u09a4\u09c1 (Bastu)",
        "legal_area_sqm": 110.21,
        "gis_area_sqm": 109.23,
        "physical_area_sqm": 109.23,
        "area_discrepancy_pct": 0.89,
        "area_bengali": "0 \u09ac\u09bf\u0998\u09be 1 \u0995\u09be\u09a0\u09be 10.4 \u099b\u099f\u09be\u0995",
        "area_english": "0 Bigha 1 Katha 10.4 Chhatak",
        "status": "VERIFIED",
        "cors_datum": "Survey of India KOL1 (Kolkata) CORS Station",
        "target_crs": "EPSG:7755 / EPSG:4326",
        "survey_source": "OpenStreetMap Real Building Footprints + Banglarbhumi RoR",
        "confidence_semi_major_m": 0.045,
        "confidence_semi_minor_m": 0.03
      }
    },
    {
      "type": "Feature",
      "id": "rishra-dag-135",
      "geometry": {
        "type": "Polygon",
        "coordinates": [
          [
            [
              88.338068,
              22.710727
            ],
            [
              88.338153,
              22.710696
            ],
            [
              88.338108,
              22.710592
            ],
            [
              88.338024,
              22.710622
            ],
            [
              88.338068,
              22.710727
            ]
          ]
        ]
      },
      "properties": {
        "ulpin": "191471063380",
        "osm_id": 357407182,
        "state": "West Bengal",
        "state_code": "19",
        "district": "Hooghly (\u09b9\u09c1\u0997\u09b2\u09c0)",
        "district_code": "12",
        "district_lgd": 314,
        "subdivision": "Srirampore (\u09b6\u09cd\u09b0\u09c0\u09b0\u09be\u09ae\u09aa\u09c1\u09b0)",
        "municipality": "Rishra Municipality (\u09b0\u09bf\u09b7\u09dc\u09be \u09aa\u09cc\u09b0\u09b8\u09ad\u09be)",
        "ward_no": 17,
        "mouza_name": "Morepukur",
        "mouza_name_bn": "\u09ae\u09cb\u09dc\u09c7\u09aa\u09c1\u0995\u09c1\u09b0",
        "jl_no": 13,
        "khasra_no": "135",
        "dag_no": 135,
        "khatian_no": 235,
        "owner_name": "Debabrata Banerjee & Animesh Banerjee",
        "owner_name_bn": "\u09aa\u09c8\u09a4\u09c3\u0995 \u09b0\u09be\u09af\u09bc\u09a4",
        "ownership_type": "Private Hereditary",
        "land_classification": "\u09ac\u09be\u09b8\u09cd\u09a4\u09c1 (Bastu)",
        "legal_area_sqm": 113.61,
        "gis_area_sqm": 115.69,
        "physical_area_sqm": 115.69,
        "area_discrepancy_pct": 1.83,
        "area_bengali": "0 \u09ac\u09bf\u0998\u09be 1 \u0995\u09be\u09a0\u09be 11.2 \u099b\u099f\u09be\u0995",
        "area_english": "0 Bigha 1 Katha 11.2 Chhatak",
        "status": "ADJUDICATED",
        "cors_datum": "Survey of India KOL1 (Kolkata) CORS Station",
        "target_crs": "EPSG:7755 / EPSG:4326",
        "survey_source": "OpenStreetMap Real Building Footprints + Banglarbhumi RoR",
        "confidence_semi_major_m": 0.045,
        "confidence_semi_minor_m": 0.03
      }
    },
    {
      "type": "Feature",
      "id": "rishra-dag-136",
      "geometry": {
        "type": "Polygon",
        "coordinates": [
          [
            [
              88.339097,
              22.71308
            ],
            [
              88.339231,
              22.713053
            ],
            [
              88.339213,
              22.712981
            ],
            [
              88.33908,
              22.713009
            ],
            [
              88.339097,
              22.71308
            ]
          ]
        ]
      },
      "properties": {
        "ulpin": "191471303391",
        "osm_id": 357407184,
        "state": "West Bengal",
        "state_code": "19",
        "district": "Hooghly (\u09b9\u09c1\u0997\u09b2\u09c0)",
        "district_code": "12",
        "district_lgd": 314,
        "subdivision": "Srirampore (\u09b6\u09cd\u09b0\u09c0\u09b0\u09be\u09ae\u09aa\u09c1\u09b0)",
        "municipality": "Rishra Municipality (\u09b0\u09bf\u09b7\u09dc\u09be \u09aa\u09cc\u09b0\u09b8\u09ad\u09be)",
        "ward_no": 19,
        "mouza_name": "Mahesh",
        "mouza_name_bn": "\u09ae\u09be\u09b9\u09c7\u09b6",
        "jl_no": 15,
        "khasra_no": "136",
        "dag_no": 136,
        "khatian_no": 236,
        "owner_name": "Shyamal Kanti Ghosh",
        "owner_name_bn": "\u09ac\u09cd\u09af\u0995\u09cd\u09a4\u09bf\u0997\u09a4 \u09ac\u09be\u09b8\u09cd\u09a4\u09c1",
        "ownership_type": "Private Homestead",
        "land_classification": "\u09ac\u09be\u09b8\u09cd\u09a4\u09c1 (Bastu)",
        "legal_area_sqm": 113.29,
        "gis_area_sqm": 113.86,
        "physical_area_sqm": 113.86,
        "area_discrepancy_pct": 0.5,
        "area_bengali": "0 \u09ac\u09bf\u0998\u09be 1 \u0995\u09be\u09a0\u09be 11.1 \u099b\u099f\u09be\u0995",
        "area_english": "0 Bigha 1 Katha 11.1 Chhatak",
        "status": "VERIFIED",
        "cors_datum": "Survey of India KOL1 (Kolkata) CORS Station",
        "target_crs": "EPSG:7755 / EPSG:4326",
        "survey_source": "OpenStreetMap Real Building Footprints + Banglarbhumi RoR",
        "confidence_semi_major_m": 0.045,
        "confidence_semi_minor_m": 0.03
      }
    },
    {
      "type": "Feature",
      "id": "rishra-dag-137",
      "geometry": {
        "type": "Polygon",
        "coordinates": [
          [
            [
              88.334613,
              22.714208
            ],
            [
              88.334716,
              22.714211
            ],
            [
              88.334718,
              22.714149
            ],
            [
              88.334615,
              22.714147
            ],
            [
              88.334613,
              22.714208
            ]
          ]
        ]
      },
      "properties": {
        "ulpin": "191471413346",
        "osm_id": 357407199,
        "state": "West Bengal",
        "state_code": "19",
        "district": "Hooghly (\u09b9\u09c1\u0997\u09b2\u09c0)",
        "district_code": "12",
        "district_lgd": 314,
        "subdivision": "Srirampore (\u09b6\u09cd\u09b0\u09c0\u09b0\u09be\u09ae\u09aa\u09c1\u09b0)",
        "municipality": "Rishra Municipality (\u09b0\u09bf\u09b7\u09dc\u09be \u09aa\u09cc\u09b0\u09b8\u09ad\u09be)",
        "ward_no": 1,
        "mouza_name": "Rishra",
        "mouza_name_bn": "\u09b0\u09bf\u09b7\u09dc\u09be",
        "jl_no": 12,
        "khasra_no": "137",
        "dag_no": 137,
        "khatian_no": 237,
        "owner_name": "Lakshmi Rani Mondal",
        "owner_name_bn": "\u09ac\u09cd\u09af\u0995\u09cd\u09a4\u09bf\u0997\u09a4 \u09ac\u09be\u09b8\u09cd\u09a4\u09c1",
        "ownership_type": "Private Homestead",
        "land_classification": "\u09ac\u09be\u09b8\u09cd\u09a4\u09c1 (Bastu)",
        "legal_area_sqm": 72.57,
        "gis_area_sqm": 71.99,
        "physical_area_sqm": 71.99,
        "area_discrepancy_pct": 0.8,
        "area_bengali": "0 \u09ac\u09bf\u0998\u09be 1 \u0995\u09be\u09a0\u09be 1.4 \u099b\u099f\u09be\u0995",
        "area_english": "0 Bigha 1 Katha 1.4 Chhatak",
        "status": "VERIFIED",
        "cors_datum": "Survey of India KOL1 (Kolkata) CORS Station",
        "target_crs": "EPSG:7755 / EPSG:4326",
        "survey_source": "OpenStreetMap Real Building Footprints + Banglarbhumi RoR",
        "confidence_semi_major_m": 0.045,
        "confidence_semi_minor_m": 0.03
      }
    },
    {
      "type": "Feature",
      "id": "rishra-dag-138",
      "geometry": {
        "type": "Polygon",
        "coordinates": [
          [
            [
              88.338686,
              22.710638
            ],
            [
              88.338935,
              22.710582
            ],
            [
              88.338911,
              22.710492
            ],
            [
              88.338662,
              22.710548
            ],
            [
              88.338686,
              22.710638
            ]
          ]
        ]
      },
      "properties": {
        "ulpin": "191471053387",
        "osm_id": 357407201,
        "state": "West Bengal",
        "state_code": "19",
        "district": "Hooghly (\u09b9\u09c1\u0997\u09b2\u09c0)",
        "district_code": "12",
        "district_lgd": 314,
        "subdivision": "Srirampore (\u09b6\u09cd\u09b0\u09c0\u09b0\u09be\u09ae\u09aa\u09c1\u09b0)",
        "municipality": "Rishra Municipality (\u09b0\u09bf\u09b7\u09dc\u09be \u09aa\u09cc\u09b0\u09b8\u09ad\u09be)",
        "ward_no": 14,
        "mouza_name": "Morepukur",
        "mouza_name_bn": "\u09ae\u09cb\u09dc\u09c7\u09aa\u09c1\u0995\u09c1\u09b0",
        "jl_no": 13,
        "khasra_no": "138",
        "dag_no": 138,
        "khatian_no": 238,
        "owner_name": "Soumen Chatterjee & Bratati Chatterjee",
        "owner_name_bn": "\u09af\u09cc\u09a5 \u0996\u09a4\u09bf\u09af\u09bc\u09be\u09a8",
        "ownership_type": "Joint Ownership",
        "land_classification": "\u09ac\u09be\u09b8\u09cd\u09a4\u09c1 (Bastu)",
        "legal_area_sqm": 264.61,
        "gis_area_sqm": 269.74,
        "physical_area_sqm": 269.74,
        "area_discrepancy_pct": 1.94,
        "area_bengali": "0 \u09ac\u09bf\u0998\u09be 3 \u0995\u09be\u09a0\u09be 15.3 \u099b\u099f\u09be\u0995",
        "area_english": "0 Bigha 3 Katha 15.3 Chhatak",
        "status": "ADJUDICATED",
        "cors_datum": "Survey of India KOL1 (Kolkata) CORS Station",
        "target_crs": "EPSG:7755 / EPSG:4326",
        "survey_source": "OpenStreetMap Real Building Footprints + Banglarbhumi RoR",
        "confidence_semi_major_m": 0.045,
        "confidence_semi_minor_m": 0.03
      }
    },
    {
      "type": "Feature",
      "id": "rishra-dag-139",
      "geometry": {
        "type": "Polygon",
        "coordinates": [
          [
            [
              88.337158,
              22.710455
            ],
            [
              88.337253,
              22.710409
            ],
            [
              88.337216,
              22.710343
            ],
            [
              88.337121,
              22.710389
            ],
            [
              88.337158,
              22.710455
            ]
          ]
        ]
      },
      "properties": {
        "ulpin": "191471043371",
        "osm_id": 357407203,
        "state": "West Bengal",
        "state_code": "19",
        "district": "Hooghly (\u09b9\u09c1\u0997\u09b2\u09c0)",
        "district_code": "12",
        "district_lgd": 314,
        "subdivision": "Srirampore (\u09b6\u09cd\u09b0\u09c0\u09b0\u09be\u09ae\u09aa\u09c1\u09b0)",
        "municipality": "Rishra Municipality (\u09b0\u09bf\u09b7\u09dc\u09be \u09aa\u09cc\u09b0\u09b8\u09ad\u09be)",
        "ward_no": 22,
        "mouza_name": "Mahesh",
        "mouza_name_bn": "\u09ae\u09be\u09b9\u09c7\u09b6",
        "jl_no": 15,
        "khasra_no": "139",
        "dag_no": 139,
        "khatian_no": 239,
        "owner_name": "Subir Kumar Sen & Sons",
        "owner_name_bn": "\u09ac\u09be\u09a3\u09bf\u099c\u09cd\u09af\u09bf\u0995 \u09a6\u09cb\u0995\u09be\u09a8",
        "ownership_type": "Commercial Shopkeeper",
        "land_classification": "\u09a1\u09be\u0999\u09cd\u0997\u09be (Danga)",
        "legal_area_sqm": 89.99,
        "gis_area_sqm": 90.53,
        "physical_area_sqm": 90.53,
        "area_discrepancy_pct": 0.6,
        "area_bengali": "0 \u09ac\u09bf\u0998\u09be 1 \u0995\u09be\u09a0\u09be 5.5 \u099b\u099f\u09be\u0995",
        "area_english": "0 Bigha 1 Katha 5.5 Chhatak",
        "status": "VERIFIED",
        "cors_datum": "Survey of India KOL1 (Kolkata) CORS Station",
        "target_crs": "EPSG:7755 / EPSG:4326",
        "survey_source": "OpenStreetMap Real Building Footprints + Banglarbhumi RoR",
        "confidence_semi_major_m": 0.045,
        "confidence_semi_minor_m": 0.03
      }
    },
    {
      "type": "Feature",
      "id": "rishra-dag-140",
      "geometry": {
        "type": "Polygon",
        "coordinates": [
          [
            [
              88.334643,
              22.711893
            ],
            [
              88.334688,
              22.711888
            ],
            [
              88.334668,
              22.711754
            ],
            [
              88.334623,
              22.711759
            ],
            [
              88.334643,
              22.711893
            ]
          ]
        ]
      },
      "properties": {
        "ulpin": "191471183346",
        "osm_id": 357407205,
        "state": "West Bengal",
        "state_code": "19",
        "district": "Hooghly (\u09b9\u09c1\u0997\u09b2\u09c0)",
        "district_code": "12",
        "district_lgd": 314,
        "subdivision": "Srirampore (\u09b6\u09cd\u09b0\u09c0\u09b0\u09be\u09ae\u09aa\u09c1\u09b0)",
        "municipality": "Rishra Municipality (\u09b0\u09bf\u09b7\u09dc\u09be \u09aa\u09cc\u09b0\u09b8\u09ad\u09be)",
        "ward_no": 4,
        "mouza_name": "Rishra",
        "mouza_name_bn": "\u09b0\u09bf\u09b7\u09dc\u09be",
        "jl_no": 12,
        "khasra_no": "140",
        "dag_no": 140,
        "khatian_no": 240,
        "owner_name": "Ramakrishna Mission Vivekananda Sevashram",
        "owner_name_bn": "\u09b8\u09c7\u09ac\u09be\u09b6\u09cd\u09b0\u09ae \u099f\u09cd\u09b0\u09be\u09b8\u09cd\u099f",
        "ownership_type": "Institutional Charitable",
        "land_classification": "\u09ac\u09be\u09b8\u09cd\u09a4\u09c1 (Bastu)",
        "legal_area_sqm": 70.1,
        "gis_area_sqm": 69.61,
        "physical_area_sqm": 69.61,
        "area_discrepancy_pct": 0.7,
        "area_bengali": "0 \u09ac\u09bf\u0998\u09be 1 \u0995\u09be\u09a0\u09be 0.8 \u099b\u099f\u09be\u0995",
        "area_english": "0 Bigha 1 Katha 0.8 Chhatak",
        "status": "VERIFIED",
        "cors_datum": "Survey of India KOL1 (Kolkata) CORS Station",
        "target_crs": "EPSG:7755 / EPSG:4326",
        "survey_source": "OpenStreetMap Real Building Footprints + Banglarbhumi RoR",
        "confidence_semi_major_m": 0.045,
        "confidence_semi_minor_m": 0.03
      }
    },
    {
      "type": "Feature",
      "id": "rishra-dag-141",
      "geometry": {
        "type": "Polygon",
        "coordinates": [
          [
            [
              88.336534,
              22.713347
            ],
            [
              88.336626,
              22.713341
            ],
            [
              88.33662,
              22.713258
            ],
            [
              88.336528,
              22.713263
            ],
            [
              88.336534,
              22.713347
            ]
          ]
        ]
      },
      "properties": {
        "ulpin": "191471333365",
        "osm_id": 357407208,
        "state": "West Bengal",
        "state_code": "19",
        "district": "Hooghly (\u09b9\u09c1\u0997\u09b2\u09c0)",
        "district_code": "12",
        "district_lgd": 314,
        "subdivision": "Srirampore (\u09b6\u09cd\u09b0\u09c0\u09b0\u09be\u09ae\u09aa\u09c1\u09b0)",
        "municipality": "Rishra Municipality (\u09b0\u09bf\u09b7\u09dc\u09be \u09aa\u09cc\u09b0\u09b8\u09ad\u09be)",
        "ward_no": 17,
        "mouza_name": "Morepukur",
        "mouza_name_bn": "\u09ae\u09cb\u09dc\u09c7\u09aa\u09c1\u0995\u09c1\u09b0",
        "jl_no": 13,
        "khasra_no": "141",
        "dag_no": 141,
        "khatian_no": 241,
        "owner_name": "St. Thomas Church Parish Committee",
        "owner_name_bn": "\u09a7\u09b0\u09cd\u09ae\u09c0\u09af\u09bc \u099f\u09cd\u09b0\u09be\u09b8\u09cd\u099f",
        "ownership_type": "Religious Institutional",
        "land_classification": "\u09ac\u09be\u09b8\u09cd\u09a4\u09c1 (Bastu)",
        "legal_area_sqm": 85.86,
        "gis_area_sqm": 87.61,
        "physical_area_sqm": 87.61,
        "area_discrepancy_pct": 2.04,
        "area_bengali": "0 \u09ac\u09bf\u0998\u09be 1 \u0995\u09be\u09a0\u09be 4.5 \u099b\u099f\u09be\u0995",
        "area_english": "0 Bigha 1 Katha 4.5 Chhatak",
        "status": "ADJUDICATED",
        "cors_datum": "Survey of India KOL1 (Kolkata) CORS Station",
        "target_crs": "EPSG:7755 / EPSG:4326",
        "survey_source": "OpenStreetMap Real Building Footprints + Banglarbhumi RoR",
        "confidence_semi_major_m": 0.045,
        "confidence_semi_minor_m": 0.03
      }
    },
    {
      "type": "Feature",
      "id": "rishra-dag-142",
      "geometry": {
        "type": "Polygon",
        "coordinates": [
          [
            [
              88.339213,
              22.712015
            ],
            [
              88.339287,
              22.712009
            ],
            [
              88.339277,
              22.711912
            ],
            [
              88.339203,
              22.711918
            ],
            [
              88.339213,
              22.712015
            ]
          ]
        ]
      },
      "properties": {
        "ulpin": "191471193392",
        "osm_id": 357407210,
        "state": "West Bengal",
        "state_code": "19",
        "district": "Hooghly (\u09b9\u09c1\u0997\u09b2\u09c0)",
        "district_code": "12",
        "district_lgd": 314,
        "subdivision": "Srirampore (\u09b6\u09cd\u09b0\u09c0\u09b0\u09be\u09ae\u09aa\u09c1\u09b0)",
        "municipality": "Rishra Municipality (\u09b0\u09bf\u09b7\u09dc\u09be \u09aa\u09cc\u09b0\u09b8\u09ad\u09be)",
        "ward_no": 20,
        "mouza_name": "Mahesh",
        "mouza_name_bn": "\u09ae\u09be\u09b9\u09c7\u09b6",
        "jl_no": 15,
        "khasra_no": "142",
        "dag_no": 142,
        "khatian_no": 242,
        "owner_name": "Bikash Ranjan Roy & Brothers",
        "owner_name_bn": "\u0995\u09c3\u09b7\u09bf \u09b0\u09be\u09af\u09bc\u09a4",
        "ownership_type": "Agricultural Ryot",
        "land_classification": "\u09a7\u09be\u09a8\u09c0 (Dhani)",
        "legal_area_sqm": 81.61,
        "gis_area_sqm": 82.19,
        "physical_area_sqm": 82.19,
        "area_discrepancy_pct": 0.71,
        "area_bengali": "0 \u09ac\u09bf\u0998\u09be 1 \u0995\u09be\u09a0\u09be 3.5 \u099b\u099f\u09be\u0995",
        "area_english": "0 Bigha 1 Katha 3.5 Chhatak",
        "status": "VERIFIED",
        "cors_datum": "Survey of India KOL1 (Kolkata) CORS Station",
        "target_crs": "EPSG:7755 / EPSG:4326",
        "survey_source": "OpenStreetMap Real Building Footprints + Banglarbhumi RoR",
        "confidence_semi_major_m": 0.045,
        "confidence_semi_minor_m": 0.03
      }
    },
    {
      "type": "Feature",
      "id": "rishra-dag-143",
      "geometry": {
        "type": "Polygon",
        "coordinates": [
          [
            [
              88.335116,
              22.71388
            ],
            [
              88.335168,
              22.71388
            ],
            [
              88.335168,
              22.71377
            ],
            [
              88.335116,
              22.71377
            ],
            [
              88.335116,
              22.71388
            ]
          ]
        ]
      },
      "properties": {
        "ulpin": "191471383351",
        "osm_id": 357407212,
        "state": "West Bengal",
        "state_code": "19",
        "district": "Hooghly (\u09b9\u09c1\u0997\u09b2\u09c0)",
        "district_code": "12",
        "district_lgd": 314,
        "subdivision": "Srirampore (\u09b6\u09cd\u09b0\u09c0\u09b0\u09be\u09ae\u09aa\u09c1\u09b0)",
        "municipality": "Rishra Municipality (\u09b0\u09bf\u09b7\u09dc\u09be \u09aa\u09cc\u09b0\u09b8\u09ad\u09be)",
        "ward_no": 7,
        "mouza_name": "Rishra",
        "mouza_name_bn": "\u09b0\u09bf\u09b7\u09dc\u09be",
        "jl_no": 12,
        "khasra_no": "143",
        "dag_no": 143,
        "khatian_no": 243,
        "owner_name": "Aditya Birla Nuvo / Jayshree Textiles Ltd",
        "owner_name_bn": "\u0995\u09b0\u09cd\u09aa\u09cb\u09b0\u09c7\u099f \u09b6\u09bf\u09b2\u09cd\u09aa",
        "ownership_type": "Corporate Industrial",
        "land_classification": "\u0995\u09b2\u0995\u09be\u09b0\u0996\u09be\u09a8\u09be (Karkhana)",
        "legal_area_sqm": 65.34,
        "gis_area_sqm": 64.95,
        "physical_area_sqm": 64.95,
        "area_discrepancy_pct": 0.6,
        "area_bengali": "0 \u09ac\u09bf\u0998\u09be 0 \u0995\u09be\u09a0\u09be 15.6 \u099b\u099f\u09be\u0995",
        "area_english": "0 Bigha 0 Katha 15.6 Chhatak",
        "status": "VERIFIED",
        "cors_datum": "Survey of India KOL1 (Kolkata) CORS Station",
        "target_crs": "EPSG:7755 / EPSG:4326",
        "survey_source": "OpenStreetMap Real Building Footprints + Banglarbhumi RoR",
        "confidence_semi_major_m": 0.045,
        "confidence_semi_minor_m": 0.03
      }
    },
    {
      "type": "Feature",
      "id": "rishra-dag-144",
      "geometry": {
        "type": "Polygon",
        "coordinates": [
          [
            [
              88.33879,
              22.714421
            ],
            [
              88.338908,
              22.714391
            ],
            [
              88.338875,
              22.71428
            ],
            [
              88.338757,
              22.71431
            ],
            [
              88.33879,
              22.714421
            ]
          ]
        ]
      },
      "properties": {
        "ulpin": "191471433388",
        "osm_id": 357407214,
        "state": "West Bengal",
        "state_code": "19",
        "district": "Hooghly (\u09b9\u09c1\u0997\u09b2\u09c0)",
        "district_code": "12",
        "district_lgd": 314,
        "subdivision": "Srirampore (\u09b6\u09cd\u09b0\u09c0\u09b0\u09be\u09ae\u09aa\u09c1\u09b0)",
        "municipality": "Rishra Municipality (\u09b0\u09bf\u09b7\u09dc\u09be \u09aa\u09cc\u09b0\u09b8\u09ad\u09be)",
        "ward_no": 14,
        "mouza_name": "Morepukur",
        "mouza_name_bn": "\u09ae\u09cb\u09dc\u09c7\u09aa\u09c1\u0995\u09c1\u09b0",
        "jl_no": 13,
        "khasra_no": "144",
        "dag_no": 144,
        "khatian_no": 244,
        "owner_name": "Hastings Jute Mill Estate (Vested)",
        "owner_name_bn": "\u099a\u099f\u0995\u09b2 \u098f\u09b8\u09cd\u099f\u09c7\u099f",
        "ownership_type": "Industrial Leasehold",
        "land_classification": "\u0995\u09b2\u0995\u09be\u09b0\u0996\u09be\u09a8\u09be (Karkhana)",
        "legal_area_sqm": 163.02,
        "gis_area_sqm": 159.98,
        "physical_area_sqm": 159.98,
        "area_discrepancy_pct": 1.86,
        "area_bengali": "0 \u09ac\u09bf\u0998\u09be 2 \u0995\u09be\u09a0\u09be 7.0 \u099b\u099f\u09be\u0995",
        "area_english": "0 Bigha 2 Katha 7.0 Chhatak",
        "status": "ADJUDICATED",
        "cors_datum": "Survey of India KOL1 (Kolkata) CORS Station",
        "target_crs": "EPSG:7755 / EPSG:4326",
        "survey_source": "OpenStreetMap Real Building Footprints + Banglarbhumi RoR",
        "confidence_semi_major_m": 0.045,
        "confidence_semi_minor_m": 0.03
      }
    },
    {
      "type": "Feature",
      "id": "rishra-dag-145",
      "geometry": {
        "type": "Polygon",
        "coordinates": [
          [
            [
              88.331345,
              22.714805
            ],
            [
              88.331421,
              22.714835
            ],
            [
              88.331459,
              22.714753
            ],
            [
              88.331383,
              22.714723
            ],
            [
              88.331345,
              22.714805
            ]
          ]
        ]
      },
      "properties": {
        "ulpin": "191471473313",
        "osm_id": 357407216,
        "state": "West Bengal",
        "state_code": "19",
        "district": "Hooghly (\u09b9\u09c1\u0997\u09b2\u09c0)",
        "district_code": "12",
        "district_lgd": 314,
        "subdivision": "Srirampore (\u09b6\u09cd\u09b0\u09c0\u09b0\u09be\u09ae\u09aa\u09c1\u09b0)",
        "municipality": "Rishra Municipality (\u09b0\u09bf\u09b7\u09dc\u09be \u09aa\u09cc\u09b0\u09b8\u09ad\u09be)",
        "ward_no": 23,
        "mouza_name": "Mahesh",
        "mouza_name_bn": "\u09ae\u09be\u09b9\u09c7\u09b6",
        "jl_no": 15,
        "khasra_no": "145",
        "dag_no": 145,
        "khatian_no": 245,
        "owner_name": "Rishra Municipality (Chairman / Civic Body)",
        "owner_name_bn": "\u09b0\u09bf\u09b7\u09dc\u09be \u09aa\u09cc\u09b0\u09b8\u09ad\u09be",
        "ownership_type": "Municipal Civic Asset",
        "land_classification": "\u09b8\u09b0\u0995\u09be\u09b0\u09bf \u0996\u09be\u09b8 (Sarkari Khas)",
        "legal_area_sqm": 83.04,
        "gis_area_sqm": 83.71,
        "physical_area_sqm": 83.71,
        "area_discrepancy_pct": 0.81,
        "area_bengali": "0 \u09ac\u09bf\u0998\u09be 1 \u0995\u09be\u09a0\u09be 3.9 \u099b\u099f\u09be\u0995",
        "area_english": "0 Bigha 1 Katha 3.9 Chhatak",
        "status": "VERIFIED",
        "cors_datum": "Survey of India KOL1 (Kolkata) CORS Station",
        "target_crs": "EPSG:7755 / EPSG:4326",
        "survey_source": "OpenStreetMap Real Building Footprints + Banglarbhumi RoR",
        "confidence_semi_major_m": 0.045,
        "confidence_semi_minor_m": 0.03
      }
    },
    {
      "type": "Feature",
      "id": "rishra-dag-146",
      "geometry": {
        "type": "Polygon",
        "coordinates": [
          [
            [
              88.338791,
              22.712077
            ],
            [
              88.338885,
              22.712058
            ],
            [
              88.338868,
              22.711986
            ],
            [
              88.338774,
              22.712005
            ],
            [
              88.338791,
              22.712077
            ]
          ]
        ]
      },
      "properties": {
        "ulpin": "191471203388",
        "osm_id": 357407218,
        "state": "West Bengal",
        "state_code": "19",
        "district": "Hooghly (\u09b9\u09c1\u0997\u09b2\u09c0)",
        "district_code": "12",
        "district_lgd": 314,
        "subdivision": "Srirampore (\u09b6\u09cd\u09b0\u09c0\u09b0\u09be\u09ae\u09aa\u09c1\u09b0)",
        "municipality": "Rishra Municipality (\u09b0\u09bf\u09b7\u09dc\u09be \u09aa\u09cc\u09b0\u09b8\u09ad\u09be)",
        "ward_no": 10,
        "mouza_name": "Rishra",
        "mouza_name_bn": "\u09b0\u09bf\u09b7\u09dc\u09be",
        "jl_no": 12,
        "khasra_no": "146",
        "dag_no": 146,
        "khatian_no": 246,
        "owner_name": "Eastern Railway Administration (Howrah Div)",
        "owner_name_bn": "\u09aa\u09c2\u09b0\u09cd\u09ac \u09b0\u09c7\u09b2\u0993\u09af\u09bc\u09c7",
        "ownership_type": "Central Govt Infrastructure",
        "land_classification": "\u09b8\u09b0\u0995\u09be\u09b0\u09bf \u0996\u09be\u09b8 (Sarkari Khas)",
        "legal_area_sqm": 80.92,
        "gis_area_sqm": 80.52,
        "physical_area_sqm": 80.52,
        "area_discrepancy_pct": 0.49,
        "area_bengali": "0 \u09ac\u09bf\u0998\u09be 1 \u0995\u09be\u09a0\u09be 3.4 \u099b\u099f\u09be\u0995",
        "area_english": "0 Bigha 1 Katha 3.4 Chhatak",
        "status": "VERIFIED",
        "cors_datum": "Survey of India KOL1 (Kolkata) CORS Station",
        "target_crs": "EPSG:7755 / EPSG:4326",
        "survey_source": "OpenStreetMap Real Building Footprints + Banglarbhumi RoR",
        "confidence_semi_major_m": 0.045,
        "confidence_semi_minor_m": 0.03
      }
    },
    {
      "type": "Feature",
      "id": "rishra-dag-147",
      "geometry": {
        "type": "Polygon",
        "coordinates": [
          [
            [
              88.338961,
              22.713572
            ],
            [
              88.339031,
              22.713548
            ],
            [
              88.339,
              22.713469
            ],
            [
              88.33893,
              22.713493
            ],
            [
              88.338961,
              22.713572
            ]
          ]
        ]
      },
      "properties": {
        "ulpin": "191471353389",
        "osm_id": 357407220,
        "state": "West Bengal",
        "state_code": "19",
        "district": "Hooghly (\u09b9\u09c1\u0997\u09b2\u09c0)",
        "district_code": "12",
        "district_lgd": 314,
        "subdivision": "Srirampore (\u09b6\u09cd\u09b0\u09c0\u09b0\u09be\u09ae\u09aa\u09c1\u09b0)",
        "municipality": "Rishra Municipality (\u09b0\u09bf\u09b7\u09dc\u09be \u09aa\u09cc\u09b0\u09b8\u09ad\u09be)",
        "ward_no": 17,
        "mouza_name": "Morepukur",
        "mouza_name_bn": "\u09ae\u09cb\u09dc\u09c7\u09aa\u09c1\u0995\u09c1\u09b0",
        "jl_no": 13,
        "khasra_no": "147",
        "dag_no": 147,
        "khatian_no": 247,
        "owner_name": "PWD Roads Directorate, Govt of West Bengal",
        "owner_name_bn": "\u09aa\u09c2\u09b0\u09cd\u09a4 \u09a6\u09aa\u09cd\u09a4\u09b0",
        "ownership_type": "State Highway Department",
        "land_classification": "\u09b8\u09b0\u0995\u09be\u09b0\u09bf \u0996\u09be\u09b8 (Sarkari Khas)",
        "legal_area_sqm": 72.52,
        "gis_area_sqm": 71.24,
        "physical_area_sqm": 71.24,
        "area_discrepancy_pct": 1.77,
        "area_bengali": "0 \u09ac\u09bf\u0998\u09be 1 \u0995\u09be\u09a0\u09be 1.3 \u099b\u099f\u09be\u0995",
        "area_english": "0 Bigha 1 Katha 1.3 Chhatak",
        "status": "ADJUDICATED",
        "cors_datum": "Survey of India KOL1 (Kolkata) CORS Station",
        "target_crs": "EPSG:7755 / EPSG:4326",
        "survey_source": "OpenStreetMap Real Building Footprints + Banglarbhumi RoR",
        "confidence_semi_major_m": 0.045,
        "confidence_semi_minor_m": 0.03
      }
    },
    {
      "type": "Feature",
      "id": "rishra-dag-148",
      "geometry": {
        "type": "Polygon",
        "coordinates": [
          [
            [
              88.33814,
              22.710506
            ],
            [
              88.338286,
              22.710459
            ],
            [
              88.338252,
              22.71037
            ],
            [
              88.338106,
              22.710417
            ],
            [
              88.33814,
              22.710506
            ]
          ]
        ]
      },
      "properties": {
        "ulpin": "191471043381",
        "osm_id": 357407224,
        "state": "West Bengal",
        "state_code": "19",
        "district": "Hooghly (\u09b9\u09c1\u0997\u09b2\u09c0)",
        "district_code": "12",
        "district_lgd": 314,
        "subdivision": "Srirampore (\u09b6\u09cd\u09b0\u09c0\u09b0\u09be\u09ae\u09aa\u09c1\u09b0)",
        "municipality": "Rishra Municipality (\u09b0\u09bf\u09b7\u09dc\u09be \u09aa\u09cc\u09b0\u09b8\u09ad\u09be)",
        "ward_no": 21,
        "mouza_name": "Mahesh",
        "mouza_name_bn": "\u09ae\u09be\u09b9\u09c7\u09b6",
        "jl_no": 15,
        "khasra_no": "148",
        "dag_no": 148,
        "khatian_no": 248,
        "owner_name": "Tarapada Mukherjee & Brothers",
        "owner_name_bn": "\u09ac\u09cd\u09af\u0995\u09cd\u09a4\u09bf\u0997\u09a4 \u09b0\u09be\u09af\u09bc\u09a4",
        "ownership_type": "Private Freehold",
        "land_classification": "\u09ac\u09be\u09b8\u09cd\u09a4\u09c1 (Bastu)",
        "legal_area_sqm": 164.22,
        "gis_area_sqm": 165.71,
        "physical_area_sqm": 165.71,
        "area_discrepancy_pct": 0.91,
        "area_bengali": "0 \u09ac\u09bf\u0998\u09be 2 \u0995\u09be\u09a0\u09be 7.3 \u099b\u099f\u09be\u0995",
        "area_english": "0 Bigha 2 Katha 7.3 Chhatak",
        "status": "VERIFIED",
        "cors_datum": "Survey of India KOL1 (Kolkata) CORS Station",
        "target_crs": "EPSG:7755 / EPSG:4326",
        "survey_source": "OpenStreetMap Real Building Footprints + Banglarbhumi RoR",
        "confidence_semi_major_m": 0.045,
        "confidence_semi_minor_m": 0.03
      }
    },
    {
      "type": "Feature",
      "id": "rishra-dag-149",
      "geometry": {
        "type": "Polygon",
        "coordinates": [
          [
            [
              88.33335,
              22.713976
            ],
            [
              88.333476,
              22.714035
            ],
            [
              88.333503,
              22.713985
            ],
            [
              88.333377,
              22.713926
            ],
            [
              88.33335,
              22.713976
            ]
          ]
        ]
      },
      "properties": {
        "ulpin": "191471393334",
        "osm_id": 357407226,
        "state": "West Bengal",
        "state_code": "19",
        "district": "Hooghly (\u09b9\u09c1\u0997\u09b2\u09c0)",
        "district_code": "12",
        "district_lgd": 314,
        "subdivision": "Srirampore (\u09b6\u09cd\u09b0\u09c0\u09b0\u09be\u09ae\u09aa\u09c1\u09b0)",
        "municipality": "Rishra Municipality (\u09b0\u09bf\u09b7\u09dc\u09be \u09aa\u09cc\u09b0\u09b8\u09ad\u09be)",
        "ward_no": 1,
        "mouza_name": "Rishra",
        "mouza_name_bn": "\u09b0\u09bf\u09b7\u09dc\u09be",
        "jl_no": 12,
        "khasra_no": "149",
        "dag_no": 149,
        "khatian_no": 249,
        "owner_name": "Debabrata Banerjee & Animesh Banerjee",
        "owner_name_bn": "\u09aa\u09c8\u09a4\u09c3\u0995 \u09b0\u09be\u09af\u09bc\u09a4",
        "ownership_type": "Private Hereditary",
        "land_classification": "\u09ac\u09be\u09b8\u09cd\u09a4\u09c1 (Bastu)",
        "legal_area_sqm": 89.99,
        "gis_area_sqm": 89.63,
        "physical_area_sqm": 89.63,
        "area_discrepancy_pct": 0.4,
        "area_bengali": "0 \u09ac\u09bf\u0998\u09be 1 \u0995\u09be\u09a0\u09be 5.5 \u099b\u099f\u09be\u0995",
        "area_english": "0 Bigha 1 Katha 5.5 Chhatak",
        "status": "VERIFIED",
        "cors_datum": "Survey of India KOL1 (Kolkata) CORS Station",
        "target_crs": "EPSG:7755 / EPSG:4326",
        "survey_source": "OpenStreetMap Real Building Footprints + Banglarbhumi RoR",
        "confidence_semi_major_m": 0.045,
        "confidence_semi_minor_m": 0.03
      }
    },
    {
      "type": "Feature",
      "id": "rishra-dag-150",
      "geometry": {
        "type": "Polygon",
        "coordinates": [
          [
            [
              88.339681,
              22.712099
            ],
            [
              88.339795,
              22.712094
            ],
            [
              88.339791,
              22.712011
            ],
            [
              88.339677,
              22.712016
            ],
            [
              88.339681,
              22.712099
            ]
          ]
        ]
      },
      "properties": {
        "ulpin": "191471203397",
        "osm_id": 357407228,
        "state": "West Bengal",
        "state_code": "19",
        "district": "Hooghly (\u09b9\u09c1\u0997\u09b2\u09c0)",
        "district_code": "12",
        "district_lgd": 314,
        "subdivision": "Srirampore (\u09b6\u09cd\u09b0\u09c0\u09b0\u09be\u09ae\u09aa\u09c1\u09b0)",
        "municipality": "Rishra Municipality (\u09b0\u09bf\u09b7\u09dc\u09be \u09aa\u09cc\u09b0\u09b8\u09ad\u09be)",
        "ward_no": 14,
        "mouza_name": "Morepukur",
        "mouza_name_bn": "\u09ae\u09cb\u09dc\u09c7\u09aa\u09c1\u0995\u09c1\u09b0",
        "jl_no": 13,
        "khasra_no": "150",
        "dag_no": 150,
        "khatian_no": 250,
        "owner_name": "Shyamal Kanti Ghosh",
        "owner_name_bn": "\u09ac\u09cd\u09af\u0995\u09cd\u09a4\u09bf\u0997\u09a4 \u09ac\u09be\u09b8\u09cd\u09a4\u09c1",
        "ownership_type": "Private Homestead",
        "land_classification": "\u09ac\u09be\u09b8\u09cd\u09a4\u09c1 (Bastu)",
        "legal_area_sqm": 109.51,
        "gis_area_sqm": 107.68,
        "physical_area_sqm": 107.68,
        "area_discrepancy_pct": 1.67,
        "area_bengali": "0 \u09ac\u09bf\u0998\u09be 1 \u0995\u09be\u09a0\u09be 10.2 \u099b\u099f\u09be\u0995",
        "area_english": "0 Bigha 1 Katha 10.2 Chhatak",
        "status": "ADJUDICATED",
        "cors_datum": "Survey of India KOL1 (Kolkata) CORS Station",
        "target_crs": "EPSG:7755 / EPSG:4326",
        "survey_source": "OpenStreetMap Real Building Footprints + Banglarbhumi RoR",
        "confidence_semi_major_m": 0.045,
        "confidence_semi_minor_m": 0.03
      }
    },
    {
      "type": "Feature",
      "id": "rishra-dag-151",
      "geometry": {
        "type": "Polygon",
        "coordinates": [
          [
            [
              88.334417,
              22.713442
            ],
            [
              88.33455,
              22.713441
            ],
            [
              88.334549,
              22.713357
            ],
            [
              88.334417,
              22.713358
            ],
            [
              88.334417,
              22.713442
            ]
          ]
        ]
      },
      "properties": {
        "ulpin": "191471343344",
        "osm_id": 357407230,
        "state": "West Bengal",
        "state_code": "19",
        "district": "Hooghly (\u09b9\u09c1\u0997\u09b2\u09c0)",
        "district_code": "12",
        "district_lgd": 314,
        "subdivision": "Srirampore (\u09b6\u09cd\u09b0\u09c0\u09b0\u09be\u09ae\u09aa\u09c1\u09b0)",
        "municipality": "Rishra Municipality (\u09b0\u09bf\u09b7\u09dc\u09be \u09aa\u09cc\u09b0\u09b8\u09ad\u09be)",
        "ward_no": 19,
        "mouza_name": "Mahesh",
        "mouza_name_bn": "\u09ae\u09be\u09b9\u09c7\u09b6",
        "jl_no": 15,
        "khasra_no": "151",
        "dag_no": 151,
        "khatian_no": 251,
        "owner_name": "Lakshmi Rani Mondal",
        "owner_name_bn": "\u09ac\u09cd\u09af\u0995\u09cd\u09a4\u09bf\u0997\u09a4 \u09ac\u09be\u09b8\u09cd\u09a4\u09c1",
        "ownership_type": "Private Homestead",
        "land_classification": "\u09ac\u09be\u09b8\u09cd\u09a4\u09c1 (Bastu)",
        "legal_area_sqm": 125.13,
        "gis_area_sqm": 126.39,
        "physical_area_sqm": 126.39,
        "area_discrepancy_pct": 1.01,
        "area_bengali": "0 \u09ac\u09bf\u0998\u09be 1 \u0995\u09be\u09a0\u09be 13.9 \u099b\u099f\u09be\u0995",
        "area_english": "0 Bigha 1 Katha 13.9 Chhatak",
        "status": "VERIFIED",
        "cors_datum": "Survey of India KOL1 (Kolkata) CORS Station",
        "target_crs": "EPSG:7755 / EPSG:4326",
        "survey_source": "OpenStreetMap Real Building Footprints + Banglarbhumi RoR",
        "confidence_semi_major_m": 0.045,
        "confidence_semi_minor_m": 0.03
      }
    },
    {
      "type": "Feature",
      "id": "rishra-dag-152",
      "geometry": {
        "type": "Polygon",
        "coordinates": [
          [
            [
              88.335035,
              22.714797
            ],
            [
              88.33516,
              22.714807
            ],
            [
              88.335166,
              22.714748
            ],
            [
              88.335041,
              22.714738
            ],
            [
              88.335035,
              22.714797
            ]
          ]
        ]
      },
      "properties": {
        "ulpin": "191471473350",
        "osm_id": 357407232,
        "state": "West Bengal",
        "state_code": "19",
        "district": "Hooghly (\u09b9\u09c1\u0997\u09b2\u09c0)",
        "district_code": "12",
        "district_lgd": 314,
        "subdivision": "Srirampore (\u09b6\u09cd\u09b0\u09c0\u09b0\u09be\u09ae\u09aa\u09c1\u09b0)",
        "municipality": "Rishra Municipality (\u09b0\u09bf\u09b7\u09dc\u09be \u09aa\u09cc\u09b0\u09b8\u09ad\u09be)",
        "ward_no": 4,
        "mouza_name": "Rishra",
        "mouza_name_bn": "\u09b0\u09bf\u09b7\u09dc\u09be",
        "jl_no": 12,
        "khasra_no": "152",
        "dag_no": 152,
        "khatian_no": 252,
        "owner_name": "Soumen Chatterjee & Bratati Chatterjee",
        "owner_name_bn": "\u09af\u09cc\u09a5 \u0996\u09a4\u09bf\u09af\u09bc\u09be\u09a8",
        "ownership_type": "Joint Ownership",
        "land_classification": "\u09ac\u09be\u09b8\u09cd\u09a4\u09c1 (Bastu)",
        "legal_area_sqm": 84.68,
        "gis_area_sqm": 84.43,
        "physical_area_sqm": 84.43,
        "area_discrepancy_pct": 0.3,
        "area_bengali": "0 \u09ac\u09bf\u0998\u09be 1 \u0995\u09be\u09a0\u09be 4.3 \u099b\u099f\u09be\u0995",
        "area_english": "0 Bigha 1 Katha 4.3 Chhatak",
        "status": "VERIFIED",
        "cors_datum": "Survey of India KOL1 (Kolkata) CORS Station",
        "target_crs": "EPSG:7755 / EPSG:4326",
        "survey_source": "OpenStreetMap Real Building Footprints + Banglarbhumi RoR",
        "confidence_semi_major_m": 0.045,
        "confidence_semi_minor_m": 0.03
      }
    },
    {
      "type": "Feature",
      "id": "rishra-dag-153",
      "geometry": {
        "type": "Polygon",
        "coordinates": [
          [
            [
              88.338738,
              22.711142
            ],
            [
              88.338815,
              22.711133
            ],
            [
              88.338802,
              22.711043
            ],
            [
              88.338725,
              22.711052
            ],
            [
              88.338738,
              22.711142
            ]
          ]
        ]
      },
      "properties": {
        "ulpin": "191471113387",
        "osm_id": 357407233,
        "state": "West Bengal",
        "state_code": "19",
        "district": "Hooghly (\u09b9\u09c1\u0997\u09b2\u09c0)",
        "district_code": "12",
        "district_lgd": 314,
        "subdivision": "Srirampore (\u09b6\u09cd\u09b0\u09c0\u09b0\u09be\u09ae\u09aa\u09c1\u09b0)",
        "municipality": "Rishra Municipality (\u09b0\u09bf\u09b7\u09dc\u09be \u09aa\u09cc\u09b0\u09b8\u09ad\u09be)",
        "ward_no": 17,
        "mouza_name": "Morepukur",
        "mouza_name_bn": "\u09ae\u09cb\u09dc\u09c7\u09aa\u09c1\u0995\u09c1\u09b0",
        "jl_no": 13,
        "khasra_no": "153",
        "dag_no": 153,
        "khatian_no": 253,
        "owner_name": "Subir Kumar Sen & Sons",
        "owner_name_bn": "\u09ac\u09be\u09a3\u09bf\u099c\u09cd\u09af\u09bf\u0995 \u09a6\u09cb\u0995\u09be\u09a8",
        "ownership_type": "Commercial Shopkeeper",
        "land_classification": "\u09a1\u09be\u0999\u09cd\u0997\u09be (Danga)",
        "legal_area_sqm": 81.3,
        "gis_area_sqm": 80.02,
        "physical_area_sqm": 80.02,
        "area_discrepancy_pct": 1.57,
        "area_bengali": "0 \u09ac\u09bf\u0998\u09be 1 \u0995\u09be\u09a0\u09be 3.4 \u099b\u099f\u09be\u0995",
        "area_english": "0 Bigha 1 Katha 3.4 Chhatak",
        "status": "ADJUDICATED",
        "cors_datum": "Survey of India KOL1 (Kolkata) CORS Station",
        "target_crs": "EPSG:7755 / EPSG:4326",
        "survey_source": "OpenStreetMap Real Building Footprints + Banglarbhumi RoR",
        "confidence_semi_major_m": 0.045,
        "confidence_semi_minor_m": 0.03
      }
    },
    {
      "type": "Feature",
      "id": "rishra-dag-154",
      "geometry": {
        "type": "Polygon",
        "coordinates": [
          [
            [
              88.338241,
              22.710068
            ],
            [
              88.338332,
              22.710058
            ],
            [
              88.33832,
              22.709969
            ],
            [
              88.338229,
              22.709979
            ],
            [
              88.338241,
              22.710068
            ]
          ]
        ]
      },
      "properties": {
        "ulpin": "191471003382",
        "osm_id": 357407235,
        "state": "West Bengal",
        "state_code": "19",
        "district": "Hooghly (\u09b9\u09c1\u0997\u09b2\u09c0)",
        "district_code": "12",
        "district_lgd": 314,
        "subdivision": "Srirampore (\u09b6\u09cd\u09b0\u09c0\u09b0\u09be\u09ae\u09aa\u09c1\u09b0)",
        "municipality": "Rishra Municipality (\u09b0\u09bf\u09b7\u09dc\u09be \u09aa\u09cc\u09b0\u09b8\u09ad\u09be)",
        "ward_no": 22,
        "mouza_name": "Mahesh",
        "mouza_name_bn": "\u09ae\u09be\u09b9\u09c7\u09b6",
        "jl_no": 15,
        "khasra_no": "154",
        "dag_no": 154,
        "khatian_no": 254,
        "owner_name": "Ramakrishna Mission Vivekananda Sevashram",
        "owner_name_bn": "\u09b8\u09c7\u09ac\u09be\u09b6\u09cd\u09b0\u09ae \u099f\u09cd\u09b0\u09be\u09b8\u09cd\u099f",
        "ownership_type": "Institutional Charitable",
        "land_classification": "\u09ac\u09be\u09b8\u09cd\u09a4\u09c1 (Bastu)",
        "legal_area_sqm": 92.3,
        "gis_area_sqm": 93.33,
        "physical_area_sqm": 93.33,
        "area_discrepancy_pct": 1.12,
        "area_bengali": "0 \u09ac\u09bf\u0998\u09be 1 \u0995\u09be\u09a0\u09be 6.1 \u099b\u099f\u09be\u0995",
        "area_english": "0 Bigha 1 Katha 6.1 Chhatak",
        "status": "VERIFIED",
        "cors_datum": "Survey of India KOL1 (Kolkata) CORS Station",
        "target_crs": "EPSG:7755 / EPSG:4326",
        "survey_source": "OpenStreetMap Real Building Footprints + Banglarbhumi RoR",
        "confidence_semi_major_m": 0.045,
        "confidence_semi_minor_m": 0.03
      }
    },
    {
      "type": "Feature",
      "id": "rishra-dag-155",
      "geometry": {
        "type": "Polygon",
        "coordinates": [
          [
            [
              88.334648,
              22.710935
            ],
            [
              88.33472,
              22.710922
            ],
            [
              88.334697,
              22.710818
            ],
            [
              88.334625,
              22.710832
            ],
            [
              88.334648,
              22.710935
            ]
          ]
        ]
      },
      "properties": {
        "ulpin": "191471083346",
        "osm_id": 357407237,
        "state": "West Bengal",
        "state_code": "19",
        "district": "Hooghly (\u09b9\u09c1\u0997\u09b2\u09c0)",
        "district_code": "12",
        "district_lgd": 314,
        "subdivision": "Srirampore (\u09b6\u09cd\u09b0\u09c0\u09b0\u09be\u09ae\u09aa\u09c1\u09b0)",
        "municipality": "Rishra Municipality (\u09b0\u09bf\u09b7\u09dc\u09be \u09aa\u09cc\u09b0\u09b8\u09ad\u09be)",
        "ward_no": 7,
        "mouza_name": "Rishra",
        "mouza_name_bn": "\u09b0\u09bf\u09b7\u09dc\u09be",
        "jl_no": 12,
        "khasra_no": "155",
        "dag_no": 155,
        "khatian_no": 255,
        "owner_name": "St. Thomas Church Parish Committee",
        "owner_name_bn": "\u09a7\u09b0\u09cd\u09ae\u09c0\u09af\u09bc \u099f\u09cd\u09b0\u09be\u09b8\u09cd\u099f",
        "ownership_type": "Religious Institutional",
        "land_classification": "\u09ac\u09be\u09b8\u09cd\u09a4\u09c1 (Bastu)",
        "legal_area_sqm": 88.33,
        "gis_area_sqm": 88.15,
        "physical_area_sqm": 88.15,
        "area_discrepancy_pct": 0.2,
        "area_bengali": "0 \u09ac\u09bf\u0998\u09be 1 \u0995\u09be\u09a0\u09be 5.1 \u099b\u099f\u09be\u0995",
        "area_english": "0 Bigha 1 Katha 5.1 Chhatak",
        "status": "VERIFIED",
        "cors_datum": "Survey of India KOL1 (Kolkata) CORS Station",
        "target_crs": "EPSG:7755 / EPSG:4326",
        "survey_source": "OpenStreetMap Real Building Footprints + Banglarbhumi RoR",
        "confidence_semi_major_m": 0.045,
        "confidence_semi_minor_m": 0.03
      }
    },
    {
      "type": "Feature",
      "id": "rishra-dag-156",
      "geometry": {
        "type": "Polygon",
        "coordinates": [
          [
            [
              88.334835,
              22.709876
            ],
            [
              88.33494,
              22.709861
            ],
            [
              88.334926,
              22.709779
            ],
            [
              88.334821,
              22.709795
            ],
            [
              88.334835,
              22.709876
            ]
          ]
        ]
      },
      "properties": {
        "ulpin": "191470983348",
        "osm_id": 357407239,
        "state": "West Bengal",
        "state_code": "19",
        "district": "Hooghly (\u09b9\u09c1\u0997\u09b2\u09c0)",
        "district_code": "12",
        "district_lgd": 314,
        "subdivision": "Srirampore (\u09b6\u09cd\u09b0\u09c0\u09b0\u09be\u09ae\u09aa\u09c1\u09b0)",
        "municipality": "Rishra Municipality (\u09b0\u09bf\u09b7\u09dc\u09be \u09aa\u09cc\u09b0\u09b8\u09ad\u09be)",
        "ward_no": 14,
        "mouza_name": "Morepukur",
        "mouza_name_bn": "\u09ae\u09cb\u09dc\u09c7\u09aa\u09c1\u0995\u09c1\u09b0",
        "jl_no": 13,
        "khasra_no": "156",
        "dag_no": 156,
        "khatian_no": 256,
        "owner_name": "Bikash Ranjan Roy & Brothers",
        "owner_name_bn": "\u0995\u09c3\u09b7\u09bf \u09b0\u09be\u09af\u09bc\u09a4",
        "ownership_type": "Agricultural Ryot",
        "land_classification": "\u09a7\u09be\u09a8\u09c0 (Dhani)",
        "legal_area_sqm": 101.13,
        "gis_area_sqm": 99.64,
        "physical_area_sqm": 99.64,
        "area_discrepancy_pct": 1.47,
        "area_bengali": "0 \u09ac\u09bf\u0998\u09be 1 \u0995\u09be\u09a0\u09be 8.2 \u099b\u099f\u09be\u0995",
        "area_english": "0 Bigha 1 Katha 8.2 Chhatak",
        "status": "VERIFIED",
        "cors_datum": "Survey of India KOL1 (Kolkata) CORS Station",
        "target_crs": "EPSG:7755 / EPSG:4326",
        "survey_source": "OpenStreetMap Real Building Footprints + Banglarbhumi RoR",
        "confidence_semi_major_m": 0.045,
        "confidence_semi_minor_m": 0.03
      }
    },
    {
      "type": "Feature",
      "id": "rishra-dag-157",
      "geometry": {
        "type": "Polygon",
        "coordinates": [
          [
            [
              88.340027,
              22.713189
            ],
            [
              88.34009,
              22.713171
            ],
            [
              88.340057,
              22.713075
            ],
            [
              88.339995,
              22.713092
            ],
            [
              88.340027,
              22.713189
            ]
          ]
        ]
      },
      "properties": {
        "ulpin": "191471313400",
        "osm_id": 357407240,
        "state": "West Bengal",
        "state_code": "19",
        "district": "Hooghly (\u09b9\u09c1\u0997\u09b2\u09c0)",
        "district_code": "12",
        "district_lgd": 314,
        "subdivision": "Srirampore (\u09b6\u09cd\u09b0\u09c0\u09b0\u09be\u09ae\u09aa\u09c1\u09b0)",
        "municipality": "Rishra Municipality (\u09b0\u09bf\u09b7\u09dc\u09be \u09aa\u09cc\u09b0\u09b8\u09ad\u09be)",
        "ward_no": 20,
        "mouza_name": "Mahesh",
        "mouza_name_bn": "\u09ae\u09be\u09b9\u09c7\u09b6",
        "jl_no": 15,
        "khasra_no": "157",
        "dag_no": 157,
        "khatian_no": 257,
        "owner_name": "Aditya Birla Nuvo / Jayshree Textiles Ltd",
        "owner_name_bn": "\u0995\u09b0\u09cd\u09aa\u09cb\u09b0\u09c7\u099f \u09b6\u09bf\u09b2\u09cd\u09aa",
        "ownership_type": "Corporate Industrial",
        "land_classification": "\u0995\u09b2\u0995\u09be\u09b0\u0996\u09be\u09a8\u09be (Karkhana)",
        "legal_area_sqm": 74.04,
        "gis_area_sqm": 74.94,
        "physical_area_sqm": 74.94,
        "area_discrepancy_pct": 1.22,
        "area_bengali": "0 \u09ac\u09bf\u0998\u09be 1 \u0995\u09be\u09a0\u09be 1.7 \u099b\u099f\u09be\u0995",
        "area_english": "0 Bigha 1 Katha 1.7 Chhatak",
        "status": "VERIFIED",
        "cors_datum": "Survey of India KOL1 (Kolkata) CORS Station",
        "target_crs": "EPSG:7755 / EPSG:4326",
        "survey_source": "OpenStreetMap Real Building Footprints + Banglarbhumi RoR",
        "confidence_semi_major_m": 0.045,
        "confidence_semi_minor_m": 0.03
      }
    },
    {
      "type": "Feature",
      "id": "rishra-dag-158",
      "geometry": {
        "type": "Polygon",
        "coordinates": [
          [
            [
              88.336649,
              22.712702
            ],
            [
              88.336811,
              22.712684
            ],
            [
              88.336802,
              22.712617
            ],
            [
              88.33664,
              22.712634
            ],
            [
              88.336649,
              22.712702
            ]
          ]
        ]
      },
      "properties": {
        "ulpin": "191471263367",
        "osm_id": 357407241,
        "state": "West Bengal",
        "state_code": "19",
        "district": "Hooghly (\u09b9\u09c1\u0997\u09b2\u09c0)",
        "district_code": "12",
        "district_lgd": 314,
        "subdivision": "Srirampore (\u09b6\u09cd\u09b0\u09c0\u09b0\u09be\u09ae\u09aa\u09c1\u09b0)",
        "municipality": "Rishra Municipality (\u09b0\u09bf\u09b7\u09dc\u09be \u09aa\u09cc\u09b0\u09b8\u09ad\u09be)",
        "ward_no": 10,
        "mouza_name": "Rishra",
        "mouza_name_bn": "\u09b0\u09bf\u09b7\u09dc\u09be",
        "jl_no": 12,
        "khasra_no": "158",
        "dag_no": 158,
        "khatian_no": 258,
        "owner_name": "Hastings Jute Mill Estate (Vested)",
        "owner_name_bn": "\u099a\u099f\u0995\u09b2 \u098f\u09b8\u09cd\u099f\u09c7\u099f",
        "ownership_type": "Industrial Leasehold",
        "land_classification": "\u0995\u09b2\u0995\u09be\u09b0\u0996\u09be\u09a8\u09be (Karkhana)",
        "legal_area_sqm": 126.09,
        "gis_area_sqm": 125.96,
        "physical_area_sqm": 125.96,
        "area_discrepancy_pct": 0.1,
        "area_bengali": "0 \u09ac\u09bf\u0998\u09be 1 \u0995\u09be\u09a0\u09be 14.2 \u099b\u099f\u09be\u0995",
        "area_english": "0 Bigha 1 Katha 14.2 Chhatak",
        "status": "VERIFIED",
        "cors_datum": "Survey of India KOL1 (Kolkata) CORS Station",
        "target_crs": "EPSG:7755 / EPSG:4326",
        "survey_source": "OpenStreetMap Real Building Footprints + Banglarbhumi RoR",
        "confidence_semi_major_m": 0.045,
        "confidence_semi_minor_m": 0.03
      }
    },
    {
      "type": "Feature",
      "id": "rishra-dag-159",
      "geometry": {
        "type": "Polygon",
        "coordinates": [
          [
            [
              88.3344,
              22.710836
            ],
            [
              88.334525,
              22.710818
            ],
            [
              88.33451,
              22.710732
            ],
            [
              88.334385,
              22.710751
            ],
            [
              88.3344,
              22.710836
            ]
          ]
        ]
      },
      "properties": {
        "ulpin": "191471073344",
        "osm_id": 357407243,
        "state": "West Bengal",
        "state_code": "19",
        "district": "Hooghly (\u09b9\u09c1\u0997\u09b2\u09c0)",
        "district_code": "12",
        "district_lgd": 314,
        "subdivision": "Srirampore (\u09b6\u09cd\u09b0\u09c0\u09b0\u09be\u09ae\u09aa\u09c1\u09b0)",
        "municipality": "Rishra Municipality (\u09b0\u09bf\u09b7\u09dc\u09be \u09aa\u09cc\u09b0\u09b8\u09ad\u09be)",
        "ward_no": 17,
        "mouza_name": "Morepukur",
        "mouza_name_bn": "\u09ae\u09cb\u09dc\u09c7\u09aa\u09c1\u0995\u09c1\u09b0",
        "jl_no": 13,
        "khasra_no": "159",
        "dag_no": 159,
        "khatian_no": 259,
        "owner_name": "Rishra Municipality (Chairman / Civic Body)",
        "owner_name_bn": "\u09b0\u09bf\u09b7\u09dc\u09be \u09aa\u09cc\u09b0\u09b8\u09ad\u09be",
        "ownership_type": "Municipal Civic Asset",
        "land_classification": "\u09b8\u09b0\u0995\u09be\u09b0\u09bf \u0996\u09be\u09b8 (Sarkari Khas)",
        "legal_area_sqm": 126.25,
        "gis_area_sqm": 124.51,
        "physical_area_sqm": 124.51,
        "area_discrepancy_pct": 1.38,
        "area_bengali": "0 \u09ac\u09bf\u0998\u09be 1 \u0995\u09be\u09a0\u09be 14.2 \u099b\u099f\u09be\u0995",
        "area_english": "0 Bigha 1 Katha 14.2 Chhatak",
        "status": "VERIFIED",
        "cors_datum": "Survey of India KOL1 (Kolkata) CORS Station",
        "target_crs": "EPSG:7755 / EPSG:4326",
        "survey_source": "OpenStreetMap Real Building Footprints + Banglarbhumi RoR",
        "confidence_semi_major_m": 0.045,
        "confidence_semi_minor_m": 0.03
      }
    },
    {
      "type": "Feature",
      "id": "rishra-dag-160",
      "geometry": {
        "type": "Polygon",
        "coordinates": [
          [
            [
              88.338152,
              22.710574
            ],
            [
              88.338301,
              22.71053
            ],
            [
              88.338281,
              22.710472
            ],
            [
              88.338131,
              22.710517
            ],
            [
              88.338152,
              22.710574
            ]
          ]
        ]
      },
      "properties": {
        "ulpin": "191471053382",
        "osm_id": 357407245,
        "state": "West Bengal",
        "state_code": "19",
        "district": "Hooghly (\u09b9\u09c1\u0997\u09b2\u09c0)",
        "district_code": "12",
        "district_lgd": 314,
        "subdivision": "Srirampore (\u09b6\u09cd\u09b0\u09c0\u09b0\u09be\u09ae\u09aa\u09c1\u09b0)",
        "municipality": "Rishra Municipality (\u09b0\u09bf\u09b7\u09dc\u09be \u09aa\u09cc\u09b0\u09b8\u09ad\u09be)",
        "ward_no": 23,
        "mouza_name": "Mahesh",
        "mouza_name_bn": "\u09ae\u09be\u09b9\u09c7\u09b6",
        "jl_no": 15,
        "khasra_no": "160",
        "dag_no": 160,
        "khatian_no": 260,
        "owner_name": "Eastern Railway Administration (Howrah Div)",
        "owner_name_bn": "\u09aa\u09c2\u09b0\u09cd\u09ac \u09b0\u09c7\u09b2\u0993\u09af\u09bc\u09c7",
        "ownership_type": "Central Govt Infrastructure",
        "land_classification": "\u09b8\u09b0\u0995\u09be\u09b0\u09bf \u0996\u09be\u09b8 (Sarkari Khas)",
        "legal_area_sqm": 106.58,
        "gis_area_sqm": 107.98,
        "physical_area_sqm": 107.98,
        "area_discrepancy_pct": 1.31,
        "area_bengali": "0 \u09ac\u09bf\u0998\u09be 1 \u0995\u09be\u09a0\u09be 9.5 \u099b\u099f\u09be\u0995",
        "area_english": "0 Bigha 1 Katha 9.5 Chhatak",
        "status": "VERIFIED",
        "cors_datum": "Survey of India KOL1 (Kolkata) CORS Station",
        "target_crs": "EPSG:7755 / EPSG:4326",
        "survey_source": "OpenStreetMap Real Building Footprints + Banglarbhumi RoR",
        "confidence_semi_major_m": 0.045,
        "confidence_semi_minor_m": 0.03
      }
    },
    {
      "type": "Feature",
      "id": "rishra-dag-161",
      "geometry": {
        "type": "Polygon",
        "coordinates": [
          [
            [
              88.335234,
              22.71481
            ],
            [
              88.335357,
              22.714813
            ],
            [
              88.335359,
              22.714733
            ],
            [
              88.335236,
              22.714731
            ],
            [
              88.335234,
              22.71481
            ]
          ]
        ]
      },
      "properties": {
        "ulpin": "191471473352",
        "osm_id": 357407247,
        "state": "West Bengal",
        "state_code": "19",
        "district": "Hooghly (\u09b9\u09c1\u0997\u09b2\u09c0)",
        "district_code": "12",
        "district_lgd": 314,
        "subdivision": "Srirampore (\u09b6\u09cd\u09b0\u09c0\u09b0\u09be\u09ae\u09aa\u09c1\u09b0)",
        "municipality": "Rishra Municipality (\u09b0\u09bf\u09b7\u09dc\u09be \u09aa\u09cc\u09b0\u09b8\u09ad\u09be)",
        "ward_no": 1,
        "mouza_name": "Rishra",
        "mouza_name_bn": "\u09b0\u09bf\u09b7\u09dc\u09be",
        "jl_no": 12,
        "khasra_no": "161",
        "dag_no": 161,
        "khatian_no": 261,
        "owner_name": "PWD Roads Directorate, Govt of West Bengal",
        "owner_name_bn": "\u09aa\u09c2\u09b0\u09cd\u09a4 \u09a6\u09aa\u09cd\u09a4\u09b0",
        "ownership_type": "State Highway Department",
        "land_classification": "\u09b8\u09b0\u0995\u09be\u09b0\u09bf \u0996\u09be\u09b8 (Sarkari Khas)",
        "legal_area_sqm": 111.1,
        "gis_area_sqm": 111.1,
        "physical_area_sqm": 111.1,
        "area_discrepancy_pct": 0.0,
        "area_bengali": "0 \u09ac\u09bf\u0998\u09be 1 \u0995\u09be\u09a0\u09be 10.6 \u099b\u099f\u09be\u0995",
        "area_english": "0 Bigha 1 Katha 10.6 Chhatak",
        "status": "VERIFIED",
        "cors_datum": "Survey of India KOL1 (Kolkata) CORS Station",
        "target_crs": "EPSG:7755 / EPSG:4326",
        "survey_source": "OpenStreetMap Real Building Footprints + Banglarbhumi RoR",
        "confidence_semi_major_m": 0.045,
        "confidence_semi_minor_m": 0.03
      }
    },
    {
      "type": "Feature",
      "id": "rishra-dag-162",
      "geometry": {
        "type": "Polygon",
        "coordinates": [
          [
            [
              88.334431,
              22.710963
            ],
            [
              88.334511,
              22.71095
            ],
            [
              88.334497,
              22.710873
            ],
            [
              88.334416,
              22.710886
            ],
            [
              88.334431,
              22.710963
            ]
          ]
        ]
      },
      "properties": {
        "ulpin": "191471093344",
        "osm_id": 357407249,
        "state": "West Bengal",
        "state_code": "19",
        "district": "Hooghly (\u09b9\u09c1\u0997\u09b2\u09c0)",
        "district_code": "12",
        "district_lgd": 314,
        "subdivision": "Srirampore (\u09b6\u09cd\u09b0\u09c0\u09b0\u09be\u09ae\u09aa\u09c1\u09b0)",
        "municipality": "Rishra Municipality (\u09b0\u09bf\u09b7\u09dc\u09be \u09aa\u09cc\u09b0\u09b8\u09ad\u09be)",
        "ward_no": 14,
        "mouza_name": "Morepukur",
        "mouza_name_bn": "\u09ae\u09cb\u09dc\u09c7\u09aa\u09c1\u0995\u09c1\u09b0",
        "jl_no": 13,
        "khasra_no": "162",
        "dag_no": 162,
        "khatian_no": 262,
        "owner_name": "Tarapada Mukherjee & Brothers",
        "owner_name_bn": "\u09ac\u09cd\u09af\u0995\u09cd\u09a4\u09bf\u0997\u09a4 \u09b0\u09be\u09af\u09bc\u09a4",
        "ownership_type": "Private Freehold",
        "land_classification": "\u09ac\u09be\u09b8\u09cd\u09a4\u09c1 (Bastu)",
        "legal_area_sqm": 73.47,
        "gis_area_sqm": 72.53,
        "physical_area_sqm": 72.53,
        "area_discrepancy_pct": 1.28,
        "area_bengali": "0 \u09ac\u09bf\u0998\u09be 1 \u0995\u09be\u09a0\u09be 1.6 \u099b\u099f\u09be\u0995",
        "area_english": "0 Bigha 1 Katha 1.6 Chhatak",
        "status": "VERIFIED",
        "cors_datum": "Survey of India KOL1 (Kolkata) CORS Station",
        "target_crs": "EPSG:7755 / EPSG:4326",
        "survey_source": "OpenStreetMap Real Building Footprints + Banglarbhumi RoR",
        "confidence_semi_major_m": 0.045,
        "confidence_semi_minor_m": 0.03
      }
    },
    {
      "type": "Feature",
      "id": "rishra-dag-163",
      "geometry": {
        "type": "Polygon",
        "coordinates": [
          [
            [
              88.337352,
              22.714265
            ],
            [
              88.33742,
              22.714261
            ],
            [
              88.337409,
              22.714134
            ],
            [
              88.337341,
              22.714139
            ],
            [
              88.337352,
              22.714265
            ]
          ]
        ]
      },
      "properties": {
        "ulpin": "191471423373",
        "osm_id": 357407251,
        "state": "West Bengal",
        "state_code": "19",
        "district": "Hooghly (\u09b9\u09c1\u0997\u09b2\u09c0)",
        "district_code": "12",
        "district_lgd": 314,
        "subdivision": "Srirampore (\u09b6\u09cd\u09b0\u09c0\u09b0\u09be\u09ae\u09aa\u09c1\u09b0)",
        "municipality": "Rishra Municipality (\u09b0\u09bf\u09b7\u09dc\u09be \u09aa\u09cc\u09b0\u09b8\u09ad\u09be)",
        "ward_no": 21,
        "mouza_name": "Mahesh",
        "mouza_name_bn": "\u09ae\u09be\u09b9\u09c7\u09b6",
        "jl_no": 15,
        "khasra_no": "163",
        "dag_no": 163,
        "khatian_no": 263,
        "owner_name": "Debabrata Banerjee & Animesh Banerjee",
        "owner_name_bn": "\u09aa\u09c8\u09a4\u09c3\u0995 \u09b0\u09be\u09af\u09bc\u09a4",
        "ownership_type": "Private Hereditary",
        "land_classification": "\u09ac\u09be\u09b8\u09cd\u09a4\u09c1 (Bastu)",
        "legal_area_sqm": 96.86,
        "gis_area_sqm": 98.24,
        "physical_area_sqm": 98.24,
        "area_discrepancy_pct": 1.42,
        "area_bengali": "0 \u09ac\u09bf\u0998\u09be 1 \u0995\u09be\u09a0\u09be 7.2 \u099b\u099f\u09be\u0995",
        "area_english": "0 Bigha 1 Katha 7.2 Chhatak",
        "status": "VERIFIED",
        "cors_datum": "Survey of India KOL1 (Kolkata) CORS Station",
        "target_crs": "EPSG:7755 / EPSG:4326",
        "survey_source": "OpenStreetMap Real Building Footprints + Banglarbhumi RoR",
        "confidence_semi_major_m": 0.045,
        "confidence_semi_minor_m": 0.03
      }
    },
    {
      "type": "Feature",
      "id": "rishra-dag-164",
      "geometry": {
        "type": "Polygon",
        "coordinates": [
          [
            [
              88.336769,
              22.712991
            ],
            [
              88.336864,
              22.712982
            ],
            [
              88.336853,
              22.71289
            ],
            [
              88.336758,
              22.712899
            ],
            [
              88.336769,
              22.712991
            ]
          ]
        ]
      },
      "properties": {
        "ulpin": "191471293368",
        "osm_id": 357407253,
        "state": "West Bengal",
        "state_code": "19",
        "district": "Hooghly (\u09b9\u09c1\u0997\u09b2\u09c0)",
        "district_code": "12",
        "district_lgd": 314,
        "subdivision": "Srirampore (\u09b6\u09cd\u09b0\u09c0\u09b0\u09be\u09ae\u09aa\u09c1\u09b0)",
        "municipality": "Rishra Municipality (\u09b0\u09bf\u09b7\u09dc\u09be \u09aa\u09cc\u09b0\u09b8\u09ad\u09be)",
        "ward_no": 4,
        "mouza_name": "Rishra",
        "mouza_name_bn": "\u09b0\u09bf\u09b7\u09dc\u09be",
        "jl_no": 12,
        "khasra_no": "164",
        "dag_no": 164,
        "khatian_no": 264,
        "owner_name": "Shyamal Kanti Ghosh",
        "owner_name_bn": "\u09ac\u09cd\u09af\u0995\u09cd\u09a4\u09bf\u0997\u09a4 \u09ac\u09be\u09b8\u09cd\u09a4\u09c1",
        "ownership_type": "Private Homestead",
        "land_classification": "\u09ac\u09be\u09b8\u09cd\u09a4\u09c1 (Bastu)",
        "legal_area_sqm": 100.27,
        "gis_area_sqm": 100.37,
        "physical_area_sqm": 100.37,
        "area_discrepancy_pct": 0.1,
        "area_bengali": "0 \u09ac\u09bf\u0998\u09be 1 \u0995\u09be\u09a0\u09be 8.0 \u099b\u099f\u09be\u0995",
        "area_english": "0 Bigha 1 Katha 8.0 Chhatak",
        "status": "VERIFIED",
        "cors_datum": "Survey of India KOL1 (Kolkata) CORS Station",
        "target_crs": "EPSG:7755 / EPSG:4326",
        "survey_source": "OpenStreetMap Real Building Footprints + Banglarbhumi RoR",
        "confidence_semi_major_m": 0.045,
        "confidence_semi_minor_m": 0.03
      }
    },
    {
      "type": "Feature",
      "id": "rishra-dag-165",
      "geometry": {
        "type": "Polygon",
        "coordinates": [
          [
            [
              88.335812,
              22.712567
            ],
            [
              88.335886,
              22.712553
            ],
            [
              88.335864,
              22.71245
            ],
            [
              88.33579,
              22.712464
            ],
            [
              88.335812,
              22.712567
            ]
          ]
        ]
      },
      "properties": {
        "ulpin": "191471253358",
        "osm_id": 357407255,
        "state": "West Bengal",
        "state_code": "19",
        "district": "Hooghly (\u09b9\u09c1\u0997\u09b2\u09c0)",
        "district_code": "12",
        "district_lgd": 314,
        "subdivision": "Srirampore (\u09b6\u09cd\u09b0\u09c0\u09b0\u09be\u09ae\u09aa\u09c1\u09b0)",
        "municipality": "Rishra Municipality (\u09b0\u09bf\u09b7\u09dc\u09be \u09aa\u09cc\u09b0\u09b8\u09ad\u09be)",
        "ward_no": 17,
        "mouza_name": "Morepukur",
        "mouza_name_bn": "\u09ae\u09cb\u09dc\u09c7\u09aa\u09c1\u0995\u09c1\u09b0",
        "jl_no": 13,
        "khasra_no": "165",
        "dag_no": 165,
        "khatian_no": 265,
        "owner_name": "Lakshmi Rani Mondal",
        "owner_name_bn": "\u09ac\u09cd\u09af\u0995\u09cd\u09a4\u09bf\u0997\u09a4 \u09ac\u09be\u09b8\u09cd\u09a4\u09c1",
        "ownership_type": "Private Homestead",
        "land_classification": "\u09ac\u09be\u09b8\u09cd\u09a4\u09c1 (Bastu)",
        "legal_area_sqm": 91.13,
        "gis_area_sqm": 90.05,
        "physical_area_sqm": 90.05,
        "area_discrepancy_pct": 1.19,
        "area_bengali": "0 \u09ac\u09bf\u0998\u09be 1 \u0995\u09be\u09a0\u09be 5.8 \u099b\u099f\u09be\u0995",
        "area_english": "0 Bigha 1 Katha 5.8 Chhatak",
        "status": "VERIFIED",
        "cors_datum": "Survey of India KOL1 (Kolkata) CORS Station",
        "target_crs": "EPSG:7755 / EPSG:4326",
        "survey_source": "OpenStreetMap Real Building Footprints + Banglarbhumi RoR",
        "confidence_semi_major_m": 0.045,
        "confidence_semi_minor_m": 0.03
      }
    },
    {
      "type": "Feature",
      "id": "rishra-dag-166",
      "geometry": {
        "type": "Polygon",
        "coordinates": [
          [
            [
              88.334761,
              22.712614
            ],
            [
              88.334837,
              22.712606
            ],
            [
              88.334832,
              22.712569
            ],
            [
              88.334756,
              22.712577
            ],
            [
              88.334761,
              22.712614
            ]
          ]
        ]
      },
      "properties": {
        "ulpin": "191471253347",
        "osm_id": 357407257,
        "state": "West Bengal",
        "state_code": "19",
        "district": "Hooghly (\u09b9\u09c1\u0997\u09b2\u09c0)",
        "district_code": "12",
        "district_lgd": 314,
        "subdivision": "Srirampore (\u09b6\u09cd\u09b0\u09c0\u09b0\u09be\u09ae\u09aa\u09c1\u09b0)",
        "municipality": "Rishra Municipality (\u09b0\u09bf\u09b7\u09dc\u09be \u09aa\u09cc\u09b0\u09b8\u09ad\u09be)",
        "ward_no": 19,
        "mouza_name": "Mahesh",
        "mouza_name_bn": "\u09ae\u09be\u09b9\u09c7\u09b6",
        "jl_no": 15,
        "khasra_no": "166",
        "dag_no": 166,
        "khatian_no": 266,
        "owner_name": "Soumen Chatterjee & Bratati Chatterjee",
        "owner_name_bn": "\u09af\u09cc\u09a5 \u0996\u09a4\u09bf\u09af\u09bc\u09be\u09a8",
        "ownership_type": "Joint Ownership",
        "land_classification": "\u09ac\u09be\u09b8\u09cd\u09a4\u09c1 (Bastu)",
        "legal_area_sqm": 31.89,
        "gis_area_sqm": 32.38,
        "physical_area_sqm": 32.38,
        "area_discrepancy_pct": 1.54,
        "area_bengali": "0 \u09ac\u09bf\u0998\u09be 0 \u0995\u09be\u09a0\u09be 7.6 \u099b\u099f\u09be\u0995",
        "area_english": "0 Bigha 0 Katha 7.6 Chhatak",
        "status": "ADJUDICATED",
        "cors_datum": "Survey of India KOL1 (Kolkata) CORS Station",
        "target_crs": "EPSG:7755 / EPSG:4326",
        "survey_source": "OpenStreetMap Real Building Footprints + Banglarbhumi RoR",
        "confidence_semi_major_m": 0.045,
        "confidence_semi_minor_m": 0.03
      }
    },
    {
      "type": "Feature",
      "id": "rishra-dag-167",
      "geometry": {
        "type": "Polygon",
        "coordinates": [
          [
            [
              88.330723,
              22.713905
            ],
            [
              88.33084,
              22.713952
            ],
            [
              88.330856,
              22.713916
            ],
            [
              88.33074,
              22.713869
            ],
            [
              88.330723,
              22.713905
            ]
          ]
        ]
      },
      "properties": {
        "ulpin": "191471393307",
        "osm_id": 357407259,
        "state": "West Bengal",
        "state_code": "19",
        "district": "Hooghly (\u09b9\u09c1\u0997\u09b2\u09c0)",
        "district_code": "12",
        "district_lgd": 314,
        "subdivision": "Srirampore (\u09b6\u09cd\u09b0\u09c0\u09b0\u09be\u09ae\u09aa\u09c1\u09b0)",
        "municipality": "Rishra Municipality (\u09b0\u09bf\u09b7\u09dc\u09be \u09aa\u09cc\u09b0\u09b8\u09ad\u09be)",
        "ward_no": 7,
        "mouza_name": "Rishra",
        "mouza_name_bn": "\u09b0\u09bf\u09b7\u09dc\u09be",
        "jl_no": 12,
        "khasra_no": "167",
        "dag_no": 167,
        "khatian_no": 267,
        "owner_name": "Subir Kumar Sen & Sons",
        "owner_name_bn": "\u09ac\u09be\u09a3\u09bf\u099c\u09cd\u09af\u09bf\u0995 \u09a6\u09cb\u0995\u09be\u09a8",
        "ownership_type": "Commercial Shopkeeper",
        "land_classification": "\u09a1\u09be\u0999\u09cd\u0997\u09be (Danga)",
        "legal_area_sqm": 56.32,
        "gis_area_sqm": 56.43,
        "physical_area_sqm": 56.43,
        "area_discrepancy_pct": 0.2,
        "area_bengali": "0 \u09ac\u09bf\u0998\u09be 0 \u0995\u09be\u09a0\u09be 13.5 \u099b\u099f\u09be\u0995",
        "area_english": "0 Bigha 0 Katha 13.5 Chhatak",
        "status": "VERIFIED",
        "cors_datum": "Survey of India KOL1 (Kolkata) CORS Station",
        "target_crs": "EPSG:7755 / EPSG:4326",
        "survey_source": "OpenStreetMap Real Building Footprints + Banglarbhumi RoR",
        "confidence_semi_major_m": 0.045,
        "confidence_semi_minor_m": 0.03
      }
    },
    {
      "type": "Feature",
      "id": "rishra-dag-168",
      "geometry": {
        "type": "Polygon",
        "coordinates": [
          [
            [
              88.337594,
              22.712006
            ],
            [
              88.337724,
              22.711979
            ],
            [
              88.337703,
              22.711892
            ],
            [
              88.337573,
              22.711919
            ],
            [
              88.337594,
              22.712006
            ]
          ]
        ]
      },
      "properties": {
        "ulpin": "191471193376",
        "osm_id": 357407260,
        "state": "West Bengal",
        "state_code": "19",
        "district": "Hooghly (\u09b9\u09c1\u0997\u09b2\u09c0)",
        "district_code": "12",
        "district_lgd": 314,
        "subdivision": "Srirampore (\u09b6\u09cd\u09b0\u09c0\u09b0\u09be\u09ae\u09aa\u09c1\u09b0)",
        "municipality": "Rishra Municipality (\u09b0\u09bf\u09b7\u09dc\u09be \u09aa\u09cc\u09b0\u09b8\u09ad\u09be)",
        "ward_no": 14,
        "mouza_name": "Morepukur",
        "mouza_name_bn": "\u09ae\u09cb\u09dc\u09c7\u09aa\u09c1\u0995\u09c1\u09b0",
        "jl_no": 13,
        "khasra_no": "168",
        "dag_no": 168,
        "khatian_no": 268,
        "owner_name": "Ramakrishna Mission Vivekananda Sevashram",
        "owner_name_bn": "\u09b8\u09c7\u09ac\u09be\u09b6\u09cd\u09b0\u09ae \u099f\u09cd\u09b0\u09be\u09b8\u09cd\u099f",
        "ownership_type": "Institutional Charitable",
        "land_classification": "\u09ac\u09be\u09b8\u09cd\u09a4\u09c1 (Bastu)",
        "legal_area_sqm": 136.35,
        "gis_area_sqm": 134.87,
        "physical_area_sqm": 134.87,
        "area_discrepancy_pct": 1.09,
        "area_bengali": "0 \u09ac\u09bf\u0998\u09be 2 \u0995\u09be\u09a0\u09be 0.6 \u099b\u099f\u09be\u0995",
        "area_english": "0 Bigha 2 Katha 0.6 Chhatak",
        "status": "VERIFIED",
        "cors_datum": "Survey of India KOL1 (Kolkata) CORS Station",
        "target_crs": "EPSG:7755 / EPSG:4326",
        "survey_source": "OpenStreetMap Real Building Footprints + Banglarbhumi RoR",
        "confidence_semi_major_m": 0.045,
        "confidence_semi_minor_m": 0.03
      }
    },
    {
      "type": "Feature",
      "id": "rishra-dag-169",
      "geometry": {
        "type": "Polygon",
        "coordinates": [
          [
            [
              88.336229,
              22.714145
            ],
            [
              88.3363,
              22.714147
            ],
            [
              88.336303,
              22.714023
            ],
            [
              88.336232,
              22.714022
            ],
            [
              88.336229,
              22.714145
            ]
          ]
        ]
      },
      "properties": {
        "ulpin": "191471403362",
        "osm_id": 357407262,
        "state": "West Bengal",
        "state_code": "19",
        "district": "Hooghly (\u09b9\u09c1\u0997\u09b2\u09c0)",
        "district_code": "12",
        "district_lgd": 314,
        "subdivision": "Srirampore (\u09b6\u09cd\u09b0\u09c0\u09b0\u09be\u09ae\u09aa\u09c1\u09b0)",
        "municipality": "Rishra Municipality (\u09b0\u09bf\u09b7\u09dc\u09be \u09aa\u09cc\u09b0\u09b8\u09ad\u09be)",
        "ward_no": 22,
        "mouza_name": "Mahesh",
        "mouza_name_bn": "\u09ae\u09be\u09b9\u09c7\u09b6",
        "jl_no": 15,
        "khasra_no": "169",
        "dag_no": 169,
        "khatian_no": 269,
        "owner_name": "St. Thomas Church Parish Committee",
        "owner_name_bn": "\u09a7\u09b0\u09cd\u09ae\u09c0\u09af\u09bc \u099f\u09cd\u09b0\u09be\u09b8\u09cd\u099f",
        "ownership_type": "Religious Institutional",
        "land_classification": "\u09ac\u09be\u09b8\u09cd\u09a4\u09c1 (Bastu)",
        "legal_area_sqm": 98.03,
        "gis_area_sqm": 99.62,
        "physical_area_sqm": 99.62,
        "area_discrepancy_pct": 1.62,
        "area_bengali": "0 \u09ac\u09bf\u0998\u09be 1 \u0995\u09be\u09a0\u09be 7.4 \u099b\u099f\u09be\u0995",
        "area_english": "0 Bigha 1 Katha 7.4 Chhatak",
        "status": "ADJUDICATED",
        "cors_datum": "Survey of India KOL1 (Kolkata) CORS Station",
        "target_crs": "EPSG:7755 / EPSG:4326",
        "survey_source": "OpenStreetMap Real Building Footprints + Banglarbhumi RoR",
        "confidence_semi_major_m": 0.045,
        "confidence_semi_minor_m": 0.03
      }
    },
    {
      "type": "Feature",
      "id": "rishra-dag-170",
      "geometry": {
        "type": "Polygon",
        "coordinates": [
          [
            [
              88.334895,
              22.713332
            ],
            [
              88.335006,
              22.713331
            ],
            [
              88.335004,
              22.713244
            ],
            [
              88.334893,
              22.713246
            ],
            [
              88.334895,
              22.713332
            ]
          ]
        ]
      },
      "properties": {
        "ulpin": "191471323349",
        "osm_id": 357407264,
        "state": "West Bengal",
        "state_code": "19",
        "district": "Hooghly (\u09b9\u09c1\u0997\u09b2\u09c0)",
        "district_code": "12",
        "district_lgd": 314,
        "subdivision": "Srirampore (\u09b6\u09cd\u09b0\u09c0\u09b0\u09be\u09ae\u09aa\u09c1\u09b0)",
        "municipality": "Rishra Municipality (\u09b0\u09bf\u09b7\u09dc\u09be \u09aa\u09cc\u09b0\u09b8\u09ad\u09be)",
        "ward_no": 10,
        "mouza_name": "Rishra",
        "mouza_name_bn": "\u09b0\u09bf\u09b7\u09dc\u09be",
        "jl_no": 12,
        "khasra_no": "170",
        "dag_no": 170,
        "khatian_no": 270,
        "owner_name": "Bikash Ranjan Roy & Brothers",
        "owner_name_bn": "\u0995\u09c3\u09b7\u09bf \u09b0\u09be\u09af\u09bc\u09a4",
        "ownership_type": "Agricultural Ryot",
        "land_classification": "\u09a7\u09be\u09a8\u09c0 (Dhani)",
        "legal_area_sqm": 108.74,
        "gis_area_sqm": 109.07,
        "physical_area_sqm": 109.07,
        "area_discrepancy_pct": 0.3,
        "area_bengali": "0 \u09ac\u09bf\u0998\u09be 1 \u0995\u09be\u09a0\u09be 10.0 \u099b\u099f\u09be\u0995",
        "area_english": "0 Bigha 1 Katha 10.0 Chhatak",
        "status": "VERIFIED",
        "cors_datum": "Survey of India KOL1 (Kolkata) CORS Station",
        "target_crs": "EPSG:7755 / EPSG:4326",
        "survey_source": "OpenStreetMap Real Building Footprints + Banglarbhumi RoR",
        "confidence_semi_major_m": 0.045,
        "confidence_semi_minor_m": 0.03
      }
    },
    {
      "type": "Feature",
      "id": "rishra-dag-171",
      "geometry": {
        "type": "Polygon",
        "coordinates": [
          [
            [
              88.335703,
              22.714713
            ],
            [
              88.33577,
              22.714716
            ],
            [
              88.335773,
              22.714664
            ],
            [
              88.335706,
              22.714661
            ],
            [
              88.335703,
              22.714713
            ]
          ]
        ]
      },
      "properties": {
        "ulpin": "191471463357",
        "osm_id": 357407266,
        "state": "West Bengal",
        "state_code": "19",
        "district": "Hooghly (\u09b9\u09c1\u0997\u09b2\u09c0)",
        "district_code": "12",
        "district_lgd": 314,
        "subdivision": "Srirampore (\u09b6\u09cd\u09b0\u09c0\u09b0\u09be\u09ae\u09aa\u09c1\u09b0)",
        "municipality": "Rishra Municipality (\u09b0\u09bf\u09b7\u09dc\u09be \u09aa\u09cc\u09b0\u09b8\u09ad\u09be)",
        "ward_no": 17,
        "mouza_name": "Morepukur",
        "mouza_name_bn": "\u09ae\u09cb\u09dc\u09c7\u09aa\u09c1\u0995\u09c1\u09b0",
        "jl_no": 13,
        "khasra_no": "171",
        "dag_no": 171,
        "khatian_no": 271,
        "owner_name": "Aditya Birla Nuvo / Jayshree Textiles Ltd",
        "owner_name_bn": "\u0995\u09b0\u09cd\u09aa\u09cb\u09b0\u09c7\u099f \u09b6\u09bf\u09b2\u09cd\u09aa",
        "ownership_type": "Corporate Industrial",
        "land_classification": "\u0995\u09b2\u0995\u09be\u09b0\u0996\u09be\u09a8\u09be (Karkhana)",
        "legal_area_sqm": 40.06,
        "gis_area_sqm": 39.66,
        "physical_area_sqm": 39.66,
        "area_discrepancy_pct": 1.0,
        "area_bengali": "0 \u09ac\u09bf\u0998\u09be 0 \u0995\u09be\u09a0\u09be 9.6 \u099b\u099f\u09be\u0995",
        "area_english": "0 Bigha 0 Katha 9.6 Chhatak",
        "status": "VERIFIED",
        "cors_datum": "Survey of India KOL1 (Kolkata) CORS Station",
        "target_crs": "EPSG:7755 / EPSG:4326",
        "survey_source": "OpenStreetMap Real Building Footprints + Banglarbhumi RoR",
        "confidence_semi_major_m": 0.045,
        "confidence_semi_minor_m": 0.03
      }
    },
    {
      "type": "Feature",
      "id": "rishra-dag-172",
      "geometry": {
        "type": "Polygon",
        "coordinates": [
          [
            [
              88.33073,
              22.71339
            ],
            [
              88.330807,
              22.713393
            ],
            [
              88.330812,
              22.713299
            ],
            [
              88.330735,
              22.713295
            ],
            [
              88.33073,
              22.71339
            ]
          ]
        ]
      },
      "properties": {
        "ulpin": "191471333307",
        "osm_id": 357407269,
        "state": "West Bengal",
        "state_code": "19",
        "district": "Hooghly (\u09b9\u09c1\u0997\u09b2\u09c0)",
        "district_code": "12",
        "district_lgd": 314,
        "subdivision": "Srirampore (\u09b6\u09cd\u09b0\u09c0\u09b0\u09be\u09ae\u09aa\u09c1\u09b0)",
        "municipality": "Rishra Municipality (\u09b0\u09bf\u09b7\u09dc\u09be \u09aa\u09cc\u09b0\u09b8\u09ad\u09be)",
        "ward_no": 20,
        "mouza_name": "Mahesh",
        "mouza_name_bn": "\u09ae\u09be\u09b9\u09c7\u09b6",
        "jl_no": 15,
        "khasra_no": "172",
        "dag_no": 172,
        "khatian_no": 272,
        "owner_name": "Hastings Jute Mill Estate (Vested)",
        "owner_name_bn": "\u099a\u099f\u0995\u09b2 \u098f\u09b8\u09cd\u099f\u09c7\u099f",
        "ownership_type": "Industrial Leasehold",
        "land_classification": "\u0995\u09b2\u0995\u09be\u09b0\u0996\u09be\u09a8\u09be (Karkhana)",
        "legal_area_sqm": 81.42,
        "gis_area_sqm": 82.83,
        "physical_area_sqm": 82.83,
        "area_discrepancy_pct": 1.73,
        "area_bengali": "0 \u09ac\u09bf\u0998\u09be 1 \u0995\u09be\u09a0\u09be 3.5 \u099b\u099f\u09be\u0995",
        "area_english": "0 Bigha 1 Katha 3.5 Chhatak",
        "status": "ADJUDICATED",
        "cors_datum": "Survey of India KOL1 (Kolkata) CORS Station",
        "target_crs": "EPSG:7755 / EPSG:4326",
        "survey_source": "OpenStreetMap Real Building Footprints + Banglarbhumi RoR",
        "confidence_semi_major_m": 0.045,
        "confidence_semi_minor_m": 0.03
      }
    },
    {
      "type": "Feature",
      "id": "rishra-dag-173",
      "geometry": {
        "type": "Polygon",
        "coordinates": [
          [
            [
              88.337305,
              22.710157
            ],
            [
              88.337405,
              22.710109
            ],
            [
              88.337369,
              22.710046
            ],
            [
              88.33727,
              22.710094
            ],
            [
              88.337305,
              22.710157
            ]
          ]
        ]
      },
      "properties": {
        "ulpin": "191471013373",
        "osm_id": 357407270,
        "state": "West Bengal",
        "state_code": "19",
        "district": "Hooghly (\u09b9\u09c1\u0997\u09b2\u09c0)",
        "district_code": "12",
        "district_lgd": 314,
        "subdivision": "Srirampore (\u09b6\u09cd\u09b0\u09c0\u09b0\u09be\u09ae\u09aa\u09c1\u09b0)",
        "municipality": "Rishra Municipality (\u09b0\u09bf\u09b7\u09dc\u09be \u09aa\u09cc\u09b0\u09b8\u09ad\u09be)",
        "ward_no": 1,
        "mouza_name": "Rishra",
        "mouza_name_bn": "\u09b0\u09bf\u09b7\u09dc\u09be",
        "jl_no": 12,
        "khasra_no": "173",
        "dag_no": 173,
        "khatian_no": 273,
        "owner_name": "Rishra Municipality (Chairman / Civic Body)",
        "owner_name_bn": "\u09b0\u09bf\u09b7\u09dc\u09be \u09aa\u09cc\u09b0\u09b8\u09ad\u09be",
        "ownership_type": "Municipal Civic Asset",
        "land_classification": "\u09b8\u09b0\u0995\u09be\u09b0\u09bf \u0996\u09be\u09b8 (Sarkari Khas)",
        "legal_area_sqm": 90.17,
        "gis_area_sqm": 90.53,
        "physical_area_sqm": 90.53,
        "area_discrepancy_pct": 0.4,
        "area_bengali": "0 \u09ac\u09bf\u0998\u09be 1 \u0995\u09be\u09a0\u09be 5.6 \u099b\u099f\u09be\u0995",
        "area_english": "0 Bigha 1 Katha 5.6 Chhatak",
        "status": "VERIFIED",
        "cors_datum": "Survey of India KOL1 (Kolkata) CORS Station",
        "target_crs": "EPSG:7755 / EPSG:4326",
        "survey_source": "OpenStreetMap Real Building Footprints + Banglarbhumi RoR",
        "confidence_semi_major_m": 0.045,
        "confidence_semi_minor_m": 0.03
      }
    },
    {
      "type": "Feature",
      "id": "rishra-dag-174",
      "geometry": {
        "type": "Polygon",
        "coordinates": [
          [
            [
              88.339369,
              22.712563
            ],
            [
              88.339481,
              22.712545
            ],
            [
              88.339459,
              22.712428
            ],
            [
              88.339347,
              22.712446
            ],
            [
              88.339369,
              22.712563
            ]
          ]
        ]
      },
      "properties": {
        "ulpin": "191471253394",
        "osm_id": 357407271,
        "state": "West Bengal",
        "state_code": "19",
        "district": "Hooghly (\u09b9\u09c1\u0997\u09b2\u09c0)",
        "district_code": "12",
        "district_lgd": 314,
        "subdivision": "Srirampore (\u09b6\u09cd\u09b0\u09c0\u09b0\u09be\u09ae\u09aa\u09c1\u09b0)",
        "municipality": "Rishra Municipality (\u09b0\u09bf\u09b7\u09dc\u09be \u09aa\u09cc\u09b0\u09b8\u09ad\u09be)",
        "ward_no": 14,
        "mouza_name": "Morepukur",
        "mouza_name_bn": "\u09ae\u09cb\u09dc\u09c7\u09aa\u09c1\u0995\u09c1\u09b0",
        "jl_no": 13,
        "khasra_no": "174",
        "dag_no": 174,
        "khatian_no": 274,
        "owner_name": "Eastern Railway Administration (Howrah Div)",
        "owner_name_bn": "\u09aa\u09c2\u09b0\u09cd\u09ac \u09b0\u09c7\u09b2\u0993\u09af\u09bc\u09c7",
        "ownership_type": "Central Govt Infrastructure",
        "land_classification": "\u09b8\u09b0\u0995\u09be\u09b0\u09bf \u0996\u09be\u09b8 (Sarkari Khas)",
        "legal_area_sqm": 154.69,
        "gis_area_sqm": 153.31,
        "physical_area_sqm": 153.31,
        "area_discrepancy_pct": 0.89,
        "area_bengali": "0 \u09ac\u09bf\u0998\u09be 2 \u0995\u09be\u09a0\u09be 5.0 \u099b\u099f\u09be\u0995",
        "area_english": "0 Bigha 2 Katha 5.0 Chhatak",
        "status": "VERIFIED",
        "cors_datum": "Survey of India KOL1 (Kolkata) CORS Station",
        "target_crs": "EPSG:7755 / EPSG:4326",
        "survey_source": "OpenStreetMap Real Building Footprints + Banglarbhumi RoR",
        "confidence_semi_major_m": 0.045,
        "confidence_semi_minor_m": 0.03
      }
    },
    {
      "type": "Feature",
      "id": "rishra-dag-175",
      "geometry": {
        "type": "Polygon",
        "coordinates": [
          [
            [
              88.333318,
              22.714699
            ],
            [
              88.333452,
              22.714733
            ],
            [
              88.333471,
              22.714668
            ],
            [
              88.333337,
              22.714634
            ],
            [
              88.333318,
              22.714699
            ]
          ]
        ]
      },
      "properties": {
        "ulpin": "191471463333",
        "osm_id": 357407272,
        "state": "West Bengal",
        "state_code": "19",
        "district": "Hooghly (\u09b9\u09c1\u0997\u09b2\u09c0)",
        "district_code": "12",
        "district_lgd": 314,
        "subdivision": "Srirampore (\u09b6\u09cd\u09b0\u09c0\u09b0\u09be\u09ae\u09aa\u09c1\u09b0)",
        "municipality": "Rishra Municipality (\u09b0\u09bf\u09b7\u09dc\u09be \u09aa\u09cc\u09b0\u09b8\u09ad\u09be)",
        "ward_no": 23,
        "mouza_name": "Mahesh",
        "mouza_name_bn": "\u09ae\u09be\u09b9\u09c7\u09b6",
        "jl_no": 15,
        "khasra_no": "175",
        "dag_no": 175,
        "khatian_no": 275,
        "owner_name": "PWD Roads Directorate, Govt of West Bengal",
        "owner_name_bn": "\u09aa\u09c2\u09b0\u09cd\u09a4 \u09a6\u09aa\u09cd\u09a4\u09b0",
        "ownership_type": "State Highway Department",
        "land_classification": "\u09b8\u09b0\u0995\u09be\u09b0\u09bf \u0996\u09be\u09b8 (Sarkari Khas)",
        "legal_area_sqm": 104.33,
        "gis_area_sqm": 106.24,
        "physical_area_sqm": 106.24,
        "area_discrepancy_pct": 1.83,
        "area_bengali": "0 \u09ac\u09bf\u0998\u09be 1 \u0995\u09be\u09a0\u09be 9.0 \u099b\u099f\u09be\u0995",
        "area_english": "0 Bigha 1 Katha 9.0 Chhatak",
        "status": "ADJUDICATED",
        "cors_datum": "Survey of India KOL1 (Kolkata) CORS Station",
        "target_crs": "EPSG:7755 / EPSG:4326",
        "survey_source": "OpenStreetMap Real Building Footprints + Banglarbhumi RoR",
        "confidence_semi_major_m": 0.045,
        "confidence_semi_minor_m": 0.03
      }
    },
    {
      "type": "Feature",
      "id": "rishra-dag-176",
      "geometry": {
        "type": "Polygon",
        "coordinates": [
          [
            [
              88.336182,
              22.709056
            ],
            [
              88.336259,
              22.709017
            ],
            [
              88.336194,
              22.708908
            ],
            [
              88.336117,
              22.708947
            ],
            [
              88.336182,
              22.709056
            ]
          ]
        ]
      },
      "properties": {
        "ulpin": "191470893361",
        "osm_id": 357407273,
        "state": "West Bengal",
        "state_code": "19",
        "district": "Hooghly (\u09b9\u09c1\u0997\u09b2\u09c0)",
        "district_code": "12",
        "district_lgd": 314,
        "subdivision": "Srirampore (\u09b6\u09cd\u09b0\u09c0\u09b0\u09be\u09ae\u09aa\u09c1\u09b0)",
        "municipality": "Rishra Municipality (\u09b0\u09bf\u09b7\u09dc\u09be \u09aa\u09cc\u09b0\u09b8\u09ad\u09be)",
        "ward_no": 4,
        "mouza_name": "Rishra",
        "mouza_name_bn": "\u09b0\u09bf\u09b7\u09dc\u09be",
        "jl_no": 12,
        "khasra_no": "176",
        "dag_no": 176,
        "khatian_no": 276,
        "owner_name": "Tarapada Mukherjee & Brothers",
        "owner_name_bn": "\u09ac\u09cd\u09af\u0995\u09cd\u09a4\u09bf\u0997\u09a4 \u09b0\u09be\u09af\u09bc\u09a4",
        "ownership_type": "Private Freehold",
        "land_classification": "\u09ac\u09be\u09b8\u09cd\u09a4\u09c1 (Bastu)",
        "legal_area_sqm": 123.47,
        "gis_area_sqm": 124.09,
        "physical_area_sqm": 124.09,
        "area_discrepancy_pct": 0.5,
        "area_bengali": "0 \u09ac\u09bf\u0998\u09be 1 \u0995\u09be\u09a0\u09be 13.5 \u099b\u099f\u09be\u0995",
        "area_english": "0 Bigha 1 Katha 13.5 Chhatak",
        "status": "VERIFIED",
        "cors_datum": "Survey of India KOL1 (Kolkata) CORS Station",
        "target_crs": "EPSG:7755 / EPSG:4326",
        "survey_source": "OpenStreetMap Real Building Footprints + Banglarbhumi RoR",
        "confidence_semi_major_m": 0.045,
        "confidence_semi_minor_m": 0.03
      }
    },
    {
      "type": "Feature",
      "id": "rishra-dag-177",
      "geometry": {
        "type": "Polygon",
        "coordinates": [
          [
            [
              88.337043,
              22.709859
            ],
            [
              88.337142,
              22.709822
            ],
            [
              88.337099,
              22.709727
            ],
            [
              88.337001,
              22.709764
            ],
            [
              88.337043,
              22.709859
            ]
          ]
        ]
      },
      "properties": {
        "ulpin": "191470983370",
        "osm_id": 357407274,
        "state": "West Bengal",
        "state_code": "19",
        "district": "Hooghly (\u09b9\u09c1\u0997\u09b2\u09c0)",
        "district_code": "12",
        "district_lgd": 314,
        "subdivision": "Srirampore (\u09b6\u09cd\u09b0\u09c0\u09b0\u09be\u09ae\u09aa\u09c1\u09b0)",
        "municipality": "Rishra Municipality (\u09b0\u09bf\u09b7\u09dc\u09be \u09aa\u09cc\u09b0\u09b8\u09ad\u09be)",
        "ward_no": 17,
        "mouza_name": "Morepukur",
        "mouza_name_bn": "\u09ae\u09cb\u09dc\u09c7\u09aa\u09c1\u0995\u09c1\u09b0",
        "jl_no": 13,
        "khasra_no": "177",
        "dag_no": 177,
        "khatian_no": 277,
        "owner_name": "Debabrata Banerjee & Animesh Banerjee",
        "owner_name_bn": "\u09aa\u09c8\u09a4\u09c3\u0995 \u09b0\u09be\u09af\u09bc\u09a4",
        "ownership_type": "Private Hereditary",
        "land_classification": "\u09ac\u09be\u09b8\u09cd\u09a4\u09c1 (Bastu)",
        "legal_area_sqm": 125.11,
        "gis_area_sqm": 124.12,
        "physical_area_sqm": 124.12,
        "area_discrepancy_pct": 0.79,
        "area_bengali": "0 \u09ac\u09bf\u0998\u09be 1 \u0995\u09be\u09a0\u09be 13.9 \u099b\u099f\u09be\u0995",
        "area_english": "0 Bigha 1 Katha 13.9 Chhatak",
        "status": "VERIFIED",
        "cors_datum": "Survey of India KOL1 (Kolkata) CORS Station",
        "target_crs": "EPSG:7755 / EPSG:4326",
        "survey_source": "OpenStreetMap Real Building Footprints + Banglarbhumi RoR",
        "confidence_semi_major_m": 0.045,
        "confidence_semi_minor_m": 0.03
      }
    },
    {
      "type": "Feature",
      "id": "rishra-dag-178",
      "geometry": {
        "type": "Polygon",
        "coordinates": [
          [
            [
              88.334164,
              22.709335
            ],
            [
              88.334287,
              22.709332
            ],
            [
              88.334284,
              22.709235
            ],
            [
              88.334161,
              22.709237
            ],
            [
              88.334164,
              22.709335
            ]
          ]
        ]
      },
      "properties": {
        "ulpin": "191470923342",
        "osm_id": 357407276,
        "state": "West Bengal",
        "state_code": "19",
        "district": "Hooghly (\u09b9\u09c1\u0997\u09b2\u09c0)",
        "district_code": "12",
        "district_lgd": 314,
        "subdivision": "Srirampore (\u09b6\u09cd\u09b0\u09c0\u09b0\u09be\u09ae\u09aa\u09c1\u09b0)",
        "municipality": "Rishra Municipality (\u09b0\u09bf\u09b7\u09dc\u09be \u09aa\u09cc\u09b0\u09b8\u09ad\u09be)",
        "ward_no": 21,
        "mouza_name": "Mahesh",
        "mouza_name_bn": "\u09ae\u09be\u09b9\u09c7\u09b6",
        "jl_no": 15,
        "khasra_no": "178",
        "dag_no": 178,
        "khatian_no": 278,
        "owner_name": "Shyamal Kanti Ghosh",
        "owner_name_bn": "\u09ac\u09cd\u09af\u0995\u09cd\u09a4\u09bf\u0997\u09a4 \u09ac\u09be\u09b8\u09cd\u09a4\u09c1",
        "ownership_type": "Private Homestead",
        "land_classification": "\u09ac\u09be\u09b8\u09cd\u09a4\u09c1 (Bastu)",
        "legal_area_sqm": 133.68,
        "gis_area_sqm": 136.27,
        "physical_area_sqm": 136.27,
        "area_discrepancy_pct": 1.94,
        "area_bengali": "0 \u09ac\u09bf\u0998\u09be 1 \u0995\u09be\u09a0\u09be 16.0 \u099b\u099f\u09be\u0995",
        "area_english": "0 Bigha 1 Katha 16.0 Chhatak",
        "status": "ADJUDICATED",
        "cors_datum": "Survey of India KOL1 (Kolkata) CORS Station",
        "target_crs": "EPSG:7755 / EPSG:4326",
        "survey_source": "OpenStreetMap Real Building Footprints + Banglarbhumi RoR",
        "confidence_semi_major_m": 0.045,
        "confidence_semi_minor_m": 0.03
      }
    },
    {
      "type": "Feature",
      "id": "rishra-dag-179",
      "geometry": {
        "type": "Polygon",
        "coordinates": [
          [
            [
              88.335063,
              22.713148
            ],
            [
              88.335132,
              22.713147
            ],
            [
              88.335131,
              22.713081
            ],
            [
              88.335062,
              22.713082
            ],
            [
              88.335063,
              22.713148
            ]
          ]
        ]
      },
      "properties": {
        "ulpin": "191471313350",
        "osm_id": 357407277,
        "state": "West Bengal",
        "state_code": "19",
        "district": "Hooghly (\u09b9\u09c1\u0997\u09b2\u09c0)",
        "district_code": "12",
        "district_lgd": 314,
        "subdivision": "Srirampore (\u09b6\u09cd\u09b0\u09c0\u09b0\u09be\u09ae\u09aa\u09c1\u09b0)",
        "municipality": "Rishra Municipality (\u09b0\u09bf\u09b7\u09dc\u09be \u09aa\u09cc\u09b0\u09b8\u09ad\u09be)",
        "ward_no": 7,
        "mouza_name": "Rishra",
        "mouza_name_bn": "\u09b0\u09bf\u09b7\u09dc\u09be",
        "jl_no": 12,
        "khasra_no": "179",
        "dag_no": 179,
        "khatian_no": 279,
        "owner_name": "Lakshmi Rani Mondal",
        "owner_name_bn": "\u09ac\u09cd\u09af\u0995\u09cd\u09a4\u09bf\u0997\u09a4 \u09ac\u09be\u09b8\u09cd\u09a4\u09c1",
        "ownership_type": "Private Homestead",
        "land_classification": "\u09ac\u09be\u09b8\u09cd\u09a4\u09c1 (Bastu)",
        "legal_area_sqm": 51.41,
        "gis_area_sqm": 51.72,
        "physical_area_sqm": 51.72,
        "area_discrepancy_pct": 0.6,
        "area_bengali": "0 \u09ac\u09bf\u0998\u09be 0 \u0995\u09be\u09a0\u09be 12.3 \u099b\u099f\u09be\u0995",
        "area_english": "0 Bigha 0 Katha 12.3 Chhatak",
        "status": "VERIFIED",
        "cors_datum": "Survey of India KOL1 (Kolkata) CORS Station",
        "target_crs": "EPSG:7755 / EPSG:4326",
        "survey_source": "OpenStreetMap Real Building Footprints + Banglarbhumi RoR",
        "confidence_semi_major_m": 0.045,
        "confidence_semi_minor_m": 0.03
      }
    },
    {
      "type": "Feature",
      "id": "rishra-dag-180",
      "geometry": {
        "type": "Polygon",
        "coordinates": [
          [
            [
              88.333156,
              22.713573
            ],
            [
              88.333221,
              22.7136
            ],
            [
              88.333263,
              22.713512
            ],
            [
              88.333198,
              22.713485
            ],
            [
              88.333156,
              22.713573
            ]
          ]
        ]
      },
      "properties": {
        "ulpin": "191471353331",
        "osm_id": 357407278,
        "state": "West Bengal",
        "state_code": "19",
        "district": "Hooghly (\u09b9\u09c1\u0997\u09b2\u09c0)",
        "district_code": "12",
        "district_lgd": 314,
        "subdivision": "Srirampore (\u09b6\u09cd\u09b0\u09c0\u09b0\u09be\u09ae\u09aa\u09c1\u09b0)",
        "municipality": "Rishra Municipality (\u09b0\u09bf\u09b7\u09dc\u09be \u09aa\u09cc\u09b0\u09b8\u09ad\u09be)",
        "ward_no": 14,
        "mouza_name": "Morepukur",
        "mouza_name_bn": "\u09ae\u09cb\u09dc\u09c7\u09aa\u09c1\u0995\u09c1\u09b0",
        "jl_no": 13,
        "khasra_no": "180",
        "dag_no": 180,
        "khatian_no": 280,
        "owner_name": "Soumen Chatterjee & Bratati Chatterjee",
        "owner_name_bn": "\u09af\u09cc\u09a5 \u0996\u09a4\u09bf\u09af\u09bc\u09be\u09a8",
        "ownership_type": "Joint Ownership",
        "land_classification": "\u09ac\u09be\u09b8\u09cd\u09a4\u09c1 (Bastu)",
        "legal_area_sqm": 78.37,
        "gis_area_sqm": 77.83,
        "physical_area_sqm": 77.83,
        "area_discrepancy_pct": 0.69,
        "area_bengali": "0 \u09ac\u09bf\u0998\u09be 1 \u0995\u09be\u09a0\u09be 2.7 \u099b\u099f\u09be\u0995",
        "area_english": "0 Bigha 1 Katha 2.7 Chhatak",
        "status": "VERIFIED",
        "cors_datum": "Survey of India KOL1 (Kolkata) CORS Station",
        "target_crs": "EPSG:7755 / EPSG:4326",
        "survey_source": "OpenStreetMap Real Building Footprints + Banglarbhumi RoR",
        "confidence_semi_major_m": 0.045,
        "confidence_semi_minor_m": 0.03
      }
    },
    {
      "type": "Feature",
      "id": "rishra-dag-181",
      "geometry": {
        "type": "Polygon",
        "coordinates": [
          [
            [
              88.33712,
              22.710258
            ],
            [
              88.337202,
              22.71022
            ],
            [
              88.337162,
              22.710145
            ],
            [
              88.337079,
              22.710184
            ],
            [
              88.33712,
              22.710258
            ]
          ]
        ]
      },
      "properties": {
        "ulpin": "191471023371",
        "osm_id": 357407280,
        "state": "West Bengal",
        "state_code": "19",
        "district": "Hooghly (\u09b9\u09c1\u0997\u09b2\u09c0)",
        "district_code": "12",
        "district_lgd": 314,
        "subdivision": "Srirampore (\u09b6\u09cd\u09b0\u09c0\u09b0\u09be\u09ae\u09aa\u09c1\u09b0)",
        "municipality": "Rishra Municipality (\u09b0\u09bf\u09b7\u09dc\u09be \u09aa\u09cc\u09b0\u09b8\u09ad\u09be)",
        "ward_no": 19,
        "mouza_name": "Mahesh",
        "mouza_name_bn": "\u09ae\u09be\u09b9\u09c7\u09b6",
        "jl_no": 15,
        "khasra_no": "181",
        "dag_no": 181,
        "khatian_no": 281,
        "owner_name": "Subir Kumar Sen & Sons",
        "owner_name_bn": "\u09ac\u09be\u09a3\u09bf\u099c\u09cd\u09af\u09bf\u0995 \u09a6\u09cb\u0995\u09be\u09a8",
        "ownership_type": "Commercial Shopkeeper",
        "land_classification": "\u09a1\u09be\u0999\u09cd\u0997\u09be (Danga)",
        "legal_area_sqm": 85.75,
        "gis_area_sqm": 87.5,
        "physical_area_sqm": 87.5,
        "area_discrepancy_pct": 2.04,
        "area_bengali": "0 \u09ac\u09bf\u0998\u09be 1 \u0995\u09be\u09a0\u09be 4.5 \u099b\u099f\u09be\u0995",
        "area_english": "0 Bigha 1 Katha 4.5 Chhatak",
        "status": "ADJUDICATED",
        "cors_datum": "Survey of India KOL1 (Kolkata) CORS Station",
        "target_crs": "EPSG:7755 / EPSG:4326",
        "survey_source": "OpenStreetMap Real Building Footprints + Banglarbhumi RoR",
        "confidence_semi_major_m": 0.045,
        "confidence_semi_minor_m": 0.03
      }
    },
    {
      "type": "Feature",
      "id": "rishra-dag-182",
      "geometry": {
        "type": "Polygon",
        "coordinates": [
          [
            [
              88.332282,
              22.71441
            ],
            [
              88.332368,
              22.71445
            ],
            [
              88.332422,
              22.714351
            ],
            [
              88.332336,
              22.714312
            ],
            [
              88.332282,
              22.71441
            ]
          ]
        ]
      },
      "properties": {
        "ulpin": "191471433323",
        "osm_id": 357407282,
        "state": "West Bengal",
        "state_code": "19",
        "district": "Hooghly (\u09b9\u09c1\u0997\u09b2\u09c0)",
        "district_code": "12",
        "district_lgd": 314,
        "subdivision": "Srirampore (\u09b6\u09cd\u09b0\u09c0\u09b0\u09be\u09ae\u09aa\u09c1\u09b0)",
        "municipality": "Rishra Municipality (\u09b0\u09bf\u09b7\u09dc\u09be \u09aa\u09cc\u09b0\u09b8\u09ad\u09be)",
        "ward_no": 10,
        "mouza_name": "Rishra",
        "mouza_name_bn": "\u09b0\u09bf\u09b7\u09dc\u09be",
        "jl_no": 12,
        "khasra_no": "182",
        "dag_no": 182,
        "khatian_no": 282,
        "owner_name": "Ramakrishna Mission Vivekananda Sevashram",
        "owner_name_bn": "\u09b8\u09c7\u09ac\u09be\u09b6\u09cd\u09b0\u09ae \u099f\u09cd\u09b0\u09be\u09b8\u09cd\u099f",
        "ownership_type": "Institutional Charitable",
        "land_classification": "\u09ac\u09be\u09b8\u09cd\u09a4\u09c1 (Bastu)",
        "legal_area_sqm": 119.57,
        "gis_area_sqm": 120.41,
        "physical_area_sqm": 120.41,
        "area_discrepancy_pct": 0.7,
        "area_bengali": "0 \u09ac\u09bf\u0998\u09be 1 \u0995\u09be\u09a0\u09be 12.6 \u099b\u099f\u09be\u0995",
        "area_english": "0 Bigha 1 Katha 12.6 Chhatak",
        "status": "VERIFIED",
        "cors_datum": "Survey of India KOL1 (Kolkata) CORS Station",
        "target_crs": "EPSG:7755 / EPSG:4326",
        "survey_source": "OpenStreetMap Real Building Footprints + Banglarbhumi RoR",
        "confidence_semi_major_m": 0.045,
        "confidence_semi_minor_m": 0.03
      }
    },
    {
      "type": "Feature",
      "id": "rishra-dag-183",
      "geometry": {
        "type": "Polygon",
        "coordinates": [
          [
            [
              88.337421,
              22.710003
            ],
            [
              88.337515,
              22.709976
            ],
            [
              88.337491,
              22.709906
            ],
            [
              88.337397,
              22.709933
            ],
            [
              88.337421,
              22.710003
            ]
          ]
        ]
      },
      "properties": {
        "ulpin": "191470993374",
        "osm_id": 357407284,
        "state": "West Bengal",
        "state_code": "19",
        "district": "Hooghly (\u09b9\u09c1\u0997\u09b2\u09c0)",
        "district_code": "12",
        "district_lgd": 314,
        "subdivision": "Srirampore (\u09b6\u09cd\u09b0\u09c0\u09b0\u09be\u09ae\u09aa\u09c1\u09b0)",
        "municipality": "Rishra Municipality (\u09b0\u09bf\u09b7\u09dc\u09be \u09aa\u09cc\u09b0\u09b8\u09ad\u09be)",
        "ward_no": 17,
        "mouza_name": "Morepukur",
        "mouza_name_bn": "\u09ae\u09cb\u09dc\u09c7\u09aa\u09c1\u0995\u09c1\u09b0",
        "jl_no": 13,
        "khasra_no": "183",
        "dag_no": 183,
        "khatian_no": 283,
        "owner_name": "St. Thomas Church Parish Committee",
        "owner_name_bn": "\u09a7\u09b0\u09cd\u09ae\u09c0\u09af\u09bc \u099f\u09cd\u09b0\u09be\u09b8\u09cd\u099f",
        "ownership_type": "Religious Institutional",
        "land_classification": "\u09ac\u09be\u09b8\u09cd\u09a4\u09c1 (Bastu)",
        "legal_area_sqm": 82.57,
        "gis_area_sqm": 82.08,
        "physical_area_sqm": 82.08,
        "area_discrepancy_pct": 0.59,
        "area_bengali": "0 \u09ac\u09bf\u0998\u09be 1 \u0995\u09be\u09a0\u09be 3.8 \u099b\u099f\u09be\u0995",
        "area_english": "0 Bigha 1 Katha 3.8 Chhatak",
        "status": "VERIFIED",
        "cors_datum": "Survey of India KOL1 (Kolkata) CORS Station",
        "target_crs": "EPSG:7755 / EPSG:4326",
        "survey_source": "OpenStreetMap Real Building Footprints + Banglarbhumi RoR",
        "confidence_semi_major_m": 0.045,
        "confidence_semi_minor_m": 0.03
      }
    },
    {
      "type": "Feature",
      "id": "rishra-dag-184",
      "geometry": {
        "type": "Polygon",
        "coordinates": [
          [
            [
              88.336104,
              22.709414
            ],
            [
              88.336258,
              22.709381
            ],
            [
              88.336223,
              22.709241
            ],
            [
              88.336069,
              22.709274
            ],
            [
              88.336104,
              22.709414
            ]
          ]
        ]
      },
      "properties": {
        "ulpin": "191470933361",
        "osm_id": 357407286,
        "state": "West Bengal",
        "state_code": "19",
        "district": "Hooghly (\u09b9\u09c1\u0997\u09b2\u09c0)",
        "district_code": "12",
        "district_lgd": 314,
        "subdivision": "Srirampore (\u09b6\u09cd\u09b0\u09c0\u09b0\u09be\u09ae\u09aa\u09c1\u09b0)",
        "municipality": "Rishra Municipality (\u09b0\u09bf\u09b7\u09dc\u09be \u09aa\u09cc\u09b0\u09b8\u09ad\u09be)",
        "ward_no": 22,
        "mouza_name": "Mahesh",
        "mouza_name_bn": "\u09ae\u09be\u09b9\u09c7\u09b6",
        "jl_no": 15,
        "khasra_no": "184",
        "dag_no": 184,
        "khatian_no": 284,
        "owner_name": "Bikash Ranjan Roy & Brothers",
        "owner_name_bn": "\u0995\u09c3\u09b7\u09bf \u09b0\u09be\u09af\u09bc\u09a4",
        "ownership_type": "Agricultural Ryot",
        "land_classification": "\u09a7\u09be\u09a8\u09c0 (Dhani)",
        "legal_area_sqm": 262.85,
        "gis_area_sqm": 257.95,
        "physical_area_sqm": 257.95,
        "area_discrepancy_pct": 1.86,
        "area_bengali": "0 \u09ac\u09bf\u0998\u09be 3 \u0995\u09be\u09a0\u09be 14.9 \u099b\u099f\u09be\u0995",
        "area_english": "0 Bigha 3 Katha 14.9 Chhatak",
        "status": "ADJUDICATED",
        "cors_datum": "Survey of India KOL1 (Kolkata) CORS Station",
        "target_crs": "EPSG:7755 / EPSG:4326",
        "survey_source": "OpenStreetMap Real Building Footprints + Banglarbhumi RoR",
        "confidence_semi_major_m": 0.045,
        "confidence_semi_minor_m": 0.03
      }
    },
    {
      "type": "Feature",
      "id": "rishra-dag-185",
      "geometry": {
        "type": "Polygon",
        "coordinates": [
          [
            [
              88.33451,
              22.711986
            ],
            [
              88.334597,
              22.711977
            ],
            [
              88.33459,
              22.711922
            ],
            [
              88.334503,
              22.711931
            ],
            [
              88.33451,
              22.711986
            ]
          ]
        ]
      },
      "properties": {
        "ulpin": "191471193345",
        "osm_id": 357407288,
        "state": "West Bengal",
        "state_code": "19",
        "district": "Hooghly (\u09b9\u09c1\u0997\u09b2\u09c0)",
        "district_code": "12",
        "district_lgd": 314,
        "subdivision": "Srirampore (\u09b6\u09cd\u09b0\u09c0\u09b0\u09be\u09ae\u09aa\u09c1\u09b0)",
        "municipality": "Rishra Municipality (\u09b0\u09bf\u09b7\u09dc\u09be \u09aa\u09cc\u09b0\u09b8\u09ad\u09be)",
        "ward_no": 1,
        "mouza_name": "Rishra",
        "mouza_name_bn": "\u09b0\u09bf\u09b7\u09dc\u09be",
        "jl_no": 12,
        "khasra_no": "185",
        "dag_no": 185,
        "khatian_no": 285,
        "owner_name": "Aditya Birla Nuvo / Jayshree Textiles Ltd",
        "owner_name_bn": "\u0995\u09b0\u09cd\u09aa\u09cb\u09b0\u09c7\u099f \u09b6\u09bf\u09b2\u09cd\u09aa",
        "ownership_type": "Corporate Industrial",
        "land_classification": "\u0995\u09b2\u0995\u09be\u09b0\u0996\u09be\u09a8\u09be (Karkhana)",
        "legal_area_sqm": 54.61,
        "gis_area_sqm": 55.05,
        "physical_area_sqm": 55.05,
        "area_discrepancy_pct": 0.81,
        "area_bengali": "0 \u09ac\u09bf\u0998\u09be 0 \u0995\u09be\u09a0\u09be 13.1 \u099b\u099f\u09be\u0995",
        "area_english": "0 Bigha 0 Katha 13.1 Chhatak",
        "status": "VERIFIED",
        "cors_datum": "Survey of India KOL1 (Kolkata) CORS Station",
        "target_crs": "EPSG:7755 / EPSG:4326",
        "survey_source": "OpenStreetMap Real Building Footprints + Banglarbhumi RoR",
        "confidence_semi_major_m": 0.045,
        "confidence_semi_minor_m": 0.03
      }
    },
    {
      "type": "Feature",
      "id": "rishra-dag-186",
      "geometry": {
        "type": "Polygon",
        "coordinates": [
          [
            [
              88.339062,
              22.713833
            ],
            [
              88.339237,
              22.713792
            ],
            [
              88.339213,
              22.713704
            ],
            [
              88.339038,
              22.713745
            ],
            [
              88.339062,
              22.713833
            ]
          ]
        ]
      },
      "properties": {
        "ulpin": "191471373391",
        "osm_id": 357407290,
        "state": "West Bengal",
        "state_code": "19",
        "district": "Hooghly (\u09b9\u09c1\u0997\u09b2\u09c0)",
        "district_code": "12",
        "district_lgd": 314,
        "subdivision": "Srirampore (\u09b6\u09cd\u09b0\u09c0\u09b0\u09be\u09ae\u09aa\u09c1\u09b0)",
        "municipality": "Rishra Municipality (\u09b0\u09bf\u09b7\u09dc\u09be \u09aa\u09cc\u09b0\u09b8\u09ad\u09be)",
        "ward_no": 14,
        "mouza_name": "Morepukur",
        "mouza_name_bn": "\u09ae\u09cb\u09dc\u09c7\u09aa\u09c1\u0995\u09c1\u09b0",
        "jl_no": 13,
        "khasra_no": "186",
        "dag_no": 186,
        "khatian_no": 286,
        "owner_name": "Hastings Jute Mill Estate (Vested)",
        "owner_name_bn": "\u099a\u099f\u0995\u09b2 \u098f\u09b8\u09cd\u099f\u09c7\u099f",
        "ownership_type": "Industrial Leasehold",
        "land_classification": "\u0995\u09b2\u0995\u09be\u09b0\u0996\u09be\u09a8\u09be (Karkhana)",
        "legal_area_sqm": 186.98,
        "gis_area_sqm": 186.05,
        "physical_area_sqm": 186.05,
        "area_discrepancy_pct": 0.5,
        "area_bengali": "0 \u09ac\u09bf\u0998\u09be 2 \u0995\u09be\u09a0\u09be 12.7 \u099b\u099f\u09be\u0995",
        "area_english": "0 Bigha 2 Katha 12.7 Chhatak",
        "status": "VERIFIED",
        "cors_datum": "Survey of India KOL1 (Kolkata) CORS Station",
        "target_crs": "EPSG:7755 / EPSG:4326",
        "survey_source": "OpenStreetMap Real Building Footprints + Banglarbhumi RoR",
        "confidence_semi_major_m": 0.045,
        "confidence_semi_minor_m": 0.03
      }
    },
    {
      "type": "Feature",
      "id": "rishra-dag-187",
      "geometry": {
        "type": "Polygon",
        "coordinates": [
          [
            [
              88.334286,
              22.709801
            ],
            [
              88.334375,
              22.709786
            ],
            [
              88.334356,
              22.709688
            ],
            [
              88.334267,
              22.709703
            ],
            [
              88.334286,
              22.709801
            ]
          ]
        ]
      },
      "properties": {
        "ulpin": "191470973343",
        "osm_id": 357407292,
        "state": "West Bengal",
        "state_code": "19",
        "district": "Hooghly (\u09b9\u09c1\u0997\u09b2\u09c0)",
        "district_code": "12",
        "district_lgd": 314,
        "subdivision": "Srirampore (\u09b6\u09cd\u09b0\u09c0\u09b0\u09be\u09ae\u09aa\u09c1\u09b0)",
        "municipality": "Rishra Municipality (\u09b0\u09bf\u09b7\u09dc\u09be \u09aa\u09cc\u09b0\u09b8\u09ad\u09be)",
        "ward_no": 20,
        "mouza_name": "Mahesh",
        "mouza_name_bn": "\u09ae\u09be\u09b9\u09c7\u09b6",
        "jl_no": 15,
        "khasra_no": "187",
        "dag_no": 187,
        "khatian_no": 287,
        "owner_name": "Rishra Municipality (Chairman / Civic Body)",
        "owner_name_bn": "\u09b0\u09bf\u09b7\u09dc\u09be \u09aa\u09cc\u09b0\u09b8\u09ad\u09be",
        "ownership_type": "Municipal Civic Asset",
        "land_classification": "\u09b8\u09b0\u0995\u09be\u09b0\u09bf \u0996\u09be\u09b8 (Sarkari Khas)",
        "legal_area_sqm": 104.12,
        "gis_area_sqm": 102.28,
        "physical_area_sqm": 102.28,
        "area_discrepancy_pct": 1.77,
        "area_bengali": "0 \u09ac\u09bf\u0998\u09be 1 \u0995\u09be\u09a0\u09be 8.9 \u099b\u099f\u09be\u0995",
        "area_english": "0 Bigha 1 Katha 8.9 Chhatak",
        "status": "ADJUDICATED",
        "cors_datum": "Survey of India KOL1 (Kolkata) CORS Station",
        "target_crs": "EPSG:7755 / EPSG:4326",
        "survey_source": "OpenStreetMap Real Building Footprints + Banglarbhumi RoR",
        "confidence_semi_major_m": 0.045,
        "confidence_semi_minor_m": 0.03
      }
    },
    {
      "type": "Feature",
      "id": "rishra-dag-188",
      "geometry": {
        "type": "Polygon",
        "coordinates": [
          [
            [
              88.336722,
              22.713293
            ],
            [
              88.336879,
              22.713278
            ],
            [
              88.336869,
              22.713185
            ],
            [
              88.336712,
              22.7132
            ],
            [
              88.336722,
              22.713293
            ]
          ]
        ]
      },
      "properties": {
        "ulpin": "191471323367",
        "osm_id": 357407294,
        "state": "West Bengal",
        "state_code": "19",
        "district": "Hooghly (\u09b9\u09c1\u0997\u09b2\u09c0)",
        "district_code": "12",
        "district_lgd": 314,
        "subdivision": "Srirampore (\u09b6\u09cd\u09b0\u09c0\u09b0\u09be\u09ae\u09aa\u09c1\u09b0)",
        "municipality": "Rishra Municipality (\u09b0\u09bf\u09b7\u09dc\u09be \u09aa\u09cc\u09b0\u09b8\u09ad\u09be)",
        "ward_no": 4,
        "mouza_name": "Rishra",
        "mouza_name_bn": "\u09b0\u09bf\u09b7\u09dc\u09be",
        "jl_no": 12,
        "khasra_no": "188",
        "dag_no": 188,
        "khatian_no": 288,
        "owner_name": "Eastern Railway Administration (Howrah Div)",
        "owner_name_bn": "\u09aa\u09c2\u09b0\u09cd\u09ac \u09b0\u09c7\u09b2\u0993\u09af\u09bc\u09c7",
        "ownership_type": "Central Govt Infrastructure",
        "land_classification": "\u09b8\u09b0\u0995\u09be\u09b0\u09bf \u0996\u09be\u09b8 (Sarkari Khas)",
        "legal_area_sqm": 166.0,
        "gis_area_sqm": 167.51,
        "physical_area_sqm": 167.51,
        "area_discrepancy_pct": 0.91,
        "area_bengali": "0 \u09ac\u09bf\u0998\u09be 2 \u0995\u09be\u09a0\u09be 7.7 \u099b\u099f\u09be\u0995",
        "area_english": "0 Bigha 2 Katha 7.7 Chhatak",
        "status": "VERIFIED",
        "cors_datum": "Survey of India KOL1 (Kolkata) CORS Station",
        "target_crs": "EPSG:7755 / EPSG:4326",
        "survey_source": "OpenStreetMap Real Building Footprints + Banglarbhumi RoR",
        "confidence_semi_major_m": 0.045,
        "confidence_semi_minor_m": 0.03
      }
    },
    {
      "type": "Feature",
      "id": "rishra-dag-189",
      "geometry": {
        "type": "Polygon",
        "coordinates": [
          [
            [
              88.335219,
              22.712384
            ],
            [
              88.335332,
              22.712363
            ],
            [
              88.335322,
              22.712317
            ],
            [
              88.335209,
              22.712338
            ],
            [
              88.335219,
              22.712384
            ]
          ]
        ]
      },
      "properties": {
        "ulpin": "191471233352",
        "osm_id": 357407299,
        "state": "West Bengal",
        "state_code": "19",
        "district": "Hooghly (\u09b9\u09c1\u0997\u09b2\u09c0)",
        "district_code": "12",
        "district_lgd": 314,
        "subdivision": "Srirampore (\u09b6\u09cd\u09b0\u09c0\u09b0\u09be\u09ae\u09aa\u09c1\u09b0)",
        "municipality": "Rishra Municipality (\u09b0\u09bf\u09b7\u09dc\u09be \u09aa\u09cc\u09b0\u09b8\u09ad\u09be)",
        "ward_no": 17,
        "mouza_name": "Morepukur",
        "mouza_name_bn": "\u09ae\u09cb\u09dc\u09c7\u09aa\u09c1\u0995\u09c1\u09b0",
        "jl_no": 13,
        "khasra_no": "189",
        "dag_no": 189,
        "khatian_no": 289,
        "owner_name": "PWD Roads Directorate, Govt of West Bengal",
        "owner_name_bn": "\u09aa\u09c2\u09b0\u09cd\u09a4 \u09a6\u09aa\u09cd\u09a4\u09b0",
        "ownership_type": "State Highway Department",
        "land_classification": "\u09b8\u09b0\u0995\u09be\u09b0\u09bf \u0996\u09be\u09b8 (Sarkari Khas)",
        "legal_area_sqm": 61.66,
        "gis_area_sqm": 61.41,
        "physical_area_sqm": 61.41,
        "area_discrepancy_pct": 0.41,
        "area_bengali": "0 \u09ac\u09bf\u0998\u09be 0 \u0995\u09be\u09a0\u09be 14.7 \u099b\u099f\u09be\u0995",
        "area_english": "0 Bigha 0 Katha 14.7 Chhatak",
        "status": "VERIFIED",
        "cors_datum": "Survey of India KOL1 (Kolkata) CORS Station",
        "target_crs": "EPSG:7755 / EPSG:4326",
        "survey_source": "OpenStreetMap Real Building Footprints + Banglarbhumi RoR",
        "confidence_semi_major_m": 0.045,
        "confidence_semi_minor_m": 0.03
      }
    },
    {
      "type": "Feature",
      "id": "rishra-dag-190",
      "geometry": {
        "type": "Polygon",
        "coordinates": [
          [
            [
              88.331857,
              22.713226
            ],
            [
              88.331947,
              22.713267
            ],
            [
              88.331986,
              22.713194
            ],
            [
              88.331896,
              22.713153
            ],
            [
              88.331857,
              22.713226
            ]
          ]
        ]
      },
      "properties": {
        "ulpin": "191471323319",
        "osm_id": 357407301,
        "state": "West Bengal",
        "state_code": "19",
        "district": "Hooghly (\u09b9\u09c1\u0997\u09b2\u09c0)",
        "district_code": "12",
        "district_lgd": 314,
        "subdivision": "Srirampore (\u09b6\u09cd\u09b0\u09c0\u09b0\u09be\u09ae\u09aa\u09c1\u09b0)",
        "municipality": "Rishra Municipality (\u09b0\u09bf\u09b7\u09dc\u09be \u09aa\u09cc\u09b0\u09b8\u09ad\u09be)",
        "ward_no": 23,
        "mouza_name": "Mahesh",
        "mouza_name_bn": "\u09ae\u09be\u09b9\u09c7\u09b6",
        "jl_no": 15,
        "khasra_no": "190",
        "dag_no": 190,
        "khatian_no": 290,
        "owner_name": "Tarapada Mukherjee & Brothers",
        "owner_name_bn": "\u09ac\u09cd\u09af\u0995\u09cd\u09a4\u09bf\u0997\u09a4 \u09b0\u09be\u09af\u09bc\u09a4",
        "ownership_type": "Private Freehold",
        "land_classification": "\u09ac\u09be\u09b8\u09cd\u09a4\u09c1 (Bastu)",
        "legal_area_sqm": 94.34,
        "gis_area_sqm": 92.76,
        "physical_area_sqm": 92.76,
        "area_discrepancy_pct": 1.67,
        "area_bengali": "0 \u09ac\u09bf\u0998\u09be 1 \u0995\u09be\u09a0\u09be 6.6 \u099b\u099f\u09be\u0995",
        "area_english": "0 Bigha 1 Katha 6.6 Chhatak",
        "status": "ADJUDICATED",
        "cors_datum": "Survey of India KOL1 (Kolkata) CORS Station",
        "target_crs": "EPSG:7755 / EPSG:4326",
        "survey_source": "OpenStreetMap Real Building Footprints + Banglarbhumi RoR",
        "confidence_semi_major_m": 0.045,
        "confidence_semi_minor_m": 0.03
      }
    },
    {
      "type": "Feature",
      "id": "rishra-dag-191",
      "geometry": {
        "type": "Polygon",
        "coordinates": [
          [
            [
              88.339238,
              22.712408
            ],
            [
              88.339337,
              22.712395
            ],
            [
              88.339312,
              22.712237
            ],
            [
              88.339214,
              22.71225
            ],
            [
              88.339238,
              22.712408
            ]
          ]
        ]
      },
      "properties": {
        "ulpin": "191471233392",
        "osm_id": 357407303,
        "state": "West Bengal",
        "state_code": "19",
        "district": "Hooghly (\u09b9\u09c1\u0997\u09b2\u09c0)",
        "district_code": "12",
        "district_lgd": 314,
        "subdivision": "Srirampore (\u09b6\u09cd\u09b0\u09c0\u09b0\u09be\u09ae\u09aa\u09c1\u09b0)",
        "municipality": "Rishra Municipality (\u09b0\u09bf\u09b7\u09dc\u09be \u09aa\u09cc\u09b0\u09b8\u09ad\u09be)",
        "ward_no": 7,
        "mouza_name": "Rishra",
        "mouza_name_bn": "\u09b0\u09bf\u09b7\u09dc\u09be",
        "jl_no": 12,
        "khasra_no": "191",
        "dag_no": 191,
        "khatian_no": 291,
        "owner_name": "Debabrata Banerjee & Animesh Banerjee",
        "owner_name_bn": "\u09aa\u09c8\u09a4\u09c3\u0995 \u09b0\u09be\u09af\u09bc\u09a4",
        "ownership_type": "Private Hereditary",
        "land_classification": "\u09ac\u09be\u09b8\u09cd\u09a4\u09c1 (Bastu)",
        "legal_area_sqm": 178.55,
        "gis_area_sqm": 180.35,
        "physical_area_sqm": 180.35,
        "area_discrepancy_pct": 1.01,
        "area_bengali": "0 \u09ac\u09bf\u0998\u09be 2 \u0995\u09be\u09a0\u09be 10.7 \u099b\u099f\u09be\u0995",
        "area_english": "0 Bigha 2 Katha 10.7 Chhatak",
        "status": "VERIFIED",
        "cors_datum": "Survey of India KOL1 (Kolkata) CORS Station",
        "target_crs": "EPSG:7755 / EPSG:4326",
        "survey_source": "OpenStreetMap Real Building Footprints + Banglarbhumi RoR",
        "confidence_semi_major_m": 0.045,
        "confidence_semi_minor_m": 0.03
      }
    },
    {
      "type": "Feature",
      "id": "rishra-dag-192",
      "geometry": {
        "type": "Polygon",
        "coordinates": [
          [
            [
              88.336033,
              22.71037
            ],
            [
              88.336126,
              22.710341
            ],
            [
              88.336099,
              22.710266
            ],
            [
              88.336006,
              22.710295
            ],
            [
              88.336033,
              22.71037
            ]
          ]
        ]
      },
      "properties": {
        "ulpin": "191471033360",
        "osm_id": 357407305,
        "state": "West Bengal",
        "state_code": "19",
        "district": "Hooghly (\u09b9\u09c1\u0997\u09b2\u09c0)",
        "district_code": "12",
        "district_lgd": 314,
        "subdivision": "Srirampore (\u09b6\u09cd\u09b0\u09c0\u09b0\u09be\u09ae\u09aa\u09c1\u09b0)",
        "municipality": "Rishra Municipality (\u09b0\u09bf\u09b7\u09dc\u09be \u09aa\u09cc\u09b0\u09b8\u09ad\u09be)",
        "ward_no": 14,
        "mouza_name": "Morepukur",
        "mouza_name_bn": "\u09ae\u09cb\u09dc\u09c7\u09aa\u09c1\u0995\u09c1\u09b0",
        "jl_no": 13,
        "khasra_no": "192",
        "dag_no": 192,
        "khatian_no": 292,
        "owner_name": "Shyamal Kanti Ghosh",
        "owner_name_bn": "\u09ac\u09cd\u09af\u0995\u09cd\u09a4\u09bf\u0997\u09a4 \u09ac\u09be\u09b8\u09cd\u09a4\u09c1",
        "ownership_type": "Private Homestead",
        "land_classification": "\u09ac\u09be\u09b8\u09cd\u09a4\u09c1 (Bastu)",
        "legal_area_sqm": 88.36,
        "gis_area_sqm": 88.1,
        "physical_area_sqm": 88.1,
        "area_discrepancy_pct": 0.29,
        "area_bengali": "0 \u09ac\u09bf\u0998\u09be 1 \u0995\u09be\u09a0\u09be 5.1 \u099b\u099f\u09be\u0995",
        "area_english": "0 Bigha 1 Katha 5.1 Chhatak",
        "status": "VERIFIED",
        "cors_datum": "Survey of India KOL1 (Kolkata) CORS Station",
        "target_crs": "EPSG:7755 / EPSG:4326",
        "survey_source": "OpenStreetMap Real Building Footprints + Banglarbhumi RoR",
        "confidence_semi_major_m": 0.045,
        "confidence_semi_minor_m": 0.03
      }
    },
    {
      "type": "Feature",
      "id": "rishra-dag-193",
      "geometry": {
        "type": "Polygon",
        "coordinates": [
          [
            [
              88.334785,
              22.711994
            ],
            [
              88.334889,
              22.711984
            ],
            [
              88.334883,
              22.711926
            ],
            [
              88.334779,
              22.711935
            ],
            [
              88.334785,
              22.711994
            ]
          ]
        ]
      },
      "properties": {
        "ulpin": "191471193348",
        "osm_id": 357407307,
        "state": "West Bengal",
        "state_code": "19",
        "district": "Hooghly (\u09b9\u09c1\u0997\u09b2\u09c0)",
        "district_code": "12",
        "district_lgd": 314,
        "subdivision": "Srirampore (\u09b6\u09cd\u09b0\u09c0\u09b0\u09be\u09ae\u09aa\u09c1\u09b0)",
        "municipality": "Rishra Municipality (\u09b0\u09bf\u09b7\u09dc\u09be \u09aa\u09cc\u09b0\u09b8\u09ad\u09be)",
        "ward_no": 21,
        "mouza_name": "Mahesh",
        "mouza_name_bn": "\u09ae\u09be\u09b9\u09c7\u09b6",
        "jl_no": 15,
        "khasra_no": "193",
        "dag_no": 193,
        "khatian_no": 293,
        "owner_name": "Lakshmi Rani Mondal",
        "owner_name_bn": "\u09ac\u09cd\u09af\u0995\u09cd\u09a4\u09bf\u0997\u09a4 \u09ac\u09be\u09b8\u09cd\u09a4\u09c1",
        "ownership_type": "Private Homestead",
        "land_classification": "\u09ac\u09be\u09b8\u09cd\u09a4\u09c1 (Bastu)",
        "legal_area_sqm": 70.86,
        "gis_area_sqm": 69.74,
        "physical_area_sqm": 69.74,
        "area_discrepancy_pct": 1.58,
        "area_bengali": "0 \u09ac\u09bf\u0998\u09be 1 \u0995\u09be\u09a0\u09be 0.9 \u099b\u099f\u09be\u0995",
        "area_english": "0 Bigha 1 Katha 0.9 Chhatak",
        "status": "ADJUDICATED",
        "cors_datum": "Survey of India KOL1 (Kolkata) CORS Station",
        "target_crs": "EPSG:7755 / EPSG:4326",
        "survey_source": "OpenStreetMap Real Building Footprints + Banglarbhumi RoR",
        "confidence_semi_major_m": 0.045,
        "confidence_semi_minor_m": 0.03
      }
    },
    {
      "type": "Feature",
      "id": "rishra-dag-194",
      "geometry": {
        "type": "Polygon",
        "coordinates": [
          [
            [
              88.336715,
              22.711808
            ],
            [
              88.336818,
              22.711792
            ],
            [
              88.336802,
              22.711702
            ],
            [
              88.336698,
              22.711718
            ],
            [
              88.336715,
              22.711808
            ]
          ]
        ]
      },
      "properties": {
        "ulpin": "191471173367",
        "osm_id": 357407309,
        "state": "West Bengal",
        "state_code": "19",
        "district": "Hooghly (\u09b9\u09c1\u0997\u09b2\u09c0)",
        "district_code": "12",
        "district_lgd": 314,
        "subdivision": "Srirampore (\u09b6\u09cd\u09b0\u09c0\u09b0\u09be\u09ae\u09aa\u09c1\u09b0)",
        "municipality": "Rishra Municipality (\u09b0\u09bf\u09b7\u09dc\u09be \u09aa\u09cc\u09b0\u09b8\u09ad\u09be)",
        "ward_no": 10,
        "mouza_name": "Rishra",
        "mouza_name_bn": "\u09b0\u09bf\u09b7\u09dc\u09be",
        "jl_no": 12,
        "khasra_no": "194",
        "dag_no": 194,
        "khatian_no": 294,
        "owner_name": "Soumen Chatterjee & Bratati Chatterjee",
        "owner_name_bn": "\u09af\u09cc\u09a5 \u0996\u09a4\u09bf\u09af\u09bc\u09be\u09a8",
        "ownership_type": "Joint Ownership",
        "land_classification": "\u09ac\u09be\u09b8\u09cd\u09a4\u09c1 (Bastu)",
        "legal_area_sqm": 107.58,
        "gis_area_sqm": 108.78,
        "physical_area_sqm": 108.78,
        "area_discrepancy_pct": 1.12,
        "area_bengali": "0 \u09ac\u09bf\u0998\u09be 1 \u0995\u09be\u09a0\u09be 9.7 \u099b\u099f\u09be\u0995",
        "area_english": "0 Bigha 1 Katha 9.7 Chhatak",
        "status": "VERIFIED",
        "cors_datum": "Survey of India KOL1 (Kolkata) CORS Station",
        "target_crs": "EPSG:7755 / EPSG:4326",
        "survey_source": "OpenStreetMap Real Building Footprints + Banglarbhumi RoR",
        "confidence_semi_major_m": 0.045,
        "confidence_semi_minor_m": 0.03
      }
    },
    {
      "type": "Feature",
      "id": "rishra-dag-195",
      "geometry": {
        "type": "Polygon",
        "coordinates": [
          [
            [
              88.338075,
              22.714999
            ],
            [
              88.338147,
              22.714973
            ],
            [
              88.338108,
              22.714878
            ],
            [
              88.338036,
              22.714904
            ],
            [
              88.338075,
              22.714999
            ]
          ]
        ]
      },
      "properties": {
        "ulpin": "191471493380",
        "osm_id": 357407311,
        "state": "West Bengal",
        "state_code": "19",
        "district": "Hooghly (\u09b9\u09c1\u0997\u09b2\u09c0)",
        "district_code": "12",
        "district_lgd": 314,
        "subdivision": "Srirampore (\u09b6\u09cd\u09b0\u09c0\u09b0\u09be\u09ae\u09aa\u09c1\u09b0)",
        "municipality": "Rishra Municipality (\u09b0\u09bf\u09b7\u09dc\u09be \u09aa\u09cc\u09b0\u09b8\u09ad\u09be)",
        "ward_no": 17,
        "mouza_name": "Morepukur",
        "mouza_name_bn": "\u09ae\u09cb\u09dc\u09c7\u09aa\u09c1\u0995\u09c1\u09b0",
        "jl_no": 13,
        "khasra_no": "195",
        "dag_no": 195,
        "khatian_no": 295,
        "owner_name": "Subir Kumar Sen & Sons",
        "owner_name_bn": "\u09ac\u09be\u09a3\u09bf\u099c\u09cd\u09af\u09bf\u0995 \u09a6\u09cb\u0995\u09be\u09a8",
        "ownership_type": "Commercial Shopkeeper",
        "land_classification": "\u09a1\u09be\u0999\u09cd\u0997\u09be (Danga)",
        "legal_area_sqm": 89.37,
        "gis_area_sqm": 89.19,
        "physical_area_sqm": 89.19,
        "area_discrepancy_pct": 0.2,
        "area_bengali": "0 \u09ac\u09bf\u0998\u09be 1 \u0995\u09be\u09a0\u09be 5.4 \u099b\u099f\u09be\u0995",
        "area_english": "0 Bigha 1 Katha 5.4 Chhatak",
        "status": "VERIFIED",
        "cors_datum": "Survey of India KOL1 (Kolkata) CORS Station",
        "target_crs": "EPSG:7755 / EPSG:4326",
        "survey_source": "OpenStreetMap Real Building Footprints + Banglarbhumi RoR",
        "confidence_semi_major_m": 0.045,
        "confidence_semi_minor_m": 0.03
      }
    },
    {
      "type": "Feature",
      "id": "rishra-dag-196",
      "geometry": {
        "type": "Polygon",
        "coordinates": [
          [
            [
              88.334617,
              22.712548
            ],
            [
              88.334701,
              22.712541
            ],
            [
              88.334697,
              22.712496
            ],
            [
              88.334612,
              22.712504
            ],
            [
              88.334617,
              22.712548
            ]
          ]
        ]
      },
      "properties": {
        "ulpin": "191471253346",
        "osm_id": 357407313,
        "state": "West Bengal",
        "state_code": "19",
        "district": "Hooghly (\u09b9\u09c1\u0997\u09b2\u09c0)",
        "district_code": "12",
        "district_lgd": 314,
        "subdivision": "Srirampore (\u09b6\u09cd\u09b0\u09c0\u09b0\u09be\u09ae\u09aa\u09c1\u09b0)",
        "municipality": "Rishra Municipality (\u09b0\u09bf\u09b7\u09dc\u09be \u09aa\u09cc\u09b0\u09b8\u09ad\u09be)",
        "ward_no": 19,
        "mouza_name": "Mahesh",
        "mouza_name_bn": "\u09ae\u09be\u09b9\u09c7\u09b6",
        "jl_no": 15,
        "khasra_no": "196",
        "dag_no": 196,
        "khatian_no": 296,
        "owner_name": "Ramakrishna Mission Vivekananda Sevashram",
        "owner_name_bn": "\u09b8\u09c7\u09ac\u09be\u09b6\u09cd\u09b0\u09ae \u099f\u09cd\u09b0\u09be\u09b8\u09cd\u099f",
        "ownership_type": "Institutional Charitable",
        "land_classification": "\u09ac\u09be\u09b8\u09cd\u09a4\u09c1 (Bastu)",
        "legal_area_sqm": 43.73,
        "gis_area_sqm": 43.08,
        "physical_area_sqm": 43.08,
        "area_discrepancy_pct": 1.49,
        "area_bengali": "0 \u09ac\u09bf\u0998\u09be 0 \u0995\u09be\u09a0\u09be 10.5 \u099b\u099f\u09be\u0995",
        "area_english": "0 Bigha 0 Katha 10.5 Chhatak",
        "status": "VERIFIED",
        "cors_datum": "Survey of India KOL1 (Kolkata) CORS Station",
        "target_crs": "EPSG:7755 / EPSG:4326",
        "survey_source": "OpenStreetMap Real Building Footprints + Banglarbhumi RoR",
        "confidence_semi_major_m": 0.045,
        "confidence_semi_minor_m": 0.03
      }
    },
    {
      "type": "Feature",
      "id": "rishra-dag-197",
      "geometry": {
        "type": "Polygon",
        "coordinates": [
          [
            [
              88.338725,
              22.710513
            ],
            [
              88.33891,
              22.710473
            ],
            [
              88.338896,
              22.710417
            ],
            [
              88.338711,
              22.710457
            ],
            [
              88.338725,
              22.710513
            ]
          ]
        ]
      },
      "properties": {
        "ulpin": "191471043387",
        "osm_id": 357407315,
        "state": "West Bengal",
        "state_code": "19",
        "district": "Hooghly (\u09b9\u09c1\u0997\u09b2\u09c0)",
        "district_code": "12",
        "district_lgd": 314,
        "subdivision": "Srirampore (\u09b6\u09cd\u09b0\u09c0\u09b0\u09be\u09ae\u09aa\u09c1\u09b0)",
        "municipality": "Rishra Municipality (\u09b0\u09bf\u09b7\u09dc\u09be \u09aa\u09cc\u09b0\u09b8\u09ad\u09be)",
        "ward_no": 1,
        "mouza_name": "Rishra",
        "mouza_name_bn": "\u09b0\u09bf\u09b7\u09dc\u09be",
        "jl_no": 12,
        "khasra_no": "197",
        "dag_no": 197,
        "khatian_no": 297,
        "owner_name": "St. Thomas Church Parish Committee",
        "owner_name_bn": "\u09a7\u09b0\u09cd\u09ae\u09c0\u09af\u09bc \u099f\u09cd\u09b0\u09be\u09b8\u09cd\u099f",
        "ownership_type": "Religious Institutional",
        "land_classification": "\u09ac\u09be\u09b8\u09cd\u09a4\u09c1 (Bastu)",
        "legal_area_sqm": 122.51,
        "gis_area_sqm": 124.0,
        "physical_area_sqm": 124.0,
        "area_discrepancy_pct": 1.22,
        "area_bengali": "0 \u09ac\u09bf\u0998\u09be 1 \u0995\u09be\u09a0\u09be 13.3 \u099b\u099f\u09be\u0995",
        "area_english": "0 Bigha 1 Katha 13.3 Chhatak",
        "status": "VERIFIED",
        "cors_datum": "Survey of India KOL1 (Kolkata) CORS Station",
        "target_crs": "EPSG:7755 / EPSG:4326",
        "survey_source": "OpenStreetMap Real Building Footprints + Banglarbhumi RoR",
        "confidence_semi_major_m": 0.045,
        "confidence_semi_minor_m": 0.03
      }
    },
    {
      "type": "Feature",
      "id": "rishra-dag-198",
      "geometry": {
        "type": "Polygon",
        "coordinates": [
          [
            [
              88.330972,
              22.71317
            ],
            [
              88.331046,
              22.713169
            ],
            [
              88.331046,
              22.713117
            ],
            [
              88.330971,
              22.713117
            ],
            [
              88.330972,
              22.71317
            ]
          ]
        ]
      },
      "properties": {
        "ulpin": "191471313310",
        "osm_id": 357407317,
        "state": "West Bengal",
        "state_code": "19",
        "district": "Hooghly (\u09b9\u09c1\u0997\u09b2\u09c0)",
        "district_code": "12",
        "district_lgd": 314,
        "subdivision": "Srirampore (\u09b6\u09cd\u09b0\u09c0\u09b0\u09be\u09ae\u09aa\u09c1\u09b0)",
        "municipality": "Rishra Municipality (\u09b0\u09bf\u09b7\u09dc\u09be \u09aa\u09cc\u09b0\u09b8\u09ad\u09be)",
        "ward_no": 14,
        "mouza_name": "Morepukur",
        "mouza_name_bn": "\u09ae\u09cb\u09dc\u09c7\u09aa\u09c1\u0995\u09c1\u09b0",
        "jl_no": 13,
        "khasra_no": "198",
        "dag_no": 198,
        "khatian_no": 298,
        "owner_name": "Bikash Ranjan Roy & Brothers",
        "owner_name_bn": "\u0995\u09c3\u09b7\u09bf \u09b0\u09be\u09af\u09bc\u09a4",
        "ownership_type": "Agricultural Ryot",
        "land_classification": "\u09a7\u09be\u09a8\u09c0 (Dhani)",
        "legal_area_sqm": 44.46,
        "gis_area_sqm": 44.42,
        "physical_area_sqm": 44.42,
        "area_discrepancy_pct": 0.09,
        "area_bengali": "0 \u09ac\u09bf\u0998\u09be 0 \u0995\u09be\u09a0\u09be 10.6 \u099b\u099f\u09be\u0995",
        "area_english": "0 Bigha 0 Katha 10.6 Chhatak",
        "status": "VERIFIED",
        "cors_datum": "Survey of India KOL1 (Kolkata) CORS Station",
        "target_crs": "EPSG:7755 / EPSG:4326",
        "survey_source": "OpenStreetMap Real Building Footprints + Banglarbhumi RoR",
        "confidence_semi_major_m": 0.045,
        "confidence_semi_minor_m": 0.03
      }
    },
    {
      "type": "Feature",
      "id": "rishra-dag-199",
      "geometry": {
        "type": "Polygon",
        "coordinates": [
          [
            [
              88.340217,
              22.714129
            ],
            [
              88.340303,
              22.714114
            ],
            [
              88.340286,
              22.714029
            ],
            [
              88.3402,
              22.714044
            ],
            [
              88.340217,
              22.714129
            ]
          ]
        ]
      },
      "properties": {
        "ulpin": "191471403402",
        "osm_id": 357407319,
        "state": "West Bengal",
        "state_code": "19",
        "district": "Hooghly (\u09b9\u09c1\u0997\u09b2\u09c0)",
        "district_code": "12",
        "district_lgd": 314,
        "subdivision": "Srirampore (\u09b6\u09cd\u09b0\u09c0\u09b0\u09be\u09ae\u09aa\u09c1\u09b0)",
        "municipality": "Rishra Municipality (\u09b0\u09bf\u09b7\u09dc\u09be \u09aa\u09cc\u09b0\u09b8\u09ad\u09be)",
        "ward_no": 22,
        "mouza_name": "Mahesh",
        "mouza_name_bn": "\u09ae\u09be\u09b9\u09c7\u09b6",
        "jl_no": 15,
        "khasra_no": "199",
        "dag_no": 199,
        "khatian_no": 299,
        "owner_name": "Aditya Birla Nuvo / Jayshree Textiles Ltd",
        "owner_name_bn": "\u0995\u09b0\u09cd\u09aa\u09cb\u09b0\u09c7\u099f \u09b6\u09bf\u09b2\u09cd\u09aa",
        "ownership_type": "Corporate Industrial",
        "land_classification": "\u0995\u09b2\u0995\u09be\u09b0\u0996\u09be\u09a8\u09be (Karkhana)",
        "legal_area_sqm": 87.11,
        "gis_area_sqm": 85.91,
        "physical_area_sqm": 85.91,
        "area_discrepancy_pct": 1.38,
        "area_bengali": "0 \u09ac\u09bf\u0998\u09be 1 \u0995\u09be\u09a0\u09be 4.8 \u099b\u099f\u09be\u0995",
        "area_english": "0 Bigha 1 Katha 4.8 Chhatak",
        "status": "VERIFIED",
        "cors_datum": "Survey of India KOL1 (Kolkata) CORS Station",
        "target_crs": "EPSG:7755 / EPSG:4326",
        "survey_source": "OpenStreetMap Real Building Footprints + Banglarbhumi RoR",
        "confidence_semi_major_m": 0.045,
        "confidence_semi_minor_m": 0.03
      }
    },
    {
      "type": "Feature",
      "id": "rishra-dag-200",
      "geometry": {
        "type": "Polygon",
        "coordinates": [
          [
            [
              88.336229,
              22.714607
            ],
            [
              88.336321,
              22.714605
            ],
            [
              88.336318,
              22.714508
            ],
            [
              88.336226,
              22.71451
            ],
            [
              88.336229,
              22.714607
            ]
          ]
        ]
      },
      "properties": {
        "ulpin": "191471453362",
        "osm_id": 357407321,
        "state": "West Bengal",
        "state_code": "19",
        "district": "Hooghly (\u09b9\u09c1\u0997\u09b2\u09c0)",
        "district_code": "12",
        "district_lgd": 314,
        "subdivision": "Srirampore (\u09b6\u09cd\u09b0\u09c0\u09b0\u09be\u09ae\u09aa\u09c1\u09b0)",
        "municipality": "Rishra Municipality (\u09b0\u09bf\u09b7\u09dc\u09be \u09aa\u09cc\u09b0\u09b8\u09ad\u09be)",
        "ward_no": 4,
        "mouza_name": "Rishra",
        "mouza_name_bn": "\u09b0\u09bf\u09b7\u09dc\u09be",
        "jl_no": 12,
        "khasra_no": "200",
        "dag_no": 200,
        "khatian_no": 300,
        "owner_name": "Hastings Jute Mill Estate (Vested)",
        "owner_name_bn": "\u099a\u099f\u0995\u09b2 \u098f\u09b8\u09cd\u099f\u09c7\u099f",
        "ownership_type": "Industrial Leasehold",
        "land_classification": "\u0995\u09b2\u0995\u09be\u09b0\u0996\u09be\u09a8\u09be (Karkhana)",
        "legal_area_sqm": 100.08,
        "gis_area_sqm": 101.4,
        "physical_area_sqm": 101.4,
        "area_discrepancy_pct": 1.32,
        "area_bengali": "0 \u09ac\u09bf\u0998\u09be 1 \u0995\u09be\u09a0\u09be 7.9 \u099b\u099f\u09be\u0995",
        "area_english": "0 Bigha 1 Katha 7.9 Chhatak",
        "status": "VERIFIED",
        "cors_datum": "Survey of India KOL1 (Kolkata) CORS Station",
        "target_crs": "EPSG:7755 / EPSG:4326",
        "survey_source": "OpenStreetMap Real Building Footprints + Banglarbhumi RoR",
        "confidence_semi_major_m": 0.045,
        "confidence_semi_minor_m": 0.03
      }
    },
    {
      "type": "Feature",
      "id": "rishra-dag-201",
      "geometry": {
        "type": "Polygon",
        "coordinates": [
          [
            [
              88.338245,
              22.711303
            ],
            [
              88.338357,
              22.711267
            ],
            [
              88.338324,
              22.711182
            ],
            [
              88.338212,
              22.711219
            ],
            [
              88.338245,
              22.711303
            ]
          ]
        ]
      },
      "properties": {
        "ulpin": "191471123382",
        "osm_id": 357407325,
        "state": "West Bengal",
        "state_code": "19",
        "district": "Hooghly (\u09b9\u09c1\u0997\u09b2\u09c0)",
        "district_code": "12",
        "district_lgd": 314,
        "subdivision": "Srirampore (\u09b6\u09cd\u09b0\u09c0\u09b0\u09be\u09ae\u09aa\u09c1\u09b0)",
        "municipality": "Rishra Municipality (\u09b0\u09bf\u09b7\u09dc\u09be \u09aa\u09cc\u09b0\u09b8\u09ad\u09be)",
        "ward_no": 17,
        "mouza_name": "Morepukur",
        "mouza_name_bn": "\u09ae\u09cb\u09dc\u09c7\u09aa\u09c1\u0995\u09c1\u09b0",
        "jl_no": 13,
        "khasra_no": "201",
        "dag_no": 201,
        "khatian_no": 301,
        "owner_name": "Rishra Municipality (Chairman / Civic Body)",
        "owner_name_bn": "\u09b0\u09bf\u09b7\u09dc\u09be \u09aa\u09cc\u09b0\u09b8\u09ad\u09be",
        "ownership_type": "Municipal Civic Asset",
        "land_classification": "\u09b8\u09b0\u0995\u09be\u09b0\u09bf \u0996\u09be\u09b8 (Sarkari Khas)",
        "legal_area_sqm": 121.14,
        "gis_area_sqm": 121.14,
        "physical_area_sqm": 121.14,
        "area_discrepancy_pct": 0.0,
        "area_bengali": "0 \u09ac\u09bf\u0998\u09be 1 \u0995\u09be\u09a0\u09be 13.0 \u099b\u099f\u09be\u0995",
        "area_english": "0 Bigha 1 Katha 13.0 Chhatak",
        "status": "VERIFIED",
        "cors_datum": "Survey of India KOL1 (Kolkata) CORS Station",
        "target_crs": "EPSG:7755 / EPSG:4326",
        "survey_source": "OpenStreetMap Real Building Footprints + Banglarbhumi RoR",
        "confidence_semi_major_m": 0.045,
        "confidence_semi_minor_m": 0.03
      }
    },
    {
      "type": "Feature",
      "id": "rishra-dag-202",
      "geometry": {
        "type": "Polygon",
        "coordinates": [
          [
            [
              88.338382,
              22.710555
            ],
            [
              88.338456,
              22.710543
            ],
            [
              88.338444,
              22.71048
            ],
            [
              88.33837,
              22.710492
            ],
            [
              88.338382,
              22.710555
            ]
          ]
        ]
      },
      "properties": {
        "ulpin": "191471053384",
        "osm_id": 357407327,
        "state": "West Bengal",
        "state_code": "19",
        "district": "Hooghly (\u09b9\u09c1\u0997\u09b2\u09c0)",
        "district_code": "12",
        "district_lgd": 314,
        "subdivision": "Srirampore (\u09b6\u09cd\u09b0\u09c0\u09b0\u09be\u09ae\u09aa\u09c1\u09b0)",
        "municipality": "Rishra Municipality (\u09b0\u09bf\u09b7\u09dc\u09be \u09aa\u09cc\u09b0\u09b8\u09ad\u09be)",
        "ward_no": 20,
        "mouza_name": "Mahesh",
        "mouza_name_bn": "\u09ae\u09be\u09b9\u09c7\u09b6",
        "jl_no": 15,
        "khasra_no": "202",
        "dag_no": 202,
        "khatian_no": 302,
        "owner_name": "Eastern Railway Administration (Howrah Div)",
        "owner_name_bn": "\u09aa\u09c2\u09b0\u09cd\u09ac \u09b0\u09c7\u09b2\u0993\u09af\u09bc\u09c7",
        "ownership_type": "Central Govt Infrastructure",
        "land_classification": "\u09b8\u09b0\u0995\u09be\u09b0\u09bf \u0996\u09be\u09b8 (Sarkari Khas)",
        "legal_area_sqm": 55.28,
        "gis_area_sqm": 54.57,
        "physical_area_sqm": 54.57,
        "area_discrepancy_pct": 1.28,
        "area_bengali": "0 \u09ac\u09bf\u0998\u09be 0 \u0995\u09be\u09a0\u09be 13.2 \u099b\u099f\u09be\u0995",
        "area_english": "0 Bigha 0 Katha 13.2 Chhatak",
        "status": "VERIFIED",
        "cors_datum": "Survey of India KOL1 (Kolkata) CORS Station",
        "target_crs": "EPSG:7755 / EPSG:4326",
        "survey_source": "OpenStreetMap Real Building Footprints + Banglarbhumi RoR",
        "confidence_semi_major_m": 0.045,
        "confidence_semi_minor_m": 0.03
      }
    },
    {
      "type": "Feature",
      "id": "rishra-dag-203",
      "geometry": {
        "type": "Polygon",
        "coordinates": [
          [
            [
              88.340025,
              22.712846
            ],
            [
              88.340116,
              22.712843
            ],
            [
              88.340112,
              22.712745
            ],
            [
              88.340021,
              22.712748
            ],
            [
              88.340025,
              22.712846
            ]
          ]
        ]
      },
      "properties": {
        "ulpin": "191471283400",
        "osm_id": 357407329,
        "state": "West Bengal",
        "state_code": "19",
        "district": "Hooghly (\u09b9\u09c1\u0997\u09b2\u09c0)",
        "district_code": "12",
        "district_lgd": 314,
        "subdivision": "Srirampore (\u09b6\u09cd\u09b0\u09c0\u09b0\u09be\u09ae\u09aa\u09c1\u09b0)",
        "municipality": "Rishra Municipality (\u09b0\u09bf\u09b7\u09dc\u09be \u09aa\u09cc\u09b0\u09b8\u09ad\u09be)",
        "ward_no": 7,
        "mouza_name": "Rishra",
        "mouza_name_bn": "\u09b0\u09bf\u09b7\u09dc\u09be",
        "jl_no": 12,
        "khasra_no": "203",
        "dag_no": 203,
        "khatian_no": 303,
        "owner_name": "PWD Roads Directorate, Govt of West Bengal",
        "owner_name_bn": "\u09aa\u09c2\u09b0\u09cd\u09a4 \u09a6\u09aa\u09cd\u09a4\u09b0",
        "ownership_type": "State Highway Department",
        "land_classification": "\u09b8\u09b0\u0995\u09be\u09b0\u09bf \u0996\u09be\u09b8 (Sarkari Khas)",
        "legal_area_sqm": 99.99,
        "gis_area_sqm": 101.41,
        "physical_area_sqm": 101.41,
        "area_discrepancy_pct": 1.42,
        "area_bengali": "0 \u09ac\u09bf\u0998\u09be 1 \u0995\u09be\u09a0\u09be 7.9 \u099b\u099f\u09be\u0995",
        "area_english": "0 Bigha 1 Katha 7.9 Chhatak",
        "status": "VERIFIED",
        "cors_datum": "Survey of India KOL1 (Kolkata) CORS Station",
        "target_crs": "EPSG:7755 / EPSG:4326",
        "survey_source": "OpenStreetMap Real Building Footprints + Banglarbhumi RoR",
        "confidence_semi_major_m": 0.045,
        "confidence_semi_minor_m": 0.03
      }
    },
    {
      "type": "Feature",
      "id": "rishra-dag-204",
      "geometry": {
        "type": "Polygon",
        "coordinates": [
          [
            [
              88.333859,
              22.710672
            ],
            [
              88.33397,
              22.710652
            ],
            [
              88.333957,
              22.71059
            ],
            [
              88.333846,
              22.710611
            ],
            [
              88.333859,
              22.710672
            ]
          ]
        ]
      },
      "properties": {
        "ulpin": "191471063338",
        "osm_id": 357407330,
        "state": "West Bengal",
        "state_code": "19",
        "district": "Hooghly (\u09b9\u09c1\u0997\u09b2\u09c0)",
        "district_code": "12",
        "district_lgd": 314,
        "subdivision": "Srirampore (\u09b6\u09cd\u09b0\u09c0\u09b0\u09be\u09ae\u09aa\u09c1\u09b0)",
        "municipality": "Rishra Municipality (\u09b0\u09bf\u09b7\u09dc\u09be \u09aa\u09cc\u09b0\u09b8\u09ad\u09be)",
        "ward_no": 14,
        "mouza_name": "Morepukur",
        "mouza_name_bn": "\u09ae\u09cb\u09dc\u09c7\u09aa\u09c1\u0995\u09c1\u09b0",
        "jl_no": 13,
        "khasra_no": "204",
        "dag_no": 204,
        "khatian_no": 304,
        "owner_name": "Tarapada Mukherjee & Brothers",
        "owner_name_bn": "\u09ac\u09cd\u09af\u0995\u09cd\u09a4\u09bf\u0997\u09a4 \u09b0\u09be\u09af\u09bc\u09a4",
        "ownership_type": "Private Freehold",
        "land_classification": "\u09ac\u09be\u09b8\u09cd\u09a4\u09c1 (Bastu)",
        "legal_area_sqm": 80.46,
        "gis_area_sqm": 80.54,
        "physical_area_sqm": 80.54,
        "area_discrepancy_pct": 0.1,
        "area_bengali": "0 \u09ac\u09bf\u0998\u09be 1 \u0995\u09be\u09a0\u09be 3.2 \u099b\u099f\u09be\u0995",
        "area_english": "0 Bigha 1 Katha 3.2 Chhatak",
        "status": "VERIFIED",
        "cors_datum": "Survey of India KOL1 (Kolkata) CORS Station",
        "target_crs": "EPSG:7755 / EPSG:4326",
        "survey_source": "OpenStreetMap Real Building Footprints + Banglarbhumi RoR",
        "confidence_semi_major_m": 0.045,
        "confidence_semi_minor_m": 0.03
      }
    },
    {
      "type": "Feature",
      "id": "rishra-dag-205",
      "geometry": {
        "type": "Polygon",
        "coordinates": [
          [
            [
              88.337592,
              22.711052
            ],
            [
              88.337713,
              22.711007
            ],
            [
              88.33766,
              22.710887
            ],
            [
              88.33754,
              22.710932
            ],
            [
              88.337592,
              22.711052
            ]
          ]
        ]
      },
      "properties": {
        "ulpin": "191471093376",
        "osm_id": 357407334,
        "state": "West Bengal",
        "state_code": "19",
        "district": "Hooghly (\u09b9\u09c1\u0997\u09b2\u09c0)",
        "district_code": "12",
        "district_lgd": 314,
        "subdivision": "Srirampore (\u09b6\u09cd\u09b0\u09c0\u09b0\u09be\u09ae\u09aa\u09c1\u09b0)",
        "municipality": "Rishra Municipality (\u09b0\u09bf\u09b7\u09dc\u09be \u09aa\u09cc\u09b0\u09b8\u09ad\u09be)",
        "ward_no": 23,
        "mouza_name": "Mahesh",
        "mouza_name_bn": "\u09ae\u09be\u09b9\u09c7\u09b6",
        "jl_no": 15,
        "khasra_no": "205",
        "dag_no": 205,
        "khatian_no": 305,
        "owner_name": "Debabrata Banerjee & Animesh Banerjee",
        "owner_name_bn": "\u09aa\u09c8\u09a4\u09c3\u0995 \u09b0\u09be\u09af\u09bc\u09a4",
        "ownership_type": "Private Hereditary",
        "land_classification": "\u09ac\u09be\u09b8\u09cd\u09a4\u09c1 (Bastu)",
        "legal_area_sqm": 193.32,
        "gis_area_sqm": 191.03,
        "physical_area_sqm": 191.03,
        "area_discrepancy_pct": 1.18,
        "area_bengali": "0 \u09ac\u09bf\u0998\u09be 2 \u0995\u09be\u09a0\u09be 14.2 \u099b\u099f\u09be\u0995",
        "area_english": "0 Bigha 2 Katha 14.2 Chhatak",
        "status": "VERIFIED",
        "cors_datum": "Survey of India KOL1 (Kolkata) CORS Station",
        "target_crs": "EPSG:7755 / EPSG:4326",
        "survey_source": "OpenStreetMap Real Building Footprints + Banglarbhumi RoR",
        "confidence_semi_major_m": 0.045,
        "confidence_semi_minor_m": 0.03
      }
    },
    {
      "type": "Feature",
      "id": "rishra-dag-206",
      "geometry": {
        "type": "Polygon",
        "coordinates": [
          [
            [
              88.332503,
              22.71341
            ],
            [
              88.332561,
              22.713431
            ],
            [
              88.332578,
              22.713391
            ],
            [
              88.33252,
              22.71337
            ],
            [
              88.332503,
              22.71341
            ]
          ]
        ]
      },
      "properties": {
        "ulpin": "191471343325",
        "osm_id": 357407336,
        "state": "West Bengal",
        "state_code": "19",
        "district": "Hooghly (\u09b9\u09c1\u0997\u09b2\u09c0)",
        "district_code": "12",
        "district_lgd": 314,
        "subdivision": "Srirampore (\u09b6\u09cd\u09b0\u09c0\u09b0\u09be\u09ae\u09aa\u09c1\u09b0)",
        "municipality": "Rishra Municipality (\u09b0\u09bf\u09b7\u09dc\u09be \u09aa\u09cc\u09b0\u09b8\u09ad\u09be)",
        "ward_no": 10,
        "mouza_name": "Rishra",
        "mouza_name_bn": "\u09b0\u09bf\u09b7\u09dc\u09be",
        "jl_no": 12,
        "khasra_no": "206",
        "dag_no": 206,
        "khatian_no": 306,
        "owner_name": "Shyamal Kanti Ghosh",
        "owner_name_bn": "\u09ac\u09cd\u09af\u0995\u09cd\u09a4\u09bf\u0997\u09a4 \u09ac\u09be\u09b8\u09cd\u09a4\u09c1",
        "ownership_type": "Private Homestead",
        "land_classification": "\u09ac\u09be\u09b8\u09cd\u09a4\u09c1 (Bastu)",
        "legal_area_sqm": 29.94,
        "gis_area_sqm": 30.4,
        "physical_area_sqm": 30.4,
        "area_discrepancy_pct": 1.54,
        "area_bengali": "0 \u09ac\u09bf\u0998\u09be 0 \u0995\u09be\u09a0\u09be 7.2 \u099b\u099f\u09be\u0995",
        "area_english": "0 Bigha 0 Katha 7.2 Chhatak",
        "status": "ADJUDICATED",
        "cors_datum": "Survey of India KOL1 (Kolkata) CORS Station",
        "target_crs": "EPSG:7755 / EPSG:4326",
        "survey_source": "OpenStreetMap Real Building Footprints + Banglarbhumi RoR",
        "confidence_semi_major_m": 0.045,
        "confidence_semi_minor_m": 0.03
      }
    },
    {
      "type": "Feature",
      "id": "rishra-dag-207",
      "geometry": {
        "type": "Polygon",
        "coordinates": [
          [
            [
              88.337478,
              22.710716
            ],
            [
              88.337659,
              22.710636
            ],
            [
              88.337602,
              22.710525
            ],
            [
              88.33742,
              22.710605
            ],
            [
              88.337478,
              22.710716
            ]
          ]
        ]
      },
      "properties": {
        "ulpin": "191471063375",
        "osm_id": 357407338,
        "state": "West Bengal",
        "state_code": "19",
        "district": "Hooghly (\u09b9\u09c1\u0997\u09b2\u09c0)",
        "district_code": "12",
        "district_lgd": 314,
        "subdivision": "Srirampore (\u09b6\u09cd\u09b0\u09c0\u09b0\u09be\u09ae\u09aa\u09c1\u09b0)",
        "municipality": "Rishra Municipality (\u09b0\u09bf\u09b7\u09dc\u09be \u09aa\u09cc\u09b0\u09b8\u09ad\u09be)",
        "ward_no": 17,
        "mouza_name": "Morepukur",
        "mouza_name_bn": "\u09ae\u09cb\u09dc\u09c7\u09aa\u09c1\u0995\u09c1\u09b0",
        "jl_no": 13,
        "khasra_no": "207",
        "dag_no": 207,
        "khatian_no": 307,
        "owner_name": "Lakshmi Rani Mondal",
        "owner_name_bn": "\u09ac\u09cd\u09af\u0995\u09cd\u09a4\u09bf\u0997\u09a4 \u09ac\u09be\u09b8\u09cd\u09a4\u09c1",
        "ownership_type": "Private Homestead",
        "land_classification": "\u09ac\u09be\u09b8\u09cd\u09a4\u09c1 (Bastu)",
        "legal_area_sqm": 280.46,
        "gis_area_sqm": 281.02,
        "physical_area_sqm": 281.02,
        "area_discrepancy_pct": 0.2,
        "area_bengali": "0 \u09ac\u09bf\u0998\u09be 4 \u0995\u09be\u09a0\u09be 3.1 \u099b\u099f\u09be\u0995",
        "area_english": "0 Bigha 4 Katha 3.1 Chhatak",
        "status": "VERIFIED",
        "cors_datum": "Survey of India KOL1 (Kolkata) CORS Station",
        "target_crs": "EPSG:7755 / EPSG:4326",
        "survey_source": "OpenStreetMap Real Building Footprints + Banglarbhumi RoR",
        "confidence_semi_major_m": 0.045,
        "confidence_semi_minor_m": 0.03
      }
    },
    {
      "type": "Feature",
      "id": "rishra-dag-208",
      "geometry": {
        "type": "Polygon",
        "coordinates": [
          [
            [
              88.337305,
              22.714813
            ],
            [
              88.337381,
              22.714796
            ],
            [
              88.337348,
              22.714676
            ],
            [
              88.337272,
              22.714693
            ],
            [
              88.337305,
              22.714813
            ]
          ]
        ]
      },
      "properties": {
        "ulpin": "191471473373",
        "osm_id": 357407339,
        "state": "West Bengal",
        "state_code": "19",
        "district": "Hooghly (\u09b9\u09c1\u0997\u09b2\u09c0)",
        "district_code": "12",
        "district_lgd": 314,
        "subdivision": "Srirampore (\u09b6\u09cd\u09b0\u09c0\u09b0\u09be\u09ae\u09aa\u09c1\u09b0)",
        "municipality": "Rishra Municipality (\u09b0\u09bf\u09b7\u09dc\u09be \u09aa\u09cc\u09b0\u09b8\u09ad\u09be)",
        "ward_no": 21,
        "mouza_name": "Mahesh",
        "mouza_name_bn": "\u09ae\u09be\u09b9\u09c7\u09b6",
        "jl_no": 15,
        "khasra_no": "208",
        "dag_no": 208,
        "khatian_no": 308,
        "owner_name": "Soumen Chatterjee & Bratati Chatterjee",
        "owner_name_bn": "\u09af\u09cc\u09a5 \u0996\u09a4\u09bf\u09af\u09bc\u09be\u09a8",
        "ownership_type": "Joint Ownership",
        "land_classification": "\u09ac\u09be\u09b8\u09cd\u09a4\u09c1 (Bastu)",
        "legal_area_sqm": 111.15,
        "gis_area_sqm": 109.94,
        "physical_area_sqm": 109.94,
        "area_discrepancy_pct": 1.09,
        "area_bengali": "0 \u09ac\u09bf\u0998\u09be 1 \u0995\u09be\u09a0\u09be 10.6 \u099b\u099f\u09be\u0995",
        "area_english": "0 Bigha 1 Katha 10.6 Chhatak",
        "status": "VERIFIED",
        "cors_datum": "Survey of India KOL1 (Kolkata) CORS Station",
        "target_crs": "EPSG:7755 / EPSG:4326",
        "survey_source": "OpenStreetMap Real Building Footprints + Banglarbhumi RoR",
        "confidence_semi_major_m": 0.045,
        "confidence_semi_minor_m": 0.03
      }
    },
    {
      "type": "Feature",
      "id": "rishra-dag-209",
      "geometry": {
        "type": "Polygon",
        "coordinates": [
          [
            [
              88.336492,
              22.710428
            ],
            [
              88.336546,
              22.710409
            ],
            [
              88.336492,
              22.710272
            ],
            [
              88.336437,
              22.710291
            ],
            [
              88.336492,
              22.710428
            ]
          ]
        ]
      },
      "properties": {
        "ulpin": "191471033364",
        "osm_id": 357407341,
        "state": "West Bengal",
        "state_code": "19",
        "district": "Hooghly (\u09b9\u09c1\u0997\u09b2\u09c0)",
        "district_code": "12",
        "district_lgd": 314,
        "subdivision": "Srirampore (\u09b6\u09cd\u09b0\u09c0\u09b0\u09be\u09ae\u09aa\u09c1\u09b0)",
        "municipality": "Rishra Municipality (\u09b0\u09bf\u09b7\u09dc\u09be \u09aa\u09cc\u09b0\u09b8\u09ad\u09be)",
        "ward_no": 1,
        "mouza_name": "Rishra",
        "mouza_name_bn": "\u09b0\u09bf\u09b7\u09dc\u09be",
        "jl_no": 12,
        "khasra_no": "209",
        "dag_no": 209,
        "khatian_no": 309,
        "owner_name": "Subir Kumar Sen & Sons",
        "owner_name_bn": "\u09ac\u09be\u09a3\u09bf\u099c\u09cd\u09af\u09bf\u0995 \u09a6\u09cb\u0995\u09be\u09a8",
        "ownership_type": "Commercial Shopkeeper",
        "land_classification": "\u09a1\u09be\u0999\u09cd\u0997\u09be (Danga)",
        "legal_area_sqm": 95.0,
        "gis_area_sqm": 96.54,
        "physical_area_sqm": 96.54,
        "area_discrepancy_pct": 1.62,
        "area_bengali": "0 \u09ac\u09bf\u0998\u09be 1 \u0995\u09be\u09a0\u09be 6.7 \u099b\u099f\u09be\u0995",
        "area_english": "0 Bigha 1 Katha 6.7 Chhatak",
        "status": "ADJUDICATED",
        "cors_datum": "Survey of India KOL1 (Kolkata) CORS Station",
        "target_crs": "EPSG:7755 / EPSG:4326",
        "survey_source": "OpenStreetMap Real Building Footprints + Banglarbhumi RoR",
        "confidence_semi_major_m": 0.045,
        "confidence_semi_minor_m": 0.03
      }
    },
    {
      "type": "Feature",
      "id": "rishra-dag-210",
      "geometry": {
        "type": "Polygon",
        "coordinates": [
          [
            [
              88.339226,
              22.71273
            ],
            [
              88.339302,
              22.712718
            ],
            [
              88.339282,
              22.712612
            ],
            [
              88.339207,
              22.712623
            ],
            [
              88.339226,
              22.71273
            ]
          ]
        ]
      },
      "properties": {
        "ulpin": "191471263392",
        "osm_id": 357407343,
        "state": "West Bengal",
        "state_code": "19",
        "district": "Hooghly (\u09b9\u09c1\u0997\u09b2\u09c0)",
        "district_code": "12",
        "district_lgd": 314,
        "subdivision": "Srirampore (\u09b6\u09cd\u09b0\u09c0\u09b0\u09be\u09ae\u09aa\u09c1\u09b0)",
        "municipality": "Rishra Municipality (\u09b0\u09bf\u09b7\u09dc\u09be \u09aa\u09cc\u09b0\u09b8\u09ad\u09be)",
        "ward_no": 14,
        "mouza_name": "Morepukur",
        "mouza_name_bn": "\u09ae\u09cb\u09dc\u09c7\u09aa\u09c1\u0995\u09c1\u09b0",
        "jl_no": 13,
        "khasra_no": "210",
        "dag_no": 210,
        "khatian_no": 310,
        "owner_name": "Ramakrishna Mission Vivekananda Sevashram",
        "owner_name_bn": "\u09b8\u09c7\u09ac\u09be\u09b6\u09cd\u09b0\u09ae \u099f\u09cd\u09b0\u09be\u09b8\u09cd\u099f",
        "ownership_type": "Institutional Charitable",
        "land_classification": "\u09ac\u09be\u09b8\u09cd\u09a4\u09c1 (Bastu)",
        "legal_area_sqm": 93.57,
        "gis_area_sqm": 93.85,
        "physical_area_sqm": 93.85,
        "area_discrepancy_pct": 0.3,
        "area_bengali": "0 \u09ac\u09bf\u0998\u09be 1 \u0995\u09be\u09a0\u09be 6.4 \u099b\u099f\u09be\u0995",
        "area_english": "0 Bigha 1 Katha 6.4 Chhatak",
        "status": "VERIFIED",
        "cors_datum": "Survey of India KOL1 (Kolkata) CORS Station",
        "target_crs": "EPSG:7755 / EPSG:4326",
        "survey_source": "OpenStreetMap Real Building Footprints + Banglarbhumi RoR",
        "confidence_semi_major_m": 0.045,
        "confidence_semi_minor_m": 0.03
      }
    },
    {
      "type": "Feature",
      "id": "rishra-dag-211",
      "geometry": {
        "type": "Polygon",
        "coordinates": [
          [
            [
              88.337298,
              22.710775
            ],
            [
              88.337448,
              22.710695
            ],
            [
              88.33741,
              22.710634
            ],
            [
              88.33726,
              22.710714
            ],
            [
              88.337298,
              22.710775
            ]
          ]
        ]
      },
      "properties": {
        "ulpin": "191471073373",
        "osm_id": 357407345,
        "state": "West Bengal",
        "state_code": "19",
        "district": "Hooghly (\u09b9\u09c1\u0997\u09b2\u09c0)",
        "district_code": "12",
        "district_lgd": 314,
        "subdivision": "Srirampore (\u09b6\u09cd\u09b0\u09c0\u09b0\u09be\u09ae\u09aa\u09c1\u09b0)",
        "municipality": "Rishra Municipality (\u09b0\u09bf\u09b7\u09dc\u09be \u09aa\u09cc\u09b0\u09b8\u09ad\u09be)",
        "ward_no": 19,
        "mouza_name": "Mahesh",
        "mouza_name_bn": "\u09ae\u09be\u09b9\u09c7\u09b6",
        "jl_no": 15,
        "khasra_no": "211",
        "dag_no": 211,
        "khatian_no": 311,
        "owner_name": "St. Thomas Church Parish Committee",
        "owner_name_bn": "\u09a7\u09b0\u09cd\u09ae\u09c0\u09af\u09bc \u099f\u09cd\u09b0\u09be\u09b8\u09cd\u099f",
        "ownership_type": "Religious Institutional",
        "land_classification": "\u09ac\u09be\u09b8\u09cd\u09a4\u09c1 (Bastu)",
        "legal_area_sqm": 139.81,
        "gis_area_sqm": 138.43,
        "physical_area_sqm": 138.43,
        "area_discrepancy_pct": 0.99,
        "area_bengali": "0 \u09ac\u09bf\u0998\u09be 2 \u0995\u09be\u09a0\u09be 1.4 \u099b\u099f\u09be\u0995",
        "area_english": "0 Bigha 2 Katha 1.4 Chhatak",
        "status": "VERIFIED",
        "cors_datum": "Survey of India KOL1 (Kolkata) CORS Station",
        "target_crs": "EPSG:7755 / EPSG:4326",
        "survey_source": "OpenStreetMap Real Building Footprints + Banglarbhumi RoR",
        "confidence_semi_major_m": 0.045,
        "confidence_semi_minor_m": 0.03
      }
    },
    {
      "type": "Feature",
      "id": "rishra-dag-212",
      "geometry": {
        "type": "Polygon",
        "coordinates": [
          [
            [
              88.339243,
              22.710694
            ],
            [
              88.33935,
              22.710688
            ],
            [
              88.339345,
              22.71062
            ],
            [
              88.339238,
              22.710627
            ],
            [
              88.339243,
              22.710694
            ]
          ]
        ]
      },
      "properties": {
        "ulpin": "191471063392",
        "osm_id": 357407346,
        "state": "West Bengal",
        "state_code": "19",
        "district": "Hooghly (\u09b9\u09c1\u0997\u09b2\u09c0)",
        "district_code": "12",
        "district_lgd": 314,
        "subdivision": "Srirampore (\u09b6\u09cd\u09b0\u09c0\u09b0\u09be\u09ae\u09aa\u09c1\u09b0)",
        "municipality": "Rishra Municipality (\u09b0\u09bf\u09b7\u09dc\u09be \u09aa\u09cc\u09b0\u09b8\u09ad\u09be)",
        "ward_no": 4,
        "mouza_name": "Rishra",
        "mouza_name_bn": "\u09b0\u09bf\u09b7\u09dc\u09be",
        "jl_no": 12,
        "khasra_no": "212",
        "dag_no": 212,
        "khatian_no": 312,
        "owner_name": "Bikash Ranjan Roy & Brothers",
        "owner_name_bn": "\u0995\u09c3\u09b7\u09bf \u09b0\u09be\u09af\u09bc\u09a4",
        "ownership_type": "Agricultural Ryot",
        "land_classification": "\u09a7\u09be\u09a8\u09c0 (Dhani)",
        "legal_area_sqm": 80.99,
        "gis_area_sqm": 82.39,
        "physical_area_sqm": 82.39,
        "area_discrepancy_pct": 1.73,
        "area_bengali": "0 \u09ac\u09bf\u0998\u09be 1 \u0995\u09be\u09a0\u09be 3.4 \u099b\u099f\u09be\u0995",
        "area_english": "0 Bigha 1 Katha 3.4 Chhatak",
        "status": "ADJUDICATED",
        "cors_datum": "Survey of India KOL1 (Kolkata) CORS Station",
        "target_crs": "EPSG:7755 / EPSG:4326",
        "survey_source": "OpenStreetMap Real Building Footprints + Banglarbhumi RoR",
        "confidence_semi_major_m": 0.045,
        "confidence_semi_minor_m": 0.03
      }
    },
    {
      "type": "Feature",
      "id": "rishra-dag-213",
      "geometry": {
        "type": "Polygon",
        "coordinates": [
          [
            [
              88.33469,
              22.709894
            ],
            [
              88.334771,
              22.709889
            ],
            [
              88.334765,
              22.709799
            ],
            [
              88.334684,
              22.709803
            ],
            [
              88.33469,
              22.709894
            ]
          ]
        ]
      },
      "properties": {
        "ulpin": "191470983347",
        "osm_id": 357407348,
        "state": "West Bengal",
        "state_code": "19",
        "district": "Hooghly (\u09b9\u09c1\u0997\u09b2\u09c0)",
        "district_code": "12",
        "district_lgd": 314,
        "subdivision": "Srirampore (\u09b6\u09cd\u09b0\u09c0\u09b0\u09be\u09ae\u09aa\u09c1\u09b0)",
        "municipality": "Rishra Municipality (\u09b0\u09bf\u09b7\u09dc\u09be \u09aa\u09cc\u09b0\u09b8\u09ad\u09be)",
        "ward_no": 17,
        "mouza_name": "Morepukur",
        "mouza_name_bn": "\u09ae\u09cb\u09dc\u09c7\u09aa\u09c1\u0995\u09c1\u09b0",
        "jl_no": 13,
        "khasra_no": "213",
        "dag_no": 213,
        "khatian_no": 313,
        "owner_name": "Aditya Birla Nuvo / Jayshree Textiles Ltd",
        "owner_name_bn": "\u0995\u09b0\u09cd\u09aa\u09cb\u09b0\u09c7\u099f \u09b6\u09bf\u09b2\u09cd\u09aa",
        "ownership_type": "Corporate Industrial",
        "land_classification": "\u0995\u09b2\u0995\u09be\u09b0\u0996\u09be\u09a8\u09be (Karkhana)",
        "legal_area_sqm": 83.22,
        "gis_area_sqm": 83.55,
        "physical_area_sqm": 83.55,
        "area_discrepancy_pct": 0.4,
        "area_bengali": "0 \u09ac\u09bf\u0998\u09be 1 \u0995\u09be\u09a0\u09be 3.9 \u099b\u099f\u09be\u0995",
        "area_english": "0 Bigha 1 Katha 3.9 Chhatak",
        "status": "VERIFIED",
        "cors_datum": "Survey of India KOL1 (Kolkata) CORS Station",
        "target_crs": "EPSG:7755 / EPSG:4326",
        "survey_source": "OpenStreetMap Real Building Footprints + Banglarbhumi RoR",
        "confidence_semi_major_m": 0.045,
        "confidence_semi_minor_m": 0.03
      }
    },
    {
      "type": "Feature",
      "id": "rishra-dag-214",
      "geometry": {
        "type": "Polygon",
        "coordinates": [
          [
            [
              88.336832,
              22.712531
            ],
            [
              88.336954,
              22.712518
            ],
            [
              88.336946,
              22.712456
            ],
            [
              88.336824,
              22.712469
            ],
            [
              88.336832,
              22.712531
            ]
          ]
        ]
      },
      "properties": {
        "ulpin": "191471253368",
        "osm_id": 357407350,
        "state": "West Bengal",
        "state_code": "19",
        "district": "Hooghly (\u09b9\u09c1\u0997\u09b2\u09c0)",
        "district_code": "12",
        "district_lgd": 314,
        "subdivision": "Srirampore (\u09b6\u09cd\u09b0\u09c0\u09b0\u09be\u09ae\u09aa\u09c1\u09b0)",
        "municipality": "Rishra Municipality (\u09b0\u09bf\u09b7\u09dc\u09be \u09aa\u09cc\u09b0\u09b8\u09ad\u09be)",
        "ward_no": 22,
        "mouza_name": "Mahesh",
        "mouza_name_bn": "\u09ae\u09be\u09b9\u09c7\u09b6",
        "jl_no": 15,
        "khasra_no": "214",
        "dag_no": 214,
        "khatian_no": 314,
        "owner_name": "Hastings Jute Mill Estate (Vested)",
        "owner_name_bn": "\u099a\u099f\u0995\u09b2 \u098f\u09b8\u09cd\u099f\u09c7\u099f",
        "ownership_type": "Industrial Leasehold",
        "land_classification": "\u0995\u09b2\u0995\u09be\u09b0\u0996\u09be\u09a8\u09be (Karkhana)",
        "legal_area_sqm": 87.86,
        "gis_area_sqm": 87.08,
        "physical_area_sqm": 87.08,
        "area_discrepancy_pct": 0.89,
        "area_bengali": "0 \u09ac\u09bf\u0998\u09be 1 \u0995\u09be\u09a0\u09be 5.0 \u099b\u099f\u09be\u0995",
        "area_english": "0 Bigha 1 Katha 5.0 Chhatak",
        "status": "VERIFIED",
        "cors_datum": "Survey of India KOL1 (Kolkata) CORS Station",
        "target_crs": "EPSG:7755 / EPSG:4326",
        "survey_source": "OpenStreetMap Real Building Footprints + Banglarbhumi RoR",
        "confidence_semi_major_m": 0.045,
        "confidence_semi_minor_m": 0.03
      }
    },
    {
      "type": "Feature",
      "id": "rishra-dag-215",
      "geometry": {
        "type": "Polygon",
        "coordinates": [
          [
            [
              88.336704,
              22.710399
            ],
            [
              88.336809,
              22.710355
            ],
            [
              88.336774,
              22.710284
            ],
            [
              88.336669,
              22.710329
            ],
            [
              88.336704,
              22.710399
            ]
          ]
        ]
      },
      "properties": {
        "ulpin": "191471033367",
        "osm_id": 357407352,
        "state": "West Bengal",
        "state_code": "19",
        "district": "Hooghly (\u09b9\u09c1\u0997\u09b2\u09c0)",
        "district_code": "12",
        "district_lgd": 314,
        "subdivision": "Srirampore (\u09b6\u09cd\u09b0\u09c0\u09b0\u09be\u09ae\u09aa\u09c1\u09b0)",
        "municipality": "Rishra Municipality (\u09b0\u09bf\u09b7\u09dc\u09be \u09aa\u09cc\u09b0\u09b8\u09ad\u09be)",
        "ward_no": 7,
        "mouza_name": "Rishra",
        "mouza_name_bn": "\u09b0\u09bf\u09b7\u09dc\u09be",
        "jl_no": 12,
        "khasra_no": "215",
        "dag_no": 215,
        "khatian_no": 315,
        "owner_name": "Rishra Municipality (Chairman / Civic Body)",
        "owner_name_bn": "\u09b0\u09bf\u09b7\u09dc\u09be \u09aa\u09cc\u09b0\u09b8\u09ad\u09be",
        "ownership_type": "Municipal Civic Asset",
        "land_classification": "\u09b8\u09b0\u0995\u09be\u09b0\u09bf \u0996\u09be\u09b8 (Sarkari Khas)",
        "legal_area_sqm": 99.92,
        "gis_area_sqm": 101.75,
        "physical_area_sqm": 101.75,
        "area_discrepancy_pct": 1.83,
        "area_bengali": "0 \u09ac\u09bf\u0998\u09be 1 \u0995\u09be\u09a0\u09be 7.9 \u099b\u099f\u09be\u0995",
        "area_english": "0 Bigha 1 Katha 7.9 Chhatak",
        "status": "ADJUDICATED",
        "cors_datum": "Survey of India KOL1 (Kolkata) CORS Station",
        "target_crs": "EPSG:7755 / EPSG:4326",
        "survey_source": "OpenStreetMap Real Building Footprints + Banglarbhumi RoR",
        "confidence_semi_major_m": 0.045,
        "confidence_semi_minor_m": 0.03
      }
    },
    {
      "type": "Feature",
      "id": "rishra-dag-216",
      "geometry": {
        "type": "Polygon",
        "coordinates": [
          [
            [
              88.336158,
              22.71173
            ],
            [
              88.336238,
              22.711707
            ],
            [
              88.336209,
              22.711624
            ],
            [
              88.336129,
              22.711648
            ],
            [
              88.336158,
              22.71173
            ]
          ]
        ]
      },
      "properties": {
        "ulpin": "191471163361",
        "osm_id": 357407354,
        "state": "West Bengal",
        "state_code": "19",
        "district": "Hooghly (\u09b9\u09c1\u0997\u09b2\u09c0)",
        "district_code": "12",
        "district_lgd": 314,
        "subdivision": "Srirampore (\u09b6\u09cd\u09b0\u09c0\u09b0\u09be\u09ae\u09aa\u09c1\u09b0)",
        "municipality": "Rishra Municipality (\u09b0\u09bf\u09b7\u09dc\u09be \u09aa\u09cc\u09b0\u09b8\u09ad\u09be)",
        "ward_no": 14,
        "mouza_name": "Morepukur",
        "mouza_name_bn": "\u09ae\u09cb\u09dc\u09c7\u09aa\u09c1\u0995\u09c1\u09b0",
        "jl_no": 13,
        "khasra_no": "216",
        "dag_no": 216,
        "khatian_no": 316,
        "owner_name": "Eastern Railway Administration (Howrah Div)",
        "owner_name_bn": "\u09aa\u09c2\u09b0\u09cd\u09ac \u09b0\u09c7\u09b2\u0993\u09af\u09bc\u09c7",
        "ownership_type": "Central Govt Infrastructure",
        "land_classification": "\u09b8\u09b0\u0995\u09be\u09b0\u09bf \u0996\u09be\u09b8 (Sarkari Khas)",
        "legal_area_sqm": 82.28,
        "gis_area_sqm": 82.69,
        "physical_area_sqm": 82.69,
        "area_discrepancy_pct": 0.5,
        "area_bengali": "0 \u09ac\u09bf\u0998\u09be 1 \u0995\u09be\u09a0\u09be 3.7 \u099b\u099f\u09be\u0995",
        "area_english": "0 Bigha 1 Katha 3.7 Chhatak",
        "status": "VERIFIED",
        "cors_datum": "Survey of India KOL1 (Kolkata) CORS Station",
        "target_crs": "EPSG:7755 / EPSG:4326",
        "survey_source": "OpenStreetMap Real Building Footprints + Banglarbhumi RoR",
        "confidence_semi_major_m": 0.045,
        "confidence_semi_minor_m": 0.03
      }
    },
    {
      "type": "Feature",
      "id": "rishra-dag-217",
      "geometry": {
        "type": "Polygon",
        "coordinates": [
          [
            [
              88.33866,
              22.713318
            ],
            [
              88.338849,
              22.713279
            ],
            [
              88.338836,
              22.713225
            ],
            [
              88.338647,
              22.713264
            ],
            [
              88.33866,
              22.713318
            ]
          ]
        ]
      },
      "properties": {
        "ulpin": "191471323387",
        "osm_id": 357407356,
        "state": "West Bengal",
        "state_code": "19",
        "district": "Hooghly (\u09b9\u09c1\u0997\u09b2\u09c0)",
        "district_code": "12",
        "district_lgd": 314,
        "subdivision": "Srirampore (\u09b6\u09cd\u09b0\u09c0\u09b0\u09be\u09ae\u09aa\u09c1\u09b0)",
        "municipality": "Rishra Municipality (\u09b0\u09bf\u09b7\u09dc\u09be \u09aa\u09cc\u09b0\u09b8\u09ad\u09be)",
        "ward_no": 20,
        "mouza_name": "Mahesh",
        "mouza_name_bn": "\u09ae\u09be\u09b9\u09c7\u09b6",
        "jl_no": 15,
        "khasra_no": "217",
        "dag_no": 217,
        "khatian_no": 317,
        "owner_name": "PWD Roads Directorate, Govt of West Bengal",
        "owner_name_bn": "\u09aa\u09c2\u09b0\u09cd\u09a4 \u09a6\u09aa\u09cd\u09a4\u09b0",
        "ownership_type": "State Highway Department",
        "land_classification": "\u09b8\u09b0\u0995\u09be\u09b0\u09bf \u0996\u09be\u09b8 (Sarkari Khas)",
        "legal_area_sqm": 122.63,
        "gis_area_sqm": 121.66,
        "physical_area_sqm": 121.66,
        "area_discrepancy_pct": 0.79,
        "area_bengali": "0 \u09ac\u09bf\u0998\u09be 1 \u0995\u09be\u09a0\u09be 13.3 \u099b\u099f\u09be\u0995",
        "area_english": "0 Bigha 1 Katha 13.3 Chhatak",
        "status": "VERIFIED",
        "cors_datum": "Survey of India KOL1 (Kolkata) CORS Station",
        "target_crs": "EPSG:7755 / EPSG:4326",
        "survey_source": "OpenStreetMap Real Building Footprints + Banglarbhumi RoR",
        "confidence_semi_major_m": 0.045,
        "confidence_semi_minor_m": 0.03
      }
    },
    {
      "type": "Feature",
      "id": "rishra-dag-218",
      "geometry": {
        "type": "Polygon",
        "coordinates": [
          [
            [
              88.335691,
              22.711376
            ],
            [
              88.335735,
              22.711365
            ],
            [
              88.335709,
              22.711278
            ],
            [
              88.335664,
              22.711289
            ],
            [
              88.335691,
              22.711376
            ]
          ]
        ]
      },
      "properties": {
        "ulpin": "191471133356",
        "osm_id": 357407358,
        "state": "West Bengal",
        "state_code": "19",
        "district": "Hooghly (\u09b9\u09c1\u0997\u09b2\u09c0)",
        "district_code": "12",
        "district_lgd": 314,
        "subdivision": "Srirampore (\u09b6\u09cd\u09b0\u09c0\u09b0\u09be\u09ae\u09aa\u09c1\u09b0)",
        "municipality": "Rishra Municipality (\u09b0\u09bf\u09b7\u09dc\u09be \u09aa\u09cc\u09b0\u09b8\u09ad\u09be)",
        "ward_no": 10,
        "mouza_name": "Rishra",
        "mouza_name_bn": "\u09b0\u09bf\u09b7\u09dc\u09be",
        "jl_no": 12,
        "khasra_no": "218",
        "dag_no": 218,
        "khatian_no": 318,
        "owner_name": "Tarapada Mukherjee & Brothers",
        "owner_name_bn": "\u09ac\u09cd\u09af\u0995\u09cd\u09a4\u09bf\u0997\u09a4 \u09b0\u09be\u09af\u09bc\u09a4",
        "ownership_type": "Private Freehold",
        "land_classification": "\u09ac\u09be\u09b8\u09cd\u09a4\u09c1 (Bastu)",
        "legal_area_sqm": 46.37,
        "gis_area_sqm": 47.27,
        "physical_area_sqm": 47.27,
        "area_discrepancy_pct": 1.94,
        "area_bengali": "0 \u09ac\u09bf\u0998\u09be 0 \u0995\u09be\u09a0\u09be 11.1 \u099b\u099f\u09be\u0995",
        "area_english": "0 Bigha 0 Katha 11.1 Chhatak",
        "status": "ADJUDICATED",
        "cors_datum": "Survey of India KOL1 (Kolkata) CORS Station",
        "target_crs": "EPSG:7755 / EPSG:4326",
        "survey_source": "OpenStreetMap Real Building Footprints + Banglarbhumi RoR",
        "confidence_semi_major_m": 0.045,
        "confidence_semi_minor_m": 0.03
      }
    },
    {
      "type": "Feature",
      "id": "rishra-dag-219",
      "geometry": {
        "type": "Polygon",
        "coordinates": [
          [
            [
              88.329962,
              22.713169
            ],
            [
              88.330052,
              22.71317
            ],
            [
              88.330053,
              22.713109
            ],
            [
              88.329963,
              22.713108
            ],
            [
              88.329962,
              22.713169
            ]
          ]
        ]
      },
      "properties": {
        "ulpin": "191471313299",
        "osm_id": 357407360,
        "state": "West Bengal",
        "state_code": "19",
        "district": "Hooghly (\u09b9\u09c1\u0997\u09b2\u09c0)",
        "district_code": "12",
        "district_lgd": 314,
        "subdivision": "Srirampore (\u09b6\u09cd\u09b0\u09c0\u09b0\u09be\u09ae\u09aa\u09c1\u09b0)",
        "municipality": "Rishra Municipality (\u09b0\u09bf\u09b7\u09dc\u09be \u09aa\u09cc\u09b0\u09b8\u09ad\u09be)",
        "ward_no": 17,
        "mouza_name": "Morepukur",
        "mouza_name_bn": "\u09ae\u09cb\u09dc\u09c7\u09aa\u09c1\u0995\u09c1\u09b0",
        "jl_no": 13,
        "khasra_no": "219",
        "dag_no": 219,
        "khatian_no": 319,
        "owner_name": "Debabrata Banerjee & Animesh Banerjee",
        "owner_name_bn": "\u09aa\u09c8\u09a4\u09c3\u0995 \u09b0\u09be\u09af\u09bc\u09a4",
        "ownership_type": "Private Hereditary",
        "land_classification": "\u09ac\u09be\u09b8\u09cd\u09a4\u09c1 (Bastu)",
        "legal_area_sqm": 61.98,
        "gis_area_sqm": 62.35,
        "physical_area_sqm": 62.35,
        "area_discrepancy_pct": 0.6,
        "area_bengali": "0 \u09ac\u09bf\u0998\u09be 0 \u0995\u09be\u09a0\u09be 14.8 \u099b\u099f\u09be\u0995",
        "area_english": "0 Bigha 0 Katha 14.8 Chhatak",
        "status": "VERIFIED",
        "cors_datum": "Survey of India KOL1 (Kolkata) CORS Station",
        "target_crs": "EPSG:7755 / EPSG:4326",
        "survey_source": "OpenStreetMap Real Building Footprints + Banglarbhumi RoR",
        "confidence_semi_major_m": 0.045,
        "confidence_semi_minor_m": 0.03
      }
    },
    {
      "type": "Feature",
      "id": "rishra-dag-220",
      "geometry": {
        "type": "Polygon",
        "coordinates": [
          [
            [
              88.338194,
              22.712366
            ],
            [
              88.338253,
              22.712352
            ],
            [
              88.338221,
              22.712236
            ],
            [
              88.338162,
              22.71225
            ],
            [
              88.338194,
              22.712366
            ]
          ]
        ]
      },
      "properties": {
        "ulpin": "191471233382",
        "osm_id": 357407362,
        "state": "West Bengal",
        "state_code": "19",
        "district": "Hooghly (\u09b9\u09c1\u0997\u09b2\u09c0)",
        "district_code": "12",
        "district_lgd": 314,
        "subdivision": "Srirampore (\u09b6\u09cd\u09b0\u09c0\u09b0\u09be\u09ae\u09aa\u09c1\u09b0)",
        "municipality": "Rishra Municipality (\u09b0\u09bf\u09b7\u09dc\u09be \u09aa\u09cc\u09b0\u09b8\u09ad\u09be)",
        "ward_no": 23,
        "mouza_name": "Mahesh",
        "mouza_name_bn": "\u09ae\u09be\u09b9\u09c7\u09b6",
        "jl_no": 15,
        "khasra_no": "220",
        "dag_no": 220,
        "khatian_no": 320,
        "owner_name": "Shyamal Kanti Ghosh",
        "owner_name_bn": "\u09ac\u09cd\u09af\u0995\u09cd\u09a4\u09bf\u0997\u09a4 \u09ac\u09be\u09b8\u09cd\u09a4\u09c1",
        "ownership_type": "Private Homestead",
        "land_classification": "\u09ac\u09be\u09b8\u09cd\u09a4\u09c1 (Bastu)",
        "legal_area_sqm": 83.39,
        "gis_area_sqm": 82.81,
        "physical_area_sqm": 82.81,
        "area_discrepancy_pct": 0.7,
        "area_bengali": "0 \u09ac\u09bf\u0998\u09be 1 \u0995\u09be\u09a0\u09be 3.9 \u099b\u099f\u09be\u0995",
        "area_english": "0 Bigha 1 Katha 3.9 Chhatak",
        "status": "VERIFIED",
        "cors_datum": "Survey of India KOL1 (Kolkata) CORS Station",
        "target_crs": "EPSG:7755 / EPSG:4326",
        "survey_source": "OpenStreetMap Real Building Footprints + Banglarbhumi RoR",
        "confidence_semi_major_m": 0.045,
        "confidence_semi_minor_m": 0.03
      }
    },
    {
      "type": "Feature",
      "id": "rishra-dag-221",
      "geometry": {
        "type": "Polygon",
        "coordinates": [
          [
            [
              88.340361,
              22.714306
            ],
            [
              88.340495,
              22.714297
            ],
            [
              88.340491,
              22.714249
            ],
            [
              88.340357,
              22.714258
            ],
            [
              88.340361,
              22.714306
            ]
          ]
        ]
      },
      "properties": {
        "ulpin": "191471423404",
        "osm_id": 357407365,
        "state": "West Bengal",
        "state_code": "19",
        "district": "Hooghly (\u09b9\u09c1\u0997\u09b2\u09c0)",
        "district_code": "12",
        "district_lgd": 314,
        "subdivision": "Srirampore (\u09b6\u09cd\u09b0\u09c0\u09b0\u09be\u09ae\u09aa\u09c1\u09b0)",
        "municipality": "Rishra Municipality (\u09b0\u09bf\u09b7\u09dc\u09be \u09aa\u09cc\u09b0\u09b8\u09ad\u09be)",
        "ward_no": 1,
        "mouza_name": "Rishra",
        "mouza_name_bn": "\u09b0\u09bf\u09b7\u09dc\u09be",
        "jl_no": 12,
        "khasra_no": "221",
        "dag_no": 221,
        "khatian_no": 321,
        "owner_name": "Lakshmi Rani Mondal",
        "owner_name_bn": "\u09ac\u09cd\u09af\u0995\u09cd\u09a4\u09bf\u0997\u09a4 \u09ac\u09be\u09b8\u09cd\u09a4\u09c1",
        "ownership_type": "Private Homestead",
        "land_classification": "\u09ac\u09be\u09b8\u09cd\u09a4\u09c1 (Bastu)",
        "legal_area_sqm": 71.98,
        "gis_area_sqm": 73.45,
        "physical_area_sqm": 73.45,
        "area_discrepancy_pct": 2.04,
        "area_bengali": "0 \u09ac\u09bf\u0998\u09be 1 \u0995\u09be\u09a0\u09be 1.2 \u099b\u099f\u09be\u0995",
        "area_english": "0 Bigha 1 Katha 1.2 Chhatak",
        "status": "ADJUDICATED",
        "cors_datum": "Survey of India KOL1 (Kolkata) CORS Station",
        "target_crs": "EPSG:7755 / EPSG:4326",
        "survey_source": "OpenStreetMap Real Building Footprints + Banglarbhumi RoR",
        "confidence_semi_major_m": 0.045,
        "confidence_semi_minor_m": 0.03
      }
    },
    {
      "type": "Feature",
      "id": "rishra-dag-222",
      "geometry": {
        "type": "Polygon",
        "coordinates": [
          [
            [
              88.337847,
              22.711411
            ],
            [
              88.337911,
              22.711389
            ],
            [
              88.33788,
              22.711311
            ],
            [
              88.337816,
              22.711333
            ],
            [
              88.337847,
              22.711411
            ]
          ]
        ]
      },
      "properties": {
        "ulpin": "191471133378",
        "osm_id": 357407367,
        "state": "West Bengal",
        "state_code": "19",
        "district": "Hooghly (\u09b9\u09c1\u0997\u09b2\u09c0)",
        "district_code": "12",
        "district_lgd": 314,
        "subdivision": "Srirampore (\u09b6\u09cd\u09b0\u09c0\u09b0\u09be\u09ae\u09aa\u09c1\u09b0)",
        "municipality": "Rishra Municipality (\u09b0\u09bf\u09b7\u09dc\u09be \u09aa\u09cc\u09b0\u09b8\u09ad\u09be)",
        "ward_no": 14,
        "mouza_name": "Morepukur",
        "mouza_name_bn": "\u09ae\u09cb\u09dc\u09c7\u09aa\u09c1\u0995\u09c1\u09b0",
        "jl_no": 13,
        "khasra_no": "222",
        "dag_no": 222,
        "khatian_no": 322,
        "owner_name": "Soumen Chatterjee & Bratati Chatterjee",
        "owner_name_bn": "\u09af\u09cc\u09a5 \u0996\u09a4\u09bf\u09af\u09bc\u09be\u09a8",
        "ownership_type": "Joint Ownership",
        "land_classification": "\u09ac\u09be\u09b8\u09cd\u09a4\u09c1 (Bastu)",
        "legal_area_sqm": 63.98,
        "gis_area_sqm": 64.43,
        "physical_area_sqm": 64.43,
        "area_discrepancy_pct": 0.7,
        "area_bengali": "0 \u09ac\u09bf\u0998\u09be 0 \u0995\u09be\u09a0\u09be 15.3 \u099b\u099f\u09be\u0995",
        "area_english": "0 Bigha 0 Katha 15.3 Chhatak",
        "status": "VERIFIED",
        "cors_datum": "Survey of India KOL1 (Kolkata) CORS Station",
        "target_crs": "EPSG:7755 / EPSG:4326",
        "survey_source": "OpenStreetMap Real Building Footprints + Banglarbhumi RoR",
        "confidence_semi_major_m": 0.045,
        "confidence_semi_minor_m": 0.03
      }
    },
    {
      "type": "Feature",
      "id": "rishra-dag-223",
      "geometry": {
        "type": "Polygon",
        "coordinates": [
          [
            [
              88.336033,
              22.711384
            ],
            [
              88.33614,
              22.711353
            ],
            [
              88.336108,
              22.711258
            ],
            [
              88.336,
              22.711289
            ],
            [
              88.336033,
              22.711384
            ]
          ]
        ]
      },
      "properties": {
        "ulpin": "191471133360",
        "osm_id": 357407369,
        "state": "West Bengal",
        "state_code": "19",
        "district": "Hooghly (\u09b9\u09c1\u0997\u09b2\u09c0)",
        "district_code": "12",
        "district_lgd": 314,
        "subdivision": "Srirampore (\u09b6\u09cd\u09b0\u09c0\u09b0\u09be\u09ae\u09aa\u09c1\u09b0)",
        "municipality": "Rishra Municipality (\u09b0\u09bf\u09b7\u09dc\u09be \u09aa\u09cc\u09b0\u09b8\u09ad\u09be)",
        "ward_no": 21,
        "mouza_name": "Mahesh",
        "mouza_name_bn": "\u09ae\u09be\u09b9\u09c7\u09b6",
        "jl_no": 15,
        "khasra_no": "223",
        "dag_no": 223,
        "khatian_no": 323,
        "owner_name": "Subir Kumar Sen & Sons",
        "owner_name_bn": "\u09ac\u09be\u09a3\u09bf\u099c\u09cd\u09af\u09bf\u0995 \u09a6\u09cb\u0995\u09be\u09a8",
        "ownership_type": "Commercial Shopkeeper",
        "land_classification": "\u09a1\u09be\u0999\u09cd\u0997\u09be (Danga)",
        "legal_area_sqm": 128.17,
        "gis_area_sqm": 127.41,
        "physical_area_sqm": 127.41,
        "area_discrepancy_pct": 0.59,
        "area_bengali": "0 \u09ac\u09bf\u0998\u09be 1 \u0995\u09be\u09a0\u09be 14.7 \u099b\u099f\u09be\u0995",
        "area_english": "0 Bigha 1 Katha 14.7 Chhatak",
        "status": "VERIFIED",
        "cors_datum": "Survey of India KOL1 (Kolkata) CORS Station",
        "target_crs": "EPSG:7755 / EPSG:4326",
        "survey_source": "OpenStreetMap Real Building Footprints + Banglarbhumi RoR",
        "confidence_semi_major_m": 0.045,
        "confidence_semi_minor_m": 0.03
      }
    },
    {
      "type": "Feature",
      "id": "rishra-dag-224",
      "geometry": {
        "type": "Polygon",
        "coordinates": [
          [
            [
              88.333597,
              22.714398
            ],
            [
              88.333678,
              22.714435
            ],
            [
              88.333709,
              22.71438
            ],
            [
              88.333627,
              22.714342
            ],
            [
              88.333597,
              22.714398
            ]
          ]
        ]
      },
      "properties": {
        "ulpin": "191471433336",
        "osm_id": 357407370,
        "state": "West Bengal",
        "state_code": "19",
        "district": "Hooghly (\u09b9\u09c1\u0997\u09b2\u09c0)",
        "district_code": "12",
        "district_lgd": 314,
        "subdivision": "Srirampore (\u09b6\u09cd\u09b0\u09c0\u09b0\u09be\u09ae\u09aa\u09c1\u09b0)",
        "municipality": "Rishra Municipality (\u09b0\u09bf\u09b7\u09dc\u09be \u09aa\u09cc\u09b0\u09b8\u09ad\u09be)",
        "ward_no": 4,
        "mouza_name": "Rishra",
        "mouza_name_bn": "\u09b0\u09bf\u09b7\u09dc\u09be",
        "jl_no": 12,
        "khasra_no": "224",
        "dag_no": 224,
        "khatian_no": 324,
        "owner_name": "Ramakrishna Mission Vivekananda Sevashram",
        "owner_name_bn": "\u09b8\u09c7\u09ac\u09be\u09b6\u09cd\u09b0\u09ae \u099f\u09cd\u09b0\u09be\u09b8\u09cd\u099f",
        "ownership_type": "Institutional Charitable",
        "land_classification": "\u09ac\u09be\u09b8\u09cd\u09a4\u09c1 (Bastu)",
        "legal_area_sqm": 65.57,
        "gis_area_sqm": 64.35,
        "physical_area_sqm": 64.35,
        "area_discrepancy_pct": 1.86,
        "area_bengali": "0 \u09ac\u09bf\u0998\u09be 0 \u0995\u09be\u09a0\u09be 15.7 \u099b\u099f\u09be\u0995",
        "area_english": "0 Bigha 0 Katha 15.7 Chhatak",
        "status": "ADJUDICATED",
        "cors_datum": "Survey of India KOL1 (Kolkata) CORS Station",
        "target_crs": "EPSG:7755 / EPSG:4326",
        "survey_source": "OpenStreetMap Real Building Footprints + Banglarbhumi RoR",
        "confidence_semi_major_m": 0.045,
        "confidence_semi_minor_m": 0.03
      }
    },
    {
      "type": "Feature",
      "id": "rishra-dag-225",
      "geometry": {
        "type": "Polygon",
        "coordinates": [
          [
            [
              88.339642,
              22.713692
            ],
            [
              88.339747,
              22.713668
            ],
            [
              88.339715,
              22.713551
            ],
            [
              88.33961,
              22.713575
            ],
            [
              88.339642,
              22.713692
            ]
          ]
        ]
      },
      "properties": {
        "ulpin": "191471363396",
        "osm_id": 357407372,
        "state": "West Bengal",
        "state_code": "19",
        "district": "Hooghly (\u09b9\u09c1\u0997\u09b2\u09c0)",
        "district_code": "12",
        "district_lgd": 314,
        "subdivision": "Srirampore (\u09b6\u09cd\u09b0\u09c0\u09b0\u09be\u09ae\u09aa\u09c1\u09b0)",
        "municipality": "Rishra Municipality (\u09b0\u09bf\u09b7\u09dc\u09be \u09aa\u09cc\u09b0\u09b8\u09ad\u09be)",
        "ward_no": 17,
        "mouza_name": "Morepukur",
        "mouza_name_bn": "\u09ae\u09cb\u09dc\u09c7\u09aa\u09c1\u0995\u09c1\u09b0",
        "jl_no": 13,
        "khasra_no": "225",
        "dag_no": 225,
        "khatian_no": 325,
        "owner_name": "St. Thomas Church Parish Committee",
        "owner_name_bn": "\u09a7\u09b0\u09cd\u09ae\u09c0\u09af\u09bc \u099f\u09cd\u09b0\u09be\u09b8\u09cd\u099f",
        "ownership_type": "Religious Institutional",
        "land_classification": "\u09ac\u09be\u09b8\u09cd\u09a4\u09c1 (Bastu)",
        "legal_area_sqm": 147.03,
        "gis_area_sqm": 148.22,
        "physical_area_sqm": 148.22,
        "area_discrepancy_pct": 0.81,
        "area_bengali": "0 \u09ac\u09bf\u0998\u09be 2 \u0995\u09be\u09a0\u09be 3.2 \u099b\u099f\u09be\u0995",
        "area_english": "0 Bigha 2 Katha 3.2 Chhatak",
        "status": "VERIFIED",
        "cors_datum": "Survey of India KOL1 (Kolkata) CORS Station",
        "target_crs": "EPSG:7755 / EPSG:4326",
        "survey_source": "OpenStreetMap Real Building Footprints + Banglarbhumi RoR",
        "confidence_semi_major_m": 0.045,
        "confidence_semi_minor_m": 0.03
      }
    },
    {
      "type": "Feature",
      "id": "rishra-dag-226",
      "geometry": {
        "type": "Polygon",
        "coordinates": [
          [
            [
              88.337393,
              22.71131
            ],
            [
              88.337474,
              22.711277
            ],
            [
              88.337431,
              22.71119
            ],
            [
              88.337351,
              22.711223
            ],
            [
              88.337393,
              22.71131
            ]
          ]
        ]
      },
      "properties": {
        "ulpin": "191471123374",
        "osm_id": 357407374,
        "state": "West Bengal",
        "state_code": "19",
        "district": "Hooghly (\u09b9\u09c1\u0997\u09b2\u09c0)",
        "district_code": "12",
        "district_lgd": 314,
        "subdivision": "Srirampore (\u09b6\u09cd\u09b0\u09c0\u09b0\u09be\u09ae\u09aa\u09c1\u09b0)",
        "municipality": "Rishra Municipality (\u09b0\u09bf\u09b7\u09dc\u09be \u09aa\u09cc\u09b0\u09b8\u09ad\u09be)",
        "ward_no": 19,
        "mouza_name": "Mahesh",
        "mouza_name_bn": "\u09ae\u09be\u09b9\u09c7\u09b6",
        "jl_no": 15,
        "khasra_no": "226",
        "dag_no": 226,
        "khatian_no": 326,
        "owner_name": "Bikash Ranjan Roy & Brothers",
        "owner_name_bn": "\u0995\u09c3\u09b7\u09bf \u09b0\u09be\u09af\u09bc\u09a4",
        "ownership_type": "Agricultural Ryot",
        "land_classification": "\u09a7\u09be\u09a8\u09c0 (Dhani)",
        "legal_area_sqm": 95.94,
        "gis_area_sqm": 95.46,
        "physical_area_sqm": 95.46,
        "area_discrepancy_pct": 0.5,
        "area_bengali": "0 \u09ac\u09bf\u0998\u09be 1 \u0995\u09be\u09a0\u09be 6.9 \u099b\u099f\u09be\u0995",
        "area_english": "0 Bigha 1 Katha 6.9 Chhatak",
        "status": "VERIFIED",
        "cors_datum": "Survey of India KOL1 (Kolkata) CORS Station",
        "target_crs": "EPSG:7755 / EPSG:4326",
        "survey_source": "OpenStreetMap Real Building Footprints + Banglarbhumi RoR",
        "confidence_semi_major_m": 0.045,
        "confidence_semi_minor_m": 0.03
      }
    },
    {
      "type": "Feature",
      "id": "rishra-dag-227",
      "geometry": {
        "type": "Polygon",
        "coordinates": [
          [
            [
              88.338999,
              22.712778
            ],
            [
              88.339121,
              22.712754
            ],
            [
              88.339096,
              22.712644
            ],
            [
              88.338974,
              22.712668
            ],
            [
              88.338999,
              22.712778
            ]
          ]
        ]
      },
      "properties": {
        "ulpin": "191471273390",
        "osm_id": 357407376,
        "state": "West Bengal",
        "state_code": "19",
        "district": "Hooghly (\u09b9\u09c1\u0997\u09b2\u09c0)",
        "district_code": "12",
        "district_lgd": 314,
        "subdivision": "Srirampore (\u09b6\u09cd\u09b0\u09c0\u09b0\u09be\u09ae\u09aa\u09c1\u09b0)",
        "municipality": "Rishra Municipality (\u09b0\u09bf\u09b7\u09dc\u09be \u09aa\u09cc\u09b0\u09b8\u09ad\u09be)",
        "ward_no": 7,
        "mouza_name": "Rishra",
        "mouza_name_bn": "\u09b0\u09bf\u09b7\u09dc\u09be",
        "jl_no": 12,
        "khasra_no": "227",
        "dag_no": 227,
        "khatian_no": 327,
        "owner_name": "Aditya Birla Nuvo / Jayshree Textiles Ltd",
        "owner_name_bn": "\u0995\u09b0\u09cd\u09aa\u09cb\u09b0\u09c7\u099f \u09b6\u09bf\u09b2\u09cd\u09aa",
        "ownership_type": "Corporate Industrial",
        "land_classification": "\u0995\u09b2\u0995\u09be\u09b0\u0996\u09be\u09a8\u09be (Karkhana)",
        "legal_area_sqm": 162.08,
        "gis_area_sqm": 159.21,
        "physical_area_sqm": 159.21,
        "area_discrepancy_pct": 1.77,
        "area_bengali": "0 \u09ac\u09bf\u0998\u09be 2 \u0995\u09be\u09a0\u09be 6.8 \u099b\u099f\u09be\u0995",
        "area_english": "0 Bigha 2 Katha 6.8 Chhatak",
        "status": "ADJUDICATED",
        "cors_datum": "Survey of India KOL1 (Kolkata) CORS Station",
        "target_crs": "EPSG:7755 / EPSG:4326",
        "survey_source": "OpenStreetMap Real Building Footprints + Banglarbhumi RoR",
        "confidence_semi_major_m": 0.045,
        "confidence_semi_minor_m": 0.03
      }
    },
    {
      "type": "Feature",
      "id": "rishra-dag-228",
      "geometry": {
        "type": "Polygon",
        "coordinates": [
          [
            [
              88.335536,
              22.709846
            ],
            [
              88.335671,
              22.709814
            ],
            [
              88.335649,
              22.709733
            ],
            [
              88.335514,
              22.709765
            ],
            [
              88.335536,
              22.709846
            ]
          ]
        ]
      },
      "properties": {
        "ulpin": "191470983355",
        "osm_id": 357407378,
        "state": "West Bengal",
        "state_code": "19",
        "district": "Hooghly (\u09b9\u09c1\u0997\u09b2\u09c0)",
        "district_code": "12",
        "district_lgd": 314,
        "subdivision": "Srirampore (\u09b6\u09cd\u09b0\u09c0\u09b0\u09be\u09ae\u09aa\u09c1\u09b0)",
        "municipality": "Rishra Municipality (\u09b0\u09bf\u09b7\u09dc\u09be \u09aa\u09cc\u09b0\u09b8\u09ad\u09be)",
        "ward_no": 14,
        "mouza_name": "Morepukur",
        "mouza_name_bn": "\u09ae\u09cb\u09dc\u09c7\u09aa\u09c1\u0995\u09c1\u09b0",
        "jl_no": 13,
        "khasra_no": "228",
        "dag_no": 228,
        "khatian_no": 328,
        "owner_name": "Hastings Jute Mill Estate (Vested)",
        "owner_name_bn": "\u099a\u099f\u0995\u09b2 \u098f\u09b8\u09cd\u099f\u09c7\u099f",
        "ownership_type": "Industrial Leasehold",
        "land_classification": "\u0995\u09b2\u0995\u09be\u09b0\u0996\u09be\u09a8\u09be (Karkhana)",
        "legal_area_sqm": 130.98,
        "gis_area_sqm": 132.17,
        "physical_area_sqm": 132.17,
        "area_discrepancy_pct": 0.91,
        "area_bengali": "0 \u09ac\u09bf\u0998\u09be 1 \u0995\u09be\u09a0\u09be 15.3 \u099b\u099f\u09be\u0995",
        "area_english": "0 Bigha 1 Katha 15.3 Chhatak",
        "status": "VERIFIED",
        "cors_datum": "Survey of India KOL1 (Kolkata) CORS Station",
        "target_crs": "EPSG:7755 / EPSG:4326",
        "survey_source": "OpenStreetMap Real Building Footprints + Banglarbhumi RoR",
        "confidence_semi_major_m": 0.045,
        "confidence_semi_minor_m": 0.03
      }
    },
    {
      "type": "Feature",
      "id": "rishra-dag-229",
      "geometry": {
        "type": "Polygon",
        "coordinates": [
          [
            [
              88.336994,
              22.710587
            ],
            [
              88.337113,
              22.71053
            ],
            [
              88.337083,
              22.710478
            ],
            [
              88.336964,
              22.710535
            ],
            [
              88.336994,
              22.710587
            ]
          ]
        ]
      },
      "properties": {
        "ulpin": "191471053370",
        "osm_id": 357407381,
        "state": "West Bengal",
        "state_code": "19",
        "district": "Hooghly (\u09b9\u09c1\u0997\u09b2\u09c0)",
        "district_code": "12",
        "district_lgd": 314,
        "subdivision": "Srirampore (\u09b6\u09cd\u09b0\u09c0\u09b0\u09be\u09ae\u09aa\u09c1\u09b0)",
        "municipality": "Rishra Municipality (\u09b0\u09bf\u09b7\u09dc\u09be \u09aa\u09cc\u09b0\u09b8\u09ad\u09be)",
        "ward_no": 22,
        "mouza_name": "Mahesh",
        "mouza_name_bn": "\u09ae\u09be\u09b9\u09c7\u09b6",
        "jl_no": 15,
        "khasra_no": "229",
        "dag_no": 229,
        "khatian_no": 329,
        "owner_name": "Rishra Municipality (Chairman / Civic Body)",
        "owner_name_bn": "\u09b0\u09bf\u09b7\u09dc\u09be \u09aa\u09cc\u09b0\u09b8\u09ad\u09be",
        "ownership_type": "Municipal Civic Asset",
        "land_classification": "\u09b8\u09b0\u0995\u09be\u09b0\u09bf \u0996\u09be\u09b8 (Sarkari Khas)",
        "legal_area_sqm": 90.05,
        "gis_area_sqm": 89.69,
        "physical_area_sqm": 89.69,
        "area_discrepancy_pct": 0.4,
        "area_bengali": "0 \u09ac\u09bf\u0998\u09be 1 \u0995\u09be\u09a0\u09be 5.5 \u099b\u099f\u09be\u0995",
        "area_english": "0 Bigha 1 Katha 5.5 Chhatak",
        "status": "VERIFIED",
        "cors_datum": "Survey of India KOL1 (Kolkata) CORS Station",
        "target_crs": "EPSG:7755 / EPSG:4326",
        "survey_source": "OpenStreetMap Real Building Footprints + Banglarbhumi RoR",
        "confidence_semi_major_m": 0.045,
        "confidence_semi_minor_m": 0.03
      }
    },
    {
      "type": "Feature",
      "id": "rishra-dag-230",
      "geometry": {
        "type": "Polygon",
        "coordinates": [
          [
            [
              88.333532,
              22.710467
            ],
            [
              88.333619,
              22.710454
            ],
            [
              88.333607,
              22.710383
            ],
            [
              88.33352,
              22.710395
            ],
            [
              88.333532,
              22.710467
            ]
          ]
        ]
      },
      "properties": {
        "ulpin": "191471043335",
        "osm_id": 357407383,
        "state": "West Bengal",
        "state_code": "19",
        "district": "Hooghly (\u09b9\u09c1\u0997\u09b2\u09c0)",
        "district_code": "12",
        "district_lgd": 314,
        "subdivision": "Srirampore (\u09b6\u09cd\u09b0\u09c0\u09b0\u09be\u09ae\u09aa\u09c1\u09b0)",
        "municipality": "Rishra Municipality (\u09b0\u09bf\u09b7\u09dc\u09be \u09aa\u09cc\u09b0\u09b8\u09ad\u09be)",
        "ward_no": 10,
        "mouza_name": "Rishra",
        "mouza_name_bn": "\u09b0\u09bf\u09b7\u09dc\u09be",
        "jl_no": 12,
        "khasra_no": "230",
        "dag_no": 230,
        "khatian_no": 330,
        "owner_name": "Eastern Railway Administration (Howrah Div)",
        "owner_name_bn": "\u09aa\u09c2\u09b0\u09cd\u09ac \u09b0\u09c7\u09b2\u0993\u09af\u09bc\u09c7",
        "ownership_type": "Central Govt Infrastructure",
        "land_classification": "\u09b8\u09b0\u0995\u09be\u09b0\u09bf \u0996\u09be\u09b8 (Sarkari Khas)",
        "legal_area_sqm": 73.57,
        "gis_area_sqm": 72.34,
        "physical_area_sqm": 72.34,
        "area_discrepancy_pct": 1.67,
        "area_bengali": "0 \u09ac\u09bf\u0998\u09be 1 \u0995\u09be\u09a0\u09be 1.6 \u099b\u099f\u09be\u0995",
        "area_english": "0 Bigha 1 Katha 1.6 Chhatak",
        "status": "ADJUDICATED",
        "cors_datum": "Survey of India KOL1 (Kolkata) CORS Station",
        "target_crs": "EPSG:7755 / EPSG:4326",
        "survey_source": "OpenStreetMap Real Building Footprints + Banglarbhumi RoR",
        "confidence_semi_major_m": 0.045,
        "confidence_semi_minor_m": 0.03
      }
    },
    {
      "type": "Feature",
      "id": "rishra-dag-231",
      "geometry": {
        "type": "Polygon",
        "coordinates": [
          [
            [
              88.335032,
              22.711492
            ],
            [
              88.335145,
              22.711458
            ],
            [
              88.335113,
              22.711367
            ],
            [
              88.335,
              22.711401
            ],
            [
              88.335032,
              22.711492
            ]
          ]
        ]
      },
      "properties": {
        "ulpin": "191471143350",
        "osm_id": 357407385,
        "state": "West Bengal",
        "state_code": "19",
        "district": "Hooghly (\u09b9\u09c1\u0997\u09b2\u09c0)",
        "district_code": "12",
        "district_lgd": 314,
        "subdivision": "Srirampore (\u09b6\u09cd\u09b0\u09c0\u09b0\u09be\u09ae\u09aa\u09c1\u09b0)",
        "municipality": "Rishra Municipality (\u09b0\u09bf\u09b7\u09dc\u09be \u09aa\u09cc\u09b0\u09b8\u09ad\u09be)",
        "ward_no": 17,
        "mouza_name": "Morepukur",
        "mouza_name_bn": "\u09ae\u09cb\u09dc\u09c7\u09aa\u09c1\u0995\u09c1\u09b0",
        "jl_no": 13,
        "khasra_no": "231",
        "dag_no": 231,
        "khatian_no": 331,
        "owner_name": "PWD Roads Directorate, Govt of West Bengal",
        "owner_name_bn": "\u09aa\u09c2\u09b0\u09cd\u09a4 \u09a6\u09aa\u09cd\u09a4\u09b0",
        "ownership_type": "State Highway Department",
        "land_classification": "\u09b8\u09b0\u0995\u09be\u09b0\u09bf \u0996\u09be\u09b8 (Sarkari Khas)",
        "legal_area_sqm": 127.83,
        "gis_area_sqm": 129.12,
        "physical_area_sqm": 129.12,
        "area_discrepancy_pct": 1.01,
        "area_bengali": "0 \u09ac\u09bf\u0998\u09be 1 \u0995\u09be\u09a0\u09be 14.6 \u099b\u099f\u09be\u0995",
        "area_english": "0 Bigha 1 Katha 14.6 Chhatak",
        "status": "VERIFIED",
        "cors_datum": "Survey of India KOL1 (Kolkata) CORS Station",
        "target_crs": "EPSG:7755 / EPSG:4326",
        "survey_source": "OpenStreetMap Real Building Footprints + Banglarbhumi RoR",
        "confidence_semi_major_m": 0.045,
        "confidence_semi_minor_m": 0.03
      }
    },
    {
      "type": "Feature",
      "id": "rishra-dag-232",
      "geometry": {
        "type": "Polygon",
        "coordinates": [
          [
            [
              88.336025,
              22.71306
            ],
            [
              88.336142,
              22.713048
            ],
            [
              88.336134,
              22.712985
            ],
            [
              88.336017,
              22.712998
            ],
            [
              88.336025,
              22.71306
            ]
          ]
        ]
      },
      "properties": {
        "ulpin": "191471303360",
        "osm_id": 357407387,
        "state": "West Bengal",
        "state_code": "19",
        "district": "Hooghly (\u09b9\u09c1\u0997\u09b2\u09c0)",
        "district_code": "12",
        "district_lgd": 314,
        "subdivision": "Srirampore (\u09b6\u09cd\u09b0\u09c0\u09b0\u09be\u09ae\u09aa\u09c1\u09b0)",
        "municipality": "Rishra Municipality (\u09b0\u09bf\u09b7\u09dc\u09be \u09aa\u09cc\u09b0\u09b8\u09ad\u09be)",
        "ward_no": 20,
        "mouza_name": "Mahesh",
        "mouza_name_bn": "\u09ae\u09be\u09b9\u09c7\u09b6",
        "jl_no": 15,
        "khasra_no": "232",
        "dag_no": 232,
        "khatian_no": 332,
        "owner_name": "Tarapada Mukherjee & Brothers",
        "owner_name_bn": "\u09ac\u09cd\u09af\u0995\u09cd\u09a4\u09bf\u0997\u09a4 \u09b0\u09be\u09af\u09bc\u09a4",
        "ownership_type": "Private Freehold",
        "land_classification": "\u09ac\u09be\u09b8\u09cd\u09a4\u09c1 (Bastu)",
        "legal_area_sqm": 84.42,
        "gis_area_sqm": 84.17,
        "physical_area_sqm": 84.17,
        "area_discrepancy_pct": 0.3,
        "area_bengali": "0 \u09ac\u09bf\u0998\u09be 1 \u0995\u09be\u09a0\u09be 4.2 \u099b\u099f\u09be\u0995",
        "area_english": "0 Bigha 1 Katha 4.2 Chhatak",
        "status": "VERIFIED",
        "cors_datum": "Survey of India KOL1 (Kolkata) CORS Station",
        "target_crs": "EPSG:7755 / EPSG:4326",
        "survey_source": "OpenStreetMap Real Building Footprints + Banglarbhumi RoR",
        "confidence_semi_major_m": 0.045,
        "confidence_semi_minor_m": 0.03
      }
    },
    {
      "type": "Feature",
      "id": "rishra-dag-233",
      "geometry": {
        "type": "Polygon",
        "coordinates": [
          [
            [
              88.335076,
              22.71181
            ],
            [
              88.335202,
              22.711788
            ],
            [
              88.335191,
              22.711735
            ],
            [
              88.335065,
              22.711758
            ],
            [
              88.335076,
              22.71181
            ]
          ]
        ]
      },
      "properties": {
        "ulpin": "191471173351",
        "osm_id": 357407391,
        "state": "West Bengal",
        "state_code": "19",
        "district": "Hooghly (\u09b9\u09c1\u0997\u09b2\u09c0)",
        "district_code": "12",
        "district_lgd": 314,
        "subdivision": "Srirampore (\u09b6\u09cd\u09b0\u09c0\u09b0\u09be\u09ae\u09aa\u09c1\u09b0)",
        "municipality": "Rishra Municipality (\u09b0\u09bf\u09b7\u09dc\u09be \u09aa\u09cc\u09b0\u09b8\u09ad\u09be)",
        "ward_no": 1,
        "mouza_name": "Rishra",
        "mouza_name_bn": "\u09b0\u09bf\u09b7\u09dc\u09be",
        "jl_no": 12,
        "khasra_no": "233",
        "dag_no": 233,
        "khatian_no": 333,
        "owner_name": "Debabrata Banerjee & Animesh Banerjee",
        "owner_name_bn": "\u09aa\u09c8\u09a4\u09c3\u0995 \u09b0\u09be\u09af\u09bc\u09a4",
        "ownership_type": "Private Hereditary",
        "land_classification": "\u09ac\u09be\u09b8\u09cd\u09a4\u09c1 (Bastu)",
        "legal_area_sqm": 79.18,
        "gis_area_sqm": 77.93,
        "physical_area_sqm": 77.93,
        "area_discrepancy_pct": 1.58,
        "area_bengali": "0 \u09ac\u09bf\u0998\u09be 1 \u0995\u09be\u09a0\u09be 2.9 \u099b\u099f\u09be\u0995",
        "area_english": "0 Bigha 1 Katha 2.9 Chhatak",
        "status": "ADJUDICATED",
        "cors_datum": "Survey of India KOL1 (Kolkata) CORS Station",
        "target_crs": "EPSG:7755 / EPSG:4326",
        "survey_source": "OpenStreetMap Real Building Footprints + Banglarbhumi RoR",
        "confidence_semi_major_m": 0.045,
        "confidence_semi_minor_m": 0.03
      }
    },
    {
      "type": "Feature",
      "id": "rishra-dag-234",
      "geometry": {
        "type": "Polygon",
        "coordinates": [
          [
            [
              88.333,
              22.711026
            ],
            [
              88.333062,
              22.711015
            ],
            [
              88.333049,
              22.710952
            ],
            [
              88.332988,
              22.710963
            ],
            [
              88.333,
              22.711026
            ]
          ]
        ]
      },
      "properties": {
        "ulpin": "191471093330",
        "osm_id": 357407392,
        "state": "West Bengal",
        "state_code": "19",
        "district": "Hooghly (\u09b9\u09c1\u0997\u09b2\u09c0)",
        "district_code": "12",
        "district_lgd": 314,
        "subdivision": "Srirampore (\u09b6\u09cd\u09b0\u09c0\u09b0\u09be\u09ae\u09aa\u09c1\u09b0)",
        "municipality": "Rishra Municipality (\u09b0\u09bf\u09b7\u09dc\u09be \u09aa\u09cc\u09b0\u09b8\u09ad\u09be)",
        "ward_no": 14,
        "mouza_name": "Morepukur",
        "mouza_name_bn": "\u09ae\u09cb\u09dc\u09c7\u09aa\u09c1\u0995\u09c1\u09b0",
        "jl_no": 13,
        "khasra_no": "234",
        "dag_no": 234,
        "khatian_no": 334,
        "owner_name": "Shyamal Kanti Ghosh",
        "owner_name_bn": "\u09ac\u09cd\u09af\u0995\u09cd\u09a4\u09bf\u0997\u09a4 \u09ac\u09be\u09b8\u09cd\u09a4\u09c1",
        "ownership_type": "Private Homestead",
        "land_classification": "\u09ac\u09be\u09b8\u09cd\u09a4\u09c1 (Bastu)",
        "legal_area_sqm": 45.06,
        "gis_area_sqm": 45.56,
        "physical_area_sqm": 45.56,
        "area_discrepancy_pct": 1.11,
        "area_bengali": "0 \u09ac\u09bf\u0998\u09be 0 \u0995\u09be\u09a0\u09be 10.8 \u099b\u099f\u09be\u0995",
        "area_english": "0 Bigha 0 Katha 10.8 Chhatak",
        "status": "VERIFIED",
        "cors_datum": "Survey of India KOL1 (Kolkata) CORS Station",
        "target_crs": "EPSG:7755 / EPSG:4326",
        "survey_source": "OpenStreetMap Real Building Footprints + Banglarbhumi RoR",
        "confidence_semi_major_m": 0.045,
        "confidence_semi_minor_m": 0.03
      }
    },
    {
      "type": "Feature",
      "id": "rishra-dag-235",
      "geometry": {
        "type": "Polygon",
        "coordinates": [
          [
            [
              88.340212,
              22.712484
            ],
            [
              88.340378,
              22.712474
            ],
            [
              88.340371,
              22.712375
            ],
            [
              88.340205,
              22.712385
            ],
            [
              88.340212,
              22.712484
            ]
          ]
        ]
      },
      "properties": {
        "ulpin": "191471243402",
        "osm_id": 357407394,
        "state": "West Bengal",
        "state_code": "19",
        "district": "Hooghly (\u09b9\u09c1\u0997\u09b2\u09c0)",
        "district_code": "12",
        "district_lgd": 314,
        "subdivision": "Srirampore (\u09b6\u09cd\u09b0\u09c0\u09b0\u09be\u09ae\u09aa\u09c1\u09b0)",
        "municipality": "Rishra Municipality (\u09b0\u09bf\u09b7\u09dc\u09be \u09aa\u09cc\u09b0\u09b8\u09ad\u09be)",
        "ward_no": 23,
        "mouza_name": "Mahesh",
        "mouza_name_bn": "\u09ae\u09be\u09b9\u09c7\u09b6",
        "jl_no": 15,
        "khasra_no": "235",
        "dag_no": 235,
        "khatian_no": 335,
        "owner_name": "Lakshmi Rani Mondal",
        "owner_name_bn": "\u09ac\u09cd\u09af\u0995\u09cd\u09a4\u09bf\u0997\u09a4 \u09ac\u09be\u09b8\u09cd\u09a4\u09c1",
        "ownership_type": "Private Homestead",
        "land_classification": "\u09ac\u09be\u09b8\u09cd\u09a4\u09c1 (Bastu)",
        "legal_area_sqm": 187.78,
        "gis_area_sqm": 187.41,
        "physical_area_sqm": 187.41,
        "area_discrepancy_pct": 0.2,
        "area_bengali": "0 \u09ac\u09bf\u0998\u09be 2 \u0995\u09be\u09a0\u09be 12.9 \u099b\u099f\u09be\u0995",
        "area_english": "0 Bigha 2 Katha 12.9 Chhatak",
        "status": "VERIFIED",
        "cors_datum": "Survey of India KOL1 (Kolkata) CORS Station",
        "target_crs": "EPSG:7755 / EPSG:4326",
        "survey_source": "OpenStreetMap Real Building Footprints + Banglarbhumi RoR",
        "confidence_semi_major_m": 0.045,
        "confidence_semi_minor_m": 0.03
      }
    },
    {
      "type": "Feature",
      "id": "rishra-dag-236",
      "geometry": {
        "type": "Polygon",
        "coordinates": [
          [
            [
              88.333674,
              22.710534
            ],
            [
              88.333807,
              22.710507
            ],
            [
              88.333793,
              22.710448
            ],
            [
              88.333661,
              22.710474
            ],
            [
              88.333674,
              22.710534
            ]
          ]
        ]
      },
      "properties": {
        "ulpin": "191471043337",
        "osm_id": 357407396,
        "state": "West Bengal",
        "state_code": "19",
        "district": "Hooghly (\u09b9\u09c1\u0997\u09b2\u09c0)",
        "district_code": "12",
        "district_lgd": 314,
        "subdivision": "Srirampore (\u09b6\u09cd\u09b0\u09c0\u09b0\u09be\u09ae\u09aa\u09c1\u09b0)",
        "municipality": "Rishra Municipality (\u09b0\u09bf\u09b7\u09dc\u09be \u09aa\u09cc\u09b0\u09b8\u09ad\u09be)",
        "ward_no": 4,
        "mouza_name": "Rishra",
        "mouza_name_bn": "\u09b0\u09bf\u09b7\u09dc\u09be",
        "jl_no": 12,
        "khasra_no": "236",
        "dag_no": 236,
        "khatian_no": 336,
        "owner_name": "Soumen Chatterjee & Bratati Chatterjee",
        "owner_name_bn": "\u09af\u09cc\u09a5 \u0996\u09a4\u09bf\u09af\u09bc\u09be\u09a8",
        "ownership_type": "Joint Ownership",
        "land_classification": "\u09ac\u09be\u09b8\u09cd\u09a4\u09c1 (Bastu)",
        "legal_area_sqm": 94.99,
        "gis_area_sqm": 93.59,
        "physical_area_sqm": 93.59,
        "area_discrepancy_pct": 1.47,
        "area_bengali": "0 \u09ac\u09bf\u0998\u09be 1 \u0995\u09be\u09a0\u09be 6.7 \u099b\u099f\u09be\u0995",
        "area_english": "0 Bigha 1 Katha 6.7 Chhatak",
        "status": "VERIFIED",
        "cors_datum": "Survey of India KOL1 (Kolkata) CORS Station",
        "target_crs": "EPSG:7755 / EPSG:4326",
        "survey_source": "OpenStreetMap Real Building Footprints + Banglarbhumi RoR",
        "confidence_semi_major_m": 0.045,
        "confidence_semi_minor_m": 0.03
      }
    },
    {
      "type": "Feature",
      "id": "rishra-dag-237",
      "geometry": {
        "type": "Polygon",
        "coordinates": [
          [
            [
              88.335776,
              22.713745
            ],
            [
              88.335884,
              22.713736
            ],
            [
              88.335878,
              22.713674
            ],
            [
              88.33577,
              22.713683
            ],
            [
              88.335776,
              22.713745
            ]
          ]
        ]
      },
      "properties": {
        "ulpin": "191471373358",
        "osm_id": 357407398,
        "state": "West Bengal",
        "state_code": "19",
        "district": "Hooghly (\u09b9\u09c1\u0997\u09b2\u09c0)",
        "district_code": "12",
        "district_lgd": 314,
        "subdivision": "Srirampore (\u09b6\u09cd\u09b0\u09c0\u09b0\u09be\u09ae\u09aa\u09c1\u09b0)",
        "municipality": "Rishra Municipality (\u09b0\u09bf\u09b7\u09dc\u09be \u09aa\u09cc\u09b0\u09b8\u09ad\u09be)",
        "ward_no": 17,
        "mouza_name": "Morepukur",
        "mouza_name_bn": "\u09ae\u09cb\u09dc\u09c7\u09aa\u09c1\u0995\u09c1\u09b0",
        "jl_no": 13,
        "khasra_no": "237",
        "dag_no": 237,
        "khatian_no": 337,
        "owner_name": "Subir Kumar Sen & Sons",
        "owner_name_bn": "\u09ac\u09be\u09a3\u09bf\u099c\u09cd\u09af\u09bf\u0995 \u09a6\u09cb\u0995\u09be\u09a8",
        "ownership_type": "Commercial Shopkeeper",
        "land_classification": "\u09a1\u09be\u0999\u09cd\u0997\u09be (Danga)",
        "legal_area_sqm": 75.73,
        "gis_area_sqm": 76.65,
        "physical_area_sqm": 76.65,
        "area_discrepancy_pct": 1.21,
        "area_bengali": "0 \u09ac\u09bf\u0998\u09be 1 \u0995\u09be\u09a0\u09be 2.1 \u099b\u099f\u09be\u0995",
        "area_english": "0 Bigha 1 Katha 2.1 Chhatak",
        "status": "VERIFIED",
        "cors_datum": "Survey of India KOL1 (Kolkata) CORS Station",
        "target_crs": "EPSG:7755 / EPSG:4326",
        "survey_source": "OpenStreetMap Real Building Footprints + Banglarbhumi RoR",
        "confidence_semi_major_m": 0.045,
        "confidence_semi_minor_m": 0.03
      }
    },
    {
      "type": "Feature",
      "id": "rishra-dag-238",
      "geometry": {
        "type": "Polygon",
        "coordinates": [
          [
            [
              88.335487,
              22.71098
            ],
            [
              88.335586,
              22.710953
            ],
            [
              88.335567,
              22.710894
            ],
            [
              88.335469,
              22.710921
            ],
            [
              88.335487,
              22.71098
            ]
          ]
        ]
      },
      "properties": {
        "ulpin": "191471093355",
        "osm_id": 357407399,
        "state": "West Bengal",
        "state_code": "19",
        "district": "Hooghly (\u09b9\u09c1\u0997\u09b2\u09c0)",
        "district_code": "12",
        "district_lgd": 314,
        "subdivision": "Srirampore (\u09b6\u09cd\u09b0\u09c0\u09b0\u09be\u09ae\u09aa\u09c1\u09b0)",
        "municipality": "Rishra Municipality (\u09b0\u09bf\u09b7\u09dc\u09be \u09aa\u09cc\u09b0\u09b8\u09ad\u09be)",
        "ward_no": 21,
        "mouza_name": "Mahesh",
        "mouza_name_bn": "\u09ae\u09be\u09b9\u09c7\u09b6",
        "jl_no": 15,
        "khasra_no": "238",
        "dag_no": 238,
        "khatian_no": 338,
        "owner_name": "Ramakrishna Mission Vivekananda Sevashram",
        "owner_name_bn": "\u09b8\u09c7\u09ac\u09be\u09b6\u09cd\u09b0\u09ae \u099f\u09cd\u09b0\u09be\u09b8\u09cd\u099f",
        "ownership_type": "Institutional Charitable",
        "land_classification": "\u09ac\u09be\u09b8\u09cd\u09a4\u09c1 (Bastu)",
        "legal_area_sqm": 71.73,
        "gis_area_sqm": 71.66,
        "physical_area_sqm": 71.66,
        "area_discrepancy_pct": 0.1,
        "area_bengali": "0 \u09ac\u09bf\u0998\u09be 1 \u0995\u09be\u09a0\u09be 1.2 \u099b\u099f\u09be\u0995",
        "area_english": "0 Bigha 1 Katha 1.2 Chhatak",
        "status": "VERIFIED",
        "cors_datum": "Survey of India KOL1 (Kolkata) CORS Station",
        "target_crs": "EPSG:7755 / EPSG:4326",
        "survey_source": "OpenStreetMap Real Building Footprints + Banglarbhumi RoR",
        "confidence_semi_major_m": 0.045,
        "confidence_semi_minor_m": 0.03
      }
    },
    {
      "type": "Feature",
      "id": "rishra-dag-239",
      "geometry": {
        "type": "Polygon",
        "coordinates": [
          [
            [
              88.336303,
              22.710918
            ],
            [
              88.336383,
              22.710894
            ],
            [
              88.336338,
              22.710766
            ],
            [
              88.336258,
              22.71079
            ],
            [
              88.336303,
              22.710918
            ]
          ]
        ]
      },
      "properties": {
        "ulpin": "191471083363",
        "osm_id": 357407401,
        "state": "West Bengal",
        "state_code": "19",
        "district": "Hooghly (\u09b9\u09c1\u0997\u09b2\u09c0)",
        "district_code": "12",
        "district_lgd": 314,
        "subdivision": "Srirampore (\u09b6\u09cd\u09b0\u09c0\u09b0\u09be\u09ae\u09aa\u09c1\u09b0)",
        "municipality": "Rishra Municipality (\u09b0\u09bf\u09b7\u09dc\u09be \u09aa\u09cc\u09b0\u09b8\u09ad\u09be)",
        "ward_no": 7,
        "mouza_name": "Rishra",
        "mouza_name_bn": "\u09b0\u09bf\u09b7\u09dc\u09be",
        "jl_no": 12,
        "khasra_no": "239",
        "dag_no": 239,
        "khatian_no": 339,
        "owner_name": "St. Thomas Church Parish Committee",
        "owner_name_bn": "\u09a7\u09b0\u09cd\u09ae\u09c0\u09af\u09bc \u099f\u09cd\u09b0\u09be\u09b8\u09cd\u099f",
        "ownership_type": "Religious Institutional",
        "land_classification": "\u09ac\u09be\u09b8\u09cd\u09a4\u09c1 (Bastu)",
        "legal_area_sqm": 130.35,
        "gis_area_sqm": 128.55,
        "physical_area_sqm": 128.55,
        "area_discrepancy_pct": 1.38,
        "area_bengali": "0 \u09ac\u09bf\u0998\u09be 1 \u0995\u09be\u09a0\u09be 15.2 \u099b\u099f\u09be\u0995",
        "area_english": "0 Bigha 1 Katha 15.2 Chhatak",
        "status": "VERIFIED",
        "cors_datum": "Survey of India KOL1 (Kolkata) CORS Station",
        "target_crs": "EPSG:7755 / EPSG:4326",
        "survey_source": "OpenStreetMap Real Building Footprints + Banglarbhumi RoR",
        "confidence_semi_major_m": 0.045,
        "confidence_semi_minor_m": 0.03
      }
    },
    {
      "type": "Feature",
      "id": "rishra-dag-240",
      "geometry": {
        "type": "Polygon",
        "coordinates": [
          [
            [
              88.333519,
              22.714099
            ],
            [
              88.333633,
              22.714137
            ],
            [
              88.333666,
              22.714053
            ],
            [
              88.333552,
              22.714015
            ],
            [
              88.333519,
              22.714099
            ]
          ]
        ]
      },
      "properties": {
        "ulpin": "191471403335",
        "osm_id": 357407403,
        "state": "West Bengal",
        "state_code": "19",
        "district": "Hooghly (\u09b9\u09c1\u0997\u09b2\u09c0)",
        "district_code": "12",
        "district_lgd": 314,
        "subdivision": "Srirampore (\u09b6\u09cd\u09b0\u09c0\u09b0\u09be\u09ae\u09aa\u09c1\u09b0)",
        "municipality": "Rishra Municipality (\u09b0\u09bf\u09b7\u09dc\u09be \u09aa\u09cc\u09b0\u09b8\u09ad\u09be)",
        "ward_no": 14,
        "mouza_name": "Morepukur",
        "mouza_name_bn": "\u09ae\u09cb\u09dc\u09c7\u09aa\u09c1\u0995\u09c1\u09b0",
        "jl_no": 13,
        "khasra_no": "240",
        "dag_no": 240,
        "khatian_no": 340,
        "owner_name": "Bikash Ranjan Roy & Brothers",
        "owner_name_bn": "\u0995\u09c3\u09b7\u09bf \u09b0\u09be\u09af\u09bc\u09a4",
        "ownership_type": "Agricultural Ryot",
        "land_classification": "\u09a7\u09be\u09a8\u09c0 (Dhani)",
        "legal_area_sqm": 121.38,
        "gis_area_sqm": 122.98,
        "physical_area_sqm": 122.98,
        "area_discrepancy_pct": 1.32,
        "area_bengali": "0 \u09ac\u09bf\u0998\u09be 1 \u0995\u09be\u09a0\u09be 13.0 \u099b\u099f\u09be\u0995",
        "area_english": "0 Bigha 1 Katha 13.0 Chhatak",
        "status": "VERIFIED",
        "cors_datum": "Survey of India KOL1 (Kolkata) CORS Station",
        "target_crs": "EPSG:7755 / EPSG:4326",
        "survey_source": "OpenStreetMap Real Building Footprints + Banglarbhumi RoR",
        "confidence_semi_major_m": 0.045,
        "confidence_semi_minor_m": 0.03
      }
    },
    {
      "type": "Feature",
      "id": "rishra-dag-241",
      "geometry": {
        "type": "Polygon",
        "coordinates": [
          [
            [
              88.338034,
              22.709925
            ],
            [
              88.338133,
              22.709906
            ],
            [
              88.338111,
              22.709809
            ],
            [
              88.338012,
              22.709828
            ],
            [
              88.338034,
              22.709925
            ]
          ]
        ]
      },
      "properties": {
        "ulpin": "191470983380",
        "osm_id": 357407405,
        "state": "West Bengal",
        "state_code": "19",
        "district": "Hooghly (\u09b9\u09c1\u0997\u09b2\u09c0)",
        "district_code": "12",
        "district_lgd": 314,
        "subdivision": "Srirampore (\u09b6\u09cd\u09b0\u09c0\u09b0\u09be\u09ae\u09aa\u09c1\u09b0)",
        "municipality": "Rishra Municipality (\u09b0\u09bf\u09b7\u09dc\u09be \u09aa\u09cc\u09b0\u09b8\u09ad\u09be)",
        "ward_no": 19,
        "mouza_name": "Mahesh",
        "mouza_name_bn": "\u09ae\u09be\u09b9\u09c7\u09b6",
        "jl_no": 15,
        "khasra_no": "241",
        "dag_no": 241,
        "khatian_no": 341,
        "owner_name": "Aditya Birla Nuvo / Jayshree Textiles Ltd",
        "owner_name_bn": "\u0995\u09b0\u09cd\u09aa\u09cb\u09b0\u09c7\u099f \u09b6\u09bf\u09b2\u09cd\u09aa",
        "ownership_type": "Corporate Industrial",
        "land_classification": "\u0995\u09b2\u0995\u09be\u09b0\u0996\u09be\u09a8\u09be (Karkhana)",
        "legal_area_sqm": 113.8,
        "gis_area_sqm": 113.8,
        "physical_area_sqm": 113.8,
        "area_discrepancy_pct": 0.0,
        "area_bengali": "0 \u09ac\u09bf\u0998\u09be 1 \u0995\u09be\u09a0\u09be 11.2 \u099b\u099f\u09be\u0995",
        "area_english": "0 Bigha 1 Katha 11.2 Chhatak",
        "status": "VERIFIED",
        "cors_datum": "Survey of India KOL1 (Kolkata) CORS Station",
        "target_crs": "EPSG:7755 / EPSG:4326",
        "survey_source": "OpenStreetMap Real Building Footprints + Banglarbhumi RoR",
        "confidence_semi_major_m": 0.045,
        "confidence_semi_minor_m": 0.03
      }
    },
    {
      "type": "Feature",
      "id": "rishra-dag-242",
      "geometry": {
        "type": "Polygon",
        "coordinates": [
          [
            [
              88.335916,
              22.713021
            ],
            [
              88.335991,
              22.713014
            ],
            [
              88.335985,
              22.712961
            ],
            [
              88.335909,
              22.712968
            ],
            [
              88.335916,
              22.713021
            ]
          ]
        ]
      },
      "properties": {
        "ulpin": "191471293359",
        "osm_id": 357407407,
        "state": "West Bengal",
        "state_code": "19",
        "district": "Hooghly (\u09b9\u09c1\u0997\u09b2\u09c0)",
        "district_code": "12",
        "district_lgd": 314,
        "subdivision": "Srirampore (\u09b6\u09cd\u09b0\u09c0\u09b0\u09be\u09ae\u09aa\u09c1\u09b0)",
        "municipality": "Rishra Municipality (\u09b0\u09bf\u09b7\u09dc\u09be \u09aa\u09cc\u09b0\u09b8\u09ad\u09be)",
        "ward_no": 10,
        "mouza_name": "Rishra",
        "mouza_name_bn": "\u09b0\u09bf\u09b7\u09dc\u09be",
        "jl_no": 12,
        "khasra_no": "242",
        "dag_no": 242,
        "khatian_no": 342,
        "owner_name": "Hastings Jute Mill Estate (Vested)",
        "owner_name_bn": "\u099a\u099f\u0995\u09b2 \u098f\u09b8\u09cd\u099f\u09c7\u099f",
        "ownership_type": "Industrial Leasehold",
        "land_classification": "\u0995\u09b2\u0995\u09be\u09b0\u0996\u09be\u09a8\u09be (Karkhana)",
        "legal_area_sqm": 46.56,
        "gis_area_sqm": 45.96,
        "physical_area_sqm": 45.96,
        "area_discrepancy_pct": 1.29,
        "area_bengali": "0 \u09ac\u09bf\u0998\u09be 0 \u0995\u09be\u09a0\u09be 11.1 \u099b\u099f\u09be\u0995",
        "area_english": "0 Bigha 0 Katha 11.1 Chhatak",
        "status": "VERIFIED",
        "cors_datum": "Survey of India KOL1 (Kolkata) CORS Station",
        "target_crs": "EPSG:7755 / EPSG:4326",
        "survey_source": "OpenStreetMap Real Building Footprints + Banglarbhumi RoR",
        "confidence_semi_major_m": 0.045,
        "confidence_semi_minor_m": 0.03
      }
    },
    {
      "type": "Feature",
      "id": "rishra-dag-243",
      "geometry": {
        "type": "Polygon",
        "coordinates": [
          [
            [
              88.335295,
              22.712793
            ],
            [
              88.335425,
              22.712775
            ],
            [
              88.335412,
              22.712695
            ],
            [
              88.335282,
              22.712713
            ],
            [
              88.335295,
              22.712793
            ]
          ]
        ]
      },
      "properties": {
        "ulpin": "191471273353",
        "osm_id": 357407409,
        "state": "West Bengal",
        "state_code": "19",
        "district": "Hooghly (\u09b9\u09c1\u0997\u09b2\u09c0)",
        "district_code": "12",
        "district_lgd": 314,
        "subdivision": "Srirampore (\u09b6\u09cd\u09b0\u09c0\u09b0\u09be\u09ae\u09aa\u09c1\u09b0)",
        "municipality": "Rishra Municipality (\u09b0\u09bf\u09b7\u09dc\u09be \u09aa\u09cc\u09b0\u09b8\u09ad\u09be)",
        "ward_no": 17,
        "mouza_name": "Morepukur",
        "mouza_name_bn": "\u09ae\u09cb\u09dc\u09c7\u09aa\u09c1\u0995\u09c1\u09b0",
        "jl_no": 13,
        "khasra_no": "243",
        "dag_no": 243,
        "khatian_no": 343,
        "owner_name": "Rishra Municipality (Chairman / Civic Body)",
        "owner_name_bn": "\u09b0\u09bf\u09b7\u09dc\u09be \u09aa\u09cc\u09b0\u09b8\u09ad\u09be",
        "ownership_type": "Municipal Civic Asset",
        "land_classification": "\u09b8\u09b0\u0995\u09be\u09b0\u09bf \u0996\u09be\u09b8 (Sarkari Khas)",
        "legal_area_sqm": 119.07,
        "gis_area_sqm": 120.76,
        "physical_area_sqm": 120.76,
        "area_discrepancy_pct": 1.42,
        "area_bengali": "0 \u09ac\u09bf\u0998\u09be 1 \u0995\u09be\u09a0\u09be 12.5 \u099b\u099f\u09be\u0995",
        "area_english": "0 Bigha 1 Katha 12.5 Chhatak",
        "status": "VERIFIED",
        "cors_datum": "Survey of India KOL1 (Kolkata) CORS Station",
        "target_crs": "EPSG:7755 / EPSG:4326",
        "survey_source": "OpenStreetMap Real Building Footprints + Banglarbhumi RoR",
        "confidence_semi_major_m": 0.045,
        "confidence_semi_minor_m": 0.03
      }
    },
    {
      "type": "Feature",
      "id": "rishra-dag-244",
      "geometry": {
        "type": "Polygon",
        "coordinates": [
          [
            [
              88.339418,
              22.710656
            ],
            [
              88.339503,
              22.710651
            ],
            [
              88.339498,
              22.710576
            ],
            [
              88.339412,
              22.710581
            ],
            [
              88.339418,
              22.710656
            ]
          ]
        ]
      },
      "properties": {
        "ulpin": "191471063394",
        "osm_id": 357407414,
        "state": "West Bengal",
        "state_code": "19",
        "district": "Hooghly (\u09b9\u09c1\u0997\u09b2\u09c0)",
        "district_code": "12",
        "district_lgd": 314,
        "subdivision": "Srirampore (\u09b6\u09cd\u09b0\u09c0\u09b0\u09be\u09ae\u09aa\u09c1\u09b0)",
        "municipality": "Rishra Municipality (\u09b0\u09bf\u09b7\u09dc\u09be \u09aa\u09cc\u09b0\u09b8\u09ad\u09be)",
        "ward_no": 22,
        "mouza_name": "Mahesh",
        "mouza_name_bn": "\u09ae\u09be\u09b9\u09c7\u09b6",
        "jl_no": 15,
        "khasra_no": "244",
        "dag_no": 244,
        "khatian_no": 344,
        "owner_name": "Eastern Railway Administration (Howrah Div)",
        "owner_name_bn": "\u09aa\u09c2\u09b0\u09cd\u09ac \u09b0\u09c7\u09b2\u0993\u09af\u09bc\u09c7",
        "ownership_type": "Central Govt Infrastructure",
        "land_classification": "\u09b8\u09b0\u0995\u09be\u09b0\u09bf \u0996\u09be\u09b8 (Sarkari Khas)",
        "legal_area_sqm": 73.06,
        "gis_area_sqm": 73.13,
        "physical_area_sqm": 73.13,
        "area_discrepancy_pct": 0.1,
        "area_bengali": "0 \u09ac\u09bf\u0998\u09be 1 \u0995\u09be\u09a0\u09be 1.5 \u099b\u099f\u09be\u0995",
        "area_english": "0 Bigha 1 Katha 1.5 Chhatak",
        "status": "VERIFIED",
        "cors_datum": "Survey of India KOL1 (Kolkata) CORS Station",
        "target_crs": "EPSG:7755 / EPSG:4326",
        "survey_source": "OpenStreetMap Real Building Footprints + Banglarbhumi RoR",
        "confidence_semi_major_m": 0.045,
        "confidence_semi_minor_m": 0.03
      }
    },
    {
      "type": "Feature",
      "id": "rishra-dag-245",
      "geometry": {
        "type": "Polygon",
        "coordinates": [
          [
            [
              88.332821,
              22.713874
            ],
            [
              88.332909,
              22.713915
            ],
            [
              88.33295,
              22.713842
            ],
            [
              88.332871,
              22.713796
            ],
            [
              88.332821,
              22.713874
            ]
          ]
        ]
      },
      "properties": {
        "ulpin": "191471383328",
        "osm_id": 357407416,
        "state": "West Bengal",
        "state_code": "19",
        "district": "Hooghly (\u09b9\u09c1\u0997\u09b2\u09c0)",
        "district_code": "12",
        "district_lgd": 314,
        "subdivision": "Srirampore (\u09b6\u09cd\u09b0\u09c0\u09b0\u09be\u09ae\u09aa\u09c1\u09b0)",
        "municipality": "Rishra Municipality (\u09b0\u09bf\u09b7\u09dc\u09be \u09aa\u09cc\u09b0\u09b8\u09ad\u09be)",
        "ward_no": 1,
        "mouza_name": "Rishra",
        "mouza_name_bn": "\u09b0\u09bf\u09b7\u09dc\u09be",
        "jl_no": 12,
        "khasra_no": "245",
        "dag_no": 245,
        "khatian_no": 345,
        "owner_name": "PWD Roads Directorate, Govt of West Bengal",
        "owner_name_bn": "\u09aa\u09c2\u09b0\u09cd\u09a4 \u09a6\u09aa\u09cd\u09a4\u09b0",
        "ownership_type": "State Highway Department",
        "land_classification": "\u09b8\u09b0\u0995\u09be\u09b0\u09bf \u0996\u09be\u09b8 (Sarkari Khas)",
        "legal_area_sqm": 95.19,
        "gis_area_sqm": 94.06,
        "physical_area_sqm": 94.06,
        "area_discrepancy_pct": 1.19,
        "area_bengali": "0 \u09ac\u09bf\u0998\u09be 1 \u0995\u09be\u09a0\u09be 6.8 \u099b\u099f\u09be\u0995",
        "area_english": "0 Bigha 1 Katha 6.8 Chhatak",
        "status": "VERIFIED",
        "cors_datum": "Survey of India KOL1 (Kolkata) CORS Station",
        "target_crs": "EPSG:7755 / EPSG:4326",
        "survey_source": "OpenStreetMap Real Building Footprints + Banglarbhumi RoR",
        "confidence_semi_major_m": 0.045,
        "confidence_semi_minor_m": 0.03
      }
    },
    {
      "type": "Feature",
      "id": "rishra-dag-246",
      "geometry": {
        "type": "Polygon",
        "coordinates": [
          [
            [
              88.337751,
              22.710286
            ],
            [
              88.337799,
              22.710269
            ],
            [
              88.337738,
              22.710125
            ],
            [
              88.33769,
              22.710142
            ],
            [
              88.337751,
              22.710286
            ]
          ]
        ]
      },
      "properties": {
        "ulpin": "191471023377",
        "osm_id": 357407419,
        "state": "West Bengal",
        "state_code": "19",
        "district": "Hooghly (\u09b9\u09c1\u0997\u09b2\u09c0)",
        "district_code": "12",
        "district_lgd": 314,
        "subdivision": "Srirampore (\u09b6\u09cd\u09b0\u09c0\u09b0\u09be\u09ae\u09aa\u09c1\u09b0)",
        "municipality": "Rishra Municipality (\u09b0\u09bf\u09b7\u09dc\u09be \u09aa\u09cc\u09b0\u09b8\u09ad\u09be)",
        "ward_no": 14,
        "mouza_name": "Morepukur",
        "mouza_name_bn": "\u09ae\u09cb\u09dc\u09c7\u09aa\u09c1\u0995\u09c1\u09b0",
        "jl_no": 13,
        "khasra_no": "246",
        "dag_no": 246,
        "khatian_no": 346,
        "owner_name": "Tarapada Mukherjee & Brothers",
        "owner_name_bn": "\u09ac\u09cd\u09af\u0995\u09cd\u09a4\u09bf\u0997\u09a4 \u09b0\u09be\u09af\u09bc\u09a4",
        "ownership_type": "Private Freehold",
        "land_classification": "\u09ac\u09be\u09b8\u09cd\u09a4\u09c1 (Bastu)",
        "legal_area_sqm": 88.92,
        "gis_area_sqm": 90.27,
        "physical_area_sqm": 90.27,
        "area_discrepancy_pct": 1.52,
        "area_bengali": "0 \u09ac\u09bf\u0998\u09be 1 \u0995\u09be\u09a0\u09be 5.3 \u099b\u099f\u09be\u0995",
        "area_english": "0 Bigha 1 Katha 5.3 Chhatak",
        "status": "ADJUDICATED",
        "cors_datum": "Survey of India KOL1 (Kolkata) CORS Station",
        "target_crs": "EPSG:7755 / EPSG:4326",
        "survey_source": "OpenStreetMap Real Building Footprints + Banglarbhumi RoR",
        "confidence_semi_major_m": 0.045,
        "confidence_semi_minor_m": 0.03
      }
    },
    {
      "type": "Feature",
      "id": "rishra-dag-247",
      "geometry": {
        "type": "Polygon",
        "coordinates": [
          [
            [
              88.339893,
              22.710556
            ],
            [
              88.339975,
              22.71055
            ],
            [
              88.339966,
              22.710449
            ],
            [
              88.339883,
              22.710455
            ],
            [
              88.339893,
              22.710556
            ]
          ]
        ]
      },
      "properties": {
        "ulpin": "191471053399",
        "osm_id": 357407421,
        "state": "West Bengal",
        "state_code": "19",
        "district": "Hooghly (\u09b9\u09c1\u0997\u09b2\u09c0)",
        "district_code": "12",
        "district_lgd": 314,
        "subdivision": "Srirampore (\u09b6\u09cd\u09b0\u09c0\u09b0\u09be\u09ae\u09aa\u09c1\u09b0)",
        "municipality": "Rishra Municipality (\u09b0\u09bf\u09b7\u09dc\u09be \u09aa\u09cc\u09b0\u09b8\u09ad\u09be)",
        "ward_no": 20,
        "mouza_name": "Mahesh",
        "mouza_name_bn": "\u09ae\u09be\u09b9\u09c7\u09b6",
        "jl_no": 15,
        "khasra_no": "247",
        "dag_no": 247,
        "khatian_no": 347,
        "owner_name": "Debabrata Banerjee & Animesh Banerjee",
        "owner_name_bn": "\u09aa\u09c8\u09a4\u09c3\u0995 \u09b0\u09be\u09af\u09bc\u09a4",
        "ownership_type": "Private Hereditary",
        "land_classification": "\u09ac\u09be\u09b8\u09cd\u09a4\u09c1 (Bastu)",
        "legal_area_sqm": 95.08,
        "gis_area_sqm": 95.27,
        "physical_area_sqm": 95.27,
        "area_discrepancy_pct": 0.2,
        "area_bengali": "0 \u09ac\u09bf\u0998\u09be 1 \u0995\u09be\u09a0\u09be 6.7 \u099b\u099f\u09be\u0995",
        "area_english": "0 Bigha 1 Katha 6.7 Chhatak",
        "status": "VERIFIED",
        "cors_datum": "Survey of India KOL1 (Kolkata) CORS Station",
        "target_crs": "EPSG:7755 / EPSG:4326",
        "survey_source": "OpenStreetMap Real Building Footprints + Banglarbhumi RoR",
        "confidence_semi_major_m": 0.045,
        "confidence_semi_minor_m": 0.03
      }
    },
    {
      "type": "Feature",
      "id": "rishra-dag-248",
      "geometry": {
        "type": "Polygon",
        "coordinates": [
          [
            [
              88.33509,
              22.714561
            ],
            [
              88.335217,
              22.714559
            ],
            [
              88.335216,
              22.714501
            ],
            [
              88.335089,
              22.714503
            ],
            [
              88.33509,
              22.714561
            ]
          ]
        ]
      },
      "properties": {
        "ulpin": "191471453351",
        "osm_id": 357407423,
        "state": "West Bengal",
        "state_code": "19",
        "district": "Hooghly (\u09b9\u09c1\u0997\u09b2\u09c0)",
        "district_code": "12",
        "district_lgd": 314,
        "subdivision": "Srirampore (\u09b6\u09cd\u09b0\u09c0\u09b0\u09be\u09ae\u09aa\u09c1\u09b0)",
        "municipality": "Rishra Municipality (\u09b0\u09bf\u09b7\u09dc\u09be \u09aa\u09cc\u09b0\u09b8\u09ad\u09be)",
        "ward_no": 4,
        "mouza_name": "Rishra",
        "mouza_name_bn": "\u09b0\u09bf\u09b7\u09dc\u09be",
        "jl_no": 12,
        "khasra_no": "248",
        "dag_no": 248,
        "khatian_no": 348,
        "owner_name": "Shyamal Kanti Ghosh",
        "owner_name_bn": "\u09ac\u09cd\u09af\u0995\u09cd\u09a4\u09bf\u0997\u09a4 \u09ac\u09be\u09b8\u09cd\u09a4\u09c1",
        "ownership_type": "Private Homestead",
        "land_classification": "\u09ac\u09be\u09b8\u09cd\u09a4\u09c1 (Bastu)",
        "legal_area_sqm": 84.59,
        "gis_area_sqm": 83.67,
        "physical_area_sqm": 83.67,
        "area_discrepancy_pct": 1.09,
        "area_bengali": "0 \u09ac\u09bf\u0998\u09be 1 \u0995\u09be\u09a0\u09be 4.2 \u099b\u099f\u09be\u0995",
        "area_english": "0 Bigha 1 Katha 4.2 Chhatak",
        "status": "VERIFIED",
        "cors_datum": "Survey of India KOL1 (Kolkata) CORS Station",
        "target_crs": "EPSG:7755 / EPSG:4326",
        "survey_source": "OpenStreetMap Real Building Footprints + Banglarbhumi RoR",
        "confidence_semi_major_m": 0.045,
        "confidence_semi_minor_m": 0.03
      }
    },
    {
      "type": "Feature",
      "id": "rishra-dag-249",
      "geometry": {
        "type": "Polygon",
        "coordinates": [
          [
            [
              88.33848,
              22.710909
            ],
            [
              88.338597,
              22.710892
            ],
            [
              88.338586,
              22.710826
            ],
            [
              88.338468,
              22.710844
            ],
            [
              88.33848,
              22.710909
            ]
          ]
        ]
      },
      "properties": {
        "ulpin": "191471083385",
        "osm_id": 357407425,
        "state": "West Bengal",
        "state_code": "19",
        "district": "Hooghly (\u09b9\u09c1\u0997\u09b2\u09c0)",
        "district_code": "12",
        "district_lgd": 314,
        "subdivision": "Srirampore (\u09b6\u09cd\u09b0\u09c0\u09b0\u09be\u09ae\u09aa\u09c1\u09b0)",
        "municipality": "Rishra Municipality (\u09b0\u09bf\u09b7\u09dc\u09be \u09aa\u09cc\u09b0\u09b8\u09ad\u09be)",
        "ward_no": 17,
        "mouza_name": "Morepukur",
        "mouza_name_bn": "\u09ae\u09cb\u09dc\u09c7\u09aa\u09c1\u0995\u09c1\u09b0",
        "jl_no": 13,
        "khasra_no": "249",
        "dag_no": 249,
        "khatian_no": 349,
        "owner_name": "Lakshmi Rani Mondal",
        "owner_name_bn": "\u09ac\u09cd\u09af\u0995\u09cd\u09a4\u09bf\u0997\u09a4 \u09ac\u09be\u09b8\u09cd\u09a4\u09c1",
        "ownership_type": "Private Homestead",
        "land_classification": "\u09ac\u09be\u09b8\u09cd\u09a4\u09c1 (Bastu)",
        "legal_area_sqm": 88.25,
        "gis_area_sqm": 89.68,
        "physical_area_sqm": 89.68,
        "area_discrepancy_pct": 1.62,
        "area_bengali": "0 \u09ac\u09bf\u0998\u09be 1 \u0995\u09be\u09a0\u09be 5.1 \u099b\u099f\u09be\u0995",
        "area_english": "0 Bigha 1 Katha 5.1 Chhatak",
        "status": "ADJUDICATED",
        "cors_datum": "Survey of India KOL1 (Kolkata) CORS Station",
        "target_crs": "EPSG:7755 / EPSG:4326",
        "survey_source": "OpenStreetMap Real Building Footprints + Banglarbhumi RoR",
        "confidence_semi_major_m": 0.045,
        "confidence_semi_minor_m": 0.03
      }
    },
    {
      "type": "Feature",
      "id": "rishra-dag-250",
      "geometry": {
        "type": "Polygon",
        "coordinates": [
          [
            [
              88.329978,
              22.713073
            ],
            [
              88.330047,
              22.713074
            ],
            [
              88.330047,
              22.713033
            ],
            [
              88.329978,
              22.713032
            ],
            [
              88.329978,
              22.713073
            ]
          ]
        ]
      },
      "properties": {
        "ulpin": "191471303300",
        "osm_id": 357407426,
        "state": "West Bengal",
        "state_code": "19",
        "district": "Hooghly (\u09b9\u09c1\u0997\u09b2\u09c0)",
        "district_code": "12",
        "district_lgd": 314,
        "subdivision": "Srirampore (\u09b6\u09cd\u09b0\u09c0\u09b0\u09be\u09ae\u09aa\u09c1\u09b0)",
        "municipality": "Rishra Municipality (\u09b0\u09bf\u09b7\u09dc\u09be \u09aa\u09cc\u09b0\u09b8\u09ad\u09be)",
        "ward_no": 23,
        "mouza_name": "Mahesh",
        "mouza_name_bn": "\u09ae\u09be\u09b9\u09c7\u09b6",
        "jl_no": 15,
        "khasra_no": "250",
        "dag_no": 250,
        "khatian_no": 350,
        "owner_name": "Soumen Chatterjee & Bratati Chatterjee",
        "owner_name_bn": "\u09af\u09cc\u09a5 \u0996\u09a4\u09bf\u09af\u09bc\u09be\u09a8",
        "ownership_type": "Joint Ownership",
        "land_classification": "\u09ac\u09be\u09b8\u09cd\u09a4\u09c1 (Bastu)",
        "legal_area_sqm": 32.03,
        "gis_area_sqm": 32.13,
        "physical_area_sqm": 32.13,
        "area_discrepancy_pct": 0.31,
        "area_bengali": "0 \u09ac\u09bf\u0998\u09be 0 \u0995\u09be\u09a0\u09be 7.7 \u099b\u099f\u09be\u0995",
        "area_english": "0 Bigha 0 Katha 7.7 Chhatak",
        "status": "VERIFIED",
        "cors_datum": "Survey of India KOL1 (Kolkata) CORS Station",
        "target_crs": "EPSG:7755 / EPSG:4326",
        "survey_source": "OpenStreetMap Real Building Footprints + Banglarbhumi RoR",
        "confidence_semi_major_m": 0.045,
        "confidence_semi_minor_m": 0.03
      }
    },
    {
      "type": "Feature",
      "id": "rishra-dag-251",
      "geometry": {
        "type": "Polygon",
        "coordinates": [
          [
            [
              88.33515,
              22.710914
            ],
            [
              88.335225,
              22.710897
            ],
            [
              88.335201,
              22.710805
            ],
            [
              88.335125,
              22.710822
            ],
            [
              88.33515,
              22.710914
            ]
          ]
        ]
      },
      "properties": {
        "ulpin": "191471083351",
        "osm_id": 357407428,
        "state": "West Bengal",
        "state_code": "19",
        "district": "Hooghly (\u09b9\u09c1\u0997\u09b2\u09c0)",
        "district_code": "12",
        "district_lgd": 314,
        "subdivision": "Srirampore (\u09b6\u09cd\u09b0\u09c0\u09b0\u09be\u09ae\u09aa\u09c1\u09b0)",
        "municipality": "Rishra Municipality (\u09b0\u09bf\u09b7\u09dc\u09be \u09aa\u09cc\u09b0\u09b8\u09ad\u09be)",
        "ward_no": 7,
        "mouza_name": "Rishra",
        "mouza_name_bn": "\u09b0\u09bf\u09b7\u09dc\u09be",
        "jl_no": 12,
        "khasra_no": "251",
        "dag_no": 251,
        "khatian_no": 351,
        "owner_name": "Subir Kumar Sen & Sons",
        "owner_name_bn": "\u09ac\u09be\u09a3\u09bf\u099c\u09cd\u09af\u09bf\u0995 \u09a6\u09cb\u0995\u09be\u09a8",
        "ownership_type": "Commercial Shopkeeper",
        "land_classification": "\u09a1\u09be\u0999\u09cd\u0997\u09be (Danga)",
        "legal_area_sqm": 84.45,
        "gis_area_sqm": 83.61,
        "physical_area_sqm": 83.61,
        "area_discrepancy_pct": 0.99,
        "area_bengali": "0 \u09ac\u09bf\u0998\u09be 1 \u0995\u09be\u09a0\u09be 4.2 \u099b\u099f\u09be\u0995",
        "area_english": "0 Bigha 1 Katha 4.2 Chhatak",
        "status": "VERIFIED",
        "cors_datum": "Survey of India KOL1 (Kolkata) CORS Station",
        "target_crs": "EPSG:7755 / EPSG:4326",
        "survey_source": "OpenStreetMap Real Building Footprints + Banglarbhumi RoR",
        "confidence_semi_major_m": 0.045,
        "confidence_semi_minor_m": 0.03
      }
    },
    {
      "type": "Feature",
      "id": "rishra-dag-252",
      "geometry": {
        "type": "Polygon",
        "coordinates": [
          [
            [
              88.334878,
              22.710978
            ],
            [
              88.334999,
              22.71095
            ],
            [
              88.334981,
              22.71088
            ],
            [
              88.334859,
              22.710908
            ],
            [
              88.334878,
              22.710978
            ]
          ]
        ]
      },
      "properties": {
        "ulpin": "191471093349",
        "osm_id": 357407429,
        "state": "West Bengal",
        "state_code": "19",
        "district": "Hooghly (\u09b9\u09c1\u0997\u09b2\u09c0)",
        "district_code": "12",
        "district_lgd": 314,
        "subdivision": "Srirampore (\u09b6\u09cd\u09b0\u09c0\u09b0\u09be\u09ae\u09aa\u09c1\u09b0)",
        "municipality": "Rishra Municipality (\u09b0\u09bf\u09b7\u09dc\u09be \u09aa\u09cc\u09b0\u09b8\u09ad\u09be)",
        "ward_no": 14,
        "mouza_name": "Morepukur",
        "mouza_name_bn": "\u09ae\u09cb\u09dc\u09c7\u09aa\u09c1\u0995\u09c1\u09b0",
        "jl_no": 13,
        "khasra_no": "252",
        "dag_no": 252,
        "khatian_no": 352,
        "owner_name": "Ramakrishna Mission Vivekananda Sevashram",
        "owner_name_bn": "\u09b8\u09c7\u09ac\u09be\u09b6\u09cd\u09b0\u09ae \u099f\u09cd\u09b0\u09be\u09b8\u09cd\u099f",
        "ownership_type": "Institutional Charitable",
        "land_classification": "\u09ac\u09be\u09b8\u09cd\u09a4\u09c1 (Bastu)",
        "legal_area_sqm": 100.72,
        "gis_area_sqm": 102.46,
        "physical_area_sqm": 102.46,
        "area_discrepancy_pct": 1.73,
        "area_bengali": "0 \u09ac\u09bf\u0998\u09be 1 \u0995\u09be\u09a0\u09be 8.1 \u099b\u099f\u09be\u0995",
        "area_english": "0 Bigha 1 Katha 8.1 Chhatak",
        "status": "ADJUDICATED",
        "cors_datum": "Survey of India KOL1 (Kolkata) CORS Station",
        "target_crs": "EPSG:7755 / EPSG:4326",
        "survey_source": "OpenStreetMap Real Building Footprints + Banglarbhumi RoR",
        "confidence_semi_major_m": 0.045,
        "confidence_semi_minor_m": 0.03
      }
    },
    {
      "type": "Feature",
      "id": "rishra-dag-253",
      "geometry": {
        "type": "Polygon",
        "coordinates": [
          [
            [
              88.334856,
              22.709969
            ],
            [
              88.33496,
              22.70995
            ],
            [
              88.334942,
              22.709871
            ],
            [
              88.334839,
              22.70989
            ],
            [
              88.334856,
              22.709969
            ]
          ]
        ]
      },
      "properties": {
        "ulpin": "191470993348",
        "osm_id": 357407431,
        "state": "West Bengal",
        "state_code": "19",
        "district": "Hooghly (\u09b9\u09c1\u0997\u09b2\u09c0)",
        "district_code": "12",
        "district_lgd": 314,
        "subdivision": "Srirampore (\u09b6\u09cd\u09b0\u09c0\u09b0\u09be\u09ae\u09aa\u09c1\u09b0)",
        "municipality": "Rishra Municipality (\u09b0\u09bf\u09b7\u09dc\u09be \u09aa\u09cc\u09b0\u09b8\u09ad\u09be)",
        "ward_no": 21,
        "mouza_name": "Mahesh",
        "mouza_name_bn": "\u09ae\u09be\u09b9\u09c7\u09b6",
        "jl_no": 15,
        "khasra_no": "253",
        "dag_no": 253,
        "khatian_no": 353,
        "owner_name": "St. Thomas Church Parish Committee",
        "owner_name_bn": "\u09a7\u09b0\u09cd\u09ae\u09c0\u09af\u09bc \u099f\u09cd\u09b0\u09be\u09b8\u09cd\u099f",
        "ownership_type": "Religious Institutional",
        "land_classification": "\u09ac\u09be\u09b8\u09cd\u09a4\u09c1 (Bastu)",
        "legal_area_sqm": 96.23,
        "gis_area_sqm": 96.62,
        "physical_area_sqm": 96.62,
        "area_discrepancy_pct": 0.41,
        "area_bengali": "0 \u09ac\u09bf\u0998\u09be 1 \u0995\u09be\u09a0\u09be 7.0 \u099b\u099f\u09be\u0995",
        "area_english": "0 Bigha 1 Katha 7.0 Chhatak",
        "status": "VERIFIED",
        "cors_datum": "Survey of India KOL1 (Kolkata) CORS Station",
        "target_crs": "EPSG:7755 / EPSG:4326",
        "survey_source": "OpenStreetMap Real Building Footprints + Banglarbhumi RoR",
        "confidence_semi_major_m": 0.045,
        "confidence_semi_minor_m": 0.03
      }
    },
    {
      "type": "Feature",
      "id": "rishra-dag-254",
      "geometry": {
        "type": "Polygon",
        "coordinates": [
          [
            [
              88.336035,
              22.712904
            ],
            [
              88.33618,
              22.712888
            ],
            [
              88.336173,
              22.712837
            ],
            [
              88.336029,
              22.712853
            ],
            [
              88.336035,
              22.712904
            ]
          ]
        ]
      },
      "properties": {
        "ulpin": "191471283360",
        "osm_id": 357407433,
        "state": "West Bengal",
        "state_code": "19",
        "district": "Hooghly (\u09b9\u09c1\u0997\u09b2\u09c0)",
        "district_code": "12",
        "district_lgd": 314,
        "subdivision": "Srirampore (\u09b6\u09cd\u09b0\u09c0\u09b0\u09be\u09ae\u09aa\u09c1\u09b0)",
        "municipality": "Rishra Municipality (\u09b0\u09bf\u09b7\u09dc\u09be \u09aa\u09cc\u09b0\u09b8\u09ad\u09be)",
        "ward_no": 10,
        "mouza_name": "Rishra",
        "mouza_name_bn": "\u09b0\u09bf\u09b7\u09dc\u09be",
        "jl_no": 12,
        "khasra_no": "254",
        "dag_no": 254,
        "khatian_no": 354,
        "owner_name": "Bikash Ranjan Roy & Brothers",
        "owner_name_bn": "\u0995\u09c3\u09b7\u09bf \u09b0\u09be\u09af\u09bc\u09a4",
        "ownership_type": "Agricultural Ryot",
        "land_classification": "\u09a7\u09be\u09a8\u09c0 (Dhani)",
        "legal_area_sqm": 85.63,
        "gis_area_sqm": 84.87,
        "physical_area_sqm": 84.87,
        "area_discrepancy_pct": 0.89,
        "area_bengali": "0 \u09ac\u09bf\u0998\u09be 1 \u0995\u09be\u09a0\u09be 4.5 \u099b\u099f\u09be\u0995",
        "area_english": "0 Bigha 1 Katha 4.5 Chhatak",
        "status": "VERIFIED",
        "cors_datum": "Survey of India KOL1 (Kolkata) CORS Station",
        "target_crs": "EPSG:7755 / EPSG:4326",
        "survey_source": "OpenStreetMap Real Building Footprints + Banglarbhumi RoR",
        "confidence_semi_major_m": 0.045,
        "confidence_semi_minor_m": 0.03
      }
    },
    {
      "type": "Feature",
      "id": "rishra-dag-255",
      "geometry": {
        "type": "Polygon",
        "coordinates": [
          [
            [
              88.33403,
              22.710762
            ],
            [
              88.334133,
              22.710742
            ],
            [
              88.33412,
              22.710686
            ],
            [
              88.334017,
              22.710706
            ],
            [
              88.33403,
              22.710762
            ]
          ]
        ]
      },
      "properties": {
        "ulpin": "191471073340",
        "osm_id": 357407435,
        "state": "West Bengal",
        "state_code": "19",
        "district": "Hooghly (\u09b9\u09c1\u0997\u09b2\u09c0)",
        "district_code": "12",
        "district_lgd": 314,
        "subdivision": "Srirampore (\u09b6\u09cd\u09b0\u09c0\u09b0\u09be\u09ae\u09aa\u09c1\u09b0)",
        "municipality": "Rishra Municipality (\u09b0\u09bf\u09b7\u09dc\u09be \u09aa\u09cc\u09b0\u09b8\u09ad\u09be)",
        "ward_no": 17,
        "mouza_name": "Morepukur",
        "mouza_name_bn": "\u09ae\u09cb\u09dc\u09c7\u09aa\u09c1\u0995\u09c1\u09b0",
        "jl_no": 13,
        "khasra_no": "255",
        "dag_no": 255,
        "khatian_no": 355,
        "owner_name": "Aditya Birla Nuvo / Jayshree Textiles Ltd",
        "owner_name_bn": "\u0995\u09b0\u09cd\u09aa\u09cb\u09b0\u09c7\u099f \u09b6\u09bf\u09b2\u09cd\u09aa",
        "ownership_type": "Corporate Industrial",
        "land_classification": "\u0995\u09b2\u0995\u09be\u09b0\u0996\u09be\u09a8\u09be (Karkhana)",
        "legal_area_sqm": 67.23,
        "gis_area_sqm": 68.46,
        "physical_area_sqm": 68.46,
        "area_discrepancy_pct": 1.83,
        "area_bengali": "0 \u09ac\u09bf\u0998\u09be 1 \u0995\u09be\u09a0\u09be 0.1 \u099b\u099f\u09be\u0995",
        "area_english": "0 Bigha 1 Katha 0.1 Chhatak",
        "status": "ADJUDICATED",
        "cors_datum": "Survey of India KOL1 (Kolkata) CORS Station",
        "target_crs": "EPSG:7755 / EPSG:4326",
        "survey_source": "OpenStreetMap Real Building Footprints + Banglarbhumi RoR",
        "confidence_semi_major_m": 0.045,
        "confidence_semi_minor_m": 0.03
      }
    },
    {
      "type": "Feature",
      "id": "rishra-dag-256",
      "geometry": {
        "type": "Polygon",
        "coordinates": [
          [
            [
              88.340289,
              22.711341
            ],
            [
              88.340417,
              22.711325
            ],
            [
              88.340404,
              22.711236
            ],
            [
              88.340275,
              22.711251
            ],
            [
              88.340289,
              22.711341
            ]
          ]
        ]
      },
      "properties": {
        "ulpin": "191471123403",
        "osm_id": 357407437,
        "state": "West Bengal",
        "state_code": "19",
        "district": "Hooghly (\u09b9\u09c1\u0997\u09b2\u09c0)",
        "district_code": "12",
        "district_lgd": 314,
        "subdivision": "Srirampore (\u09b6\u09cd\u09b0\u09c0\u09b0\u09be\u09ae\u09aa\u09c1\u09b0)",
        "municipality": "Rishra Municipality (\u09b0\u09bf\u09b7\u09dc\u09be \u09aa\u09cc\u09b0\u09b8\u09ad\u09be)",
        "ward_no": 19,
        "mouza_name": "Mahesh",
        "mouza_name_bn": "\u09ae\u09be\u09b9\u09c7\u09b6",
        "jl_no": 15,
        "khasra_no": "256",
        "dag_no": 256,
        "khatian_no": 356,
        "owner_name": "Hastings Jute Mill Estate (Vested)",
        "owner_name_bn": "\u099a\u099f\u0995\u09b2 \u098f\u09b8\u09cd\u099f\u09c7\u099f",
        "ownership_type": "Industrial Leasehold",
        "land_classification": "\u0995\u09b2\u0995\u09be\u09b0\u0996\u09be\u09a8\u09be (Karkhana)",
        "legal_area_sqm": 132.32,
        "gis_area_sqm": 132.98,
        "physical_area_sqm": 132.98,
        "area_discrepancy_pct": 0.5,
        "area_bengali": "0 \u09ac\u09bf\u0998\u09be 1 \u0995\u09be\u09a0\u09be 15.7 \u099b\u099f\u09be\u0995",
        "area_english": "0 Bigha 1 Katha 15.7 Chhatak",
        "status": "VERIFIED",
        "cors_datum": "Survey of India KOL1 (Kolkata) CORS Station",
        "target_crs": "EPSG:7755 / EPSG:4326",
        "survey_source": "OpenStreetMap Real Building Footprints + Banglarbhumi RoR",
        "confidence_semi_major_m": 0.045,
        "confidence_semi_minor_m": 0.03
      }
    },
    {
      "type": "Feature",
      "id": "rishra-dag-257",
      "geometry": {
        "type": "Polygon",
        "coordinates": [
          [
            [
              88.336138,
              22.711105
            ],
            [
              88.336248,
              22.711075
            ],
            [
              88.336223,
              22.711
            ],
            [
              88.336114,
              22.71103
            ],
            [
              88.336138,
              22.711105
            ]
          ]
        ]
      },
      "properties": {
        "ulpin": "191471103361",
        "osm_id": 357407438,
        "state": "West Bengal",
        "state_code": "19",
        "district": "Hooghly (\u09b9\u09c1\u0997\u09b2\u09c0)",
        "district_code": "12",
        "district_lgd": 314,
        "subdivision": "Srirampore (\u09b6\u09cd\u09b0\u09c0\u09b0\u09be\u09ae\u09aa\u09c1\u09b0)",
        "municipality": "Rishra Municipality (\u09b0\u09bf\u09b7\u09dc\u09be \u09aa\u09cc\u09b0\u09b8\u09ad\u09be)",
        "ward_no": 1,
        "mouza_name": "Rishra",
        "mouza_name_bn": "\u09b0\u09bf\u09b7\u09dc\u09be",
        "jl_no": 12,
        "khasra_no": "257",
        "dag_no": 257,
        "khatian_no": 357,
        "owner_name": "Rishra Municipality (Chairman / Civic Body)",
        "owner_name_bn": "\u09b0\u09bf\u09b7\u09dc\u09be \u09aa\u09cc\u09b0\u09b8\u09ad\u09be",
        "ownership_type": "Municipal Civic Asset",
        "land_classification": "\u09b8\u09b0\u0995\u09be\u09b0\u09bf \u0996\u09be\u09b8 (Sarkari Khas)",
        "legal_area_sqm": 102.42,
        "gis_area_sqm": 101.61,
        "physical_area_sqm": 101.61,
        "area_discrepancy_pct": 0.79,
        "area_bengali": "0 \u09ac\u09bf\u0998\u09be 1 \u0995\u09be\u09a0\u09be 8.5 \u099b\u099f\u09be\u0995",
        "area_english": "0 Bigha 1 Katha 8.5 Chhatak",
        "status": "VERIFIED",
        "cors_datum": "Survey of India KOL1 (Kolkata) CORS Station",
        "target_crs": "EPSG:7755 / EPSG:4326",
        "survey_source": "OpenStreetMap Real Building Footprints + Banglarbhumi RoR",
        "confidence_semi_major_m": 0.045,
        "confidence_semi_minor_m": 0.03
      }
    },
    {
      "type": "Feature",
      "id": "rishra-dag-258",
      "geometry": {
        "type": "Polygon",
        "coordinates": [
          [
            [
              88.334567,
              22.710954
            ],
            [
              88.33463,
              22.710942
            ],
            [
              88.334607,
              22.71084
            ],
            [
              88.334544,
              22.710852
            ],
            [
              88.334567,
              22.710954
            ]
          ]
        ]
      },
      "properties": {
        "ulpin": "191471093345",
        "osm_id": 357407440,
        "state": "West Bengal",
        "state_code": "19",
        "district": "Hooghly (\u09b9\u09c1\u0997\u09b2\u09c0)",
        "district_code": "12",
        "district_lgd": 314,
        "subdivision": "Srirampore (\u09b6\u09cd\u09b0\u09c0\u09b0\u09be\u09ae\u09aa\u09c1\u09b0)",
        "municipality": "Rishra Municipality (\u09b0\u09bf\u09b7\u09dc\u09be \u09aa\u09cc\u09b0\u09b8\u09ad\u09be)",
        "ward_no": 14,
        "mouza_name": "Morepukur",
        "mouza_name_bn": "\u09ae\u09cb\u09dc\u09c7\u09aa\u09c1\u0995\u09c1\u09b0",
        "jl_no": 13,
        "khasra_no": "258",
        "dag_no": 258,
        "khatian_no": 358,
        "owner_name": "Eastern Railway Administration (Howrah Div)",
        "owner_name_bn": "\u09aa\u09c2\u09b0\u09cd\u09ac \u09b0\u09c7\u09b2\u0993\u09af\u09bc\u09c7",
        "ownership_type": "Central Govt Infrastructure",
        "land_classification": "\u09b8\u09b0\u0995\u09be\u09b0\u09bf \u0996\u09be\u09b8 (Sarkari Khas)",
        "legal_area_sqm": 74.66,
        "gis_area_sqm": 76.11,
        "physical_area_sqm": 76.11,
        "area_discrepancy_pct": 1.94,
        "area_bengali": "0 \u09ac\u09bf\u0998\u09be 1 \u0995\u09be\u09a0\u09be 1.9 \u099b\u099f\u09be\u0995",
        "area_english": "0 Bigha 1 Katha 1.9 Chhatak",
        "status": "ADJUDICATED",
        "cors_datum": "Survey of India KOL1 (Kolkata) CORS Station",
        "target_crs": "EPSG:7755 / EPSG:4326",
        "survey_source": "OpenStreetMap Real Building Footprints + Banglarbhumi RoR",
        "confidence_semi_major_m": 0.045,
        "confidence_semi_minor_m": 0.03
      }
    },
    {
      "type": "Feature",
      "id": "rishra-dag-259",
      "geometry": {
        "type": "Polygon",
        "coordinates": [
          [
            [
              88.33375,
              22.714645
            ],
            [
              88.333892,
              22.714727
            ],
            [
              88.333937,
              22.71466
            ],
            [
              88.333795,
              22.714578
            ],
            [
              88.33375,
              22.714645
            ]
          ]
        ]
      },
      "properties": {
        "ulpin": "191471463338",
        "osm_id": 357407442,
        "state": "West Bengal",
        "state_code": "19",
        "district": "Hooghly (\u09b9\u09c1\u0997\u09b2\u09c0)",
        "district_code": "12",
        "district_lgd": 314,
        "subdivision": "Srirampore (\u09b6\u09cd\u09b0\u09c0\u09b0\u09be\u09ae\u09aa\u09c1\u09b0)",
        "municipality": "Rishra Municipality (\u09b0\u09bf\u09b7\u09dc\u09be \u09aa\u09cc\u09b0\u09b8\u09ad\u09be)",
        "ward_no": 22,
        "mouza_name": "Mahesh",
        "mouza_name_bn": "\u09ae\u09be\u09b9\u09c7\u09b6",
        "jl_no": 15,
        "khasra_no": "259",
        "dag_no": 259,
        "khatian_no": 359,
        "owner_name": "PWD Roads Directorate, Govt of West Bengal",
        "owner_name_bn": "\u09aa\u09c2\u09b0\u09cd\u09a4 \u09a6\u09aa\u09cd\u09a4\u09b0",
        "ownership_type": "State Highway Department",
        "land_classification": "\u09b8\u09b0\u0995\u09be\u09b0\u09bf \u0996\u09be\u09b8 (Sarkari Khas)",
        "legal_area_sqm": 149.04,
        "gis_area_sqm": 149.94,
        "physical_area_sqm": 149.94,
        "area_discrepancy_pct": 0.6,
        "area_bengali": "0 \u09ac\u09bf\u0998\u09be 2 \u0995\u09be\u09a0\u09be 3.7 \u099b\u099f\u09be\u0995",
        "area_english": "0 Bigha 2 Katha 3.7 Chhatak",
        "status": "VERIFIED",
        "cors_datum": "Survey of India KOL1 (Kolkata) CORS Station",
        "target_crs": "EPSG:7755 / EPSG:4326",
        "survey_source": "OpenStreetMap Real Building Footprints + Banglarbhumi RoR",
        "confidence_semi_major_m": 0.045,
        "confidence_semi_minor_m": 0.03
      }
    },
    {
      "type": "Feature",
      "id": "rishra-dag-260",
      "geometry": {
        "type": "Polygon",
        "coordinates": [
          [
            [
              88.338344,
              22.715077
            ],
            [
              88.338449,
              22.715043
            ],
            [
              88.338412,
              22.714948
            ],
            [
              88.338307,
              22.714983
            ],
            [
              88.338344,
              22.715077
            ]
          ]
        ]
      },
      "properties": {
        "ulpin": "191471503383",
        "osm_id": 357407444,
        "state": "West Bengal",
        "state_code": "19",
        "district": "Hooghly (\u09b9\u09c1\u0997\u09b2\u09c0)",
        "district_code": "12",
        "district_lgd": 314,
        "subdivision": "Srirampore (\u09b6\u09cd\u09b0\u09c0\u09b0\u09be\u09ae\u09aa\u09c1\u09b0)",
        "municipality": "Rishra Municipality (\u09b0\u09bf\u09b7\u09dc\u09be \u09aa\u09cc\u09b0\u09b8\u09ad\u09be)",
        "ward_no": 4,
        "mouza_name": "Rishra",
        "mouza_name_bn": "\u09b0\u09bf\u09b7\u09dc\u09be",
        "jl_no": 12,
        "khasra_no": "260",
        "dag_no": 260,
        "khatian_no": 360,
        "owner_name": "Tarapada Mukherjee & Brothers",
        "owner_name_bn": "\u09ac\u09cd\u09af\u0995\u09cd\u09a4\u09bf\u0997\u09a4 \u09b0\u09be\u09af\u09bc\u09a4",
        "ownership_type": "Private Freehold",
        "land_classification": "\u09ac\u09be\u09b8\u09cd\u09a4\u09c1 (Bastu)",
        "legal_area_sqm": 128.06,
        "gis_area_sqm": 127.17,
        "physical_area_sqm": 127.17,
        "area_discrepancy_pct": 0.69,
        "area_bengali": "0 \u09ac\u09bf\u0998\u09be 1 \u0995\u09be\u09a0\u09be 14.6 \u099b\u099f\u09be\u0995",
        "area_english": "0 Bigha 1 Katha 14.6 Chhatak",
        "status": "VERIFIED",
        "cors_datum": "Survey of India KOL1 (Kolkata) CORS Station",
        "target_crs": "EPSG:7755 / EPSG:4326",
        "survey_source": "OpenStreetMap Real Building Footprints + Banglarbhumi RoR",
        "confidence_semi_major_m": 0.045,
        "confidence_semi_minor_m": 0.03
      }
    },
    {
      "type": "Feature",
      "id": "rishra-dag-261",
      "geometry": {
        "type": "Polygon",
        "coordinates": [
          [
            [
              88.3365,
              22.712819
            ],
            [
              88.336615,
              22.712806
            ],
            [
              88.3366,
              22.712702
            ],
            [
              88.336485,
              22.712716
            ],
            [
              88.3365,
              22.712819
            ]
          ]
        ]
      },
      "properties": {
        "ulpin": "191471273365",
        "osm_id": 357407445,
        "state": "West Bengal",
        "state_code": "19",
        "district": "Hooghly (\u09b9\u09c1\u0997\u09b2\u09c0)",
        "district_code": "12",
        "district_lgd": 314,
        "subdivision": "Srirampore (\u09b6\u09cd\u09b0\u09c0\u09b0\u09be\u09ae\u09aa\u09c1\u09b0)",
        "municipality": "Rishra Municipality (\u09b0\u09bf\u09b7\u09dc\u09be \u09aa\u09cc\u09b0\u09b8\u09ad\u09be)",
        "ward_no": 17,
        "mouza_name": "Morepukur",
        "mouza_name_bn": "\u09ae\u09cb\u09dc\u09c7\u09aa\u09c1\u0995\u09c1\u09b0",
        "jl_no": 13,
        "khasra_no": "261",
        "dag_no": 261,
        "khatian_no": 361,
        "owner_name": "Debabrata Banerjee & Animesh Banerjee",
        "owner_name_bn": "\u09aa\u09c8\u09a4\u09c3\u0995 \u09b0\u09be\u09af\u09bc\u09a4",
        "ownership_type": "Private Hereditary",
        "land_classification": "\u09ac\u09be\u09b8\u09cd\u09a4\u09c1 (Bastu)",
        "legal_area_sqm": 134.71,
        "gis_area_sqm": 137.46,
        "physical_area_sqm": 137.46,
        "area_discrepancy_pct": 2.04,
        "area_bengali": "0 \u09ac\u09bf\u0998\u09be 2 \u0995\u09be\u09a0\u09be 0.2 \u099b\u099f\u09be\u0995",
        "area_english": "0 Bigha 2 Katha 0.2 Chhatak",
        "status": "ADJUDICATED",
        "cors_datum": "Survey of India KOL1 (Kolkata) CORS Station",
        "target_crs": "EPSG:7755 / EPSG:4326",
        "survey_source": "OpenStreetMap Real Building Footprints + Banglarbhumi RoR",
        "confidence_semi_major_m": 0.045,
        "confidence_semi_minor_m": 0.03
      }
    },
    {
      "type": "Feature",
      "id": "rishra-dag-262",
      "geometry": {
        "type": "Polygon",
        "coordinates": [
          [
            [
              88.334117,
              22.71232
            ],
            [
              88.334251,
              22.712311
            ],
            [
              88.334243,
              22.712222
            ],
            [
              88.33411,
              22.712232
            ],
            [
              88.334117,
              22.71232
            ]
          ]
        ]
      },
      "properties": {
        "ulpin": "191471223341",
        "osm_id": 357407447,
        "state": "West Bengal",
        "state_code": "19",
        "district": "Hooghly (\u09b9\u09c1\u0997\u09b2\u09c0)",
        "district_code": "12",
        "district_lgd": 314,
        "subdivision": "Srirampore (\u09b6\u09cd\u09b0\u09c0\u09b0\u09be\u09ae\u09aa\u09c1\u09b0)",
        "municipality": "Rishra Municipality (\u09b0\u09bf\u09b7\u09dc\u09be \u09aa\u09cc\u09b0\u09b8\u09ad\u09be)",
        "ward_no": 20,
        "mouza_name": "Mahesh",
        "mouza_name_bn": "\u09ae\u09be\u09b9\u09c7\u09b6",
        "jl_no": 15,
        "khasra_no": "262",
        "dag_no": 262,
        "khatian_no": 362,
        "owner_name": "Shyamal Kanti Ghosh",
        "owner_name_bn": "\u09ac\u09cd\u09af\u0995\u09cd\u09a4\u09bf\u0997\u09a4 \u09ac\u09be\u09b8\u09cd\u09a4\u09c1",
        "ownership_type": "Private Homestead",
        "land_classification": "\u09ac\u09be\u09b8\u09cd\u09a4\u09c1 (Bastu)",
        "legal_area_sqm": 134.03,
        "gis_area_sqm": 134.97,
        "physical_area_sqm": 134.97,
        "area_discrepancy_pct": 0.7,
        "area_bengali": "0 \u09ac\u09bf\u0998\u09be 2 \u0995\u09be\u09a0\u09be 0.1 \u099b\u099f\u09be\u0995",
        "area_english": "0 Bigha 2 Katha 0.1 Chhatak",
        "status": "VERIFIED",
        "cors_datum": "Survey of India KOL1 (Kolkata) CORS Station",
        "target_crs": "EPSG:7755 / EPSG:4326",
        "survey_source": "OpenStreetMap Real Building Footprints + Banglarbhumi RoR",
        "confidence_semi_major_m": 0.045,
        "confidence_semi_minor_m": 0.03
      }
    },
    {
      "type": "Feature",
      "id": "rishra-dag-263",
      "geometry": {
        "type": "Polygon",
        "coordinates": [
          [
            [
              88.336229,
              22.709102
            ],
            [
              88.336318,
              22.709058
            ],
            [
              88.336293,
              22.709015
            ],
            [
              88.336204,
              22.709059
            ],
            [
              88.336229,
              22.709102
            ]
          ]
        ]
      },
      "properties": {
        "ulpin": "191470903362",
        "osm_id": 357407449,
        "state": "West Bengal",
        "state_code": "19",
        "district": "Hooghly (\u09b9\u09c1\u0997\u09b2\u09c0)",
        "district_code": "12",
        "district_lgd": 314,
        "subdivision": "Srirampore (\u09b6\u09cd\u09b0\u09c0\u09b0\u09be\u09ae\u09aa\u09c1\u09b0)",
        "municipality": "Rishra Municipality (\u09b0\u09bf\u09b7\u09dc\u09be \u09aa\u09cc\u09b0\u09b8\u09ad\u09be)",
        "ward_no": 7,
        "mouza_name": "Rishra",
        "mouza_name_bn": "\u09b0\u09bf\u09b7\u09dc\u09be",
        "jl_no": 12,
        "khasra_no": "263",
        "dag_no": 263,
        "khatian_no": 363,
        "owner_name": "Lakshmi Rani Mondal",
        "owner_name_bn": "\u09ac\u09cd\u09af\u0995\u09cd\u09a4\u09bf\u0997\u09a4 \u09ac\u09be\u09b8\u09cd\u09a4\u09c1",
        "ownership_type": "Private Homestead",
        "land_classification": "\u09ac\u09be\u09b8\u09cd\u09a4\u09c1 (Bastu)",
        "legal_area_sqm": 56.29,
        "gis_area_sqm": 55.95,
        "physical_area_sqm": 55.95,
        "area_discrepancy_pct": 0.6,
        "area_bengali": "0 \u09ac\u09bf\u0998\u09be 0 \u0995\u09be\u09a0\u09be 13.5 \u099b\u099f\u09be\u0995",
        "area_english": "0 Bigha 0 Katha 13.5 Chhatak",
        "status": "VERIFIED",
        "cors_datum": "Survey of India KOL1 (Kolkata) CORS Station",
        "target_crs": "EPSG:7755 / EPSG:4326",
        "survey_source": "OpenStreetMap Real Building Footprints + Banglarbhumi RoR",
        "confidence_semi_major_m": 0.045,
        "confidence_semi_minor_m": 0.03
      }
    },
    {
      "type": "Feature",
      "id": "rishra-dag-264",
      "geometry": {
        "type": "Polygon",
        "coordinates": [
          [
            [
              88.335849,
              22.712883
            ],
            [
              88.335949,
              22.712871
            ],
            [
              88.335942,
              22.712816
            ],
            [
              88.335841,
              22.712828
            ],
            [
              88.335849,
              22.712883
            ]
          ]
        ]
      },
      "properties": {
        "ulpin": "191471283358",
        "osm_id": 357407451,
        "state": "West Bengal",
        "state_code": "19",
        "district": "Hooghly (\u09b9\u09c1\u0997\u09b2\u09c0)",
        "district_code": "12",
        "district_lgd": 314,
        "subdivision": "Srirampore (\u09b6\u09cd\u09b0\u09c0\u09b0\u09be\u09ae\u09aa\u09c1\u09b0)",
        "municipality": "Rishra Municipality (\u09b0\u09bf\u09b7\u09dc\u09be \u09aa\u09cc\u09b0\u09b8\u09ad\u09be)",
        "ward_no": 14,
        "mouza_name": "Morepukur",
        "mouza_name_bn": "\u09ae\u09cb\u09dc\u09c7\u09aa\u09c1\u0995\u09c1\u09b0",
        "jl_no": 13,
        "khasra_no": "264",
        "dag_no": 264,
        "khatian_no": 364,
        "owner_name": "Soumen Chatterjee & Bratati Chatterjee",
        "owner_name_bn": "\u09af\u09cc\u09a5 \u0996\u09a4\u09bf\u09af\u09bc\u09be\u09a8",
        "ownership_type": "Joint Ownership",
        "land_classification": "\u09ac\u09be\u09b8\u09cd\u09a4\u09c1 (Bastu)",
        "legal_area_sqm": 65.0,
        "gis_area_sqm": 63.79,
        "physical_area_sqm": 63.79,
        "area_discrepancy_pct": 1.86,
        "area_bengali": "0 \u09ac\u09bf\u0998\u09be 0 \u0995\u09be\u09a0\u09be 15.5 \u099b\u099f\u09be\u0995",
        "area_english": "0 Bigha 0 Katha 15.5 Chhatak",
        "status": "ADJUDICATED",
        "cors_datum": "Survey of India KOL1 (Kolkata) CORS Station",
        "target_crs": "EPSG:7755 / EPSG:4326",
        "survey_source": "OpenStreetMap Real Building Footprints + Banglarbhumi RoR",
        "confidence_semi_major_m": 0.045,
        "confidence_semi_minor_m": 0.03
      }
    },
    {
      "type": "Feature",
      "id": "rishra-dag-265",
      "geometry": {
        "type": "Polygon",
        "coordinates": [
          [
            [
              88.339019,
              22.712902
            ],
            [
              88.339128,
              22.71288
            ],
            [
              88.339109,
              22.712799
            ],
            [
              88.339,
              22.712821
            ],
            [
              88.339019,
              22.712902
            ]
          ]
        ]
      },
      "properties": {
        "ulpin": "191471283390",
        "osm_id": 357407453,
        "state": "West Bengal",
        "state_code": "19",
        "district": "Hooghly (\u09b9\u09c1\u0997\u09b2\u09c0)",
        "district_code": "12",
        "district_lgd": 314,
        "subdivision": "Srirampore (\u09b6\u09cd\u09b0\u09c0\u09b0\u09be\u09ae\u09aa\u09c1\u09b0)",
        "municipality": "Rishra Municipality (\u09b0\u09bf\u09b7\u09dc\u09be \u09aa\u09cc\u09b0\u09b8\u09ad\u09be)",
        "ward_no": 23,
        "mouza_name": "Mahesh",
        "mouza_name_bn": "\u09ae\u09be\u09b9\u09c7\u09b6",
        "jl_no": 15,
        "khasra_no": "265",
        "dag_no": 265,
        "khatian_no": 365,
        "owner_name": "Subir Kumar Sen & Sons",
        "owner_name_bn": "\u09ac\u09be\u09a3\u09bf\u099c\u09cd\u09af\u09bf\u0995 \u09a6\u09cb\u0995\u09be\u09a8",
        "ownership_type": "Commercial Shopkeeper",
        "land_classification": "\u09a1\u09be\u0999\u09cd\u0997\u09be (Danga)",
        "legal_area_sqm": 104.17,
        "gis_area_sqm": 105.01,
        "physical_area_sqm": 105.01,
        "area_discrepancy_pct": 0.81,
        "area_bengali": "0 \u09ac\u09bf\u0998\u09be 1 \u0995\u09be\u09a0\u09be 8.9 \u099b\u099f\u09be\u0995",
        "area_english": "0 Bigha 1 Katha 8.9 Chhatak",
        "status": "VERIFIED",
        "cors_datum": "Survey of India KOL1 (Kolkata) CORS Station",
        "target_crs": "EPSG:7755 / EPSG:4326",
        "survey_source": "OpenStreetMap Real Building Footprints + Banglarbhumi RoR",
        "confidence_semi_major_m": 0.045,
        "confidence_semi_minor_m": 0.03
      }
    },
    {
      "type": "Feature",
      "id": "rishra-dag-266",
      "geometry": {
        "type": "Polygon",
        "coordinates": [
          [
            [
              88.335973,
              22.712199
            ],
            [
              88.336104,
              22.71216
            ],
            [
              88.336077,
              22.712084
            ],
            [
              88.335946,
              22.712122
            ],
            [
              88.335973,
              22.712199
            ]
          ]
        ]
      },
      "properties": {
        "ulpin": "191471213360",
        "osm_id": 357407455,
        "state": "West Bengal",
        "state_code": "19",
        "district": "Hooghly (\u09b9\u09c1\u0997\u09b2\u09c0)",
        "district_code": "12",
        "district_lgd": 314,
        "subdivision": "Srirampore (\u09b6\u09cd\u09b0\u09c0\u09b0\u09be\u09ae\u09aa\u09c1\u09b0)",
        "municipality": "Rishra Municipality (\u09b0\u09bf\u09b7\u09dc\u09be \u09aa\u09cc\u09b0\u09b8\u09ad\u09be)",
        "ward_no": 10,
        "mouza_name": "Rishra",
        "mouza_name_bn": "\u09b0\u09bf\u09b7\u09dc\u09be",
        "jl_no": 12,
        "khasra_no": "266",
        "dag_no": 266,
        "khatian_no": 366,
        "owner_name": "Ramakrishna Mission Vivekananda Sevashram",
        "owner_name_bn": "\u09b8\u09c7\u09ac\u09be\u09b6\u09cd\u09b0\u09ae \u099f\u09cd\u09b0\u09be\u09b8\u09cd\u099f",
        "ownership_type": "Institutional Charitable",
        "land_classification": "\u09ac\u09be\u09b8\u09cd\u09a4\u09c1 (Bastu)",
        "legal_area_sqm": 126.24,
        "gis_area_sqm": 125.61,
        "physical_area_sqm": 125.61,
        "area_discrepancy_pct": 0.5,
        "area_bengali": "0 \u09ac\u09bf\u0998\u09be 1 \u0995\u09be\u09a0\u09be 14.2 \u099b\u099f\u09be\u0995",
        "area_english": "0 Bigha 1 Katha 14.2 Chhatak",
        "status": "VERIFIED",
        "cors_datum": "Survey of India KOL1 (Kolkata) CORS Station",
        "target_crs": "EPSG:7755 / EPSG:4326",
        "survey_source": "OpenStreetMap Real Building Footprints + Banglarbhumi RoR",
        "confidence_semi_major_m": 0.045,
        "confidence_semi_minor_m": 0.03
      }
    },
    {
      "type": "Feature",
      "id": "rishra-dag-267",
      "geometry": {
        "type": "Polygon",
        "coordinates": [
          [
            [
              88.337175,
              22.713533
            ],
            [
              88.337267,
              22.713528
            ],
            [
              88.337262,
              22.713465
            ],
            [
              88.337171,
              22.71347
            ],
            [
              88.337175,
              22.713533
            ]
          ]
        ]
      },
      "properties": {
        "ulpin": "191471353372",
        "osm_id": 357407457,
        "state": "West Bengal",
        "state_code": "19",
        "district": "Hooghly (\u09b9\u09c1\u0997\u09b2\u09c0)",
        "district_code": "12",
        "district_lgd": 314,
        "subdivision": "Srirampore (\u09b6\u09cd\u09b0\u09c0\u09b0\u09be\u09ae\u09aa\u09c1\u09b0)",
        "municipality": "Rishra Municipality (\u09b0\u09bf\u09b7\u09dc\u09be \u09aa\u09cc\u09b0\u09b8\u09ad\u09be)",
        "ward_no": 17,
        "mouza_name": "Morepukur",
        "mouza_name_bn": "\u09ae\u09cb\u09dc\u09c7\u09aa\u09c1\u0995\u09c1\u09b0",
        "jl_no": 13,
        "khasra_no": "267",
        "dag_no": 267,
        "khatian_no": 367,
        "owner_name": "St. Thomas Church Parish Committee",
        "owner_name_bn": "\u09a7\u09b0\u09cd\u09ae\u09c0\u09af\u09bc \u099f\u09cd\u09b0\u09be\u09b8\u09cd\u099f",
        "ownership_type": "Religious Institutional",
        "land_classification": "\u09ac\u09be\u09b8\u09cd\u09a4\u09c1 (Bastu)",
        "legal_area_sqm": 66.9,
        "gis_area_sqm": 65.72,
        "physical_area_sqm": 65.72,
        "area_discrepancy_pct": 1.76,
        "area_bengali": "0 \u09ac\u09bf\u0998\u09be 1 \u0995\u09be\u09a0\u09be 0.0 \u099b\u099f\u09be\u0995",
        "area_english": "0 Bigha 1 Katha 0.0 Chhatak",
        "status": "ADJUDICATED",
        "cors_datum": "Survey of India KOL1 (Kolkata) CORS Station",
        "target_crs": "EPSG:7755 / EPSG:4326",
        "survey_source": "OpenStreetMap Real Building Footprints + Banglarbhumi RoR",
        "confidence_semi_major_m": 0.045,
        "confidence_semi_minor_m": 0.03
      }
    },
    {
      "type": "Feature",
      "id": "rishra-dag-268",
      "geometry": {
        "type": "Polygon",
        "coordinates": [
          [
            [
              88.337797,
              22.711968
            ],
            [
              88.337846,
              22.711958
            ],
            [
              88.33782,
              22.711852
            ],
            [
              88.337772,
              22.711861
            ],
            [
              88.337797,
              22.711968
            ]
          ]
        ]
      },
      "properties": {
        "ulpin": "191471193378",
        "osm_id": 357407460,
        "state": "West Bengal",
        "state_code": "19",
        "district": "Hooghly (\u09b9\u09c1\u0997\u09b2\u09c0)",
        "district_code": "12",
        "district_lgd": 314,
        "subdivision": "Srirampore (\u09b6\u09cd\u09b0\u09c0\u09b0\u09be\u09ae\u09aa\u09c1\u09b0)",
        "municipality": "Rishra Municipality (\u09b0\u09bf\u09b7\u09dc\u09be \u09aa\u09cc\u09b0\u09b8\u09ad\u09be)",
        "ward_no": 21,
        "mouza_name": "Mahesh",
        "mouza_name_bn": "\u09ae\u09be\u09b9\u09c7\u09b6",
        "jl_no": 15,
        "khasra_no": "268",
        "dag_no": 268,
        "khatian_no": 368,
        "owner_name": "Bikash Ranjan Roy & Brothers",
        "owner_name_bn": "\u0995\u09c3\u09b7\u09bf \u09b0\u09be\u09af\u09bc\u09a4",
        "ownership_type": "Agricultural Ryot",
        "land_classification": "\u09a7\u09be\u09a8\u09c0 (Dhani)",
        "legal_area_sqm": 60.85,
        "gis_area_sqm": 61.4,
        "physical_area_sqm": 61.4,
        "area_discrepancy_pct": 0.9,
        "area_bengali": "0 \u09ac\u09bf\u0998\u09be 0 \u0995\u09be\u09a0\u09be 14.6 \u099b\u099f\u09be\u0995",
        "area_english": "0 Bigha 0 Katha 14.6 Chhatak",
        "status": "VERIFIED",
        "cors_datum": "Survey of India KOL1 (Kolkata) CORS Station",
        "target_crs": "EPSG:7755 / EPSG:4326",
        "survey_source": "OpenStreetMap Real Building Footprints + Banglarbhumi RoR",
        "confidence_semi_major_m": 0.045,
        "confidence_semi_minor_m": 0.03
      }
    },
    {
      "type": "Feature",
      "id": "rishra-dag-269",
      "geometry": {
        "type": "Polygon",
        "coordinates": [
          [
            [
              88.334156,
              22.712641
            ],
            [
              88.334241,
              22.71264
            ],
            [
              88.33424,
              22.712594
            ],
            [
              88.334155,
              22.712596
            ],
            [
              88.334156,
              22.712641
            ]
          ]
        ]
      },
      "properties": {
        "ulpin": "191471263341",
        "osm_id": 357407463,
        "state": "West Bengal",
        "state_code": "19",
        "district": "Hooghly (\u09b9\u09c1\u0997\u09b2\u09c0)",
        "district_code": "12",
        "district_lgd": 314,
        "subdivision": "Srirampore (\u09b6\u09cd\u09b0\u09c0\u09b0\u09be\u09ae\u09aa\u09c1\u09b0)",
        "municipality": "Rishra Municipality (\u09b0\u09bf\u09b7\u09dc\u09be \u09aa\u09cc\u09b0\u09b8\u09ad\u09be)",
        "ward_no": 1,
        "mouza_name": "Rishra",
        "mouza_name_bn": "\u09b0\u09bf\u09b7\u09dc\u09be",
        "jl_no": 12,
        "khasra_no": "269",
        "dag_no": 269,
        "khatian_no": 369,
        "owner_name": "Aditya Birla Nuvo / Jayshree Textiles Ltd",
        "owner_name_bn": "\u0995\u09b0\u09cd\u09aa\u09cb\u09b0\u09c7\u099f \u09b6\u09bf\u09b2\u09cd\u09aa",
        "ownership_type": "Corporate Industrial",
        "land_classification": "\u0995\u09b2\u0995\u09be\u09b0\u0996\u09be\u09a8\u09be (Karkhana)",
        "legal_area_sqm": 44.12,
        "gis_area_sqm": 43.94,
        "physical_area_sqm": 43.94,
        "area_discrepancy_pct": 0.41,
        "area_bengali": "0 \u09ac\u09bf\u0998\u09be 0 \u0995\u09be\u09a0\u09be 10.6 \u099b\u099f\u09be\u0995",
        "area_english": "0 Bigha 0 Katha 10.6 Chhatak",
        "status": "VERIFIED",
        "cors_datum": "Survey of India KOL1 (Kolkata) CORS Station",
        "target_crs": "EPSG:7755 / EPSG:4326",
        "survey_source": "OpenStreetMap Real Building Footprints + Banglarbhumi RoR",
        "confidence_semi_major_m": 0.045,
        "confidence_semi_minor_m": 0.03
      }
    },
    {
      "type": "Feature",
      "id": "rishra-dag-270",
      "geometry": {
        "type": "Polygon",
        "coordinates": [
          [
            [
              88.332786,
              22.713949
            ],
            [
              88.332826,
              22.713968
            ],
            [
              88.332859,
              22.713905
            ],
            [
              88.332814,
              22.713886
            ],
            [
              88.332786,
              22.713949
            ]
          ]
        ]
      },
      "properties": {
        "ulpin": "191471393328",
        "osm_id": 357407465,
        "state": "West Bengal",
        "state_code": "19",
        "district": "Hooghly (\u09b9\u09c1\u0997\u09b2\u09c0)",
        "district_code": "12",
        "district_lgd": 314,
        "subdivision": "Srirampore (\u09b6\u09cd\u09b0\u09c0\u09b0\u09be\u09ae\u09aa\u09c1\u09b0)",
        "municipality": "Rishra Municipality (\u09b0\u09bf\u09b7\u09dc\u09be \u09aa\u09cc\u09b0\u09b8\u09ad\u09be)",
        "ward_no": 14,
        "mouza_name": "Morepukur",
        "mouza_name_bn": "\u09ae\u09cb\u09dc\u09c7\u09aa\u09c1\u0995\u09c1\u09b0",
        "jl_no": 13,
        "khasra_no": "270",
        "dag_no": 270,
        "khatian_no": 370,
        "owner_name": "Hastings Jute Mill Estate (Vested)",
        "owner_name_bn": "\u099a\u099f\u0995\u09b2 \u098f\u09b8\u09cd\u099f\u09c7\u099f",
        "ownership_type": "Industrial Leasehold",
        "land_classification": "\u0995\u09b2\u0995\u09be\u09b0\u0996\u09be\u09a8\u09be (Karkhana)",
        "legal_area_sqm": 37.61,
        "gis_area_sqm": 36.98,
        "physical_area_sqm": 36.98,
        "area_discrepancy_pct": 1.68,
        "area_bengali": "0 \u09ac\u09bf\u0998\u09be 0 \u0995\u09be\u09a0\u09be 9.0 \u099b\u099f\u09be\u0995",
        "area_english": "0 Bigha 0 Katha 9.0 Chhatak",
        "status": "ADJUDICATED",
        "cors_datum": "Survey of India KOL1 (Kolkata) CORS Station",
        "target_crs": "EPSG:7755 / EPSG:4326",
        "survey_source": "OpenStreetMap Real Building Footprints + Banglarbhumi RoR",
        "confidence_semi_major_m": 0.045,
        "confidence_semi_minor_m": 0.03
      }
    },
    {
      "type": "Feature",
      "id": "rishra-dag-271",
      "geometry": {
        "type": "Polygon",
        "coordinates": [
          [
            [
              88.337765,
              22.710397
            ],
            [
              88.337849,
              22.710366
            ],
            [
              88.337817,
              22.710292
            ],
            [
              88.337733,
              22.710322
            ],
            [
              88.337765,
              22.710397
            ]
          ]
        ]
      },
      "properties": {
        "ulpin": "191471033377",
        "osm_id": 357407467,
        "state": "West Bengal",
        "state_code": "19",
        "district": "Hooghly (\u09b9\u09c1\u0997\u09b2\u09c0)",
        "district_code": "12",
        "district_lgd": 314,
        "subdivision": "Srirampore (\u09b6\u09cd\u09b0\u09c0\u09b0\u09be\u09ae\u09aa\u09c1\u09b0)",
        "municipality": "Rishra Municipality (\u09b0\u09bf\u09b7\u09dc\u09be \u09aa\u09cc\u09b0\u09b8\u09ad\u09be)",
        "ward_no": 19,
        "mouza_name": "Mahesh",
        "mouza_name_bn": "\u09ae\u09be\u09b9\u09c7\u09b6",
        "jl_no": 15,
        "khasra_no": "271",
        "dag_no": 271,
        "khatian_no": 371,
        "owner_name": "Rishra Municipality (Chairman / Civic Body)",
        "owner_name_bn": "\u09b0\u09bf\u09b7\u09dc\u09be \u09aa\u09cc\u09b0\u09b8\u09ad\u09be",
        "ownership_type": "Municipal Civic Asset",
        "land_classification": "\u09b8\u09b0\u0995\u09be\u09b0\u09bf \u0996\u09be\u09b8 (Sarkari Khas)",
        "legal_area_sqm": 81.33,
        "gis_area_sqm": 82.15,
        "physical_area_sqm": 82.15,
        "area_discrepancy_pct": 1.01,
        "area_bengali": "0 \u09ac\u09bf\u0998\u09be 1 \u0995\u09be\u09a0\u09be 3.5 \u099b\u099f\u09be\u0995",
        "area_english": "0 Bigha 1 Katha 3.5 Chhatak",
        "status": "VERIFIED",
        "cors_datum": "Survey of India KOL1 (Kolkata) CORS Station",
        "target_crs": "EPSG:7755 / EPSG:4326",
        "survey_source": "OpenStreetMap Real Building Footprints + Banglarbhumi RoR",
        "confidence_semi_major_m": 0.045,
        "confidence_semi_minor_m": 0.03
      }
    },
    {
      "type": "Feature",
      "id": "rishra-dag-272",
      "geometry": {
        "type": "Polygon",
        "coordinates": [
          [
            [
              88.333378,
              22.714442
            ],
            [
              88.333474,
              22.714483
            ],
            [
              88.333507,
              22.714417
            ],
            [
              88.333412,
              22.714376
            ],
            [
              88.333378,
              22.714442
            ]
          ]
        ]
      },
      "properties": {
        "ulpin": "191471443334",
        "osm_id": 357407470,
        "state": "West Bengal",
        "state_code": "19",
        "district": "Hooghly (\u09b9\u09c1\u0997\u09b2\u09c0)",
        "district_code": "12",
        "district_lgd": 314,
        "subdivision": "Srirampore (\u09b6\u09cd\u09b0\u09c0\u09b0\u09be\u09ae\u09aa\u09c1\u09b0)",
        "municipality": "Rishra Municipality (\u09b0\u09bf\u09b7\u09dc\u09be \u09aa\u09cc\u09b0\u09b8\u09ad\u09be)",
        "ward_no": 4,
        "mouza_name": "Rishra",
        "mouza_name_bn": "\u09b0\u09bf\u09b7\u09dc\u09be",
        "jl_no": 12,
        "khasra_no": "272",
        "dag_no": 272,
        "khatian_no": 372,
        "owner_name": "Eastern Railway Administration (Howrah Div)",
        "owner_name_bn": "\u09aa\u09c2\u09b0\u09cd\u09ac \u09b0\u09c7\u09b2\u0993\u09af\u09bc\u09c7",
        "ownership_type": "Central Govt Infrastructure",
        "land_classification": "\u09b8\u09b0\u0995\u09be\u09b0\u09bf \u0996\u09be\u09b8 (Sarkari Khas)",
        "legal_area_sqm": 87.43,
        "gis_area_sqm": 87.17,
        "physical_area_sqm": 87.17,
        "area_discrepancy_pct": 0.3,
        "area_bengali": "0 \u09ac\u09bf\u0998\u09be 1 \u0995\u09be\u09a0\u09be 4.9 \u099b\u099f\u09be\u0995",
        "area_english": "0 Bigha 1 Katha 4.9 Chhatak",
        "status": "VERIFIED",
        "cors_datum": "Survey of India KOL1 (Kolkata) CORS Station",
        "target_crs": "EPSG:7755 / EPSG:4326",
        "survey_source": "OpenStreetMap Real Building Footprints + Banglarbhumi RoR",
        "confidence_semi_major_m": 0.045,
        "confidence_semi_minor_m": 0.03
      }
    },
    {
      "type": "Feature",
      "id": "rishra-dag-273",
      "geometry": {
        "type": "Polygon",
        "coordinates": [
          [
            [
              88.336566,
              22.715113
            ],
            [
              88.336643,
              22.715102
            ],
            [
              88.336623,
              22.714976
            ],
            [
              88.336545,
              22.714987
            ],
            [
              88.336566,
              22.715113
            ]
          ]
        ]
      },
      "properties": {
        "ulpin": "191471503365",
        "osm_id": 357407472,
        "state": "West Bengal",
        "state_code": "19",
        "district": "Hooghly (\u09b9\u09c1\u0997\u09b2\u09c0)",
        "district_code": "12",
        "district_lgd": 314,
        "subdivision": "Srirampore (\u09b6\u09cd\u09b0\u09c0\u09b0\u09be\u09ae\u09aa\u09c1\u09b0)",
        "municipality": "Rishra Municipality (\u09b0\u09bf\u09b7\u09dc\u09be \u09aa\u09cc\u09b0\u09b8\u09ad\u09be)",
        "ward_no": 17,
        "mouza_name": "Morepukur",
        "mouza_name_bn": "\u09ae\u09cb\u09dc\u09c7\u09aa\u09c1\u0995\u09c1\u09b0",
        "jl_no": 13,
        "khasra_no": "273",
        "dag_no": 273,
        "khatian_no": 373,
        "owner_name": "PWD Roads Directorate, Govt of West Bengal",
        "owner_name_bn": "\u09aa\u09c2\u09b0\u09cd\u09a4 \u09a6\u09aa\u09cd\u09a4\u09b0",
        "ownership_type": "State Highway Department",
        "land_classification": "\u09b8\u09b0\u0995\u09be\u09b0\u09bf \u0996\u09be\u09b8 (Sarkari Khas)",
        "legal_area_sqm": 115.27,
        "gis_area_sqm": 113.45,
        "physical_area_sqm": 113.45,
        "area_discrepancy_pct": 1.58,
        "area_bengali": "0 \u09ac\u09bf\u0998\u09be 1 \u0995\u09be\u09a0\u09be 11.6 \u099b\u099f\u09be\u0995",
        "area_english": "0 Bigha 1 Katha 11.6 Chhatak",
        "status": "ADJUDICATED",
        "cors_datum": "Survey of India KOL1 (Kolkata) CORS Station",
        "target_crs": "EPSG:7755 / EPSG:4326",
        "survey_source": "OpenStreetMap Real Building Footprints + Banglarbhumi RoR",
        "confidence_semi_major_m": 0.045,
        "confidence_semi_minor_m": 0.03
      }
    },
    {
      "type": "Feature",
      "id": "rishra-dag-274",
      "geometry": {
        "type": "Polygon",
        "coordinates": [
          [
            [
              88.334638,
              22.713831
            ],
            [
              88.334698,
              22.713843
            ],
            [
              88.334716,
              22.71377
            ],
            [
              88.334656,
              22.713758
            ],
            [
              88.334638,
              22.713831
            ]
          ]
        ]
      },
      "properties": {
        "ulpin": "191471383346",
        "osm_id": 357407475,
        "state": "West Bengal",
        "state_code": "19",
        "district": "Hooghly (\u09b9\u09c1\u0997\u09b2\u09c0)",
        "district_code": "12",
        "district_lgd": 314,
        "subdivision": "Srirampore (\u09b6\u09cd\u09b0\u09c0\u09b0\u09be\u09ae\u09aa\u09c1\u09b0)",
        "municipality": "Rishra Municipality (\u09b0\u09bf\u09b7\u09dc\u09be \u09aa\u09cc\u09b0\u09b8\u09ad\u09be)",
        "ward_no": 22,
        "mouza_name": "Mahesh",
        "mouza_name_bn": "\u09ae\u09be\u09b9\u09c7\u09b6",
        "jl_no": 15,
        "khasra_no": "274",
        "dag_no": 274,
        "khatian_no": 374,
        "owner_name": "Tarapada Mukherjee & Brothers",
        "owner_name_bn": "\u09ac\u09cd\u09af\u0995\u09cd\u09a4\u09bf\u0997\u09a4 \u09b0\u09be\u09af\u09bc\u09a4",
        "ownership_type": "Private Freehold",
        "land_classification": "\u09ac\u09be\u09b8\u09cd\u09a4\u09c1 (Bastu)",
        "legal_area_sqm": 51.62,
        "gis_area_sqm": 52.19,
        "physical_area_sqm": 52.19,
        "area_discrepancy_pct": 1.1,
        "area_bengali": "0 \u09ac\u09bf\u0998\u09be 0 \u0995\u09be\u09a0\u09be 12.3 \u099b\u099f\u09be\u0995",
        "area_english": "0 Bigha 0 Katha 12.3 Chhatak",
        "status": "VERIFIED",
        "cors_datum": "Survey of India KOL1 (Kolkata) CORS Station",
        "target_crs": "EPSG:7755 / EPSG:4326",
        "survey_source": "OpenStreetMap Real Building Footprints + Banglarbhumi RoR",
        "confidence_semi_major_m": 0.045,
        "confidence_semi_minor_m": 0.03
      }
    },
    {
      "type": "Feature",
      "id": "rishra-dag-275",
      "geometry": {
        "type": "Polygon",
        "coordinates": [
          [
            [
              88.337141,
              22.713229
            ],
            [
              88.337255,
              22.713227
            ],
            [
              88.337253,
              22.713127
            ],
            [
              88.337139,
              22.713129
            ],
            [
              88.337141,
              22.713229
            ]
          ]
        ]
      },
      "properties": {
        "ulpin": "191471313371",
        "osm_id": 357407478,
        "state": "West Bengal",
        "state_code": "19",
        "district": "Hooghly (\u09b9\u09c1\u0997\u09b2\u09c0)",
        "district_code": "12",
        "district_lgd": 314,
        "subdivision": "Srirampore (\u09b6\u09cd\u09b0\u09c0\u09b0\u09be\u09ae\u09aa\u09c1\u09b0)",
        "municipality": "Rishra Municipality (\u09b0\u09bf\u09b7\u09dc\u09be \u09aa\u09cc\u09b0\u09b8\u09ad\u09be)",
        "ward_no": 7,
        "mouza_name": "Rishra",
        "mouza_name_bn": "\u09b0\u09bf\u09b7\u09dc\u09be",
        "jl_no": 12,
        "khasra_no": "275",
        "dag_no": 275,
        "khatian_no": 375,
        "owner_name": "Debabrata Banerjee & Animesh Banerjee",
        "owner_name_bn": "\u09aa\u09c8\u09a4\u09c3\u0995 \u09b0\u09be\u09af\u09bc\u09a4",
        "ownership_type": "Private Hereditary",
        "land_classification": "\u09ac\u09be\u09b8\u09cd\u09a4\u09c1 (Bastu)",
        "legal_area_sqm": 129.76,
        "gis_area_sqm": 129.5,
        "physical_area_sqm": 129.5,
        "area_discrepancy_pct": 0.2,
        "area_bengali": "0 \u09ac\u09bf\u0998\u09be 1 \u0995\u09be\u09a0\u09be 15.0 \u099b\u099f\u09be\u0995",
        "area_english": "0 Bigha 1 Katha 15.0 Chhatak",
        "status": "VERIFIED",
        "cors_datum": "Survey of India KOL1 (Kolkata) CORS Station",
        "target_crs": "EPSG:7755 / EPSG:4326",
        "survey_source": "OpenStreetMap Real Building Footprints + Banglarbhumi RoR",
        "confidence_semi_major_m": 0.045,
        "confidence_semi_minor_m": 0.03
      }
    },
    {
      "type": "Feature",
      "id": "rishra-dag-276",
      "geometry": {
        "type": "Polygon",
        "coordinates": [
          [
            [
              88.330846,
              22.713973
            ],
            [
              88.33092,
              22.714007
            ],
            [
              88.330986,
              22.713884
            ],
            [
              88.330913,
              22.71385
            ],
            [
              88.330846,
              22.713973
            ]
          ]
        ]
      },
      "properties": {
        "ulpin": "191471393309",
        "osm_id": 357407480,
        "state": "West Bengal",
        "state_code": "19",
        "district": "Hooghly (\u09b9\u09c1\u0997\u09b2\u09c0)",
        "district_code": "12",
        "district_lgd": 314,
        "subdivision": "Srirampore (\u09b6\u09cd\u09b0\u09c0\u09b0\u09be\u09ae\u09aa\u09c1\u09b0)",
        "municipality": "Rishra Municipality (\u09b0\u09bf\u09b7\u09dc\u09be \u09aa\u09cc\u09b0\u09b8\u09ad\u09be)",
        "ward_no": 14,
        "mouza_name": "Morepukur",
        "mouza_name_bn": "\u09ae\u09cb\u09dc\u09c7\u09aa\u09c1\u0995\u09c1\u09b0",
        "jl_no": 13,
        "khasra_no": "276",
        "dag_no": 276,
        "khatian_no": 376,
        "owner_name": "Shyamal Kanti Ghosh",
        "owner_name_bn": "\u09ac\u09cd\u09af\u0995\u09cd\u09a4\u09bf\u0997\u09a4 \u09ac\u09be\u09b8\u09cd\u09a4\u09c1",
        "ownership_type": "Private Homestead",
        "land_classification": "\u09ac\u09be\u09b8\u09cd\u09a4\u09c1 (Bastu)",
        "legal_area_sqm": 130.27,
        "gis_area_sqm": 128.34,
        "physical_area_sqm": 128.34,
        "area_discrepancy_pct": 1.48,
        "area_bengali": "0 \u09ac\u09bf\u0998\u09be 1 \u0995\u09be\u09a0\u09be 15.2 \u099b\u099f\u09be\u0995",
        "area_english": "0 Bigha 1 Katha 15.2 Chhatak",
        "status": "VERIFIED",
        "cors_datum": "Survey of India KOL1 (Kolkata) CORS Station",
        "target_crs": "EPSG:7755 / EPSG:4326",
        "survey_source": "OpenStreetMap Real Building Footprints + Banglarbhumi RoR",
        "confidence_semi_major_m": 0.045,
        "confidence_semi_minor_m": 0.03
      }
    },
    {
      "type": "Feature",
      "id": "rishra-dag-277",
      "geometry": {
        "type": "Polygon",
        "coordinates": [
          [
            [
              88.338795,
              22.710842
            ],
            [
              88.338936,
              22.71082
            ],
            [
              88.338926,
              22.710763
            ],
            [
              88.338785,
              22.710785
            ],
            [
              88.338795,
              22.710842
            ]
          ]
        ]
      },
      "properties": {
        "ulpin": "191471083388",
        "osm_id": 357407483,
        "state": "West Bengal",
        "state_code": "19",
        "district": "Hooghly (\u09b9\u09c1\u0997\u09b2\u09c0)",
        "district_code": "12",
        "district_lgd": 314,
        "subdivision": "Srirampore (\u09b6\u09cd\u09b0\u09c0\u09b0\u09be\u09ae\u09aa\u09c1\u09b0)",
        "municipality": "Rishra Municipality (\u09b0\u09bf\u09b7\u09dc\u09be \u09aa\u09cc\u09b0\u09b8\u09ad\u09be)",
        "ward_no": 20,
        "mouza_name": "Mahesh",
        "mouza_name_bn": "\u09ae\u09be\u09b9\u09c7\u09b6",
        "jl_no": 15,
        "khasra_no": "277",
        "dag_no": 277,
        "khatian_no": 377,
        "owner_name": "Lakshmi Rani Mondal",
        "owner_name_bn": "\u09ac\u09cd\u09af\u0995\u09cd\u09a4\u09bf\u0997\u09a4 \u09ac\u09be\u09b8\u09cd\u09a4\u09c1",
        "ownership_type": "Private Homestead",
        "land_classification": "\u09ac\u09be\u09b8\u09cd\u09a4\u09c1 (Bastu)",
        "legal_area_sqm": 92.64,
        "gis_area_sqm": 93.77,
        "physical_area_sqm": 93.77,
        "area_discrepancy_pct": 1.22,
        "area_bengali": "0 \u09ac\u09bf\u0998\u09be 1 \u0995\u09be\u09a0\u09be 6.2 \u099b\u099f\u09be\u0995",
        "area_english": "0 Bigha 1 Katha 6.2 Chhatak",
        "status": "VERIFIED",
        "cors_datum": "Survey of India KOL1 (Kolkata) CORS Station",
        "target_crs": "EPSG:7755 / EPSG:4326",
        "survey_source": "OpenStreetMap Real Building Footprints + Banglarbhumi RoR",
        "confidence_semi_major_m": 0.045,
        "confidence_semi_minor_m": 0.03
      }
    },
    {
      "type": "Feature",
      "id": "rishra-dag-278",
      "geometry": {
        "type": "Polygon",
        "coordinates": [
          [
            [
              88.337214,
              22.710208
            ],
            [
              88.337301,
              22.71017
            ],
            [
              88.337265,
              22.710099
            ],
            [
              88.337178,
              22.710136
            ],
            [
              88.337214,
              22.710208
            ]
          ]
        ]
      },
      "properties": {
        "ulpin": "191471013372",
        "osm_id": 357407485,
        "state": "West Bengal",
        "state_code": "19",
        "district": "Hooghly (\u09b9\u09c1\u0997\u09b2\u09c0)",
        "district_code": "12",
        "district_lgd": 314,
        "subdivision": "Srirampore (\u09b6\u09cd\u09b0\u09c0\u09b0\u09be\u09ae\u09aa\u09c1\u09b0)",
        "municipality": "Rishra Municipality (\u09b0\u09bf\u09b7\u09dc\u09be \u09aa\u09cc\u09b0\u09b8\u09ad\u09be)",
        "ward_no": 10,
        "mouza_name": "Rishra",
        "mouza_name_bn": "\u09b0\u09bf\u09b7\u09dc\u09be",
        "jl_no": 12,
        "khasra_no": "278",
        "dag_no": 278,
        "khatian_no": 378,
        "owner_name": "Soumen Chatterjee & Bratati Chatterjee",
        "owner_name_bn": "\u09af\u09cc\u09a5 \u0996\u09a4\u09bf\u09af\u09bc\u09be\u09a8",
        "ownership_type": "Joint Ownership",
        "land_classification": "\u09ac\u09be\u09b8\u09cd\u09a4\u09c1 (Bastu)",
        "legal_area_sqm": 86.06,
        "gis_area_sqm": 85.97,
        "physical_area_sqm": 85.97,
        "area_discrepancy_pct": 0.1,
        "area_bengali": "0 \u09ac\u09bf\u0998\u09be 1 \u0995\u09be\u09a0\u09be 4.6 \u099b\u099f\u09be\u0995",
        "area_english": "0 Bigha 1 Katha 4.6 Chhatak",
        "status": "VERIFIED",
        "cors_datum": "Survey of India KOL1 (Kolkata) CORS Station",
        "target_crs": "EPSG:7755 / EPSG:4326",
        "survey_source": "OpenStreetMap Real Building Footprints + Banglarbhumi RoR",
        "confidence_semi_major_m": 0.045,
        "confidence_semi_minor_m": 0.03
      }
    },
    {
      "type": "Feature",
      "id": "rishra-dag-279",
      "geometry": {
        "type": "Polygon",
        "coordinates": [
          [
            [
              88.340682,
              22.711421
            ],
            [
              88.340737,
              22.711416
            ],
            [
              88.340728,
              22.711329
            ],
            [
              88.340673,
              22.711334
            ],
            [
              88.340682,
              22.711421
            ]
          ]
        ]
      },
      "properties": {
        "ulpin": "191471133407",
        "osm_id": 357407488,
        "state": "West Bengal",
        "state_code": "19",
        "district": "Hooghly (\u09b9\u09c1\u0997\u09b2\u09c0)",
        "district_code": "12",
        "district_lgd": 314,
        "subdivision": "Srirampore (\u09b6\u09cd\u09b0\u09c0\u09b0\u09be\u09ae\u09aa\u09c1\u09b0)",
        "municipality": "Rishra Municipality (\u09b0\u09bf\u09b7\u09dc\u09be \u09aa\u09cc\u09b0\u09b8\u09ad\u09be)",
        "ward_no": 17,
        "mouza_name": "Morepukur",
        "mouza_name_bn": "\u09ae\u09cb\u09dc\u09c7\u09aa\u09c1\u0995\u09c1\u09b0",
        "jl_no": 13,
        "khasra_no": "279",
        "dag_no": 279,
        "khatian_no": 379,
        "owner_name": "Subir Kumar Sen & Sons",
        "owner_name_bn": "\u09ac\u09be\u09a3\u09bf\u099c\u09cd\u09af\u09bf\u0995 \u09a6\u09cb\u0995\u09be\u09a8",
        "ownership_type": "Commercial Shopkeeper",
        "land_classification": "\u09a1\u09be\u0999\u09cd\u0997\u09be (Danga)",
        "legal_area_sqm": 55.62,
        "gis_area_sqm": 54.85,
        "physical_area_sqm": 54.85,
        "area_discrepancy_pct": 1.38,
        "area_bengali": "0 \u09ac\u09bf\u0998\u09be 0 \u0995\u09be\u09a0\u09be 13.3 \u099b\u099f\u09be\u0995",
        "area_english": "0 Bigha 0 Katha 13.3 Chhatak",
        "status": "VERIFIED",
        "cors_datum": "Survey of India KOL1 (Kolkata) CORS Station",
        "target_crs": "EPSG:7755 / EPSG:4326",
        "survey_source": "OpenStreetMap Real Building Footprints + Banglarbhumi RoR",
        "confidence_semi_major_m": 0.045,
        "confidence_semi_minor_m": 0.03
      }
    },
    {
      "type": "Feature",
      "id": "rishra-dag-280",
      "geometry": {
        "type": "Polygon",
        "coordinates": [
          [
            [
              88.334137,
              22.711373
            ],
            [
              88.334215,
              22.711357
            ],
            [
              88.334189,
              22.71125
            ],
            [
              88.334111,
              22.711266
            ],
            [
              88.334137,
              22.711373
            ]
          ]
        ]
      },
      "properties": {
        "ulpin": "191471133341",
        "osm_id": 357407491,
        "state": "West Bengal",
        "state_code": "19",
        "district": "Hooghly (\u09b9\u09c1\u0997\u09b2\u09c0)",
        "district_code": "12",
        "district_lgd": 314,
        "subdivision": "Srirampore (\u09b6\u09cd\u09b0\u09c0\u09b0\u09be\u09ae\u09aa\u09c1\u09b0)",
        "municipality": "Rishra Municipality (\u09b0\u09bf\u09b7\u09dc\u09be \u09aa\u09cc\u09b0\u09b8\u09ad\u09be)",
        "ward_no": 23,
        "mouza_name": "Mahesh",
        "mouza_name_bn": "\u09ae\u09be\u09b9\u09c7\u09b6",
        "jl_no": 15,
        "khasra_no": "280",
        "dag_no": 280,
        "khatian_no": 380,
        "owner_name": "Ramakrishna Mission Vivekananda Sevashram",
        "owner_name_bn": "\u09b8\u09c7\u09ac\u09be\u09b6\u09cd\u09b0\u09ae \u099f\u09cd\u09b0\u09be\u09b8\u09cd\u099f",
        "ownership_type": "Institutional Charitable",
        "land_classification": "\u09ac\u09be\u09b8\u09cd\u09a4\u09c1 (Bastu)",
        "legal_area_sqm": 98.21,
        "gis_area_sqm": 99.5,
        "physical_area_sqm": 99.5,
        "area_discrepancy_pct": 1.31,
        "area_bengali": "0 \u09ac\u09bf\u0998\u09be 1 \u0995\u09be\u09a0\u09be 7.5 \u099b\u099f\u09be\u0995",
        "area_english": "0 Bigha 1 Katha 7.5 Chhatak",
        "status": "VERIFIED",
        "cors_datum": "Survey of India KOL1 (Kolkata) CORS Station",
        "target_crs": "EPSG:7755 / EPSG:4326",
        "survey_source": "OpenStreetMap Real Building Footprints + Banglarbhumi RoR",
        "confidence_semi_major_m": 0.045,
        "confidence_semi_minor_m": 0.03
      }
    },
    {
      "type": "Feature",
      "id": "rishra-dag-281",
      "geometry": {
        "type": "Polygon",
        "coordinates": [
          [
            [
              88.335879,
              22.709898
            ],
            [
              88.335975,
              22.709873
            ],
            [
              88.335946,
              22.709782
            ],
            [
              88.335851,
              22.709807
            ],
            [
              88.335879,
              22.709898
            ]
          ]
        ]
      },
      "properties": {
        "ulpin": "191470983359",
        "osm_id": 357407493,
        "state": "West Bengal",
        "state_code": "19",
        "district": "Hooghly (\u09b9\u09c1\u0997\u09b2\u09c0)",
        "district_code": "12",
        "district_lgd": 314,
        "subdivision": "Srirampore (\u09b6\u09cd\u09b0\u09c0\u09b0\u09be\u09ae\u09aa\u09c1\u09b0)",
        "municipality": "Rishra Municipality (\u09b0\u09bf\u09b7\u09dc\u09be \u09aa\u09cc\u09b0\u09b8\u09ad\u09be)",
        "ward_no": 1,
        "mouza_name": "Rishra",
        "mouza_name_bn": "\u09b0\u09bf\u09b7\u09dc\u09be",
        "jl_no": 12,
        "khasra_no": "281",
        "dag_no": 281,
        "khatian_no": 381,
        "owner_name": "St. Thomas Church Parish Committee",
        "owner_name_bn": "\u09a7\u09b0\u09cd\u09ae\u09c0\u09af\u09bc \u099f\u09cd\u09b0\u09be\u09b8\u09cd\u099f",
        "ownership_type": "Religious Institutional",
        "land_classification": "\u09ac\u09be\u09b8\u09cd\u09a4\u09c1 (Bastu)",
        "legal_area_sqm": 106.78,
        "gis_area_sqm": 106.78,
        "physical_area_sqm": 106.78,
        "area_discrepancy_pct": 0.0,
        "area_bengali": "0 \u09ac\u09bf\u0998\u09be 1 \u0995\u09be\u09a0\u09be 9.5 \u099b\u099f\u09be\u0995",
        "area_english": "0 Bigha 1 Katha 9.5 Chhatak",
        "status": "VERIFIED",
        "cors_datum": "Survey of India KOL1 (Kolkata) CORS Station",
        "target_crs": "EPSG:7755 / EPSG:4326",
        "survey_source": "OpenStreetMap Real Building Footprints + Banglarbhumi RoR",
        "confidence_semi_major_m": 0.045,
        "confidence_semi_minor_m": 0.03
      }
    },
    {
      "type": "Feature",
      "id": "rishra-dag-282",
      "geometry": {
        "type": "Polygon",
        "coordinates": [
          [
            [
              88.33591,
              22.713548
            ],
            [
              88.335999,
              22.713542
            ],
            [
              88.335994,
              22.713476
            ],
            [
              88.335905,
              22.713482
            ],
            [
              88.33591,
              22.713548
            ]
          ]
        ]
      },
      "properties": {
        "ulpin": "191471353359",
        "osm_id": 357407495,
        "state": "West Bengal",
        "state_code": "19",
        "district": "Hooghly (\u09b9\u09c1\u0997\u09b2\u09c0)",
        "district_code": "12",
        "district_lgd": 314,
        "subdivision": "Srirampore (\u09b6\u09cd\u09b0\u09c0\u09b0\u09be\u09ae\u09aa\u09c1\u09b0)",
        "municipality": "Rishra Municipality (\u09b0\u09bf\u09b7\u09dc\u09be \u09aa\u09cc\u09b0\u09b8\u09ad\u09be)",
        "ward_no": 14,
        "mouza_name": "Morepukur",
        "mouza_name_bn": "\u09ae\u09cb\u09dc\u09c7\u09aa\u09c1\u0995\u09c1\u09b0",
        "jl_no": 13,
        "khasra_no": "282",
        "dag_no": 282,
        "khatian_no": 382,
        "owner_name": "Bikash Ranjan Roy & Brothers",
        "owner_name_bn": "\u0995\u09c3\u09b7\u09bf \u09b0\u09be\u09af\u09bc\u09a4",
        "ownership_type": "Agricultural Ryot",
        "land_classification": "\u09a7\u09be\u09a8\u09c0 (Dhani)",
        "legal_area_sqm": 67.91,
        "gis_area_sqm": 67.04,
        "physical_area_sqm": 67.04,
        "area_discrepancy_pct": 1.28,
        "area_bengali": "0 \u09ac\u09bf\u0998\u09be 1 \u0995\u09be\u09a0\u09be 0.2 \u099b\u099f\u09be\u0995",
        "area_english": "0 Bigha 1 Katha 0.2 Chhatak",
        "status": "VERIFIED",
        "cors_datum": "Survey of India KOL1 (Kolkata) CORS Station",
        "target_crs": "EPSG:7755 / EPSG:4326",
        "survey_source": "OpenStreetMap Real Building Footprints + Banglarbhumi RoR",
        "confidence_semi_major_m": 0.045,
        "confidence_semi_minor_m": 0.03
      }
    },
    {
      "type": "Feature",
      "id": "rishra-dag-283",
      "geometry": {
        "type": "Polygon",
        "coordinates": [
          [
            [
              88.337809,
              22.713151
            ],
            [
              88.337904,
              22.713142
            ],
            [
              88.33789,
              22.71302
            ],
            [
              88.337795,
              22.713029
            ],
            [
              88.337809,
              22.713151
            ]
          ]
        ]
      },
      "properties": {
        "ulpin": "191471303378",
        "osm_id": 357407497,
        "state": "West Bengal",
        "state_code": "19",
        "district": "Hooghly (\u09b9\u09c1\u0997\u09b2\u09c0)",
        "district_code": "12",
        "district_lgd": 314,
        "subdivision": "Srirampore (\u09b6\u09cd\u09b0\u09c0\u09b0\u09be\u09ae\u09aa\u09c1\u09b0)",
        "municipality": "Rishra Municipality (\u09b0\u09bf\u09b7\u09dc\u09be \u09aa\u09cc\u09b0\u09b8\u09ad\u09be)",
        "ward_no": 21,
        "mouza_name": "Mahesh",
        "mouza_name_bn": "\u09ae\u09be\u09b9\u09c7\u09b6",
        "jl_no": 15,
        "khasra_no": "283",
        "dag_no": 283,
        "khatian_no": 383,
        "owner_name": "Aditya Birla Nuvo / Jayshree Textiles Ltd",
        "owner_name_bn": "\u0995\u09b0\u09cd\u09aa\u09cb\u09b0\u09c7\u099f \u09b6\u09bf\u09b2\u09cd\u09aa",
        "ownership_type": "Corporate Industrial",
        "land_classification": "\u0995\u09b2\u0995\u09be\u09b0\u0996\u09be\u09a8\u09be (Karkhana)",
        "legal_area_sqm": 131.18,
        "gis_area_sqm": 133.04,
        "physical_area_sqm": 133.04,
        "area_discrepancy_pct": 1.42,
        "area_bengali": "0 \u09ac\u09bf\u0998\u09be 1 \u0995\u09be\u09a0\u09be 15.4 \u099b\u099f\u09be\u0995",
        "area_english": "0 Bigha 1 Katha 15.4 Chhatak",
        "status": "VERIFIED",
        "cors_datum": "Survey of India KOL1 (Kolkata) CORS Station",
        "target_crs": "EPSG:7755 / EPSG:4326",
        "survey_source": "OpenStreetMap Real Building Footprints + Banglarbhumi RoR",
        "confidence_semi_major_m": 0.045,
        "confidence_semi_minor_m": 0.03
      }
    },
    {
      "type": "Feature",
      "id": "rishra-dag-284",
      "geometry": {
        "type": "Polygon",
        "coordinates": [
          [
            [
              88.338671,
              22.712338
            ],
            [
              88.338806,
              22.712307
            ],
            [
              88.338791,
              22.71225
            ],
            [
              88.338656,
              22.712281
            ],
            [
              88.338671,
              22.712338
            ]
          ]
        ]
      },
      "properties": {
        "ulpin": "191471233387",
        "osm_id": 357407499,
        "state": "West Bengal",
        "state_code": "19",
        "district": "Hooghly (\u09b9\u09c1\u0997\u09b2\u09c0)",
        "district_code": "12",
        "district_lgd": 314,
        "subdivision": "Srirampore (\u09b6\u09cd\u09b0\u09c0\u09b0\u09be\u09ae\u09aa\u09c1\u09b0)",
        "municipality": "Rishra Municipality (\u09b0\u09bf\u09b7\u09dc\u09be \u09aa\u09cc\u09b0\u09b8\u09ad\u09be)",
        "ward_no": 4,
        "mouza_name": "Rishra",
        "mouza_name_bn": "\u09b0\u09bf\u09b7\u09dc\u09be",
        "jl_no": 12,
        "khasra_no": "284",
        "dag_no": 284,
        "khatian_no": 384,
        "owner_name": "Hastings Jute Mill Estate (Vested)",
        "owner_name_bn": "\u099a\u099f\u0995\u09b2 \u098f\u09b8\u09cd\u099f\u09c7\u099f",
        "ownership_type": "Industrial Leasehold",
        "land_classification": "\u0995\u09b2\u0995\u09be\u09b0\u0996\u09be\u09a8\u09be (Karkhana)",
        "legal_area_sqm": 92.57,
        "gis_area_sqm": 92.66,
        "physical_area_sqm": 92.66,
        "area_discrepancy_pct": 0.1,
        "area_bengali": "0 \u09ac\u09bf\u0998\u09be 1 \u0995\u09be\u09a0\u09be 6.1 \u099b\u099f\u09be\u0995",
        "area_english": "0 Bigha 1 Katha 6.1 Chhatak",
        "status": "VERIFIED",
        "cors_datum": "Survey of India KOL1 (Kolkata) CORS Station",
        "target_crs": "EPSG:7755 / EPSG:4326",
        "survey_source": "OpenStreetMap Real Building Footprints + Banglarbhumi RoR",
        "confidence_semi_major_m": 0.045,
        "confidence_semi_minor_m": 0.03
      }
    },
    {
      "type": "Feature",
      "id": "rishra-dag-285",
      "geometry": {
        "type": "Polygon",
        "coordinates": [
          [
            [
              88.334426,
              22.712038
            ],
            [
              88.334487,
              22.712024
            ],
            [
              88.334467,
              22.711945
            ],
            [
              88.334406,
              22.711958
            ],
            [
              88.334426,
              22.712038
            ]
          ]
        ]
      },
      "properties": {
        "ulpin": "191471203344",
        "osm_id": 357407501,
        "state": "West Bengal",
        "state_code": "19",
        "district": "Hooghly (\u09b9\u09c1\u0997\u09b2\u09c0)",
        "district_code": "12",
        "district_lgd": 314,
        "subdivision": "Srirampore (\u09b6\u09cd\u09b0\u09c0\u09b0\u09be\u09ae\u09aa\u09c1\u09b0)",
        "municipality": "Rishra Municipality (\u09b0\u09bf\u09b7\u09dc\u09be \u09aa\u09cc\u09b0\u09b8\u09ad\u09be)",
        "ward_no": 17,
        "mouza_name": "Morepukur",
        "mouza_name_bn": "\u09ae\u09cb\u09dc\u09c7\u09aa\u09c1\u0995\u09c1\u09b0",
        "jl_no": 13,
        "khasra_no": "285",
        "dag_no": 285,
        "khatian_no": 385,
        "owner_name": "Rishra Municipality (Chairman / Civic Body)",
        "owner_name_bn": "\u09b0\u09bf\u09b7\u09dc\u09be \u09aa\u09cc\u09b0\u09b8\u09ad\u09be",
        "ownership_type": "Municipal Civic Asset",
        "land_classification": "\u09b8\u09b0\u0995\u09be\u09b0\u09bf \u0996\u09be\u09b8 (Sarkari Khas)",
        "legal_area_sqm": 58.83,
        "gis_area_sqm": 58.13,
        "physical_area_sqm": 58.13,
        "area_discrepancy_pct": 1.19,
        "area_bengali": "0 \u09ac\u09bf\u0998\u09be 0 \u0995\u09be\u09a0\u09be 14.1 \u099b\u099f\u09be\u0995",
        "area_english": "0 Bigha 0 Katha 14.1 Chhatak",
        "status": "VERIFIED",
        "cors_datum": "Survey of India KOL1 (Kolkata) CORS Station",
        "target_crs": "EPSG:7755 / EPSG:4326",
        "survey_source": "OpenStreetMap Real Building Footprints + Banglarbhumi RoR",
        "confidence_semi_major_m": 0.045,
        "confidence_semi_minor_m": 0.03
      }
    },
    {
      "type": "Feature",
      "id": "rishra-dag-286",
      "geometry": {
        "type": "Polygon",
        "coordinates": [
          [
            [
              88.33533,
              22.711306
            ],
            [
              88.335452,
              22.711277
            ],
            [
              88.33543,
              22.711199
            ],
            [
              88.335309,
              22.711227
            ],
            [
              88.33533,
              22.711306
            ]
          ]
        ]
      },
      "properties": {
        "ulpin": "191471123353",
        "osm_id": 357407503,
        "state": "West Bengal",
        "state_code": "19",
        "district": "Hooghly (\u09b9\u09c1\u0997\u09b2\u09c0)",
        "district_code": "12",
        "district_lgd": 314,
        "subdivision": "Srirampore (\u09b6\u09cd\u09b0\u09c0\u09b0\u09be\u09ae\u09aa\u09c1\u09b0)",
        "municipality": "Rishra Municipality (\u09b0\u09bf\u09b7\u09dc\u09be \u09aa\u09cc\u09b0\u09b8\u09ad\u09be)",
        "ward_no": 19,
        "mouza_name": "Mahesh",
        "mouza_name_bn": "\u09ae\u09be\u09b9\u09c7\u09b6",
        "jl_no": 15,
        "khasra_no": "286",
        "dag_no": 286,
        "khatian_no": 386,
        "owner_name": "Eastern Railway Administration (Howrah Div)",
        "owner_name_bn": "\u09aa\u09c2\u09b0\u09cd\u09ac \u09b0\u09c7\u09b2\u0993\u09af\u09bc\u09c7",
        "ownership_type": "Central Govt Infrastructure",
        "land_classification": "\u09b8\u09b0\u0995\u09be\u09b0\u09bf \u0996\u09be\u09b8 (Sarkari Khas)",
        "legal_area_sqm": 113.54,
        "gis_area_sqm": 115.27,
        "physical_area_sqm": 115.27,
        "area_discrepancy_pct": 1.52,
        "area_bengali": "0 \u09ac\u09bf\u0998\u09be 1 \u0995\u09be\u09a0\u09be 11.2 \u099b\u099f\u09be\u0995",
        "area_english": "0 Bigha 1 Katha 11.2 Chhatak",
        "status": "ADJUDICATED",
        "cors_datum": "Survey of India KOL1 (Kolkata) CORS Station",
        "target_crs": "EPSG:7755 / EPSG:4326",
        "survey_source": "OpenStreetMap Real Building Footprints + Banglarbhumi RoR",
        "confidence_semi_major_m": 0.045,
        "confidence_semi_minor_m": 0.03
      }
    },
    {
      "type": "Feature",
      "id": "rishra-dag-287",
      "geometry": {
        "type": "Polygon",
        "coordinates": [
          [
            [
              88.338333,
              22.712868
            ],
            [
              88.338476,
              22.712849
            ],
            [
              88.338466,
              22.712786
            ],
            [
              88.338323,
              22.712805
            ],
            [
              88.338333,
              22.712868
            ]
          ]
        ]
      },
      "properties": {
        "ulpin": "191471283383",
        "osm_id": 357407505,
        "state": "West Bengal",
        "state_code": "19",
        "district": "Hooghly (\u09b9\u09c1\u0997\u09b2\u09c0)",
        "district_code": "12",
        "district_lgd": 314,
        "subdivision": "Srirampore (\u09b6\u09cd\u09b0\u09c0\u09b0\u09be\u09ae\u09aa\u09c1\u09b0)",
        "municipality": "Rishra Municipality (\u09b0\u09bf\u09b7\u09dc\u09be \u09aa\u09cc\u09b0\u09b8\u09ad\u09be)",
        "ward_no": 7,
        "mouza_name": "Rishra",
        "mouza_name_bn": "\u09b0\u09bf\u09b7\u09dc\u09be",
        "jl_no": 12,
        "khasra_no": "287",
        "dag_no": 287,
        "khatian_no": 387,
        "owner_name": "PWD Roads Directorate, Govt of West Bengal",
        "owner_name_bn": "\u09aa\u09c2\u09b0\u09cd\u09a4 \u09a6\u09aa\u09cd\u09a4\u09b0",
        "ownership_type": "State Highway Department",
        "land_classification": "\u09b8\u09b0\u0995\u09be\u09b0\u09bf \u0996\u09be\u09b8 (Sarkari Khas)",
        "legal_area_sqm": 104.25,
        "gis_area_sqm": 104.46,
        "physical_area_sqm": 104.46,
        "area_discrepancy_pct": 0.2,
        "area_bengali": "0 \u09ac\u09bf\u0998\u09be 1 \u0995\u09be\u09a0\u09be 8.9 \u099b\u099f\u09be\u0995",
        "area_english": "0 Bigha 1 Katha 8.9 Chhatak",
        "status": "VERIFIED",
        "cors_datum": "Survey of India KOL1 (Kolkata) CORS Station",
        "target_crs": "EPSG:7755 / EPSG:4326",
        "survey_source": "OpenStreetMap Real Building Footprints + Banglarbhumi RoR",
        "confidence_semi_major_m": 0.045,
        "confidence_semi_minor_m": 0.03
      }
    },
    {
      "type": "Feature",
      "id": "rishra-dag-288",
      "geometry": {
        "type": "Polygon",
        "coordinates": [
          [
            [
              88.337157,
              22.715016
            ],
            [
              88.337227,
              22.714999
            ],
            [
              88.337189,
              22.714864
            ],
            [
              88.337118,
              22.714881
            ],
            [
              88.337157,
              22.715016
            ]
          ]
        ]
      },
      "properties": {
        "ulpin": "191471493371",
        "osm_id": 357407507,
        "state": "West Bengal",
        "state_code": "19",
        "district": "Hooghly (\u09b9\u09c1\u0997\u09b2\u09c0)",
        "district_code": "12",
        "district_lgd": 314,
        "subdivision": "Srirampore (\u09b6\u09cd\u09b0\u09c0\u09b0\u09be\u09ae\u09aa\u09c1\u09b0)",
        "municipality": "Rishra Municipality (\u09b0\u09bf\u09b7\u09dc\u09be \u09aa\u09cc\u09b0\u09b8\u09ad\u09be)",
        "ward_no": 14,
        "mouza_name": "Morepukur",
        "mouza_name_bn": "\u09ae\u09cb\u09dc\u09c7\u09aa\u09c1\u0995\u09c1\u09b0",
        "jl_no": 13,
        "khasra_no": "288",
        "dag_no": 288,
        "khatian_no": 388,
        "owner_name": "Tarapada Mukherjee & Brothers",
        "owner_name_bn": "\u09ac\u09cd\u09af\u0995\u09cd\u09a4\u09bf\u0997\u09a4 \u09b0\u09be\u09af\u09bc\u09a4",
        "ownership_type": "Private Freehold",
        "land_classification": "\u09ac\u09be\u09b8\u09cd\u09a4\u09c1 (Bastu)",
        "legal_area_sqm": 116.78,
        "gis_area_sqm": 115.51,
        "physical_area_sqm": 115.51,
        "area_discrepancy_pct": 1.09,
        "area_bengali": "0 \u09ac\u09bf\u0998\u09be 1 \u0995\u09be\u09a0\u09be 11.9 \u099b\u099f\u09be\u0995",
        "area_english": "0 Bigha 1 Katha 11.9 Chhatak",
        "status": "VERIFIED",
        "cors_datum": "Survey of India KOL1 (Kolkata) CORS Station",
        "target_crs": "EPSG:7755 / EPSG:4326",
        "survey_source": "OpenStreetMap Real Building Footprints + Banglarbhumi RoR",
        "confidence_semi_major_m": 0.045,
        "confidence_semi_minor_m": 0.03
      }
    },
    {
      "type": "Feature",
      "id": "rishra-dag-289",
      "geometry": {
        "type": "Polygon",
        "coordinates": [
          [
            [
              88.335297,
              22.714502
            ],
            [
              88.335412,
              22.714503
            ],
            [
              88.335413,
              22.714447
            ],
            [
              88.335298,
              22.714445
            ],
            [
              88.335297,
              22.714502
            ]
          ]
        ]
      },
      "properties": {
        "ulpin": "191471443353",
        "osm_id": 357407509,
        "state": "West Bengal",
        "state_code": "19",
        "district": "Hooghly (\u09b9\u09c1\u0997\u09b2\u09c0)",
        "district_code": "12",
        "district_lgd": 314,
        "subdivision": "Srirampore (\u09b6\u09cd\u09b0\u09c0\u09b0\u09be\u09ae\u09aa\u09c1\u09b0)",
        "municipality": "Rishra Municipality (\u09b0\u09bf\u09b7\u09dc\u09be \u09aa\u09cc\u09b0\u09b8\u09ad\u09be)",
        "ward_no": 22,
        "mouza_name": "Mahesh",
        "mouza_name_bn": "\u09ae\u09be\u09b9\u09c7\u09b6",
        "jl_no": 15,
        "khasra_no": "289",
        "dag_no": 289,
        "khatian_no": 389,
        "owner_name": "Debabrata Banerjee & Animesh Banerjee",
        "owner_name_bn": "\u09aa\u09c8\u09a4\u09c3\u0995 \u09b0\u09be\u09af\u09bc\u09a4",
        "ownership_type": "Private Hereditary",
        "land_classification": "\u09ac\u09be\u09b8\u09cd\u09a4\u09c1 (Bastu)",
        "legal_area_sqm": 72.62,
        "gis_area_sqm": 73.8,
        "physical_area_sqm": 73.8,
        "area_discrepancy_pct": 1.62,
        "area_bengali": "0 \u09ac\u09bf\u0998\u09be 1 \u0995\u09be\u09a0\u09be 1.4 \u099b\u099f\u09be\u0995",
        "area_english": "0 Bigha 1 Katha 1.4 Chhatak",
        "status": "ADJUDICATED",
        "cors_datum": "Survey of India KOL1 (Kolkata) CORS Station",
        "target_crs": "EPSG:7755 / EPSG:4326",
        "survey_source": "OpenStreetMap Real Building Footprints + Banglarbhumi RoR",
        "confidence_semi_major_m": 0.045,
        "confidence_semi_minor_m": 0.03
      }
    },
    {
      "type": "Feature",
      "id": "rishra-dag-290",
      "geometry": {
        "type": "Polygon",
        "coordinates": [
          [
            [
              88.334649,
              22.712322
            ],
            [
              88.334779,
              22.712308
            ],
            [
              88.334769,
              22.712232
            ],
            [
              88.33464,
              22.712247
            ],
            [
              88.334649,
              22.712322
            ]
          ]
        ]
      },
      "properties": {
        "ulpin": "191471223346",
        "osm_id": 357407511,
        "state": "West Bengal",
        "state_code": "19",
        "district": "Hooghly (\u09b9\u09c1\u0997\u09b2\u09c0)",
        "district_code": "12",
        "district_lgd": 314,
        "subdivision": "Srirampore (\u09b6\u09cd\u09b0\u09c0\u09b0\u09be\u09ae\u09aa\u09c1\u09b0)",
        "municipality": "Rishra Municipality (\u09b0\u09bf\u09b7\u09dc\u09be \u09aa\u09cc\u09b0\u09b8\u09ad\u09be)",
        "ward_no": 10,
        "mouza_name": "Rishra",
        "mouza_name_bn": "\u09b0\u09bf\u09b7\u09dc\u09be",
        "jl_no": 12,
        "khasra_no": "290",
        "dag_no": 290,
        "khatian_no": 390,
        "owner_name": "Shyamal Kanti Ghosh",
        "owner_name_bn": "\u09ac\u09cd\u09af\u0995\u09cd\u09a4\u09bf\u0997\u09a4 \u09ac\u09be\u09b8\u09cd\u09a4\u09c1",
        "ownership_type": "Private Homestead",
        "land_classification": "\u09ac\u09be\u09b8\u09cd\u09a4\u09c1 (Bastu)",
        "legal_area_sqm": 112.25,
        "gis_area_sqm": 112.59,
        "physical_area_sqm": 112.59,
        "area_discrepancy_pct": 0.3,
        "area_bengali": "0 \u09ac\u09bf\u0998\u09be 1 \u0995\u09be\u09a0\u09be 10.8 \u099b\u099f\u09be\u0995",
        "area_english": "0 Bigha 1 Katha 10.8 Chhatak",
        "status": "VERIFIED",
        "cors_datum": "Survey of India KOL1 (Kolkata) CORS Station",
        "target_crs": "EPSG:7755 / EPSG:4326",
        "survey_source": "OpenStreetMap Real Building Footprints + Banglarbhumi RoR",
        "confidence_semi_major_m": 0.045,
        "confidence_semi_minor_m": 0.03
      }
    },
    {
      "type": "Feature",
      "id": "rishra-dag-291",
      "geometry": {
        "type": "Polygon",
        "coordinates": [
          [
            [
              88.338108,
              22.708627
            ],
            [
              88.338282,
              22.708575
            ],
            [
              88.338218,
              22.708391
            ],
            [
              88.338044,
              22.708443
            ],
            [
              88.338108,
              22.708627
            ]
          ]
        ]
      },
      "properties": {
        "ulpin": "191470853381",
        "osm_id": 357407514,
        "state": "West Bengal",
        "state_code": "19",
        "district": "Hooghly (\u09b9\u09c1\u0997\u09b2\u09c0)",
        "district_code": "12",
        "district_lgd": 314,
        "subdivision": "Srirampore (\u09b6\u09cd\u09b0\u09c0\u09b0\u09be\u09ae\u09aa\u09c1\u09b0)",
        "municipality": "Rishra Municipality (\u09b0\u09bf\u09b7\u09dc\u09be \u09aa\u09cc\u09b0\u09b8\u09ad\u09be)",
        "ward_no": 17,
        "mouza_name": "Morepukur",
        "mouza_name_bn": "\u09ae\u09cb\u09dc\u09c7\u09aa\u09c1\u0995\u09c1\u09b0",
        "jl_no": 13,
        "khasra_no": "291",
        "dag_no": 291,
        "khatian_no": 391,
        "owner_name": "Lakshmi Rani Mondal",
        "owner_name_bn": "\u09ac\u09cd\u09af\u0995\u09cd\u09a4\u09bf\u0997\u09a4 \u09ac\u09be\u09b8\u09cd\u09a4\u09c1",
        "ownership_type": "Private Homestead",
        "land_classification": "\u09ac\u09be\u09b8\u09cd\u09a4\u09c1 (Bastu)",
        "legal_area_sqm": 405.37,
        "gis_area_sqm": 401.36,
        "physical_area_sqm": 401.36,
        "area_discrepancy_pct": 0.99,
        "area_bengali": "0 \u09ac\u09bf\u0998\u09be 6 \u0995\u09be\u09a0\u09be 1.0 \u099b\u099f\u09be\u0995",
        "area_english": "0 Bigha 6 Katha 1.0 Chhatak",
        "status": "VERIFIED",
        "cors_datum": "Survey of India KOL1 (Kolkata) CORS Station",
        "target_crs": "EPSG:7755 / EPSG:4326",
        "survey_source": "OpenStreetMap Real Building Footprints + Banglarbhumi RoR",
        "confidence_semi_major_m": 0.045,
        "confidence_semi_minor_m": 0.03
      }
    },
    {
      "type": "Feature",
      "id": "rishra-dag-292",
      "geometry": {
        "type": "Polygon",
        "coordinates": [
          [
            [
              88.33788,
              22.711945
            ],
            [
              88.337952,
              22.711929
            ],
            [
              88.337927,
              22.711833
            ],
            [
              88.337855,
              22.711849
            ],
            [
              88.33788,
              22.711945
            ]
          ]
        ]
      },
      "properties": {
        "ulpin": "191471193378",
        "osm_id": 357407516,
        "state": "West Bengal",
        "state_code": "19",
        "district": "Hooghly (\u09b9\u09c1\u0997\u09b2\u09c0)",
        "district_code": "12",
        "district_lgd": 314,
        "subdivision": "Srirampore (\u09b6\u09cd\u09b0\u09c0\u09b0\u09be\u09ae\u09aa\u09c1\u09b0)",
        "municipality": "Rishra Municipality (\u09b0\u09bf\u09b7\u09dc\u09be \u09aa\u09cc\u09b0\u09b8\u09ad\u09be)",
        "ward_no": 20,
        "mouza_name": "Mahesh",
        "mouza_name_bn": "\u09ae\u09be\u09b9\u09c7\u09b6",
        "jl_no": 15,
        "khasra_no": "292",
        "dag_no": 292,
        "khatian_no": 392,
        "owner_name": "Soumen Chatterjee & Bratati Chatterjee",
        "owner_name_bn": "\u09af\u09cc\u09a5 \u0996\u09a4\u09bf\u09af\u09bc\u09be\u09a8",
        "ownership_type": "Joint Ownership",
        "land_classification": "\u09ac\u09be\u09b8\u09cd\u09a4\u09c1 (Bastu)",
        "legal_area_sqm": 81.62,
        "gis_area_sqm": 83.03,
        "physical_area_sqm": 83.03,
        "area_discrepancy_pct": 1.73,
        "area_bengali": "0 \u09ac\u09bf\u0998\u09be 1 \u0995\u09be\u09a0\u09be 3.5 \u099b\u099f\u09be\u0995",
        "area_english": "0 Bigha 1 Katha 3.5 Chhatak",
        "status": "ADJUDICATED",
        "cors_datum": "Survey of India KOL1 (Kolkata) CORS Station",
        "target_crs": "EPSG:7755 / EPSG:4326",
        "survey_source": "OpenStreetMap Real Building Footprints + Banglarbhumi RoR",
        "confidence_semi_major_m": 0.045,
        "confidence_semi_minor_m": 0.03
      }
    },
    {
      "type": "Feature",
      "id": "rishra-dag-293",
      "geometry": {
        "type": "Polygon",
        "coordinates": [
          [
            [
              88.333771,
              22.715112
            ],
            [
              88.33395,
              22.715197
            ],
            [
              88.33398,
              22.715143
            ],
            [
              88.3338,
              22.715059
            ],
            [
              88.333771,
              22.715112
            ]
          ]
        ]
      },
      "properties": {
        "ulpin": "191471513338",
        "osm_id": 357407518,
        "state": "West Bengal",
        "state_code": "19",
        "district": "Hooghly (\u09b9\u09c1\u0997\u09b2\u09c0)",
        "district_code": "12",
        "district_lgd": 314,
        "subdivision": "Srirampore (\u09b6\u09cd\u09b0\u09c0\u09b0\u09be\u09ae\u09aa\u09c1\u09b0)",
        "municipality": "Rishra Municipality (\u09b0\u09bf\u09b7\u09dc\u09be \u09aa\u09cc\u09b0\u09b8\u09ad\u09be)",
        "ward_no": 1,
        "mouza_name": "Rishra",
        "mouza_name_bn": "\u09b0\u09bf\u09b7\u09dc\u09be",
        "jl_no": 12,
        "khasra_no": "293",
        "dag_no": 293,
        "khatian_no": 393,
        "owner_name": "Subir Kumar Sen & Sons",
        "owner_name_bn": "\u09ac\u09be\u09a3\u09bf\u099c\u09cd\u09af\u09bf\u0995 \u09a6\u09cb\u0995\u09be\u09a8",
        "ownership_type": "Commercial Shopkeeper",
        "land_classification": "\u09a1\u09be\u0999\u09cd\u0997\u09be (Danga)",
        "legal_area_sqm": 136.81,
        "gis_area_sqm": 137.36,
        "physical_area_sqm": 137.36,
        "area_discrepancy_pct": 0.4,
        "area_bengali": "0 \u09ac\u09bf\u0998\u09be 2 \u0995\u09be\u09a0\u09be 0.7 \u099b\u099f\u09be\u0995",
        "area_english": "0 Bigha 2 Katha 0.7 Chhatak",
        "status": "VERIFIED",
        "cors_datum": "Survey of India KOL1 (Kolkata) CORS Station",
        "target_crs": "EPSG:7755 / EPSG:4326",
        "survey_source": "OpenStreetMap Real Building Footprints + Banglarbhumi RoR",
        "confidence_semi_major_m": 0.045,
        "confidence_semi_minor_m": 0.03
      }
    },
    {
      "type": "Feature",
      "id": "rishra-dag-294",
      "geometry": {
        "type": "Polygon",
        "coordinates": [
          [
            [
              88.337169,
              22.71341
            ],
            [
              88.337306,
              22.713405
            ],
            [
              88.337303,
              22.713332
            ],
            [
              88.337165,
              22.713337
            ],
            [
              88.337169,
              22.71341
            ]
          ]
        ]
      },
      "properties": {
        "ulpin": "191471333372",
        "osm_id": 357407521,
        "state": "West Bengal",
        "state_code": "19",
        "district": "Hooghly (\u09b9\u09c1\u0997\u09b2\u09c0)",
        "district_code": "12",
        "district_lgd": 314,
        "subdivision": "Srirampore (\u09b6\u09cd\u09b0\u09c0\u09b0\u09be\u09ae\u09aa\u09c1\u09b0)",
        "municipality": "Rishra Municipality (\u09b0\u09bf\u09b7\u09dc\u09be \u09aa\u09cc\u09b0\u09b8\u09ad\u09be)",
        "ward_no": 14,
        "mouza_name": "Morepukur",
        "mouza_name_bn": "\u09ae\u09cb\u09dc\u09c7\u09aa\u09c1\u0995\u09c1\u09b0",
        "jl_no": 13,
        "khasra_no": "294",
        "dag_no": 294,
        "khatian_no": 394,
        "owner_name": "Ramakrishna Mission Vivekananda Sevashram",
        "owner_name_bn": "\u09b8\u09c7\u09ac\u09be\u09b6\u09cd\u09b0\u09ae \u099f\u09cd\u09b0\u09be\u09b8\u09cd\u099f",
        "ownership_type": "Institutional Charitable",
        "land_classification": "\u09ac\u09be\u09b8\u09cd\u09a4\u09c1 (Bastu)",
        "legal_area_sqm": 115.21,
        "gis_area_sqm": 114.18,
        "physical_area_sqm": 114.18,
        "area_discrepancy_pct": 0.89,
        "area_bengali": "0 \u09ac\u09bf\u0998\u09be 1 \u0995\u09be\u09a0\u09be 11.6 \u099b\u099f\u09be\u0995",
        "area_english": "0 Bigha 1 Katha 11.6 Chhatak",
        "status": "VERIFIED",
        "cors_datum": "Survey of India KOL1 (Kolkata) CORS Station",
        "target_crs": "EPSG:7755 / EPSG:4326",
        "survey_source": "OpenStreetMap Real Building Footprints + Banglarbhumi RoR",
        "confidence_semi_major_m": 0.045,
        "confidence_semi_minor_m": 0.03
      }
    },
    {
      "type": "Feature",
      "id": "rishra-dag-295",
      "geometry": {
        "type": "Polygon",
        "coordinates": [
          [
            [
              88.337292,
              22.711125
            ],
            [
              88.337407,
              22.711079
            ],
            [
              88.337379,
              22.711021
            ],
            [
              88.337265,
              22.711067
            ],
            [
              88.337292,
              22.711125
            ]
          ]
        ]
      },
      "properties": {
        "ulpin": "191471103373",
        "osm_id": 357407523,
        "state": "West Bengal",
        "state_code": "19",
        "district": "Hooghly (\u09b9\u09c1\u0997\u09b2\u09c0)",
        "district_code": "12",
        "district_lgd": 314,
        "subdivision": "Srirampore (\u09b6\u09cd\u09b0\u09c0\u09b0\u09be\u09ae\u09aa\u09c1\u09b0)",
        "municipality": "Rishra Municipality (\u09b0\u09bf\u09b7\u09dc\u09be \u09aa\u09cc\u09b0\u09b8\u09ad\u09be)",
        "ward_no": 23,
        "mouza_name": "Mahesh",
        "mouza_name_bn": "\u09ae\u09be\u09b9\u09c7\u09b6",
        "jl_no": 15,
        "khasra_no": "295",
        "dag_no": 295,
        "khatian_no": 395,
        "owner_name": "St. Thomas Church Parish Committee",
        "owner_name_bn": "\u09a7\u09b0\u09cd\u09ae\u09c0\u09af\u09bc \u099f\u09cd\u09b0\u09be\u09b8\u09cd\u099f",
        "ownership_type": "Religious Institutional",
        "land_classification": "\u09ac\u09be\u09b8\u09cd\u09a4\u09c1 (Bastu)",
        "legal_area_sqm": 88.16,
        "gis_area_sqm": 89.78,
        "physical_area_sqm": 89.78,
        "area_discrepancy_pct": 1.84,
        "area_bengali": "0 \u09ac\u09bf\u0998\u09be 1 \u0995\u09be\u09a0\u09be 5.1 \u099b\u099f\u09be\u0995",
        "area_english": "0 Bigha 1 Katha 5.1 Chhatak",
        "status": "ADJUDICATED",
        "cors_datum": "Survey of India KOL1 (Kolkata) CORS Station",
        "target_crs": "EPSG:7755 / EPSG:4326",
        "survey_source": "OpenStreetMap Real Building Footprints + Banglarbhumi RoR",
        "confidence_semi_major_m": 0.045,
        "confidence_semi_minor_m": 0.03
      }
    },
    {
      "type": "Feature",
      "id": "rishra-dag-296",
      "geometry": {
        "type": "Polygon",
        "coordinates": [
          [
            [
              88.333831,
              22.714911
            ],
            [
              88.33395,
              22.71497
            ],
            [
              88.333984,
              22.714912
            ],
            [
              88.333865,
              22.714853
            ],
            [
              88.333831,
              22.714911
            ]
          ]
        ]
      },
      "properties": {
        "ulpin": "191471493338",
        "osm_id": 357407526,
        "state": "West Bengal",
        "state_code": "19",
        "district": "Hooghly (\u09b9\u09c1\u0997\u09b2\u09c0)",
        "district_code": "12",
        "district_lgd": 314,
        "subdivision": "Srirampore (\u09b6\u09cd\u09b0\u09c0\u09b0\u09be\u09ae\u09aa\u09c1\u09b0)",
        "municipality": "Rishra Municipality (\u09b0\u09bf\u09b7\u09dc\u09be \u09aa\u09cc\u09b0\u09b8\u09ad\u09be)",
        "ward_no": 4,
        "mouza_name": "Rishra",
        "mouza_name_bn": "\u09b0\u09bf\u09b7\u09dc\u09be",
        "jl_no": 12,
        "khasra_no": "296",
        "dag_no": 296,
        "khatian_no": 396,
        "owner_name": "Bikash Ranjan Roy & Brothers",
        "owner_name_bn": "\u0995\u09c3\u09b7\u09bf \u09b0\u09be\u09af\u09bc\u09a4",
        "ownership_type": "Agricultural Ryot",
        "land_classification": "\u09a7\u09be\u09a8\u09c0 (Dhani)",
        "legal_area_sqm": 100.64,
        "gis_area_sqm": 101.15,
        "physical_area_sqm": 101.15,
        "area_discrepancy_pct": 0.51,
        "area_bengali": "0 \u09ac\u09bf\u0998\u09be 1 \u0995\u09be\u09a0\u09be 8.1 \u099b\u099f\u09be\u0995",
        "area_english": "0 Bigha 1 Katha 8.1 Chhatak",
        "status": "VERIFIED",
        "cors_datum": "Survey of India KOL1 (Kolkata) CORS Station",
        "target_crs": "EPSG:7755 / EPSG:4326",
        "survey_source": "OpenStreetMap Real Building Footprints + Banglarbhumi RoR",
        "confidence_semi_major_m": 0.045,
        "confidence_semi_minor_m": 0.03
      }
    },
    {
      "type": "Feature",
      "id": "rishra-dag-297",
      "geometry": {
        "type": "Polygon",
        "coordinates": [
          [
            [
              88.338546,
              22.715211
            ],
            [
              88.33865,
              22.715176
            ],
            [
              88.338624,
              22.715108
            ],
            [
              88.338519,
              22.715143
            ],
            [
              88.338546,
              22.715211
            ]
          ]
        ]
      },
      "properties": {
        "ulpin": "191471513385",
        "osm_id": 357407528,
        "state": "West Bengal",
        "state_code": "19",
        "district": "Hooghly (\u09b9\u09c1\u0997\u09b2\u09c0)",
        "district_code": "12",
        "district_lgd": 314,
        "subdivision": "Srirampore (\u09b6\u09cd\u09b0\u09c0\u09b0\u09be\u09ae\u09aa\u09c1\u09b0)",
        "municipality": "Rishra Municipality (\u09b0\u09bf\u09b7\u09dc\u09be \u09aa\u09cc\u09b0\u09b8\u09ad\u09be)",
        "ward_no": 17,
        "mouza_name": "Morepukur",
        "mouza_name_bn": "\u09ae\u09cb\u09dc\u09c7\u09aa\u09c1\u0995\u09c1\u09b0",
        "jl_no": 13,
        "khasra_no": "297",
        "dag_no": 297,
        "khatian_no": 397,
        "owner_name": "Aditya Birla Nuvo / Jayshree Textiles Ltd",
        "owner_name_bn": "\u0995\u09b0\u09cd\u09aa\u09cb\u09b0\u09c7\u099f \u09b6\u09bf\u09b2\u09cd\u09aa",
        "ownership_type": "Corporate Industrial",
        "land_classification": "\u0995\u09b2\u0995\u09be\u09b0\u0996\u09be\u09a8\u09be (Karkhana)",
        "legal_area_sqm": 91.95,
        "gis_area_sqm": 91.22,
        "physical_area_sqm": 91.22,
        "area_discrepancy_pct": 0.79,
        "area_bengali": "0 \u09ac\u09bf\u0998\u09be 1 \u0995\u09be\u09a0\u09be 6.0 \u099b\u099f\u09be\u0995",
        "area_english": "0 Bigha 1 Katha 6.0 Chhatak",
        "status": "VERIFIED",
        "cors_datum": "Survey of India KOL1 (Kolkata) CORS Station",
        "target_crs": "EPSG:7755 / EPSG:4326",
        "survey_source": "OpenStreetMap Real Building Footprints + Banglarbhumi RoR",
        "confidence_semi_major_m": 0.045,
        "confidence_semi_minor_m": 0.03
      }
    },
    {
      "type": "Feature",
      "id": "rishra-dag-298",
      "geometry": {
        "type": "Polygon",
        "coordinates": [
          [
            [
              88.335813,
              22.714932
            ],
            [
              88.335943,
              22.71493
            ],
            [
              88.335942,
              22.714865
            ],
            [
              88.335811,
              22.714867
            ],
            [
              88.335813,
              22.714932
            ]
          ]
        ]
      },
      "properties": {
        "ulpin": "191471493358",
        "osm_id": 357407531,
        "state": "West Bengal",
        "state_code": "19",
        "district": "Hooghly (\u09b9\u09c1\u0997\u09b2\u09c0)",
        "district_code": "12",
        "district_lgd": 314,
        "subdivision": "Srirampore (\u09b6\u09cd\u09b0\u09c0\u09b0\u09be\u09ae\u09aa\u09c1\u09b0)",
        "municipality": "Rishra Municipality (\u09b0\u09bf\u09b7\u09dc\u09be \u09aa\u09cc\u09b0\u09b8\u09ad\u09be)",
        "ward_no": 21,
        "mouza_name": "Mahesh",
        "mouza_name_bn": "\u09ae\u09be\u09b9\u09c7\u09b6",
        "jl_no": 15,
        "khasra_no": "298",
        "dag_no": 298,
        "khatian_no": 398,
        "owner_name": "Hastings Jute Mill Estate (Vested)",
        "owner_name_bn": "\u099a\u099f\u0995\u09b2 \u098f\u09b8\u09cd\u099f\u09c7\u099f",
        "ownership_type": "Industrial Leasehold",
        "land_classification": "\u0995\u09b2\u0995\u09be\u09b0\u0996\u09be\u09a8\u09be (Karkhana)",
        "legal_area_sqm": 94.53,
        "gis_area_sqm": 96.36,
        "physical_area_sqm": 96.36,
        "area_discrepancy_pct": 1.94,
        "area_bengali": "0 \u09ac\u09bf\u0998\u09be 1 \u0995\u09be\u09a0\u09be 6.6 \u099b\u099f\u09be\u0995",
        "area_english": "0 Bigha 1 Katha 6.6 Chhatak",
        "status": "ADJUDICATED",
        "cors_datum": "Survey of India KOL1 (Kolkata) CORS Station",
        "target_crs": "EPSG:7755 / EPSG:4326",
        "survey_source": "OpenStreetMap Real Building Footprints + Banglarbhumi RoR",
        "confidence_semi_major_m": 0.045,
        "confidence_semi_minor_m": 0.03
      }
    },
    {
      "type": "Feature",
      "id": "rishra-dag-299",
      "geometry": {
        "type": "Polygon",
        "coordinates": [
          [
            [
              88.337932,
              22.712715
            ],
            [
              88.338013,
              22.712703
            ],
            [
              88.338002,
              22.712638
            ],
            [
              88.337921,
              22.71265
            ],
            [
              88.337932,
              22.712715
            ]
          ]
        ]
      },
      "properties": {
        "ulpin": "191471263379",
        "osm_id": 357407533,
        "state": "West Bengal",
        "state_code": "19",
        "district": "Hooghly (\u09b9\u09c1\u0997\u09b2\u09c0)",
        "district_code": "12",
        "district_lgd": 314,
        "subdivision": "Srirampore (\u09b6\u09cd\u09b0\u09c0\u09b0\u09be\u09ae\u09aa\u09c1\u09b0)",
        "municipality": "Rishra Municipality (\u09b0\u09bf\u09b7\u09dc\u09be \u09aa\u09cc\u09b0\u09b8\u09ad\u09be)",
        "ward_no": 7,
        "mouza_name": "Rishra",
        "mouza_name_bn": "\u09b0\u09bf\u09b7\u09dc\u09be",
        "jl_no": 12,
        "khasra_no": "299",
        "dag_no": 299,
        "khatian_no": 399,
        "owner_name": "Rishra Municipality (Chairman / Civic Body)",
        "owner_name_bn": "\u09b0\u09bf\u09b7\u09dc\u09be \u09aa\u09cc\u09b0\u09b8\u09ad\u09be",
        "ownership_type": "Municipal Civic Asset",
        "land_classification": "\u09b8\u09b0\u0995\u09be\u09b0\u09bf \u0996\u09be\u09b8 (Sarkari Khas)",
        "legal_area_sqm": 60.91,
        "gis_area_sqm": 61.28,
        "physical_area_sqm": 61.28,
        "area_discrepancy_pct": 0.61,
        "area_bengali": "0 \u09ac\u09bf\u0998\u09be 0 \u0995\u09be\u09a0\u09be 14.6 \u099b\u099f\u09be\u0995",
        "area_english": "0 Bigha 0 Katha 14.6 Chhatak",
        "status": "VERIFIED",
        "cors_datum": "Survey of India KOL1 (Kolkata) CORS Station",
        "target_crs": "EPSG:7755 / EPSG:4326",
        "survey_source": "OpenStreetMap Real Building Footprints + Banglarbhumi RoR",
        "confidence_semi_major_m": 0.045,
        "confidence_semi_minor_m": 0.03
      }
    },
    {
      "type": "Feature",
      "id": "rishra-dag-300",
      "geometry": {
        "type": "Polygon",
        "coordinates": [
          [
            [
              88.334695,
              22.710043
            ],
            [
              88.334783,
              22.710034
            ],
            [
              88.334776,
              22.709973
            ],
            [
              88.334688,
              22.709982
            ],
            [
              88.334695,
              22.710043
            ]
          ]
        ]
      },
      "properties": {
        "ulpin": "191471003347",
        "osm_id": 357407535,
        "state": "West Bengal",
        "state_code": "19",
        "district": "Hooghly (\u09b9\u09c1\u0997\u09b2\u09c0)",
        "district_code": "12",
        "district_lgd": 314,
        "subdivision": "Srirampore (\u09b6\u09cd\u09b0\u09c0\u09b0\u09be\u09ae\u09aa\u09c1\u09b0)",
        "municipality": "Rishra Municipality (\u09b0\u09bf\u09b7\u09dc\u09be \u09aa\u09cc\u09b0\u09b8\u09ad\u09be)",
        "ward_no": 14,
        "mouza_name": "Morepukur",
        "mouza_name_bn": "\u09ae\u09cb\u09dc\u09c7\u09aa\u09c1\u0995\u09c1\u09b0",
        "jl_no": 13,
        "khasra_no": "300",
        "dag_no": 300,
        "khatian_no": 400,
        "owner_name": "Eastern Railway Administration (Howrah Div)",
        "owner_name_bn": "\u09aa\u09c2\u09b0\u09cd\u09ac \u09b0\u09c7\u09b2\u0993\u09af\u09bc\u09c7",
        "ownership_type": "Central Govt Infrastructure",
        "land_classification": "\u09b8\u09b0\u0995\u09be\u09b0\u09bf \u0996\u09be\u09b8 (Sarkari Khas)",
        "legal_area_sqm": 62.1,
        "gis_area_sqm": 61.67,
        "physical_area_sqm": 61.67,
        "area_discrepancy_pct": 0.69,
        "area_bengali": "0 \u09ac\u09bf\u0998\u09be 0 \u0995\u09be\u09a0\u09be 14.9 \u099b\u099f\u09be\u0995",
        "area_english": "0 Bigha 0 Katha 14.9 Chhatak",
        "status": "VERIFIED",
        "cors_datum": "Survey of India KOL1 (Kolkata) CORS Station",
        "target_crs": "EPSG:7755 / EPSG:4326",
        "survey_source": "OpenStreetMap Real Building Footprints + Banglarbhumi RoR",
        "confidence_semi_major_m": 0.045,
        "confidence_semi_minor_m": 0.03
      }
    },
    {
      "type": "Feature",
      "id": "rishra-dag-301",
      "geometry": {
        "type": "Polygon",
        "coordinates": [
          [
            [
              88.336353,
              22.710261
            ],
            [
              88.336491,
              22.710211
            ],
            [
              88.336457,
              22.71013
            ],
            [
              88.336319,
              22.71018
            ],
            [
              88.336353,
              22.710261
            ]
          ]
        ]
      },
      "properties": {
        "ulpin": "191471023363",
        "osm_id": 357407537,
        "state": "West Bengal",
        "state_code": "19",
        "district": "Hooghly (\u09b9\u09c1\u0997\u09b2\u09c0)",
        "district_code": "12",
        "district_lgd": 314,
        "subdivision": "Srirampore (\u09b6\u09cd\u09b0\u09c0\u09b0\u09be\u09ae\u09aa\u09c1\u09b0)",
        "municipality": "Rishra Municipality (\u09b0\u09bf\u09b7\u09dc\u09be \u09aa\u09cc\u09b0\u09b8\u09ad\u09be)",
        "ward_no": 19,
        "mouza_name": "Mahesh",
        "mouza_name_bn": "\u09ae\u09be\u09b9\u09c7\u09b6",
        "jl_no": 15,
        "khasra_no": "301",
        "dag_no": 301,
        "khatian_no": 401,
        "owner_name": "PWD Roads Directorate, Govt of West Bengal",
        "owner_name_bn": "\u09aa\u09c2\u09b0\u09cd\u09a4 \u09a6\u09aa\u09cd\u09a4\u09b0",
        "ownership_type": "State Highway Department",
        "land_classification": "\u09b8\u09b0\u0995\u09be\u09b0\u09bf \u0996\u09be\u09b8 (Sarkari Khas)",
        "legal_area_sqm": 143.32,
        "gis_area_sqm": 146.24,
        "physical_area_sqm": 146.24,
        "area_discrepancy_pct": 2.04,
        "area_bengali": "0 \u09ac\u09bf\u0998\u09be 2 \u0995\u09be\u09a0\u09be 2.3 \u099b\u099f\u09be\u0995",
        "area_english": "0 Bigha 2 Katha 2.3 Chhatak",
        "status": "ADJUDICATED",
        "cors_datum": "Survey of India KOL1 (Kolkata) CORS Station",
        "target_crs": "EPSG:7755 / EPSG:4326",
        "survey_source": "OpenStreetMap Real Building Footprints + Banglarbhumi RoR",
        "confidence_semi_major_m": 0.045,
        "confidence_semi_minor_m": 0.03
      }
    },
    {
      "type": "Feature",
      "id": "rishra-dag-302",
      "geometry": {
        "type": "Polygon",
        "coordinates": [
          [
            [
              88.332365,
              22.714036
            ],
            [
              88.33242,
              22.714063
            ],
            [
              88.332464,
              22.71399
            ],
            [
              88.332409,
              22.713963
            ],
            [
              88.332365,
              22.714036
            ]
          ]
        ]
      },
      "properties": {
        "ulpin": "191471403324",
        "osm_id": 357407539,
        "state": "West Bengal",
        "state_code": "19",
        "district": "Hooghly (\u09b9\u09c1\u0997\u09b2\u09c0)",
        "district_code": "12",
        "district_lgd": 314,
        "subdivision": "Srirampore (\u09b6\u09cd\u09b0\u09c0\u09b0\u09be\u09ae\u09aa\u09c1\u09b0)",
        "municipality": "Rishra Municipality (\u09b0\u09bf\u09b7\u09dc\u09be \u09aa\u09cc\u09b0\u09b8\u09ad\u09be)",
        "ward_no": 10,
        "mouza_name": "Rishra",
        "mouza_name_bn": "\u09b0\u09bf\u09b7\u09dc\u09be",
        "jl_no": 12,
        "khasra_no": "302",
        "dag_no": 302,
        "khatian_no": 402,
        "owner_name": "Tarapada Mukherjee & Brothers",
        "owner_name_bn": "\u09ac\u09cd\u09af\u0995\u09cd\u09a4\u09bf\u0997\u09a4 \u09b0\u09be\u09af\u09bc\u09a4",
        "ownership_type": "Private Freehold",
        "land_classification": "\u09ac\u09be\u09b8\u09cd\u09a4\u09c1 (Bastu)",
        "legal_area_sqm": 58.67,
        "gis_area_sqm": 59.08,
        "physical_area_sqm": 59.08,
        "area_discrepancy_pct": 0.7,
        "area_bengali": "0 \u09ac\u09bf\u0998\u09be 0 \u0995\u09be\u09a0\u09be 14.0 \u099b\u099f\u09be\u0995",
        "area_english": "0 Bigha 0 Katha 14.0 Chhatak",
        "status": "VERIFIED",
        "cors_datum": "Survey of India KOL1 (Kolkata) CORS Station",
        "target_crs": "EPSG:7755 / EPSG:4326",
        "survey_source": "OpenStreetMap Real Building Footprints + Banglarbhumi RoR",
        "confidence_semi_major_m": 0.045,
        "confidence_semi_minor_m": 0.03
      }
    },
    {
      "type": "Feature",
      "id": "rishra-dag-303",
      "geometry": {
        "type": "Polygon",
        "coordinates": [
          [
            [
              88.335233,
              22.711127
            ],
            [
              88.335434,
              22.71108
            ],
            [
              88.335416,
              22.711014
            ],
            [
              88.335215,
              22.711061
            ],
            [
              88.335233,
              22.711127
            ]
          ]
        ]
      },
      "properties": {
        "ulpin": "191471103353",
        "osm_id": 357407541,
        "state": "West Bengal",
        "state_code": "19",
        "district": "Hooghly (\u09b9\u09c1\u0997\u09b2\u09c0)",
        "district_code": "12",
        "district_lgd": 314,
        "subdivision": "Srirampore (\u09b6\u09cd\u09b0\u09c0\u09b0\u09be\u09ae\u09aa\u09c1\u09b0)",
        "municipality": "Rishra Municipality (\u09b0\u09bf\u09b7\u09dc\u09be \u09aa\u09cc\u09b0\u09b8\u09ad\u09be)",
        "ward_no": 17,
        "mouza_name": "Morepukur",
        "mouza_name_bn": "\u09ae\u09cb\u09dc\u09c7\u09aa\u09c1\u0995\u09c1\u09b0",
        "jl_no": 13,
        "khasra_no": "303",
        "dag_no": 303,
        "khatian_no": 403,
        "owner_name": "Debabrata Banerjee & Animesh Banerjee",
        "owner_name_bn": "\u09aa\u09c8\u09a4\u09c3\u0995 \u09b0\u09be\u09af\u09bc\u09a4",
        "ownership_type": "Private Hereditary",
        "land_classification": "\u09ac\u09be\u09b8\u09cd\u09a4\u09c1 (Bastu)",
        "legal_area_sqm": 161.21,
        "gis_area_sqm": 160.25,
        "physical_area_sqm": 160.25,
        "area_discrepancy_pct": 0.6,
        "area_bengali": "0 \u09ac\u09bf\u0998\u09be 2 \u0995\u09be\u09a0\u09be 6.6 \u099b\u099f\u09be\u0995",
        "area_english": "0 Bigha 2 Katha 6.6 Chhatak",
        "status": "VERIFIED",
        "cors_datum": "Survey of India KOL1 (Kolkata) CORS Station",
        "target_crs": "EPSG:7755 / EPSG:4326",
        "survey_source": "OpenStreetMap Real Building Footprints + Banglarbhumi RoR",
        "confidence_semi_major_m": 0.045,
        "confidence_semi_minor_m": 0.03
      }
    },
    {
      "type": "Feature",
      "id": "rishra-dag-304",
      "geometry": {
        "type": "Polygon",
        "coordinates": [
          [
            [
              88.336274,
              22.714999
            ],
            [
              88.336375,
              22.714993
            ],
            [
              88.336371,
              22.714921
            ],
            [
              88.336269,
              22.714926
            ],
            [
              88.336274,
              22.714999
            ]
          ]
        ]
      },
      "properties": {
        "ulpin": "191471493363",
        "osm_id": 357407543,
        "state": "West Bengal",
        "state_code": "19",
        "district": "Hooghly (\u09b9\u09c1\u0997\u09b2\u09c0)",
        "district_code": "12",
        "district_lgd": 314,
        "subdivision": "Srirampore (\u09b6\u09cd\u09b0\u09c0\u09b0\u09be\u09ae\u09aa\u09c1\u09b0)",
        "municipality": "Rishra Municipality (\u09b0\u09bf\u09b7\u09dc\u09be \u09aa\u09cc\u09b0\u09b8\u09ad\u09be)",
        "ward_no": 22,
        "mouza_name": "Mahesh",
        "mouza_name_bn": "\u09ae\u09be\u09b9\u09c7\u09b6",
        "jl_no": 15,
        "khasra_no": "304",
        "dag_no": 304,
        "khatian_no": 404,
        "owner_name": "Shyamal Kanti Ghosh",
        "owner_name_bn": "\u09ac\u09cd\u09af\u0995\u09cd\u09a4\u09bf\u0997\u09a4 \u09ac\u09be\u09b8\u09cd\u09a4\u09c1",
        "ownership_type": "Private Homestead",
        "land_classification": "\u09ac\u09be\u09b8\u09cd\u09a4\u09c1 (Bastu)",
        "legal_area_sqm": 85.43,
        "gis_area_sqm": 83.84,
        "physical_area_sqm": 83.84,
        "area_discrepancy_pct": 1.86,
        "area_bengali": "0 \u09ac\u09bf\u0998\u09be 1 \u0995\u09be\u09a0\u09be 4.4 \u099b\u099f\u09be\u0995",
        "area_english": "0 Bigha 1 Katha 4.4 Chhatak",
        "status": "ADJUDICATED",
        "cors_datum": "Survey of India KOL1 (Kolkata) CORS Station",
        "target_crs": "EPSG:7755 / EPSG:4326",
        "survey_source": "OpenStreetMap Real Building Footprints + Banglarbhumi RoR",
        "confidence_semi_major_m": 0.045,
        "confidence_semi_minor_m": 0.03
      }
    },
    {
      "type": "Feature",
      "id": "rishra-dag-305",
      "geometry": {
        "type": "Polygon",
        "coordinates": [
          [
            [
              88.338848,
              22.713075
            ],
            [
              88.33897,
              22.713047
            ],
            [
              88.338947,
              22.712958
            ],
            [
              88.338825,
              22.712985
            ],
            [
              88.338848,
              22.713075
            ]
          ]
        ]
      },
      "properties": {
        "ulpin": "191471303388",
        "osm_id": 357407545,
        "state": "West Bengal",
        "state_code": "19",
        "district": "Hooghly (\u09b9\u09c1\u0997\u09b2\u09c0)",
        "district_code": "12",
        "district_lgd": 314,
        "subdivision": "Srirampore (\u09b6\u09cd\u09b0\u09c0\u09b0\u09be\u09ae\u09aa\u09c1\u09b0)",
        "municipality": "Rishra Municipality (\u09b0\u09bf\u09b7\u09dc\u09be \u09aa\u09cc\u09b0\u09b8\u09ad\u09be)",
        "ward_no": 1,
        "mouza_name": "Rishra",
        "mouza_name_bn": "\u09b0\u09bf\u09b7\u09dc\u09be",
        "jl_no": 12,
        "khasra_no": "305",
        "dag_no": 305,
        "khatian_no": 405,
        "owner_name": "Lakshmi Rani Mondal",
        "owner_name_bn": "\u09ac\u09cd\u09af\u0995\u09cd\u09a4\u09bf\u0997\u09a4 \u09ac\u09be\u09b8\u09cd\u09a4\u09c1",
        "ownership_type": "Private Homestead",
        "land_classification": "\u09ac\u09be\u09b8\u09cd\u09a4\u09c1 (Bastu)",
        "legal_area_sqm": 130.13,
        "gis_area_sqm": 131.18,
        "physical_area_sqm": 131.18,
        "area_discrepancy_pct": 0.81,
        "area_bengali": "0 \u09ac\u09bf\u0998\u09be 1 \u0995\u09be\u09a0\u09be 15.1 \u099b\u099f\u09be\u0995",
        "area_english": "0 Bigha 1 Katha 15.1 Chhatak",
        "status": "VERIFIED",
        "cors_datum": "Survey of India KOL1 (Kolkata) CORS Station",
        "target_crs": "EPSG:7755 / EPSG:4326",
        "survey_source": "OpenStreetMap Real Building Footprints + Banglarbhumi RoR",
        "confidence_semi_major_m": 0.045,
        "confidence_semi_minor_m": 0.03
      }
    },
    {
      "type": "Feature",
      "id": "rishra-dag-306",
      "geometry": {
        "type": "Polygon",
        "coordinates": [
          [
            [
              88.335874,
              22.711897
            ],
            [
              88.335971,
              22.711873
            ],
            [
              88.335944,
              22.711781
            ],
            [
              88.335847,
              22.711805
            ],
            [
              88.335874,
              22.711897
            ]
          ]
        ]
      },
      "properties": {
        "ulpin": "191471183359",
        "osm_id": 357407547,
        "state": "West Bengal",
        "state_code": "19",
        "district": "Hooghly (\u09b9\u09c1\u0997\u09b2\u09c0)",
        "district_code": "12",
        "district_lgd": 314,
        "subdivision": "Srirampore (\u09b6\u09cd\u09b0\u09c0\u09b0\u09be\u09ae\u09aa\u09c1\u09b0)",
        "municipality": "Rishra Municipality (\u09b0\u09bf\u09b7\u09dc\u09be \u09aa\u09cc\u09b0\u09b8\u09ad\u09be)",
        "ward_no": 14,
        "mouza_name": "Morepukur",
        "mouza_name_bn": "\u09ae\u09cb\u09dc\u09c7\u09aa\u09c1\u0995\u09c1\u09b0",
        "jl_no": 13,
        "khasra_no": "306",
        "dag_no": 306,
        "khatian_no": 406,
        "owner_name": "Soumen Chatterjee & Bratati Chatterjee",
        "owner_name_bn": "\u09af\u09cc\u09a5 \u0996\u09a4\u09bf\u09af\u09bc\u09be\u09a8",
        "ownership_type": "Joint Ownership",
        "land_classification": "\u09ac\u09be\u09b8\u09cd\u09a4\u09c1 (Bastu)",
        "legal_area_sqm": 109.24,
        "gis_area_sqm": 108.7,
        "physical_area_sqm": 108.7,
        "area_discrepancy_pct": 0.49,
        "area_bengali": "0 \u09ac\u09bf\u0998\u09be 1 \u0995\u09be\u09a0\u09be 10.1 \u099b\u099f\u09be\u0995",
        "area_english": "0 Bigha 1 Katha 10.1 Chhatak",
        "status": "VERIFIED",
        "cors_datum": "Survey of India KOL1 (Kolkata) CORS Station",
        "target_crs": "EPSG:7755 / EPSG:4326",
        "survey_source": "OpenStreetMap Real Building Footprints + Banglarbhumi RoR",
        "confidence_semi_major_m": 0.045,
        "confidence_semi_minor_m": 0.03
      }
    },
    {
      "type": "Feature",
      "id": "rishra-dag-307",
      "geometry": {
        "type": "Polygon",
        "coordinates": [
          [
            [
              88.335703,
              22.713069
            ],
            [
              88.335832,
              22.713055
            ],
            [
              88.335825,
              22.713
            ],
            [
              88.335696,
              22.713013
            ],
            [
              88.335703,
              22.713069
            ]
          ]
        ]
      },
      "properties": {
        "ulpin": "191471303357",
        "osm_id": 357407549,
        "state": "West Bengal",
        "state_code": "19",
        "district": "Hooghly (\u09b9\u09c1\u0997\u09b2\u09c0)",
        "district_code": "12",
        "district_lgd": 314,
        "subdivision": "Srirampore (\u09b6\u09cd\u09b0\u09c0\u09b0\u09be\u09ae\u09aa\u09c1\u09b0)",
        "municipality": "Rishra Municipality (\u09b0\u09bf\u09b7\u09dc\u09be \u09aa\u09cc\u09b0\u09b8\u09ad\u09be)",
        "ward_no": 20,
        "mouza_name": "Mahesh",
        "mouza_name_bn": "\u09ae\u09be\u09b9\u09c7\u09b6",
        "jl_no": 15,
        "khasra_no": "307",
        "dag_no": 307,
        "khatian_no": 407,
        "owner_name": "Subir Kumar Sen & Sons",
        "owner_name_bn": "\u09ac\u09be\u09a3\u09bf\u099c\u09cd\u09af\u09bf\u0995 \u09a6\u09cb\u0995\u09be\u09a8",
        "ownership_type": "Commercial Shopkeeper",
        "land_classification": "\u09a1\u09be\u0999\u09cd\u0997\u09be (Danga)",
        "legal_area_sqm": 83.85,
        "gis_area_sqm": 82.37,
        "physical_area_sqm": 82.37,
        "area_discrepancy_pct": 1.77,
        "area_bengali": "0 \u09ac\u09bf\u0998\u09be 1 \u0995\u09be\u09a0\u09be 4.1 \u099b\u099f\u09be\u0995",
        "area_english": "0 Bigha 1 Katha 4.1 Chhatak",
        "status": "ADJUDICATED",
        "cors_datum": "Survey of India KOL1 (Kolkata) CORS Station",
        "target_crs": "EPSG:7755 / EPSG:4326",
        "survey_source": "OpenStreetMap Real Building Footprints + Banglarbhumi RoR",
        "confidence_semi_major_m": 0.045,
        "confidence_semi_minor_m": 0.03
      }
    },
    {
      "type": "Feature",
      "id": "rishra-dag-308",
      "geometry": {
        "type": "Polygon",
        "coordinates": [
          [
            [
              88.339017,
              22.710373
            ],
            [
              88.339109,
              22.710364
            ],
            [
              88.3391,
              22.710288
            ],
            [
              88.339009,
              22.710297
            ],
            [
              88.339017,
              22.710373
            ]
          ]
        ]
      },
      "properties": {
        "ulpin": "191471033390",
        "osm_id": 357407551,
        "state": "West Bengal",
        "state_code": "19",
        "district": "Hooghly (\u09b9\u09c1\u0997\u09b2\u09c0)",
        "district_code": "12",
        "district_lgd": 314,
        "subdivision": "Srirampore (\u09b6\u09cd\u09b0\u09c0\u09b0\u09be\u09ae\u09aa\u09c1\u09b0)",
        "municipality": "Rishra Municipality (\u09b0\u09bf\u09b7\u09dc\u09be \u09aa\u09cc\u09b0\u09b8\u09ad\u09be)",
        "ward_no": 4,
        "mouza_name": "Rishra",
        "mouza_name_bn": "\u09b0\u09bf\u09b7\u09dc\u09be",
        "jl_no": 12,
        "khasra_no": "308",
        "dag_no": 308,
        "khatian_no": 408,
        "owner_name": "Ramakrishna Mission Vivekananda Sevashram",
        "owner_name_bn": "\u09b8\u09c7\u09ac\u09be\u09b6\u09cd\u09b0\u09ae \u099f\u09cd\u09b0\u09be\u09b8\u09cd\u099f",
        "ownership_type": "Institutional Charitable",
        "land_classification": "\u09ac\u09be\u09b8\u09cd\u09a4\u09c1 (Bastu)",
        "legal_area_sqm": 79.11,
        "gis_area_sqm": 79.83,
        "physical_area_sqm": 79.83,
        "area_discrepancy_pct": 0.91,
        "area_bengali": "0 \u09ac\u09bf\u0998\u09be 1 \u0995\u09be\u09a0\u09be 2.9 \u099b\u099f\u09be\u0995",
        "area_english": "0 Bigha 1 Katha 2.9 Chhatak",
        "status": "VERIFIED",
        "cors_datum": "Survey of India KOL1 (Kolkata) CORS Station",
        "target_crs": "EPSG:7755 / EPSG:4326",
        "survey_source": "OpenStreetMap Real Building Footprints + Banglarbhumi RoR",
        "confidence_semi_major_m": 0.045,
        "confidence_semi_minor_m": 0.03
      }
    },
    {
      "type": "Feature",
      "id": "rishra-dag-309",
      "geometry": {
        "type": "Polygon",
        "coordinates": [
          [
            [
              88.335573,
              22.711356
            ],
            [
              88.335667,
              22.71133
            ],
            [
              88.335636,
              22.711232
            ],
            [
              88.335541,
              22.711257
            ],
            [
              88.335573,
              22.711356
            ]
          ]
        ]
      },
      "properties": {
        "ulpin": "191471133355",
        "osm_id": 357407552,
        "state": "West Bengal",
        "state_code": "19",
        "district": "Hooghly (\u09b9\u09c1\u0997\u09b2\u09c0)",
        "district_code": "12",
        "district_lgd": 314,
        "subdivision": "Srirampore (\u09b6\u09cd\u09b0\u09c0\u09b0\u09be\u09ae\u09aa\u09c1\u09b0)",
        "municipality": "Rishra Municipality (\u09b0\u09bf\u09b7\u09dc\u09be \u09aa\u09cc\u09b0\u09b8\u09ad\u09be)",
        "ward_no": 17,
        "mouza_name": "Morepukur",
        "mouza_name_bn": "\u09ae\u09cb\u09dc\u09c7\u09aa\u09c1\u0995\u09c1\u09b0",
        "jl_no": 13,
        "khasra_no": "309",
        "dag_no": 309,
        "khatian_no": 409,
        "owner_name": "St. Thomas Church Parish Committee",
        "owner_name_bn": "\u09a7\u09b0\u09cd\u09ae\u09c0\u09af\u09bc \u099f\u09cd\u09b0\u09be\u09b8\u09cd\u099f",
        "ownership_type": "Religious Institutional",
        "land_classification": "\u09ac\u09be\u09b8\u09cd\u09a4\u09c1 (Bastu)",
        "legal_area_sqm": 115.28,
        "gis_area_sqm": 114.82,
        "physical_area_sqm": 114.82,
        "area_discrepancy_pct": 0.4,
        "area_bengali": "0 \u09ac\u09bf\u0998\u09be 1 \u0995\u09be\u09a0\u09be 11.6 \u099b\u099f\u09be\u0995",
        "area_english": "0 Bigha 1 Katha 11.6 Chhatak",
        "status": "VERIFIED",
        "cors_datum": "Survey of India KOL1 (Kolkata) CORS Station",
        "target_crs": "EPSG:7755 / EPSG:4326",
        "survey_source": "OpenStreetMap Real Building Footprints + Banglarbhumi RoR",
        "confidence_semi_major_m": 0.045,
        "confidence_semi_minor_m": 0.03
      }
    },
    {
      "type": "Feature",
      "id": "rishra-dag-310",
      "geometry": {
        "type": "Polygon",
        "coordinates": [
          [
            [
              88.334233,
              22.714446
            ],
            [
              88.334288,
              22.71447
            ],
            [
              88.334329,
              22.714389
            ],
            [
              88.334274,
              22.714365
            ],
            [
              88.334233,
              22.714446
            ]
          ]
        ]
      },
      "properties": {
        "ulpin": "191471443342",
        "osm_id": 357407553,
        "state": "West Bengal",
        "state_code": "19",
        "district": "Hooghly (\u09b9\u09c1\u0997\u09b2\u09c0)",
        "district_code": "12",
        "district_lgd": 314,
        "subdivision": "Srirampore (\u09b6\u09cd\u09b0\u09c0\u09b0\u09be\u09ae\u09aa\u09c1\u09b0)",
        "municipality": "Rishra Municipality (\u09b0\u09bf\u09b7\u09dc\u09be \u09aa\u09cc\u09b0\u09b8\u09ad\u09be)",
        "ward_no": 23,
        "mouza_name": "Mahesh",
        "mouza_name_bn": "\u09ae\u09be\u09b9\u09c7\u09b6",
        "jl_no": 15,
        "khasra_no": "310",
        "dag_no": 310,
        "khatian_no": 410,
        "owner_name": "Bikash Ranjan Roy & Brothers",
        "owner_name_bn": "\u0995\u09c3\u09b7\u09bf \u09b0\u09be\u09af\u09bc\u09a4",
        "ownership_type": "Agricultural Ryot",
        "land_classification": "\u09a7\u09be\u09a8\u09c0 (Dhani)",
        "legal_area_sqm": 62.82,
        "gis_area_sqm": 61.77,
        "physical_area_sqm": 61.77,
        "area_discrepancy_pct": 1.67,
        "area_bengali": "0 \u09ac\u09bf\u0998\u09be 0 \u0995\u09be\u09a0\u09be 15.0 \u099b\u099f\u09be\u0995",
        "area_english": "0 Bigha 0 Katha 15.0 Chhatak",
        "status": "ADJUDICATED",
        "cors_datum": "Survey of India KOL1 (Kolkata) CORS Station",
        "target_crs": "EPSG:7755 / EPSG:4326",
        "survey_source": "OpenStreetMap Real Building Footprints + Banglarbhumi RoR",
        "confidence_semi_major_m": 0.045,
        "confidence_semi_minor_m": 0.03
      }
    },
    {
      "type": "Feature",
      "id": "rishra-dag-311",
      "geometry": {
        "type": "Polygon",
        "coordinates": [
          [
            [
              88.33945,
              22.714268
            ],
            [
              88.339525,
              22.71425
            ],
            [
              88.339499,
              22.714155
            ],
            [
              88.339471,
              22.714162
            ],
            [
              88.339423,
              22.714173
            ],
            [
              88.33945,
              22.714268
            ]
          ]
        ]
      },
      "properties": {
        "ulpin": "191471423394",
        "osm_id": 357407555,
        "state": "West Bengal",
        "state_code": "19",
        "district": "Hooghly (\u09b9\u09c1\u0997\u09b2\u09c0)",
        "district_code": "12",
        "district_lgd": 314,
        "subdivision": "Srirampore (\u09b6\u09cd\u09b0\u09c0\u09b0\u09be\u09ae\u09aa\u09c1\u09b0)",
        "municipality": "Rishra Municipality (\u09b0\u09bf\u09b7\u09dc\u09be \u09aa\u09cc\u09b0\u09b8\u09ad\u09be)",
        "ward_no": 7,
        "mouza_name": "Rishra",
        "mouza_name_bn": "\u09b0\u09bf\u09b7\u09dc\u09be",
        "jl_no": 12,
        "khasra_no": "311",
        "dag_no": 311,
        "khatian_no": 411,
        "owner_name": "Aditya Birla Nuvo / Jayshree Textiles Ltd",
        "owner_name_bn": "\u0995\u09b0\u09cd\u09aa\u09cb\u09b0\u09c7\u099f \u09b6\u09bf\u09b2\u09cd\u09aa",
        "ownership_type": "Corporate Industrial",
        "land_classification": "\u0995\u09b2\u0995\u09be\u09b0\u0996\u09be\u09a8\u09be (Karkhana)",
        "legal_area_sqm": 85.84,
        "gis_area_sqm": 86.71,
        "physical_area_sqm": 86.71,
        "area_discrepancy_pct": 1.01,
        "area_bengali": "0 \u09ac\u09bf\u0998\u09be 1 \u0995\u09be\u09a0\u09be 4.5 \u099b\u099f\u09be\u0995",
        "area_english": "0 Bigha 1 Katha 4.5 Chhatak",
        "status": "VERIFIED",
        "cors_datum": "Survey of India KOL1 (Kolkata) CORS Station",
        "target_crs": "EPSG:7755 / EPSG:4326",
        "survey_source": "OpenStreetMap Real Building Footprints + Banglarbhumi RoR",
        "confidence_semi_major_m": 0.045,
        "confidence_semi_minor_m": 0.03
      }
    },
    {
      "type": "Feature",
      "id": "rishra-dag-312",
      "geometry": {
        "type": "Polygon",
        "coordinates": [
          [
            [
              88.336718,
              22.709798
            ],
            [
              88.336781,
              22.70977
            ],
            [
              88.336713,
              22.709639
            ],
            [
              88.33665,
              22.709667
            ],
            [
              88.336718,
              22.709798
            ]
          ]
        ]
      },
      "properties": {
        "ulpin": "191470973367",
        "osm_id": 357407557,
        "state": "West Bengal",
        "state_code": "19",
        "district": "Hooghly (\u09b9\u09c1\u0997\u09b2\u09c0)",
        "district_code": "12",
        "district_lgd": 314,
        "subdivision": "Srirampore (\u09b6\u09cd\u09b0\u09c0\u09b0\u09be\u09ae\u09aa\u09c1\u09b0)",
        "municipality": "Rishra Municipality (\u09b0\u09bf\u09b7\u09dc\u09be \u09aa\u09cc\u09b0\u09b8\u09ad\u09be)",
        "ward_no": 14,
        "mouza_name": "Morepukur",
        "mouza_name_bn": "\u09ae\u09cb\u09dc\u09c7\u09aa\u09c1\u0995\u09c1\u09b0",
        "jl_no": 13,
        "khasra_no": "312",
        "dag_no": 312,
        "khatian_no": 412,
        "owner_name": "Hastings Jute Mill Estate (Vested)",
        "owner_name_bn": "\u099a\u099f\u0995\u09b2 \u098f\u09b8\u09cd\u099f\u09c7\u099f",
        "ownership_type": "Industrial Leasehold",
        "land_classification": "\u0995\u09b2\u0995\u09be\u09b0\u0996\u09be\u09a8\u09be (Karkhana)",
        "legal_area_sqm": 115.69,
        "gis_area_sqm": 115.34,
        "physical_area_sqm": 115.34,
        "area_discrepancy_pct": 0.3,
        "area_bengali": "0 \u09ac\u09bf\u0998\u09be 1 \u0995\u09be\u09a0\u09be 11.7 \u099b\u099f\u09be\u0995",
        "area_english": "0 Bigha 1 Katha 11.7 Chhatak",
        "status": "VERIFIED",
        "cors_datum": "Survey of India KOL1 (Kolkata) CORS Station",
        "target_crs": "EPSG:7755 / EPSG:4326",
        "survey_source": "OpenStreetMap Real Building Footprints + Banglarbhumi RoR",
        "confidence_semi_major_m": 0.045,
        "confidence_semi_minor_m": 0.03
      }
    },
    {
      "type": "Feature",
      "id": "rishra-dag-313",
      "geometry": {
        "type": "Polygon",
        "coordinates": [
          [
            [
              88.333341,
              22.711174
            ],
            [
              88.333394,
              22.711162
            ],
            [
              88.333373,
              22.711082
            ],
            [
              88.33332,
              22.711093
            ],
            [
              88.333341,
              22.711174
            ]
          ]
        ]
      },
      "properties": {
        "ulpin": "191471113333",
        "osm_id": 357407559,
        "state": "West Bengal",
        "state_code": "19",
        "district": "Hooghly (\u09b9\u09c1\u0997\u09b2\u09c0)",
        "district_code": "12",
        "district_lgd": 314,
        "subdivision": "Srirampore (\u09b6\u09cd\u09b0\u09c0\u09b0\u09be\u09ae\u09aa\u09c1\u09b0)",
        "municipality": "Rishra Municipality (\u09b0\u09bf\u09b7\u09dc\u09be \u09aa\u09cc\u09b0\u09b8\u09ad\u09be)",
        "ward_no": 21,
        "mouza_name": "Mahesh",
        "mouza_name_bn": "\u09ae\u09be\u09b9\u09c7\u09b6",
        "jl_no": 15,
        "khasra_no": "313",
        "dag_no": 313,
        "khatian_no": 413,
        "owner_name": "Rishra Municipality (Chairman / Civic Body)",
        "owner_name_bn": "\u09b0\u09bf\u09b7\u09dc\u09be \u09aa\u09cc\u09b0\u09b8\u09ad\u09be",
        "ownership_type": "Municipal Civic Asset",
        "land_classification": "\u09b8\u09b0\u0995\u09be\u09b0\u09bf \u0996\u09be\u09b8 (Sarkari Khas)",
        "legal_area_sqm": 52.01,
        "gis_area_sqm": 51.19,
        "physical_area_sqm": 51.19,
        "area_discrepancy_pct": 1.58,
        "area_bengali": "0 \u09ac\u09bf\u0998\u09be 0 \u0995\u09be\u09a0\u09be 12.4 \u099b\u099f\u09be\u0995",
        "area_english": "0 Bigha 0 Katha 12.4 Chhatak",
        "status": "ADJUDICATED",
        "cors_datum": "Survey of India KOL1 (Kolkata) CORS Station",
        "target_crs": "EPSG:7755 / EPSG:4326",
        "survey_source": "OpenStreetMap Real Building Footprints + Banglarbhumi RoR",
        "confidence_semi_major_m": 0.045,
        "confidence_semi_minor_m": 0.03
      }
    },
    {
      "type": "Feature",
      "id": "rishra-dag-314",
      "geometry": {
        "type": "Polygon",
        "coordinates": [
          [
            [
              88.33669,
              22.714119
            ],
            [
              88.336771,
              22.714114
            ],
            [
              88.336765,
              22.71403
            ],
            [
              88.336684,
              22.714035
            ],
            [
              88.33669,
              22.714119
            ]
          ]
        ]
      },
      "properties": {
        "ulpin": "191471403367",
        "osm_id": 357407561,
        "state": "West Bengal",
        "state_code": "19",
        "district": "Hooghly (\u09b9\u09c1\u0997\u09b2\u09c0)",
        "district_code": "12",
        "district_lgd": 314,
        "subdivision": "Srirampore (\u09b6\u09cd\u09b0\u09c0\u09b0\u09be\u09ae\u09aa\u09c1\u09b0)",
        "municipality": "Rishra Municipality (\u09b0\u09bf\u09b7\u09dc\u09be \u09aa\u09cc\u09b0\u09b8\u09ad\u09be)",
        "ward_no": 10,
        "mouza_name": "Rishra",
        "mouza_name_bn": "\u09b0\u09bf\u09b7\u09dc\u09be",
        "jl_no": 12,
        "khasra_no": "314",
        "dag_no": 314,
        "khatian_no": 414,
        "owner_name": "Eastern Railway Administration (Howrah Div)",
        "owner_name_bn": "\u09aa\u09c2\u09b0\u09cd\u09ac \u09b0\u09c7\u09b2\u0993\u09af\u09bc\u09c7",
        "ownership_type": "Central Govt Infrastructure",
        "land_classification": "\u09b8\u09b0\u0995\u09be\u09b0\u09bf \u0996\u09be\u09b8 (Sarkari Khas)",
        "legal_area_sqm": 76.76,
        "gis_area_sqm": 77.61,
        "physical_area_sqm": 77.61,
        "area_discrepancy_pct": 1.11,
        "area_bengali": "0 \u09ac\u09bf\u0998\u09be 1 \u0995\u09be\u09a0\u09be 2.4 \u099b\u099f\u09be\u0995",
        "area_english": "0 Bigha 1 Katha 2.4 Chhatak",
        "status": "VERIFIED",
        "cors_datum": "Survey of India KOL1 (Kolkata) CORS Station",
        "target_crs": "EPSG:7755 / EPSG:4326",
        "survey_source": "OpenStreetMap Real Building Footprints + Banglarbhumi RoR",
        "confidence_semi_major_m": 0.045,
        "confidence_semi_minor_m": 0.03
      }
    },
    {
      "type": "Feature",
      "id": "rishra-dag-315",
      "geometry": {
        "type": "Polygon",
        "coordinates": [
          [
            [
              88.336952,
              22.713478
            ],
            [
              88.33711,
              22.713466
            ],
            [
              88.337104,
              22.713401
            ],
            [
              88.336945,
              22.713414
            ],
            [
              88.336952,
              22.713478
            ]
          ]
        ]
      },
      "properties": {
        "ulpin": "191471343370",
        "osm_id": 357407563,
        "state": "West Bengal",
        "state_code": "19",
        "district": "Hooghly (\u09b9\u09c1\u0997\u09b2\u09c0)",
        "district_code": "12",
        "district_lgd": 314,
        "subdivision": "Srirampore (\u09b6\u09cd\u09b0\u09c0\u09b0\u09be\u09ae\u09aa\u09c1\u09b0)",
        "municipality": "Rishra Municipality (\u09b0\u09bf\u09b7\u09dc\u09be \u09aa\u09cc\u09b0\u09b8\u09ad\u09be)",
        "ward_no": 17,
        "mouza_name": "Morepukur",
        "mouza_name_bn": "\u09ae\u09cb\u09dc\u09c7\u09aa\u09c1\u0995\u09c1\u09b0",
        "jl_no": 13,
        "khasra_no": "315",
        "dag_no": 315,
        "khatian_no": 415,
        "owner_name": "PWD Roads Directorate, Govt of West Bengal",
        "owner_name_bn": "\u09aa\u09c2\u09b0\u09cd\u09a4 \u09a6\u09aa\u09cd\u09a4\u09b0",
        "ownership_type": "State Highway Department",
        "land_classification": "\u09b8\u09b0\u0995\u09be\u09b0\u09bf \u0996\u09be\u09b8 (Sarkari Khas)",
        "legal_area_sqm": 117.25,
        "gis_area_sqm": 117.02,
        "physical_area_sqm": 117.02,
        "area_discrepancy_pct": 0.2,
        "area_bengali": "0 \u09ac\u09bf\u0998\u09be 1 \u0995\u09be\u09a0\u09be 12.0 \u099b\u099f\u09be\u0995",
        "area_english": "0 Bigha 1 Katha 12.0 Chhatak",
        "status": "VERIFIED",
        "cors_datum": "Survey of India KOL1 (Kolkata) CORS Station",
        "target_crs": "EPSG:7755 / EPSG:4326",
        "survey_source": "OpenStreetMap Real Building Footprints + Banglarbhumi RoR",
        "confidence_semi_major_m": 0.045,
        "confidence_semi_minor_m": 0.03
      }
    },
    {
      "type": "Feature",
      "id": "rishra-dag-316",
      "geometry": {
        "type": "Polygon",
        "coordinates": [
          [
            [
              88.335273,
              22.708879
            ],
            [
              88.335394,
              22.708874
            ],
            [
              88.33539,
              22.708798
            ],
            [
              88.335269,
              22.708803
            ],
            [
              88.335273,
              22.708879
            ]
          ]
        ]
      },
      "properties": {
        "ulpin": "191470883353",
        "osm_id": 357407565,
        "state": "West Bengal",
        "state_code": "19",
        "district": "Hooghly (\u09b9\u09c1\u0997\u09b2\u09c0)",
        "district_code": "12",
        "district_lgd": 314,
        "subdivision": "Srirampore (\u09b6\u09cd\u09b0\u09c0\u09b0\u09be\u09ae\u09aa\u09c1\u09b0)",
        "municipality": "Rishra Municipality (\u09b0\u09bf\u09b7\u09dc\u09be \u09aa\u09cc\u09b0\u09b8\u09ad\u09be)",
        "ward_no": 19,
        "mouza_name": "Mahesh",
        "mouza_name_bn": "\u09ae\u09be\u09b9\u09c7\u09b6",
        "jl_no": 15,
        "khasra_no": "316",
        "dag_no": 316,
        "khatian_no": 416,
        "owner_name": "Tarapada Mukherjee & Brothers",
        "owner_name_bn": "\u09ac\u09cd\u09af\u0995\u09cd\u09a4\u09bf\u0997\u09a4 \u09b0\u09be\u09af\u09bc\u09a4",
        "ownership_type": "Private Freehold",
        "land_classification": "\u09ac\u09be\u09b8\u09cd\u09a4\u09c1 (Bastu)",
        "legal_area_sqm": 106.23,
        "gis_area_sqm": 104.66,
        "physical_area_sqm": 104.66,
        "area_discrepancy_pct": 1.48,
        "area_bengali": "0 \u09ac\u09bf\u0998\u09be 1 \u0995\u09be\u09a0\u09be 9.4 \u099b\u099f\u09be\u0995",
        "area_english": "0 Bigha 1 Katha 9.4 Chhatak",
        "status": "VERIFIED",
        "cors_datum": "Survey of India KOL1 (Kolkata) CORS Station",
        "target_crs": "EPSG:7755 / EPSG:4326",
        "survey_source": "OpenStreetMap Real Building Footprints + Banglarbhumi RoR",
        "confidence_semi_major_m": 0.045,
        "confidence_semi_minor_m": 0.03
      }
    },
    {
      "type": "Feature",
      "id": "rishra-dag-317",
      "geometry": {
        "type": "Polygon",
        "coordinates": [
          [
            [
              88.335469,
              22.712645
            ],
            [
              88.335571,
              22.712633
            ],
            [
              88.33556,
              22.712554
            ],
            [
              88.335458,
              22.712566
            ],
            [
              88.335469,
              22.712645
            ]
          ]
        ]
      },
      "properties": {
        "ulpin": "191471263355",
        "osm_id": 357407567,
        "state": "West Bengal",
        "state_code": "19",
        "district": "Hooghly (\u09b9\u09c1\u0997\u09b2\u09c0)",
        "district_code": "12",
        "district_lgd": 314,
        "subdivision": "Srirampore (\u09b6\u09cd\u09b0\u09c0\u09b0\u09be\u09ae\u09aa\u09c1\u09b0)",
        "municipality": "Rishra Municipality (\u09b0\u09bf\u09b7\u09dc\u09be \u09aa\u09cc\u09b0\u09b8\u09ad\u09be)",
        "ward_no": 1,
        "mouza_name": "Rishra",
        "mouza_name_bn": "\u09b0\u09bf\u09b7\u09dc\u09be",
        "jl_no": 12,
        "khasra_no": "317",
        "dag_no": 317,
        "khatian_no": 417,
        "owner_name": "Debabrata Banerjee & Animesh Banerjee",
        "owner_name_bn": "\u09aa\u09c8\u09a4\u09c3\u0995 \u09b0\u09be\u09af\u09bc\u09a4",
        "ownership_type": "Private Hereditary",
        "land_classification": "\u09ac\u09be\u09b8\u09cd\u09a4\u09c1 (Bastu)",
        "legal_area_sqm": 91.89,
        "gis_area_sqm": 93.01,
        "physical_area_sqm": 93.01,
        "area_discrepancy_pct": 1.22,
        "area_bengali": "0 \u09ac\u09bf\u0998\u09be 1 \u0995\u09be\u09a0\u09be 6.0 \u099b\u099f\u09be\u0995",
        "area_english": "0 Bigha 1 Katha 6.0 Chhatak",
        "status": "VERIFIED",
        "cors_datum": "Survey of India KOL1 (Kolkata) CORS Station",
        "target_crs": "EPSG:7755 / EPSG:4326",
        "survey_source": "OpenStreetMap Real Building Footprints + Banglarbhumi RoR",
        "confidence_semi_major_m": 0.045,
        "confidence_semi_minor_m": 0.03
      }
    },
    {
      "type": "Feature",
      "id": "rishra-dag-318",
      "geometry": {
        "type": "Polygon",
        "coordinates": [
          [
            [
              88.335062,
              22.713561
            ],
            [
              88.335146,
              22.713561
            ],
            [
              88.335146,
              22.713512
            ],
            [
              88.335063,
              22.713512
            ],
            [
              88.335062,
              22.713561
            ]
          ]
        ]
      },
      "properties": {
        "ulpin": "191471353350",
        "osm_id": 357407569,
        "state": "West Bengal",
        "state_code": "19",
        "district": "Hooghly (\u09b9\u09c1\u0997\u09b2\u09c0)",
        "district_code": "12",
        "district_lgd": 314,
        "subdivision": "Srirampore (\u09b6\u09cd\u09b0\u09c0\u09b0\u09be\u09ae\u09aa\u09c1\u09b0)",
        "municipality": "Rishra Municipality (\u09b0\u09bf\u09b7\u09dc\u09be \u09aa\u09cc\u09b0\u09b8\u09ad\u09be)",
        "ward_no": 14,
        "mouza_name": "Morepukur",
        "mouza_name_bn": "\u09ae\u09cb\u09dc\u09c7\u09aa\u09c1\u0995\u09c1\u09b0",
        "jl_no": 13,
        "khasra_no": "318",
        "dag_no": 318,
        "khatian_no": 418,
        "owner_name": "Shyamal Kanti Ghosh",
        "owner_name_bn": "\u09ac\u09cd\u09af\u0995\u09cd\u09a4\u09bf\u0997\u09a4 \u09ac\u09be\u09b8\u09cd\u09a4\u09c1",
        "ownership_type": "Private Homestead",
        "land_classification": "\u09ac\u09be\u09b8\u09cd\u09a4\u09c1 (Bastu)",
        "legal_area_sqm": 46.51,
        "gis_area_sqm": 46.46,
        "physical_area_sqm": 46.46,
        "area_discrepancy_pct": 0.11,
        "area_bengali": "0 \u09ac\u09bf\u0998\u09be 0 \u0995\u09be\u09a0\u09be 11.1 \u099b\u099f\u09be\u0995",
        "area_english": "0 Bigha 0 Katha 11.1 Chhatak",
        "status": "VERIFIED",
        "cors_datum": "Survey of India KOL1 (Kolkata) CORS Station",
        "target_crs": "EPSG:7755 / EPSG:4326",
        "survey_source": "OpenStreetMap Real Building Footprints + Banglarbhumi RoR",
        "confidence_semi_major_m": 0.045,
        "confidence_semi_minor_m": 0.03
      }
    },
    {
      "type": "Feature",
      "id": "rishra-dag-319",
      "geometry": {
        "type": "Polygon",
        "coordinates": [
          [
            [
              88.338262,
              22.711436
            ],
            [
              88.338341,
              22.711419
            ],
            [
              88.338322,
              22.711344
            ],
            [
              88.338243,
              22.711361
            ],
            [
              88.338262,
              22.711436
            ]
          ]
        ]
      },
      "properties": {
        "ulpin": "191471133382",
        "osm_id": 357407570,
        "state": "West Bengal",
        "state_code": "19",
        "district": "Hooghly (\u09b9\u09c1\u0997\u09b2\u09c0)",
        "district_code": "12",
        "district_lgd": 314,
        "subdivision": "Srirampore (\u09b6\u09cd\u09b0\u09c0\u09b0\u09be\u09ae\u09aa\u09c1\u09b0)",
        "municipality": "Rishra Municipality (\u09b0\u09bf\u09b7\u09dc\u09be \u09aa\u09cc\u09b0\u09b8\u09ad\u09be)",
        "ward_no": 22,
        "mouza_name": "Mahesh",
        "mouza_name_bn": "\u09ae\u09be\u09b9\u09c7\u09b6",
        "jl_no": 15,
        "khasra_no": "319",
        "dag_no": 319,
        "khatian_no": 419,
        "owner_name": "Lakshmi Rani Mondal",
        "owner_name_bn": "\u09ac\u09cd\u09af\u0995\u09cd\u09a4\u09bf\u0997\u09a4 \u09ac\u09be\u09b8\u09cd\u09a4\u09c1",
        "ownership_type": "Private Homestead",
        "land_classification": "\u09ac\u09be\u09b8\u09cd\u09a4\u09c1 (Bastu)",
        "legal_area_sqm": 71.94,
        "gis_area_sqm": 70.95,
        "physical_area_sqm": 70.95,
        "area_discrepancy_pct": 1.38,
        "area_bengali": "0 \u09ac\u09bf\u0998\u09be 1 \u0995\u09be\u09a0\u09be 1.2 \u099b\u099f\u09be\u0995",
        "area_english": "0 Bigha 1 Katha 1.2 Chhatak",
        "status": "VERIFIED",
        "cors_datum": "Survey of India KOL1 (Kolkata) CORS Station",
        "target_crs": "EPSG:7755 / EPSG:4326",
        "survey_source": "OpenStreetMap Real Building Footprints + Banglarbhumi RoR",
        "confidence_semi_major_m": 0.045,
        "confidence_semi_minor_m": 0.03
      }
    },
    {
      "type": "Feature",
      "id": "rishra-dag-320",
      "geometry": {
        "type": "Polygon",
        "coordinates": [
          [
            [
              88.341154,
              22.713552
            ],
            [
              88.341283,
              22.713542
            ],
            [
              88.341275,
              22.71345
            ],
            [
              88.341146,
              22.71346
            ],
            [
              88.341154,
              22.713552
            ]
          ]
        ]
      },
      "properties": {
        "ulpin": "191471353412",
        "osm_id": 357407572,
        "state": "West Bengal",
        "state_code": "19",
        "district": "Hooghly (\u09b9\u09c1\u0997\u09b2\u09c0)",
        "district_code": "12",
        "district_lgd": 314,
        "subdivision": "Srirampore (\u09b6\u09cd\u09b0\u09c0\u09b0\u09be\u09ae\u09aa\u09c1\u09b0)",
        "municipality": "Rishra Municipality (\u09b0\u09bf\u09b7\u09dc\u09be \u09aa\u09cc\u09b0\u09b8\u09ad\u09be)",
        "ward_no": 4,
        "mouza_name": "Rishra",
        "mouza_name_bn": "\u09b0\u09bf\u09b7\u09dc\u09be",
        "jl_no": 12,
        "khasra_no": "320",
        "dag_no": 320,
        "khatian_no": 420,
        "owner_name": "Soumen Chatterjee & Bratati Chatterjee",
        "owner_name_bn": "\u09af\u09cc\u09a5 \u0996\u09a4\u09bf\u09af\u09bc\u09be\u09a8",
        "ownership_type": "Joint Ownership",
        "land_classification": "\u09ac\u09be\u09b8\u09cd\u09a4\u09c1 (Bastu)",
        "legal_area_sqm": 133.92,
        "gis_area_sqm": 135.68,
        "physical_area_sqm": 135.68,
        "area_discrepancy_pct": 1.31,
        "area_bengali": "0 \u09ac\u09bf\u0998\u09be 2 \u0995\u09be\u09a0\u09be 0.0 \u099b\u099f\u09be\u0995",
        "area_english": "0 Bigha 2 Katha 0.0 Chhatak",
        "status": "VERIFIED",
        "cors_datum": "Survey of India KOL1 (Kolkata) CORS Station",
        "target_crs": "EPSG:7755 / EPSG:4326",
        "survey_source": "OpenStreetMap Real Building Footprints + Banglarbhumi RoR",
        "confidence_semi_major_m": 0.045,
        "confidence_semi_minor_m": 0.03
      }
    },
    {
      "type": "Feature",
      "id": "rishra-dag-321",
      "geometry": {
        "type": "Polygon",
        "coordinates": [
          [
            [
              88.335126,
              22.709187
            ],
            [
              88.335251,
              22.709164
            ],
            [
              88.335237,
              22.709101
            ],
            [
              88.335112,
              22.709124
            ],
            [
              88.335126,
              22.709187
            ]
          ]
        ]
      },
      "properties": {
        "ulpin": "191470913351",
        "osm_id": 357407574,
        "state": "West Bengal",
        "state_code": "19",
        "district": "Hooghly (\u09b9\u09c1\u0997\u09b2\u09c0)",
        "district_code": "12",
        "district_lgd": 314,
        "subdivision": "Srirampore (\u09b6\u09cd\u09b0\u09c0\u09b0\u09be\u09ae\u09aa\u09c1\u09b0)",
        "municipality": "Rishra Municipality (\u09b0\u09bf\u09b7\u09dc\u09be \u09aa\u09cc\u09b0\u09b8\u09ad\u09be)",
        "ward_no": 17,
        "mouza_name": "Morepukur",
        "mouza_name_bn": "\u09ae\u09cb\u09dc\u09c7\u09aa\u09c1\u0995\u09c1\u09b0",
        "jl_no": 13,
        "khasra_no": "321",
        "dag_no": 321,
        "khatian_no": 421,
        "owner_name": "Subir Kumar Sen & Sons",
        "owner_name_bn": "\u09ac\u09be\u09a3\u09bf\u099c\u09cd\u09af\u09bf\u0995 \u09a6\u09cb\u0995\u09be\u09a8",
        "ownership_type": "Commercial Shopkeeper",
        "land_classification": "\u09a1\u09be\u0999\u09cd\u0997\u09be (Danga)",
        "legal_area_sqm": 93.08,
        "gis_area_sqm": 93.08,
        "physical_area_sqm": 93.08,
        "area_discrepancy_pct": 0.0,
        "area_bengali": "0 \u09ac\u09bf\u0998\u09be 1 \u0995\u09be\u09a0\u09be 6.3 \u099b\u099f\u09be\u0995",
        "area_english": "0 Bigha 1 Katha 6.3 Chhatak",
        "status": "VERIFIED",
        "cors_datum": "Survey of India KOL1 (Kolkata) CORS Station",
        "target_crs": "EPSG:7755 / EPSG:4326",
        "survey_source": "OpenStreetMap Real Building Footprints + Banglarbhumi RoR",
        "confidence_semi_major_m": 0.045,
        "confidence_semi_minor_m": 0.03
      }
    },
    {
      "type": "Feature",
      "id": "rishra-dag-322",
      "geometry": {
        "type": "Polygon",
        "coordinates": [
          [
            [
              88.338439,
              22.714882
            ],
            [
              88.338557,
              22.714845
            ],
            [
              88.338523,
              22.714751
            ],
            [
              88.338405,
              22.714788
            ],
            [
              88.338439,
              22.714882
            ]
          ]
        ]
      },
      "properties": {
        "ulpin": "191471483384",
        "osm_id": 357407576,
        "state": "West Bengal",
        "state_code": "19",
        "district": "Hooghly (\u09b9\u09c1\u0997\u09b2\u09c0)",
        "district_code": "12",
        "district_lgd": 314,
        "subdivision": "Srirampore (\u09b6\u09cd\u09b0\u09c0\u09b0\u09be\u09ae\u09aa\u09c1\u09b0)",
        "municipality": "Rishra Municipality (\u09b0\u09bf\u09b7\u09dc\u09be \u09aa\u09cc\u09b0\u09b8\u09ad\u09be)",
        "ward_no": 20,
        "mouza_name": "Mahesh",
        "mouza_name_bn": "\u09ae\u09be\u09b9\u09c7\u09b6",
        "jl_no": 15,
        "khasra_no": "322",
        "dag_no": 322,
        "khatian_no": 422,
        "owner_name": "Ramakrishna Mission Vivekananda Sevashram",
        "owner_name_bn": "\u09b8\u09c7\u09ac\u09be\u09b6\u09cd\u09b0\u09ae \u099f\u09cd\u09b0\u09be\u09b8\u09cd\u099f",
        "ownership_type": "Institutional Charitable",
        "land_classification": "\u09ac\u09be\u09b8\u09cd\u09a4\u09c1 (Bastu)",
        "legal_area_sqm": 142.06,
        "gis_area_sqm": 140.24,
        "physical_area_sqm": 140.24,
        "area_discrepancy_pct": 1.28,
        "area_bengali": "0 \u09ac\u09bf\u0998\u09be 2 \u0995\u09be\u09a0\u09be 2.0 \u099b\u099f\u09be\u0995",
        "area_english": "0 Bigha 2 Katha 2.0 Chhatak",
        "status": "VERIFIED",
        "cors_datum": "Survey of India KOL1 (Kolkata) CORS Station",
        "target_crs": "EPSG:7755 / EPSG:4326",
        "survey_source": "OpenStreetMap Real Building Footprints + Banglarbhumi RoR",
        "confidence_semi_major_m": 0.045,
        "confidence_semi_minor_m": 0.03
      }
    },
    {
      "type": "Feature",
      "id": "rishra-dag-323",
      "geometry": {
        "type": "Polygon",
        "coordinates": [
          [
            [
              88.338001,
              22.709632
            ],
            [
              88.338083,
              22.70962
            ],
            [
              88.338063,
              22.709498
            ],
            [
              88.33798,
              22.70951
            ],
            [
              88.338001,
              22.709632
            ]
          ]
        ]
      },
      "properties": {
        "ulpin": "191470953380",
        "osm_id": 357407578,
        "state": "West Bengal",
        "state_code": "19",
        "district": "Hooghly (\u09b9\u09c1\u0997\u09b2\u09c0)",
        "district_code": "12",
        "district_lgd": 314,
        "subdivision": "Srirampore (\u09b6\u09cd\u09b0\u09c0\u09b0\u09be\u09ae\u09aa\u09c1\u09b0)",
        "municipality": "Rishra Municipality (\u09b0\u09bf\u09b7\u09dc\u09be \u09aa\u09cc\u09b0\u09b8\u09ad\u09be)",
        "ward_no": 7,
        "mouza_name": "Rishra",
        "mouza_name_bn": "\u09b0\u09bf\u09b7\u09dc\u09be",
        "jl_no": 12,
        "khasra_no": "323",
        "dag_no": 323,
        "khatian_no": 423,
        "owner_name": "St. Thomas Church Parish Committee",
        "owner_name_bn": "\u09a7\u09b0\u09cd\u09ae\u09c0\u09af\u09bc \u099f\u09cd\u09b0\u09be\u09b8\u09cd\u099f",
        "ownership_type": "Religious Institutional",
        "land_classification": "\u09ac\u09be\u09b8\u09cd\u09a4\u09c1 (Bastu)",
        "legal_area_sqm": 115.45,
        "gis_area_sqm": 117.09,
        "physical_area_sqm": 117.09,
        "area_discrepancy_pct": 1.42,
        "area_bengali": "0 \u09ac\u09bf\u0998\u09be 1 \u0995\u09be\u09a0\u09be 11.6 \u099b\u099f\u09be\u0995",
        "area_english": "0 Bigha 1 Katha 11.6 Chhatak",
        "status": "VERIFIED",
        "cors_datum": "Survey of India KOL1 (Kolkata) CORS Station",
        "target_crs": "EPSG:7755 / EPSG:4326",
        "survey_source": "OpenStreetMap Real Building Footprints + Banglarbhumi RoR",
        "confidence_semi_major_m": 0.045,
        "confidence_semi_minor_m": 0.03
      }
    },
    {
      "type": "Feature",
      "id": "rishra-dag-324",
      "geometry": {
        "type": "Polygon",
        "coordinates": [
          [
            [
              88.335188,
              22.711433
            ],
            [
              88.335272,
              22.711412
            ],
            [
              88.335246,
              22.711324
            ],
            [
              88.335162,
              22.711345
            ],
            [
              88.335188,
              22.711433
            ]
          ]
        ]
      },
      "properties": {
        "ulpin": "191471133352",
        "osm_id": 357407580,
        "state": "West Bengal",
        "state_code": "19",
        "district": "Hooghly (\u09b9\u09c1\u0997\u09b2\u09c0)",
        "district_code": "12",
        "district_lgd": 314,
        "subdivision": "Srirampore (\u09b6\u09cd\u09b0\u09c0\u09b0\u09be\u09ae\u09aa\u09c1\u09b0)",
        "municipality": "Rishra Municipality (\u09b0\u09bf\u09b7\u09dc\u09be \u09aa\u09cc\u09b0\u09b8\u09ad\u09be)",
        "ward_no": 14,
        "mouza_name": "Morepukur",
        "mouza_name_bn": "\u09ae\u09cb\u09dc\u09c7\u09aa\u09c1\u0995\u09c1\u09b0",
        "jl_no": 13,
        "khasra_no": "324",
        "dag_no": 324,
        "khatian_no": 424,
        "owner_name": "Bikash Ranjan Roy & Brothers",
        "owner_name_bn": "\u0995\u09c3\u09b7\u09bf \u09b0\u09be\u09af\u09bc\u09a4",
        "ownership_type": "Agricultural Ryot",
        "land_classification": "\u09a7\u09be\u09a8\u09c0 (Dhani)",
        "legal_area_sqm": 90.05,
        "gis_area_sqm": 90.14,
        "physical_area_sqm": 90.14,
        "area_discrepancy_pct": 0.1,
        "area_bengali": "0 \u09ac\u09bf\u0998\u09be 1 \u0995\u09be\u09a0\u09be 5.5 \u099b\u099f\u09be\u0995",
        "area_english": "0 Bigha 1 Katha 5.5 Chhatak",
        "status": "VERIFIED",
        "cors_datum": "Survey of India KOL1 (Kolkata) CORS Station",
        "target_crs": "EPSG:7755 / EPSG:4326",
        "survey_source": "OpenStreetMap Real Building Footprints + Banglarbhumi RoR",
        "confidence_semi_major_m": 0.045,
        "confidence_semi_minor_m": 0.03
      }
    },
    {
      "type": "Feature",
      "id": "rishra-dag-325",
      "geometry": {
        "type": "Polygon",
        "coordinates": [
          [
            [
              88.334508,
              22.710136
            ],
            [
              88.334583,
              22.710127
            ],
            [
              88.334573,
              22.710055
            ],
            [
              88.334498,
              22.710064
            ],
            [
              88.334508,
              22.710136
            ]
          ]
        ]
      },
      "properties": {
        "ulpin": "191471013345",
        "osm_id": 357407581,
        "state": "West Bengal",
        "state_code": "19",
        "district": "Hooghly (\u09b9\u09c1\u0997\u09b2\u09c0)",
        "district_code": "12",
        "district_lgd": 314,
        "subdivision": "Srirampore (\u09b6\u09cd\u09b0\u09c0\u09b0\u09be\u09ae\u09aa\u09c1\u09b0)",
        "municipality": "Rishra Municipality (\u09b0\u09bf\u09b7\u09dc\u09be \u09aa\u09cc\u09b0\u09b8\u09ad\u09be)",
        "ward_no": 23,
        "mouza_name": "Mahesh",
        "mouza_name_bn": "\u09ae\u09be\u09b9\u09c7\u09b6",
        "jl_no": 15,
        "khasra_no": "325",
        "dag_no": 325,
        "khatian_no": 425,
        "owner_name": "Aditya Birla Nuvo / Jayshree Textiles Ltd",
        "owner_name_bn": "\u0995\u09b0\u09cd\u09aa\u09cb\u09b0\u09c7\u099f \u09b6\u09bf\u09b2\u09cd\u09aa",
        "ownership_type": "Corporate Industrial",
        "land_classification": "\u0995\u09b2\u0995\u09be\u09b0\u0996\u09be\u09a8\u09be (Karkhana)",
        "legal_area_sqm": 63.09,
        "gis_area_sqm": 62.34,
        "physical_area_sqm": 62.34,
        "area_discrepancy_pct": 1.19,
        "area_bengali": "0 \u09ac\u09bf\u0998\u09be 0 \u0995\u09be\u09a0\u09be 15.1 \u099b\u099f\u09be\u0995",
        "area_english": "0 Bigha 0 Katha 15.1 Chhatak",
        "status": "VERIFIED",
        "cors_datum": "Survey of India KOL1 (Kolkata) CORS Station",
        "target_crs": "EPSG:7755 / EPSG:4326",
        "survey_source": "OpenStreetMap Real Building Footprints + Banglarbhumi RoR",
        "confidence_semi_major_m": 0.045,
        "confidence_semi_minor_m": 0.03
      }
    },
    {
      "type": "Feature",
      "id": "rishra-dag-326",
      "geometry": {
        "type": "Polygon",
        "coordinates": [
          [
            [
              88.33697,
              22.711037
            ],
            [
              88.337052,
              22.711003
            ],
            [
              88.33701,
              22.710919
            ],
            [
              88.336928,
              22.710953
            ],
            [
              88.33697,
              22.711037
            ]
          ]
        ]
      },
      "properties": {
        "ulpin": "191471093369",
        "osm_id": 357407583,
        "state": "West Bengal",
        "state_code": "19",
        "district": "Hooghly (\u09b9\u09c1\u0997\u09b2\u09c0)",
        "district_code": "12",
        "district_lgd": 314,
        "subdivision": "Srirampore (\u09b6\u09cd\u09b0\u09c0\u09b0\u09be\u09ae\u09aa\u09c1\u09b0)",
        "municipality": "Rishra Municipality (\u09b0\u09bf\u09b7\u09dc\u09be \u09aa\u09cc\u09b0\u09b8\u09ad\u09be)",
        "ward_no": 10,
        "mouza_name": "Rishra",
        "mouza_name_bn": "\u09b0\u09bf\u09b7\u09dc\u09be",
        "jl_no": 12,
        "khasra_no": "326",
        "dag_no": 326,
        "khatian_no": 426,
        "owner_name": "Hastings Jute Mill Estate (Vested)",
        "owner_name_bn": "\u099a\u099f\u0995\u09b2 \u098f\u09b8\u09cd\u099f\u09c7\u099f",
        "ownership_type": "Industrial Leasehold",
        "land_classification": "\u0995\u09b2\u0995\u09be\u09b0\u0996\u09be\u09a8\u09be (Karkhana)",
        "legal_area_sqm": 93.02,
        "gis_area_sqm": 94.44,
        "physical_area_sqm": 94.44,
        "area_discrepancy_pct": 1.53,
        "area_bengali": "0 \u09ac\u09bf\u0998\u09be 1 \u0995\u09be\u09a0\u09be 6.3 \u099b\u099f\u09be\u0995",
        "area_english": "0 Bigha 1 Katha 6.3 Chhatak",
        "status": "ADJUDICATED",
        "cors_datum": "Survey of India KOL1 (Kolkata) CORS Station",
        "target_crs": "EPSG:7755 / EPSG:4326",
        "survey_source": "OpenStreetMap Real Building Footprints + Banglarbhumi RoR",
        "confidence_semi_major_m": 0.045,
        "confidence_semi_minor_m": 0.03
      }
    },
    {
      "type": "Feature",
      "id": "rishra-dag-327",
      "geometry": {
        "type": "Polygon",
        "coordinates": [
          [
            [
              88.335478,
              22.711846
            ],
            [
              88.335566,
              22.711825
            ],
            [
              88.335538,
              22.711727
            ],
            [
              88.33545,
              22.711748
            ],
            [
              88.335478,
              22.711846
            ]
          ]
        ]
      },
      "properties": {
        "ulpin": "191471173355",
        "osm_id": 357407584,
        "state": "West Bengal",
        "state_code": "19",
        "district": "Hooghly (\u09b9\u09c1\u0997\u09b2\u09c0)",
        "district_code": "12",
        "district_lgd": 314,
        "subdivision": "Srirampore (\u09b6\u09cd\u09b0\u09c0\u09b0\u09be\u09ae\u09aa\u09c1\u09b0)",
        "municipality": "Rishra Municipality (\u09b0\u09bf\u09b7\u09dc\u09be \u09aa\u09cc\u09b0\u09b8\u09ad\u09be)",
        "ward_no": 17,
        "mouza_name": "Morepukur",
        "mouza_name_bn": "\u09ae\u09cb\u09dc\u09c7\u09aa\u09c1\u0995\u09c1\u09b0",
        "jl_no": 13,
        "khasra_no": "327",
        "dag_no": 327,
        "khatian_no": 427,
        "owner_name": "Rishra Municipality (Chairman / Civic Body)",
        "owner_name_bn": "\u09b0\u09bf\u09b7\u09dc\u09be \u09aa\u09cc\u09b0\u09b8\u09ad\u09be",
        "ownership_type": "Municipal Civic Asset",
        "land_classification": "\u09b8\u09b0\u0995\u09be\u09b0\u09bf \u0996\u09be\u09b8 (Sarkari Khas)",
        "legal_area_sqm": 104.4,
        "gis_area_sqm": 104.61,
        "physical_area_sqm": 104.61,
        "area_discrepancy_pct": 0.2,
        "area_bengali": "0 \u09ac\u09bf\u0998\u09be 1 \u0995\u09be\u09a0\u09be 9.0 \u099b\u099f\u09be\u0995",
        "area_english": "0 Bigha 1 Katha 9.0 Chhatak",
        "status": "VERIFIED",
        "cors_datum": "Survey of India KOL1 (Kolkata) CORS Station",
        "target_crs": "EPSG:7755 / EPSG:4326",
        "survey_source": "OpenStreetMap Real Building Footprints + Banglarbhumi RoR",
        "confidence_semi_major_m": 0.045,
        "confidence_semi_minor_m": 0.03
      }
    },
    {
      "type": "Feature",
      "id": "rishra-dag-328",
      "geometry": {
        "type": "Polygon",
        "coordinates": [
          [
            [
              88.33978,
              22.712504
            ],
            [
              88.339915,
              22.712489
            ],
            [
              88.339904,
              22.712411
            ],
            [
              88.33977,
              22.712426
            ],
            [
              88.33978,
              22.712504
            ]
          ]
        ]
      },
      "properties": {
        "ulpin": "191471243398",
        "osm_id": 357407585,
        "state": "West Bengal",
        "state_code": "19",
        "district": "Hooghly (\u09b9\u09c1\u0997\u09b2\u09c0)",
        "district_code": "12",
        "district_lgd": 314,
        "subdivision": "Srirampore (\u09b6\u09cd\u09b0\u09c0\u09b0\u09be\u09ae\u09aa\u09c1\u09b0)",
        "municipality": "Rishra Municipality (\u09b0\u09bf\u09b7\u09dc\u09be \u09aa\u09cc\u09b0\u09b8\u09ad\u09be)",
        "ward_no": 21,
        "mouza_name": "Mahesh",
        "mouza_name_bn": "\u09ae\u09be\u09b9\u09c7\u09b6",
        "jl_no": 15,
        "khasra_no": "328",
        "dag_no": 328,
        "khatian_no": 428,
        "owner_name": "Eastern Railway Administration (Howrah Div)",
        "owner_name_bn": "\u09aa\u09c2\u09b0\u09cd\u09ac \u09b0\u09c7\u09b2\u0993\u09af\u09bc\u09c7",
        "ownership_type": "Central Govt Infrastructure",
        "land_classification": "\u09b8\u09b0\u0995\u09be\u09b0\u09bf \u0996\u09be\u09b8 (Sarkari Khas)",
        "legal_area_sqm": 122.25,
        "gis_area_sqm": 120.92,
        "physical_area_sqm": 120.92,
        "area_discrepancy_pct": 1.09,
        "area_bengali": "0 \u09ac\u09bf\u0998\u09be 1 \u0995\u09be\u09a0\u09be 13.2 \u099b\u099f\u09be\u0995",
        "area_english": "0 Bigha 1 Katha 13.2 Chhatak",
        "status": "VERIFIED",
        "cors_datum": "Survey of India KOL1 (Kolkata) CORS Station",
        "target_crs": "EPSG:7755 / EPSG:4326",
        "survey_source": "OpenStreetMap Real Building Footprints + Banglarbhumi RoR",
        "confidence_semi_major_m": 0.045,
        "confidence_semi_minor_m": 0.03
      }
    },
    {
      "type": "Feature",
      "id": "rishra-dag-329",
      "geometry": {
        "type": "Polygon",
        "coordinates": [
          [
            [
              88.336743,
              22.71201
            ],
            [
              88.336855,
              22.711987
            ],
            [
              88.336841,
              22.711926
            ],
            [
              88.336728,
              22.711949
            ],
            [
              88.336743,
              22.71201
            ]
          ]
        ]
      },
      "properties": {
        "ulpin": "191471193367",
        "osm_id": 357407588,
        "state": "West Bengal",
        "state_code": "19",
        "district": "Hooghly (\u09b9\u09c1\u0997\u09b2\u09c0)",
        "district_code": "12",
        "district_lgd": 314,
        "subdivision": "Srirampore (\u09b6\u09cd\u09b0\u09c0\u09b0\u09be\u09ae\u09aa\u09c1\u09b0)",
        "municipality": "Rishra Municipality (\u09b0\u09bf\u09b7\u09dc\u09be \u09aa\u09cc\u09b0\u09b8\u09ad\u09be)",
        "ward_no": 1,
        "mouza_name": "Rishra",
        "mouza_name_bn": "\u09b0\u09bf\u09b7\u09dc\u09be",
        "jl_no": 12,
        "khasra_no": "329",
        "dag_no": 329,
        "khatian_no": 429,
        "owner_name": "PWD Roads Directorate, Govt of West Bengal",
        "owner_name_bn": "\u09aa\u09c2\u09b0\u09cd\u09a4 \u09a6\u09aa\u09cd\u09a4\u09b0",
        "ownership_type": "State Highway Department",
        "land_classification": "\u09b8\u09b0\u0995\u09be\u09b0\u09bf \u0996\u09be\u09b8 (Sarkari Khas)",
        "legal_area_sqm": 80.4,
        "gis_area_sqm": 81.71,
        "physical_area_sqm": 81.71,
        "area_discrepancy_pct": 1.63,
        "area_bengali": "0 \u09ac\u09bf\u0998\u09be 1 \u0995\u09be\u09a0\u09be 3.2 \u099b\u099f\u09be\u0995",
        "area_english": "0 Bigha 1 Katha 3.2 Chhatak",
        "status": "ADJUDICATED",
        "cors_datum": "Survey of India KOL1 (Kolkata) CORS Station",
        "target_crs": "EPSG:7755 / EPSG:4326",
        "survey_source": "OpenStreetMap Real Building Footprints + Banglarbhumi RoR",
        "confidence_semi_major_m": 0.045,
        "confidence_semi_minor_m": 0.03
      }
    },
    {
      "type": "Feature",
      "id": "rishra-dag-330",
      "geometry": {
        "type": "Polygon",
        "coordinates": [
          [
            [
              88.337124,
              22.711263
            ],
            [
              88.337252,
              22.711226
            ],
            [
              88.337229,
              22.711157
            ],
            [
              88.337101,
              22.711194
            ],
            [
              88.337124,
              22.711263
            ]
          ]
        ]
      },
      "properties": {
        "ulpin": "191471123371",
        "osm_id": 357407590,
        "state": "West Bengal",
        "state_code": "19",
        "district": "Hooghly (\u09b9\u09c1\u0997\u09b2\u09c0)",
        "district_code": "12",
        "district_lgd": 314,
        "subdivision": "Srirampore (\u09b6\u09cd\u09b0\u09c0\u09b0\u09be\u09ae\u09aa\u09c1\u09b0)",
        "municipality": "Rishra Municipality (\u09b0\u09bf\u09b7\u09dc\u09be \u09aa\u09cc\u09b0\u09b8\u09ad\u09be)",
        "ward_no": 14,
        "mouza_name": "Morepukur",
        "mouza_name_bn": "\u09ae\u09cb\u09dc\u09c7\u09aa\u09c1\u0995\u09c1\u09b0",
        "jl_no": 13,
        "khasra_no": "330",
        "dag_no": 330,
        "khatian_no": 430,
        "owner_name": "Tarapada Mukherjee & Brothers",
        "owner_name_bn": "\u09ac\u09cd\u09af\u0995\u09cd\u09a4\u09bf\u0997\u09a4 \u09b0\u09be\u09af\u09bc\u09a4",
        "ownership_type": "Private Freehold",
        "land_classification": "\u09ac\u09be\u09b8\u09cd\u09a4\u09c1 (Bastu)",
        "legal_area_sqm": 109.63,
        "gis_area_sqm": 109.96,
        "physical_area_sqm": 109.96,
        "area_discrepancy_pct": 0.3,
        "area_bengali": "0 \u09ac\u09bf\u0998\u09be 1 \u0995\u09be\u09a0\u09be 10.2 \u099b\u099f\u09be\u0995",
        "area_english": "0 Bigha 1 Katha 10.2 Chhatak",
        "status": "VERIFIED",
        "cors_datum": "Survey of India KOL1 (Kolkata) CORS Station",
        "target_crs": "EPSG:7755 / EPSG:4326",
        "survey_source": "OpenStreetMap Real Building Footprints + Banglarbhumi RoR",
        "confidence_semi_major_m": 0.045,
        "confidence_semi_minor_m": 0.03
      }
    },
    {
      "type": "Feature",
      "id": "rishra-dag-331",
      "geometry": {
        "type": "Polygon",
        "coordinates": [
          [
            [
              88.335823,
              22.710964
            ],
            [
              88.335908,
              22.710941
            ],
            [
              88.335878,
              22.710849
            ],
            [
              88.335793,
              22.710872
            ],
            [
              88.335823,
              22.710964
            ]
          ]
        ]
      },
      "properties": {
        "ulpin": "191471093358",
        "osm_id": 357407593,
        "state": "West Bengal",
        "state_code": "19",
        "district": "Hooghly (\u09b9\u09c1\u0997\u09b2\u09c0)",
        "district_code": "12",
        "district_lgd": 314,
        "subdivision": "Srirampore (\u09b6\u09cd\u09b0\u09c0\u09b0\u09be\u09ae\u09aa\u09c1\u09b0)",
        "municipality": "Rishra Municipality (\u09b0\u09bf\u09b7\u09dc\u09be \u09aa\u09cc\u09b0\u09b8\u09ad\u09be)",
        "ward_no": 19,
        "mouza_name": "Mahesh",
        "mouza_name_bn": "\u09ae\u09be\u09b9\u09c7\u09b6",
        "jl_no": 15,
        "khasra_no": "331",
        "dag_no": 331,
        "khatian_no": 431,
        "owner_name": "Debabrata Banerjee & Animesh Banerjee",
        "owner_name_bn": "\u09aa\u09c8\u09a4\u09c3\u0995 \u09b0\u09be\u09af\u09bc\u09a4",
        "ownership_type": "Private Hereditary",
        "land_classification": "\u09ac\u09be\u09b8\u09cd\u09a4\u09c1 (Bastu)",
        "legal_area_sqm": 97.6,
        "gis_area_sqm": 96.63,
        "physical_area_sqm": 96.63,
        "area_discrepancy_pct": 0.99,
        "area_bengali": "0 \u09ac\u09bf\u0998\u09be 1 \u0995\u09be\u09a0\u09be 7.3 \u099b\u099f\u09be\u0995",
        "area_english": "0 Bigha 1 Katha 7.3 Chhatak",
        "status": "VERIFIED",
        "cors_datum": "Survey of India KOL1 (Kolkata) CORS Station",
        "target_crs": "EPSG:7755 / EPSG:4326",
        "survey_source": "OpenStreetMap Real Building Footprints + Banglarbhumi RoR",
        "confidence_semi_major_m": 0.045,
        "confidence_semi_minor_m": 0.03
      }
    },
    {
      "type": "Feature",
      "id": "rishra-dag-332",
      "geometry": {
        "type": "Polygon",
        "coordinates": [
          [
            [
              88.339288,
              22.710224
            ],
            [
              88.339353,
              22.71022
            ],
            [
              88.339349,
              22.710146
            ],
            [
              88.339283,
              22.710149
            ],
            [
              88.339288,
              22.710224
            ]
          ]
        ]
      },
      "properties": {
        "ulpin": "191471013393",
        "osm_id": 357407596,
        "state": "West Bengal",
        "state_code": "19",
        "district": "Hooghly (\u09b9\u09c1\u0997\u09b2\u09c0)",
        "district_code": "12",
        "district_lgd": 314,
        "subdivision": "Srirampore (\u09b6\u09cd\u09b0\u09c0\u09b0\u09be\u09ae\u09aa\u09c1\u09b0)",
        "municipality": "Rishra Municipality (\u09b0\u09bf\u09b7\u09dc\u09be \u09aa\u09cc\u09b0\u09b8\u09ad\u09be)",
        "ward_no": 4,
        "mouza_name": "Rishra",
        "mouza_name_bn": "\u09b0\u09bf\u09b7\u09dc\u09be",
        "jl_no": 12,
        "khasra_no": "332",
        "dag_no": 332,
        "khatian_no": 432,
        "owner_name": "Shyamal Kanti Ghosh",
        "owner_name_bn": "\u09ac\u09cd\u09af\u0995\u09cd\u09a4\u09bf\u0997\u09a4 \u09ac\u09be\u09b8\u09cd\u09a4\u09c1",
        "ownership_type": "Private Homestead",
        "land_classification": "\u09ac\u09be\u09b8\u09cd\u09a4\u09c1 (Bastu)",
        "legal_area_sqm": 54.64,
        "gis_area_sqm": 55.59,
        "physical_area_sqm": 55.59,
        "area_discrepancy_pct": 1.74,
        "area_bengali": "0 \u09ac\u09bf\u0998\u09be 0 \u0995\u09be\u09a0\u09be 13.1 \u099b\u099f\u09be\u0995",
        "area_english": "0 Bigha 0 Katha 13.1 Chhatak",
        "status": "ADJUDICATED",
        "cors_datum": "Survey of India KOL1 (Kolkata) CORS Station",
        "target_crs": "EPSG:7755 / EPSG:4326",
        "survey_source": "OpenStreetMap Real Building Footprints + Banglarbhumi RoR",
        "confidence_semi_major_m": 0.045,
        "confidence_semi_minor_m": 0.03
      }
    },
    {
      "type": "Feature",
      "id": "rishra-dag-333",
      "geometry": {
        "type": "Polygon",
        "coordinates": [
          [
            [
              88.336334,
              22.709756
            ],
            [
              88.336453,
              22.709702
            ],
            [
              88.336432,
              22.709663
            ],
            [
              88.336313,
              22.709717
            ],
            [
              88.336334,
              22.709756
            ]
          ]
        ]
      },
      "properties": {
        "ulpin": "191470973363",
        "osm_id": 357407598,
        "state": "West Bengal",
        "state_code": "19",
        "district": "Hooghly (\u09b9\u09c1\u0997\u09b2\u09c0)",
        "district_code": "12",
        "district_lgd": 314,
        "subdivision": "Srirampore (\u09b6\u09cd\u09b0\u09c0\u09b0\u09be\u09ae\u09aa\u09c1\u09b0)",
        "municipality": "Rishra Municipality (\u09b0\u09bf\u09b7\u09dc\u09be \u09aa\u09cc\u09b0\u09b8\u09ad\u09be)",
        "ward_no": 17,
        "mouza_name": "Morepukur",
        "mouza_name_bn": "\u09ae\u09cb\u09dc\u09c7\u09aa\u09c1\u0995\u09c1\u09b0",
        "jl_no": 13,
        "khasra_no": "333",
        "dag_no": 333,
        "khatian_no": 433,
        "owner_name": "Lakshmi Rani Mondal",
        "owner_name_bn": "\u09ac\u09cd\u09af\u0995\u09cd\u09a4\u09bf\u0997\u09a4 \u09ac\u09be\u09b8\u09cd\u09a4\u09c1",
        "ownership_type": "Private Homestead",
        "land_classification": "\u09ac\u09be\u09b8\u09cd\u09a4\u09c1 (Bastu)",
        "legal_area_sqm": 65.32,
        "gis_area_sqm": 65.58,
        "physical_area_sqm": 65.58,
        "area_discrepancy_pct": 0.4,
        "area_bengali": "0 \u09ac\u09bf\u0998\u09be 0 \u0995\u09be\u09a0\u09be 15.6 \u099b\u099f\u09be\u0995",
        "area_english": "0 Bigha 0 Katha 15.6 Chhatak",
        "status": "VERIFIED",
        "cors_datum": "Survey of India KOL1 (Kolkata) CORS Station",
        "target_crs": "EPSG:7755 / EPSG:4326",
        "survey_source": "OpenStreetMap Real Building Footprints + Banglarbhumi RoR",
        "confidence_semi_major_m": 0.045,
        "confidence_semi_minor_m": 0.03
      }
    },
    {
      "type": "Feature",
      "id": "rishra-dag-334",
      "geometry": {
        "type": "Polygon",
        "coordinates": [
          [
            [
              88.334903,
              22.71189
            ],
            [
              88.335063,
              22.71186
            ],
            [
              88.33505,
              22.711803
            ],
            [
              88.334891,
              22.711833
            ],
            [
              88.334903,
              22.71189
            ]
          ]
        ]
      },
      "properties": {
        "ulpin": "191471183349",
        "osm_id": 357407600,
        "state": "West Bengal",
        "state_code": "19",
        "district": "Hooghly (\u09b9\u09c1\u0997\u09b2\u09c0)",
        "district_code": "12",
        "district_lgd": 314,
        "subdivision": "Srirampore (\u09b6\u09cd\u09b0\u09c0\u09b0\u09be\u09ae\u09aa\u09c1\u09b0)",
        "municipality": "Rishra Municipality (\u09b0\u09bf\u09b7\u09dc\u09be \u09aa\u09cc\u09b0\u09b8\u09ad\u09be)",
        "ward_no": 22,
        "mouza_name": "Mahesh",
        "mouza_name_bn": "\u09ae\u09be\u09b9\u09c7\u09b6",
        "jl_no": 15,
        "khasra_no": "334",
        "dag_no": 334,
        "khatian_no": 434,
        "owner_name": "Soumen Chatterjee & Bratati Chatterjee",
        "owner_name_bn": "\u09af\u09cc\u09a5 \u0996\u09a4\u09bf\u09af\u09bc\u09be\u09a8",
        "ownership_type": "Joint Ownership",
        "land_classification": "\u09ac\u09be\u09b8\u09cd\u09a4\u09c1 (Bastu)",
        "legal_area_sqm": 108.47,
        "gis_area_sqm": 107.5,
        "physical_area_sqm": 107.5,
        "area_discrepancy_pct": 0.89,
        "area_bengali": "0 \u09ac\u09bf\u0998\u09be 1 \u0995\u09be\u09a0\u09be 9.9 \u099b\u099f\u09be\u0995",
        "area_english": "0 Bigha 1 Katha 9.9 Chhatak",
        "status": "VERIFIED",
        "cors_datum": "Survey of India KOL1 (Kolkata) CORS Station",
        "target_crs": "EPSG:7755 / EPSG:4326",
        "survey_source": "OpenStreetMap Real Building Footprints + Banglarbhumi RoR",
        "confidence_semi_major_m": 0.045,
        "confidence_semi_minor_m": 0.03
      }
    },
    {
      "type": "Feature",
      "id": "rishra-dag-335",
      "geometry": {
        "type": "Polygon",
        "coordinates": [
          [
            [
              88.330059,
              22.713288
            ],
            [
              88.330118,
              22.713288
            ],
            [
              88.330118,
              22.713223
            ],
            [
              88.33006,
              22.713222
            ],
            [
              88.330059,
              22.713288
            ]
          ]
        ]
      },
      "properties": {
        "ulpin": "191471323300",
        "osm_id": 357407602,
        "state": "West Bengal",
        "state_code": "19",
        "district": "Hooghly (\u09b9\u09c1\u0997\u09b2\u09c0)",
        "district_code": "12",
        "district_lgd": 314,
        "subdivision": "Srirampore (\u09b6\u09cd\u09b0\u09c0\u09b0\u09be\u09ae\u09aa\u09c1\u09b0)",
        "municipality": "Rishra Municipality (\u09b0\u09bf\u09b7\u09dc\u09be \u09aa\u09cc\u09b0\u09b8\u09ad\u09be)",
        "ward_no": 7,
        "mouza_name": "Rishra",
        "mouza_name_bn": "\u09b0\u09bf\u09b7\u09dc\u09be",
        "jl_no": 12,
        "khasra_no": "335",
        "dag_no": 335,
        "khatian_no": 435,
        "owner_name": "Subir Kumar Sen & Sons",
        "owner_name_bn": "\u09ac\u09be\u09a3\u09bf\u099c\u09cd\u09af\u09bf\u0995 \u09a6\u09cb\u0995\u09be\u09a8",
        "ownership_type": "Commercial Shopkeeper",
        "land_classification": "\u09a1\u09be\u0999\u09cd\u0997\u09be (Danga)",
        "legal_area_sqm": 42.74,
        "gis_area_sqm": 43.52,
        "physical_area_sqm": 43.52,
        "area_discrepancy_pct": 1.82,
        "area_bengali": "0 \u09ac\u09bf\u0998\u09be 0 \u0995\u09be\u09a0\u09be 10.2 \u099b\u099f\u09be\u0995",
        "area_english": "0 Bigha 0 Katha 10.2 Chhatak",
        "status": "ADJUDICATED",
        "cors_datum": "Survey of India KOL1 (Kolkata) CORS Station",
        "target_crs": "EPSG:7755 / EPSG:4326",
        "survey_source": "OpenStreetMap Real Building Footprints + Banglarbhumi RoR",
        "confidence_semi_major_m": 0.045,
        "confidence_semi_minor_m": 0.03
      }
    },
    {
      "type": "Feature",
      "id": "rishra-dag-336",
      "geometry": {
        "type": "Polygon",
        "coordinates": [
          [
            [
              88.336936,
              22.711988
            ],
            [
              88.337057,
              22.711973
            ],
            [
              88.337044,
              22.711888
            ],
            [
              88.336924,
              22.711903
            ],
            [
              88.336936,
              22.711988
            ]
          ]
        ]
      },
      "properties": {
        "ulpin": "191471193369",
        "osm_id": 357407605,
        "state": "West Bengal",
        "state_code": "19",
        "district": "Hooghly (\u09b9\u09c1\u0997\u09b2\u09c0)",
        "district_code": "12",
        "district_lgd": 314,
        "subdivision": "Srirampore (\u09b6\u09cd\u09b0\u09c0\u09b0\u09be\u09ae\u09aa\u09c1\u09b0)",
        "municipality": "Rishra Municipality (\u09b0\u09bf\u09b7\u09dc\u09be \u09aa\u09cc\u09b0\u09b8\u09ad\u09be)",
        "ward_no": 14,
        "mouza_name": "Morepukur",
        "mouza_name_bn": "\u09ae\u09cb\u09dc\u09c7\u09aa\u09c1\u0995\u09c1\u09b0",
        "jl_no": 13,
        "khasra_no": "336",
        "dag_no": 336,
        "khatian_no": 436,
        "owner_name": "Ramakrishna Mission Vivekananda Sevashram",
        "owner_name_bn": "\u09b8\u09c7\u09ac\u09be\u09b6\u09cd\u09b0\u09ae \u099f\u09cd\u09b0\u09be\u09b8\u09cd\u099f",
        "ownership_type": "Institutional Charitable",
        "land_classification": "\u09ac\u09be\u09b8\u09cd\u09a4\u09c1 (Bastu)",
        "legal_area_sqm": 117.85,
        "gis_area_sqm": 118.44,
        "physical_area_sqm": 118.44,
        "area_discrepancy_pct": 0.5,
        "area_bengali": "0 \u09ac\u09bf\u0998\u09be 1 \u0995\u09be\u09a0\u09be 12.2 \u099b\u099f\u09be\u0995",
        "area_english": "0 Bigha 1 Katha 12.2 Chhatak",
        "status": "VERIFIED",
        "cors_datum": "Survey of India KOL1 (Kolkata) CORS Station",
        "target_crs": "EPSG:7755 / EPSG:4326",
        "survey_source": "OpenStreetMap Real Building Footprints + Banglarbhumi RoR",
        "confidence_semi_major_m": 0.045,
        "confidence_semi_minor_m": 0.03
      }
    },
    {
      "type": "Feature",
      "id": "rishra-dag-337",
      "geometry": {
        "type": "Polygon",
        "coordinates": [
          [
            [
              88.334794,
              22.710373
            ],
            [
              88.334885,
              22.710363
            ],
            [
              88.334876,
              22.710289
            ],
            [
              88.334785,
              22.710299
            ],
            [
              88.334794,
              22.710373
            ]
          ]
        ]
      },
      "properties": {
        "ulpin": "191471033348",
        "osm_id": 357407606,
        "state": "West Bengal",
        "state_code": "19",
        "district": "Hooghly (\u09b9\u09c1\u0997\u09b2\u09c0)",
        "district_code": "12",
        "district_lgd": 314,
        "subdivision": "Srirampore (\u09b6\u09cd\u09b0\u09c0\u09b0\u09be\u09ae\u09aa\u09c1\u09b0)",
        "municipality": "Rishra Municipality (\u09b0\u09bf\u09b7\u09dc\u09be \u09aa\u09cc\u09b0\u09b8\u09ad\u09be)",
        "ward_no": 20,
        "mouza_name": "Mahesh",
        "mouza_name_bn": "\u09ae\u09be\u09b9\u09c7\u09b6",
        "jl_no": 15,
        "khasra_no": "337",
        "dag_no": 337,
        "khatian_no": 437,
        "owner_name": "St. Thomas Church Parish Committee",
        "owner_name_bn": "\u09a7\u09b0\u09cd\u09ae\u09c0\u09af\u09bc \u099f\u09cd\u09b0\u09be\u09b8\u09cd\u099f",
        "ownership_type": "Religious Institutional",
        "land_classification": "\u09ac\u09be\u09b8\u09cd\u09a4\u09c1 (Bastu)",
        "legal_area_sqm": 78.11,
        "gis_area_sqm": 77.49,
        "physical_area_sqm": 77.49,
        "area_discrepancy_pct": 0.79,
        "area_bengali": "0 \u09ac\u09bf\u0998\u09be 1 \u0995\u09be\u09a0\u09be 2.7 \u099b\u099f\u09be\u0995",
        "area_english": "0 Bigha 1 Katha 2.7 Chhatak",
        "status": "VERIFIED",
        "cors_datum": "Survey of India KOL1 (Kolkata) CORS Station",
        "target_crs": "EPSG:7755 / EPSG:4326",
        "survey_source": "OpenStreetMap Real Building Footprints + Banglarbhumi RoR",
        "confidence_semi_major_m": 0.045,
        "confidence_semi_minor_m": 0.03
      }
    },
    {
      "type": "Feature",
      "id": "rishra-dag-338",
      "geometry": {
        "type": "Polygon",
        "coordinates": [
          [
            [
              88.334979,
              22.712478
            ],
            [
              88.335063,
              22.71247
            ],
            [
              88.335053,
              22.712372
            ],
            [
              88.334968,
              22.71238
            ],
            [
              88.334979,
              22.712478
            ]
          ]
        ]
      },
      "properties": {
        "ulpin": "191471243350",
        "osm_id": 357407608,
        "state": "West Bengal",
        "state_code": "19",
        "district": "Hooghly (\u09b9\u09c1\u0997\u09b2\u09c0)",
        "district_code": "12",
        "district_lgd": 314,
        "subdivision": "Srirampore (\u09b6\u09cd\u09b0\u09c0\u09b0\u09be\u09ae\u09aa\u09c1\u09b0)",
        "municipality": "Rishra Municipality (\u09b0\u09bf\u09b7\u09dc\u09be \u09aa\u09cc\u09b0\u09b8\u09ad\u09be)",
        "ward_no": 10,
        "mouza_name": "Rishra",
        "mouza_name_bn": "\u09b0\u09bf\u09b7\u09dc\u09be",
        "jl_no": 12,
        "khasra_no": "338",
        "dag_no": 338,
        "khatian_no": 438,
        "owner_name": "Bikash Ranjan Roy & Brothers",
        "owner_name_bn": "\u0995\u09c3\u09b7\u09bf \u09b0\u09be\u09af\u09bc\u09a4",
        "ownership_type": "Agricultural Ryot",
        "land_classification": "\u09a7\u09be\u09a8\u09c0 (Dhani)",
        "legal_area_sqm": 93.19,
        "gis_area_sqm": 94.99,
        "physical_area_sqm": 94.99,
        "area_discrepancy_pct": 1.93,
        "area_bengali": "0 \u09ac\u09bf\u0998\u09be 1 \u0995\u09be\u09a0\u09be 6.3 \u099b\u099f\u09be\u0995",
        "area_english": "0 Bigha 1 Katha 6.3 Chhatak",
        "status": "ADJUDICATED",
        "cors_datum": "Survey of India KOL1 (Kolkata) CORS Station",
        "target_crs": "EPSG:7755 / EPSG:4326",
        "survey_source": "OpenStreetMap Real Building Footprints + Banglarbhumi RoR",
        "confidence_semi_major_m": 0.045,
        "confidence_semi_minor_m": 0.03
      }
    },
    {
      "type": "Feature",
      "id": "rishra-dag-339",
      "geometry": {
        "type": "Polygon",
        "coordinates": [
          [
            [
              88.335837,
              22.71403
            ],
            [
              88.335945,
              22.714028
            ],
            [
              88.335943,
              22.713954
            ],
            [
              88.335834,
              22.713957
            ],
            [
              88.335837,
              22.71403
            ]
          ]
        ]
      },
      "properties": {
        "ulpin": "191471403358",
        "osm_id": 357407611,
        "state": "West Bengal",
        "state_code": "19",
        "district": "Hooghly (\u09b9\u09c1\u0997\u09b2\u09c0)",
        "district_code": "12",
        "district_lgd": 314,
        "subdivision": "Srirampore (\u09b6\u09cd\u09b0\u09c0\u09b0\u09be\u09ae\u09aa\u09c1\u09b0)",
        "municipality": "Rishra Municipality (\u09b0\u09bf\u09b7\u09dc\u09be \u09aa\u09cc\u09b0\u09b8\u09ad\u09be)",
        "ward_no": 17,
        "mouza_name": "Morepukur",
        "mouza_name_bn": "\u09ae\u09cb\u09dc\u09c7\u09aa\u09c1\u0995\u09c1\u09b0",
        "jl_no": 13,
        "khasra_no": "339",
        "dag_no": 339,
        "khatian_no": 439,
        "owner_name": "Aditya Birla Nuvo / Jayshree Textiles Ltd",
        "owner_name_bn": "\u0995\u09b0\u09cd\u09aa\u09cb\u09b0\u09c7\u099f \u09b6\u09bf\u09b2\u09cd\u09aa",
        "ownership_type": "Corporate Industrial",
        "land_classification": "\u0995\u09b2\u0995\u09be\u09b0\u0996\u09be\u09a8\u09be (Karkhana)",
        "legal_area_sqm": 90.09,
        "gis_area_sqm": 90.63,
        "physical_area_sqm": 90.63,
        "area_discrepancy_pct": 0.6,
        "area_bengali": "0 \u09ac\u09bf\u0998\u09be 1 \u0995\u09be\u09a0\u09be 5.5 \u099b\u099f\u09be\u0995",
        "area_english": "0 Bigha 1 Katha 5.5 Chhatak",
        "status": "VERIFIED",
        "cors_datum": "Survey of India KOL1 (Kolkata) CORS Station",
        "target_crs": "EPSG:7755 / EPSG:4326",
        "survey_source": "OpenStreetMap Real Building Footprints + Banglarbhumi RoR",
        "confidence_semi_major_m": 0.045,
        "confidence_semi_minor_m": 0.03
      }
    },
    {
      "type": "Feature",
      "id": "rishra-dag-340",
      "geometry": {
        "type": "Polygon",
        "coordinates": [
          [
            [
              88.339429,
              22.71047
            ],
            [
              88.339531,
              22.710465
            ],
            [
              88.339525,
              22.710361
            ],
            [
              88.339423,
              22.710366
            ],
            [
              88.339429,
              22.71047
            ]
          ]
        ]
      },
      "properties": {
        "ulpin": "191471043394",
        "osm_id": 357407613,
        "state": "West Bengal",
        "state_code": "19",
        "district": "Hooghly (\u09b9\u09c1\u0997\u09b2\u09c0)",
        "district_code": "12",
        "district_lgd": 314,
        "subdivision": "Srirampore (\u09b6\u09cd\u09b0\u09c0\u09b0\u09be\u09ae\u09aa\u09c1\u09b0)",
        "municipality": "Rishra Municipality (\u09b0\u09bf\u09b7\u09dc\u09be \u09aa\u09cc\u09b0\u09b8\u09ad\u09be)",
        "ward_no": 23,
        "mouza_name": "Mahesh",
        "mouza_name_bn": "\u09ae\u09be\u09b9\u09c7\u09b6",
        "jl_no": 15,
        "khasra_no": "340",
        "dag_no": 340,
        "khatian_no": 440,
        "owner_name": "Hastings Jute Mill Estate (Vested)",
        "owner_name_bn": "\u099a\u099f\u0995\u09b2 \u098f\u09b8\u09cd\u099f\u09c7\u099f",
        "ownership_type": "Industrial Leasehold",
        "land_classification": "\u0995\u09b2\u0995\u09be\u09b0\u0996\u09be\u09a8\u09be (Karkhana)",
        "legal_area_sqm": 121.65,
        "gis_area_sqm": 120.8,
        "physical_area_sqm": 120.8,
        "area_discrepancy_pct": 0.7,
        "area_bengali": "0 \u09ac\u09bf\u0998\u09be 1 \u0995\u09be\u09a0\u09be 13.1 \u099b\u099f\u09be\u0995",
        "area_english": "0 Bigha 1 Katha 13.1 Chhatak",
        "status": "VERIFIED",
        "cors_datum": "Survey of India KOL1 (Kolkata) CORS Station",
        "target_crs": "EPSG:7755 / EPSG:4326",
        "survey_source": "OpenStreetMap Real Building Footprints + Banglarbhumi RoR",
        "confidence_semi_major_m": 0.045,
        "confidence_semi_minor_m": 0.03
      }
    },
    {
      "type": "Feature",
      "id": "rishra-dag-341",
      "geometry": {
        "type": "Polygon",
        "coordinates": [
          [
            [
              88.338305,
              22.710807
            ],
            [
              88.338381,
              22.710787
            ],
            [
              88.338363,
              22.710728
            ],
            [
              88.338287,
              22.710748
            ],
            [
              88.338305,
              22.710807
            ]
          ]
        ]
      },
      "properties": {
        "ulpin": "191471073383",
        "osm_id": 357407616,
        "state": "West Bengal",
        "state_code": "19",
        "district": "Hooghly (\u09b9\u09c1\u0997\u09b2\u09c0)",
        "district_code": "12",
        "district_lgd": 314,
        "subdivision": "Srirampore (\u09b6\u09cd\u09b0\u09c0\u09b0\u09be\u09ae\u09aa\u09c1\u09b0)",
        "municipality": "Rishra Municipality (\u09b0\u09bf\u09b7\u09dc\u09be \u09aa\u09cc\u09b0\u09b8\u09ad\u09be)",
        "ward_no": 1,
        "mouza_name": "Rishra",
        "mouza_name_bn": "\u09b0\u09bf\u09b7\u09dc\u09be",
        "jl_no": 12,
        "khasra_no": "341",
        "dag_no": 341,
        "khatian_no": 441,
        "owner_name": "Rishra Municipality (Chairman / Civic Body)",
        "owner_name_bn": "\u09b0\u09bf\u09b7\u09dc\u09be \u09aa\u09cc\u09b0\u09b8\u09ad\u09be",
        "ownership_type": "Municipal Civic Asset",
        "land_classification": "\u09b8\u09b0\u0995\u09be\u09b0\u09bf \u0996\u09be\u09b8 (Sarkari Khas)",
        "legal_area_sqm": 53.91,
        "gis_area_sqm": 55.01,
        "physical_area_sqm": 55.01,
        "area_discrepancy_pct": 2.04,
        "area_bengali": "0 \u09ac\u09bf\u0998\u09be 0 \u0995\u09be\u09a0\u09be 12.9 \u099b\u099f\u09be\u0995",
        "area_english": "0 Bigha 0 Katha 12.9 Chhatak",
        "status": "ADJUDICATED",
        "cors_datum": "Survey of India KOL1 (Kolkata) CORS Station",
        "target_crs": "EPSG:7755 / EPSG:4326",
        "survey_source": "OpenStreetMap Real Building Footprints + Banglarbhumi RoR",
        "confidence_semi_major_m": 0.045,
        "confidence_semi_minor_m": 0.03
      }
    },
    {
      "type": "Feature",
      "id": "rishra-dag-342",
      "geometry": {
        "type": "Polygon",
        "coordinates": [
          [
            [
              88.336431,
              22.709971
            ],
            [
              88.336561,
              22.709917
            ],
            [
              88.336533,
              22.70986
            ],
            [
              88.336403,
              22.709913
            ],
            [
              88.336431,
              22.709971
            ]
          ]
        ]
      },
      "properties": {
        "ulpin": "191470993364",
        "osm_id": 357407618,
        "state": "West Bengal",
        "state_code": "19",
        "district": "Hooghly (\u09b9\u09c1\u0997\u09b2\u09c0)",
        "district_code": "12",
        "district_lgd": 314,
        "subdivision": "Srirampore (\u09b6\u09cd\u09b0\u09c0\u09b0\u09be\u09ae\u09aa\u09c1\u09b0)",
        "municipality": "Rishra Municipality (\u09b0\u09bf\u09b7\u09dc\u09be \u09aa\u09cc\u09b0\u09b8\u09ad\u09be)",
        "ward_no": 14,
        "mouza_name": "Morepukur",
        "mouza_name_bn": "\u09ae\u09cb\u09dc\u09c7\u09aa\u09c1\u0995\u09c1\u09b0",
        "jl_no": 13,
        "khasra_no": "342",
        "dag_no": 342,
        "khatian_no": 442,
        "owner_name": "Eastern Railway Administration (Howrah Div)",
        "owner_name_bn": "\u09aa\u09c2\u09b0\u09cd\u09ac \u09b0\u09c7\u09b2\u0993\u09af\u09bc\u09c7",
        "ownership_type": "Central Govt Infrastructure",
        "land_classification": "\u09b8\u09b0\u0995\u09be\u09b0\u09bf \u0996\u09be\u09b8 (Sarkari Khas)",
        "legal_area_sqm": 101.18,
        "gis_area_sqm": 101.89,
        "physical_area_sqm": 101.89,
        "area_discrepancy_pct": 0.7,
        "area_bengali": "0 \u09ac\u09bf\u0998\u09be 1 \u0995\u09be\u09a0\u09be 8.2 \u099b\u099f\u09be\u0995",
        "area_english": "0 Bigha 1 Katha 8.2 Chhatak",
        "status": "VERIFIED",
        "cors_datum": "Survey of India KOL1 (Kolkata) CORS Station",
        "target_crs": "EPSG:7755 / EPSG:4326",
        "survey_source": "OpenStreetMap Real Building Footprints + Banglarbhumi RoR",
        "confidence_semi_major_m": 0.045,
        "confidence_semi_minor_m": 0.03
      }
    },
    {
      "type": "Feature",
      "id": "rishra-dag-343",
      "geometry": {
        "type": "Polygon",
        "coordinates": [
          [
            [
              88.337077,
              22.711787
            ],
            [
              88.337164,
              22.711777
            ],
            [
              88.337145,
              22.711648
            ],
            [
              88.337059,
              22.711659
            ],
            [
              88.337077,
              22.711787
            ]
          ]
        ]
      },
      "properties": {
        "ulpin": "191471173371",
        "osm_id": 357407620,
        "state": "West Bengal",
        "state_code": "19",
        "district": "Hooghly (\u09b9\u09c1\u0997\u09b2\u09c0)",
        "district_code": "12",
        "district_lgd": 314,
        "subdivision": "Srirampore (\u09b6\u09cd\u09b0\u09c0\u09b0\u09be\u09ae\u09aa\u09c1\u09b0)",
        "municipality": "Rishra Municipality (\u09b0\u09bf\u09b7\u09dc\u09be \u09aa\u09cc\u09b0\u09b8\u09ad\u09be)",
        "ward_no": 21,
        "mouza_name": "Mahesh",
        "mouza_name_bn": "\u09ae\u09be\u09b9\u09c7\u09b6",
        "jl_no": 15,
        "khasra_no": "343",
        "dag_no": 343,
        "khatian_no": 443,
        "owner_name": "PWD Roads Directorate, Govt of West Bengal",
        "owner_name_bn": "\u09aa\u09c2\u09b0\u09cd\u09a4 \u09a6\u09aa\u09cd\u09a4\u09b0",
        "ownership_type": "State Highway Department",
        "land_classification": "\u09b8\u09b0\u0995\u09be\u09b0\u09bf \u0996\u09be\u09b8 (Sarkari Khas)",
        "legal_area_sqm": 129.2,
        "gis_area_sqm": 128.43,
        "physical_area_sqm": 128.43,
        "area_discrepancy_pct": 0.6,
        "area_bengali": "0 \u09ac\u09bf\u0998\u09be 1 \u0995\u09be\u09a0\u09be 14.9 \u099b\u099f\u09be\u0995",
        "area_english": "0 Bigha 1 Katha 14.9 Chhatak",
        "status": "VERIFIED",
        "cors_datum": "Survey of India KOL1 (Kolkata) CORS Station",
        "target_crs": "EPSG:7755 / EPSG:4326",
        "survey_source": "OpenStreetMap Real Building Footprints + Banglarbhumi RoR",
        "confidence_semi_major_m": 0.045,
        "confidence_semi_minor_m": 0.03
      }
    },
    {
      "type": "Feature",
      "id": "rishra-dag-344",
      "geometry": {
        "type": "Polygon",
        "coordinates": [
          [
            [
              88.338584,
              22.711281
            ],
            [
              88.338715,
              22.711251
            ],
            [
              88.338686,
              22.711144
            ],
            [
              88.338555,
              22.711173
            ],
            [
              88.338584,
              22.711281
            ]
          ]
        ]
      },
      "properties": {
        "ulpin": "191471123386",
        "osm_id": 357407623,
        "state": "West Bengal",
        "state_code": "19",
        "district": "Hooghly (\u09b9\u09c1\u0997\u09b2\u09c0)",
        "district_code": "12",
        "district_lgd": 314,
        "subdivision": "Srirampore (\u09b6\u09cd\u09b0\u09c0\u09b0\u09be\u09ae\u09aa\u09c1\u09b0)",
        "municipality": "Rishra Municipality (\u09b0\u09bf\u09b7\u09dc\u09be \u09aa\u09cc\u09b0\u09b8\u09ad\u09be)",
        "ward_no": 4,
        "mouza_name": "Rishra",
        "mouza_name_bn": "\u09b0\u09bf\u09b7\u09dc\u09be",
        "jl_no": 12,
        "khasra_no": "344",
        "dag_no": 344,
        "khatian_no": 444,
        "owner_name": "Tarapada Mukherjee & Brothers",
        "owner_name_bn": "\u09ac\u09cd\u09af\u0995\u09cd\u09a4\u09bf\u0997\u09a4 \u09b0\u09be\u09af\u09bc\u09a4",
        "ownership_type": "Private Freehold",
        "land_classification": "\u09ac\u09be\u09b8\u09cd\u09a4\u09c1 (Bastu)",
        "legal_area_sqm": 172.85,
        "gis_area_sqm": 169.63,
        "physical_area_sqm": 169.63,
        "area_discrepancy_pct": 1.86,
        "area_bengali": "0 \u09ac\u09bf\u0998\u09be 2 \u0995\u09be\u09a0\u09be 9.3 \u099b\u099f\u09be\u0995",
        "area_english": "0 Bigha 2 Katha 9.3 Chhatak",
        "status": "ADJUDICATED",
        "cors_datum": "Survey of India KOL1 (Kolkata) CORS Station",
        "target_crs": "EPSG:7755 / EPSG:4326",
        "survey_source": "OpenStreetMap Real Building Footprints + Banglarbhumi RoR",
        "confidence_semi_major_m": 0.045,
        "confidence_semi_minor_m": 0.03
      }
    },
    {
      "type": "Feature",
      "id": "rishra-dag-345",
      "geometry": {
        "type": "Polygon",
        "coordinates": [
          [
            [
              88.337861,
              22.710226
            ],
            [
              88.337909,
              22.71021
            ],
            [
              88.337862,
              22.710087
            ],
            [
              88.337813,
              22.710103
            ],
            [
              88.337861,
              22.710226
            ]
          ]
        ]
      },
      "properties": {
        "ulpin": "191471013378",
        "osm_id": 357407625,
        "state": "West Bengal",
        "state_code": "19",
        "district": "Hooghly (\u09b9\u09c1\u0997\u09b2\u09c0)",
        "district_code": "12",
        "district_lgd": 314,
        "subdivision": "Srirampore (\u09b6\u09cd\u09b0\u09c0\u09b0\u09be\u09ae\u09aa\u09c1\u09b0)",
        "municipality": "Rishra Municipality (\u09b0\u09bf\u09b7\u09dc\u09be \u09aa\u09cc\u09b0\u09b8\u09ad\u09be)",
        "ward_no": 17,
        "mouza_name": "Morepukur",
        "mouza_name_bn": "\u09ae\u09cb\u09dc\u09c7\u09aa\u09c1\u0995\u09c1\u09b0",
        "jl_no": 13,
        "khasra_no": "345",
        "dag_no": 345,
        "khatian_no": 445,
        "owner_name": "Debabrata Banerjee & Animesh Banerjee",
        "owner_name_bn": "\u09aa\u09c8\u09a4\u09c3\u0995 \u09b0\u09be\u09af\u09bc\u09a4",
        "ownership_type": "Private Hereditary",
        "land_classification": "\u09ac\u09be\u09b8\u09cd\u09a4\u09c1 (Bastu)",
        "legal_area_sqm": 75.76,
        "gis_area_sqm": 76.37,
        "physical_area_sqm": 76.37,
        "area_discrepancy_pct": 0.81,
        "area_bengali": "0 \u09ac\u09bf\u0998\u09be 1 \u0995\u09be\u09a0\u09be 2.1 \u099b\u099f\u09be\u0995",
        "area_english": "0 Bigha 1 Katha 2.1 Chhatak",
        "status": "VERIFIED",
        "cors_datum": "Survey of India KOL1 (Kolkata) CORS Station",
        "target_crs": "EPSG:7755 / EPSG:4326",
        "survey_source": "OpenStreetMap Real Building Footprints + Banglarbhumi RoR",
        "confidence_semi_major_m": 0.045,
        "confidence_semi_minor_m": 0.03
      }
    },
    {
      "type": "Feature",
      "id": "rishra-dag-346",
      "geometry": {
        "type": "Polygon",
        "coordinates": [
          [
            [
              88.340113,
              22.7117
            ],
            [
              88.340274,
              22.711679
            ],
            [
              88.340263,
              22.711607
            ],
            [
              88.340101,
              22.711628
            ],
            [
              88.340113,
              22.7117
            ]
          ]
        ]
      },
      "properties": {
        "ulpin": "191471163401",
        "osm_id": 357407627,
        "state": "West Bengal",
        "state_code": "19",
        "district": "Hooghly (\u09b9\u09c1\u0997\u09b2\u09c0)",
        "district_code": "12",
        "district_lgd": 314,
        "subdivision": "Srirampore (\u09b6\u09cd\u09b0\u09c0\u09b0\u09be\u09ae\u09aa\u09c1\u09b0)",
        "municipality": "Rishra Municipality (\u09b0\u09bf\u09b7\u09dc\u09be \u09aa\u09cc\u09b0\u09b8\u09ad\u09be)",
        "ward_no": 19,
        "mouza_name": "Mahesh",
        "mouza_name_bn": "\u09ae\u09be\u09b9\u09c7\u09b6",
        "jl_no": 15,
        "khasra_no": "346",
        "dag_no": 346,
        "khatian_no": 446,
        "owner_name": "Shyamal Kanti Ghosh",
        "owner_name_bn": "\u09ac\u09cd\u09af\u0995\u09cd\u09a4\u09bf\u0997\u09a4 \u09ac\u09be\u09b8\u09cd\u09a4\u09c1",
        "ownership_type": "Private Homestead",
        "land_classification": "\u09ac\u09be\u09b8\u09cd\u09a4\u09c1 (Bastu)",
        "legal_area_sqm": 135.46,
        "gis_area_sqm": 134.79,
        "physical_area_sqm": 134.79,
        "area_discrepancy_pct": 0.49,
        "area_bengali": "0 \u09ac\u09bf\u0998\u09be 2 \u0995\u09be\u09a0\u09be 0.4 \u099b\u099f\u09be\u0995",
        "area_english": "0 Bigha 2 Katha 0.4 Chhatak",
        "status": "VERIFIED",
        "cors_datum": "Survey of India KOL1 (Kolkata) CORS Station",
        "target_crs": "EPSG:7755 / EPSG:4326",
        "survey_source": "OpenStreetMap Real Building Footprints + Banglarbhumi RoR",
        "confidence_semi_major_m": 0.045,
        "confidence_semi_minor_m": 0.03
      }
    },
    {
      "type": "Feature",
      "id": "rishra-dag-347",
      "geometry": {
        "type": "Polygon",
        "coordinates": [
          [
            [
              88.335682,
              22.709655
            ],
            [
              88.335754,
              22.709637
            ],
            [
              88.335718,
              22.709516
            ],
            [
              88.335646,
              22.709534
            ],
            [
              88.335682,
              22.709655
            ]
          ]
        ]
      },
      "properties": {
        "ulpin": "191470953356",
        "osm_id": 357407628,
        "state": "West Bengal",
        "state_code": "19",
        "district": "Hooghly (\u09b9\u09c1\u0997\u09b2\u09c0)",
        "district_code": "12",
        "district_lgd": 314,
        "subdivision": "Srirampore (\u09b6\u09cd\u09b0\u09c0\u09b0\u09be\u09ae\u09aa\u09c1\u09b0)",
        "municipality": "Rishra Municipality (\u09b0\u09bf\u09b7\u09dc\u09be \u09aa\u09cc\u09b0\u09b8\u09ad\u09be)",
        "ward_no": 7,
        "mouza_name": "Rishra",
        "mouza_name_bn": "\u09b0\u09bf\u09b7\u09dc\u09be",
        "jl_no": 12,
        "khasra_no": "347",
        "dag_no": 347,
        "khatian_no": 447,
        "owner_name": "Lakshmi Rani Mondal",
        "owner_name_bn": "\u09ac\u09cd\u09af\u0995\u09cd\u09a4\u09bf\u0997\u09a4 \u09ac\u09be\u09b8\u09cd\u09a4\u09c1",
        "ownership_type": "Private Homestead",
        "land_classification": "\u09ac\u09be\u09b8\u09cd\u09a4\u09c1 (Bastu)",
        "legal_area_sqm": 108.2,
        "gis_area_sqm": 106.29,
        "physical_area_sqm": 106.29,
        "area_discrepancy_pct": 1.77,
        "area_bengali": "0 \u09ac\u09bf\u0998\u09be 1 \u0995\u09be\u09a0\u09be 9.9 \u099b\u099f\u09be\u0995",
        "area_english": "0 Bigha 1 Katha 9.9 Chhatak",
        "status": "ADJUDICATED",
        "cors_datum": "Survey of India KOL1 (Kolkata) CORS Station",
        "target_crs": "EPSG:7755 / EPSG:4326",
        "survey_source": "OpenStreetMap Real Building Footprints + Banglarbhumi RoR",
        "confidence_semi_major_m": 0.045,
        "confidence_semi_minor_m": 0.03
      }
    },
    {
      "type": "Feature",
      "id": "rishra-dag-348",
      "geometry": {
        "type": "Polygon",
        "coordinates": [
          [
            [
              88.33478,
              22.710665
            ],
            [
              88.334907,
              22.710636
            ],
            [
              88.334895,
              22.71059
            ],
            [
              88.334767,
              22.710618
            ],
            [
              88.33478,
              22.710665
            ]
          ]
        ]
      },
      "properties": {
        "ulpin": "191471063348",
        "osm_id": 357407629,
        "state": "West Bengal",
        "state_code": "19",
        "district": "Hooghly (\u09b9\u09c1\u0997\u09b2\u09c0)",
        "district_code": "12",
        "district_lgd": 314,
        "subdivision": "Srirampore (\u09b6\u09cd\u09b0\u09c0\u09b0\u09be\u09ae\u09aa\u09c1\u09b0)",
        "municipality": "Rishra Municipality (\u09b0\u09bf\u09b7\u09dc\u09be \u09aa\u09cc\u09b0\u09b8\u09ad\u09be)",
        "ward_no": 14,
        "mouza_name": "Morepukur",
        "mouza_name_bn": "\u09ae\u09cb\u09dc\u09c7\u09aa\u09c1\u0995\u09c1\u09b0",
        "jl_no": 13,
        "khasra_no": "348",
        "dag_no": 348,
        "khatian_no": 448,
        "owner_name": "Soumen Chatterjee & Bratati Chatterjee",
        "owner_name_bn": "\u09af\u09cc\u09a5 \u0996\u09a4\u09bf\u09af\u09bc\u09be\u09a8",
        "ownership_type": "Joint Ownership",
        "land_classification": "\u09ac\u09be\u09b8\u09cd\u09a4\u09c1 (Bastu)",
        "legal_area_sqm": 70.73,
        "gis_area_sqm": 71.37,
        "physical_area_sqm": 71.37,
        "area_discrepancy_pct": 0.9,
        "area_bengali": "0 \u09ac\u09bf\u0998\u09be 1 \u0995\u09be\u09a0\u09be 0.9 \u099b\u099f\u09be\u0995",
        "area_english": "0 Bigha 1 Katha 0.9 Chhatak",
        "status": "VERIFIED",
        "cors_datum": "Survey of India KOL1 (Kolkata) CORS Station",
        "target_crs": "EPSG:7755 / EPSG:4326",
        "survey_source": "OpenStreetMap Real Building Footprints + Banglarbhumi RoR",
        "confidence_semi_major_m": 0.045,
        "confidence_semi_minor_m": 0.03
      }
    },
    {
      "type": "Feature",
      "id": "rishra-dag-349",
      "geometry": {
        "type": "Polygon",
        "coordinates": [
          [
            [
              88.338834,
              22.710402
            ],
            [
              88.33891,
              22.710392
            ],
            [
              88.338895,
              22.710296
            ],
            [
              88.338819,
              22.710306
            ],
            [
              88.338834,
              22.710402
            ]
          ]
        ]
      },
      "properties": {
        "ulpin": "191471033388",
        "osm_id": 357407630,
        "state": "West Bengal",
        "state_code": "19",
        "district": "Hooghly (\u09b9\u09c1\u0997\u09b2\u09c0)",
        "district_code": "12",
        "district_lgd": 314,
        "subdivision": "Srirampore (\u09b6\u09cd\u09b0\u09c0\u09b0\u09be\u09ae\u09aa\u09c1\u09b0)",
        "municipality": "Rishra Municipality (\u09b0\u09bf\u09b7\u09dc\u09be \u09aa\u09cc\u09b0\u09b8\u09ad\u09be)",
        "ward_no": 22,
        "mouza_name": "Mahesh",
        "mouza_name_bn": "\u09ae\u09be\u09b9\u09c7\u09b6",
        "jl_no": 15,
        "khasra_no": "349",
        "dag_no": 349,
        "khatian_no": 449,
        "owner_name": "Subir Kumar Sen & Sons",
        "owner_name_bn": "\u09ac\u09be\u09a3\u09bf\u099c\u09cd\u09af\u09bf\u0995 \u09a6\u09cb\u0995\u09be\u09a8",
        "ownership_type": "Commercial Shopkeeper",
        "land_classification": "\u09a1\u09be\u0999\u09cd\u0997\u09be (Danga)",
        "legal_area_sqm": 84.9,
        "gis_area_sqm": 84.56,
        "physical_area_sqm": 84.56,
        "area_discrepancy_pct": 0.4,
        "area_bengali": "0 \u09ac\u09bf\u0998\u09be 1 \u0995\u09be\u09a0\u09be 4.3 \u099b\u099f\u09be\u0995",
        "area_english": "0 Bigha 1 Katha 4.3 Chhatak",
        "status": "VERIFIED",
        "cors_datum": "Survey of India KOL1 (Kolkata) CORS Station",
        "target_crs": "EPSG:7755 / EPSG:4326",
        "survey_source": "OpenStreetMap Real Building Footprints + Banglarbhumi RoR",
        "confidence_semi_major_m": 0.045,
        "confidence_semi_minor_m": 0.03
      }
    },
    {
      "type": "Feature",
      "id": "rishra-dag-350",
      "geometry": {
        "type": "Polygon",
        "coordinates": [
          [
            [
              88.334689,
              22.711845
            ],
            [
              88.334743,
              22.711838
            ],
            [
              88.33473,
              22.711747
            ],
            [
              88.334676,
              22.711753
            ],
            [
              88.334689,
              22.711845
            ]
          ]
        ]
      },
      "properties": {
        "ulpin": "191471183347",
        "osm_id": 357407631,
        "state": "West Bengal",
        "state_code": "19",
        "district": "Hooghly (\u09b9\u09c1\u0997\u09b2\u09c0)",
        "district_code": "12",
        "district_lgd": 314,
        "subdivision": "Srirampore (\u09b6\u09cd\u09b0\u09c0\u09b0\u09be\u09ae\u09aa\u09c1\u09b0)",
        "municipality": "Rishra Municipality (\u09b0\u09bf\u09b7\u09dc\u09be \u09aa\u09cc\u09b0\u09b8\u09ad\u09be)",
        "ward_no": 10,
        "mouza_name": "Rishra",
        "mouza_name_bn": "\u09b0\u09bf\u09b7\u09dc\u09be",
        "jl_no": 12,
        "khasra_no": "350",
        "dag_no": 350,
        "khatian_no": 450,
        "owner_name": "Ramakrishna Mission Vivekananda Sevashram",
        "owner_name_bn": "\u09b8\u09c7\u09ac\u09be\u09b6\u09cd\u09b0\u09ae \u099f\u09cd\u09b0\u09be\u09b8\u09cd\u099f",
        "ownership_type": "Institutional Charitable",
        "land_classification": "\u09ac\u09be\u09b8\u09cd\u09a4\u09c1 (Bastu)",
        "legal_area_sqm": 58.04,
        "gis_area_sqm": 57.07,
        "physical_area_sqm": 57.07,
        "area_discrepancy_pct": 1.67,
        "area_bengali": "0 \u09ac\u09bf\u0998\u09be 0 \u0995\u09be\u09a0\u09be 13.9 \u099b\u099f\u09be\u0995",
        "area_english": "0 Bigha 0 Katha 13.9 Chhatak",
        "status": "ADJUDICATED",
        "cors_datum": "Survey of India KOL1 (Kolkata) CORS Station",
        "target_crs": "EPSG:7755 / EPSG:4326",
        "survey_source": "OpenStreetMap Real Building Footprints + Banglarbhumi RoR",
        "confidence_semi_major_m": 0.045,
        "confidence_semi_minor_m": 0.03
      }
    },
    {
      "type": "Feature",
      "id": "rishra-dag-351",
      "geometry": {
        "type": "Polygon",
        "coordinates": [
          [
            [
              88.33981,
              22.710822
            ],
            [
              88.339935,
              22.710815
            ],
            [
              88.339919,
              22.710616
            ],
            [
              88.339778,
              22.710642
            ],
            [
              88.33981,
              22.710822
            ]
          ]
        ]
      },
      "properties": {
        "ulpin": "191471073398",
        "osm_id": 357407632,
        "state": "West Bengal",
        "state_code": "19",
        "district": "Hooghly (\u09b9\u09c1\u0997\u09b2\u09c0)",
        "district_code": "12",
        "district_lgd": 314,
        "subdivision": "Srirampore (\u09b6\u09cd\u09b0\u09c0\u09b0\u09be\u09ae\u09aa\u09c1\u09b0)",
        "municipality": "Rishra Municipality (\u09b0\u09bf\u09b7\u09dc\u09be \u09aa\u09cc\u09b0\u09b8\u09ad\u09be)",
        "ward_no": 17,
        "mouza_name": "Morepukur",
        "mouza_name_bn": "\u09ae\u09cb\u09dc\u09c7\u09aa\u09c1\u0995\u09c1\u09b0",
        "jl_no": 13,
        "khasra_no": "351",
        "dag_no": 351,
        "khatian_no": 451,
        "owner_name": "St. Thomas Church Parish Committee",
        "owner_name_bn": "\u09a7\u09b0\u09cd\u09ae\u09c0\u09af\u09bc \u099f\u09cd\u09b0\u09be\u09b8\u09cd\u099f",
        "ownership_type": "Religious Institutional",
        "land_classification": "\u09ac\u09be\u09b8\u09cd\u09a4\u09c1 (Bastu)",
        "legal_area_sqm": 287.79,
        "gis_area_sqm": 290.7,
        "physical_area_sqm": 290.7,
        "area_discrepancy_pct": 1.01,
        "area_bengali": "0 \u09ac\u09bf\u0998\u09be 4 \u0995\u09be\u09a0\u09be 4.8 \u099b\u099f\u09be\u0995",
        "area_english": "0 Bigha 4 Katha 4.8 Chhatak",
        "status": "VERIFIED",
        "cors_datum": "Survey of India KOL1 (Kolkata) CORS Station",
        "target_crs": "EPSG:7755 / EPSG:4326",
        "survey_source": "OpenStreetMap Real Building Footprints + Banglarbhumi RoR",
        "confidence_semi_major_m": 0.045,
        "confidence_semi_minor_m": 0.03
      }
    },
    {
      "type": "Feature",
      "id": "rishra-dag-352",
      "geometry": {
        "type": "Polygon",
        "coordinates": [
          [
            [
              88.336662,
              22.71429
            ],
            [
              88.336822,
              22.714282
            ],
            [
              88.336817,
              22.714187
            ],
            [
              88.336656,
              22.714195
            ],
            [
              88.336662,
              22.71429
            ]
          ]
        ]
      },
      "properties": {
        "ulpin": "191471423367",
        "osm_id": 357407634,
        "state": "West Bengal",
        "state_code": "19",
        "district": "Hooghly (\u09b9\u09c1\u0997\u09b2\u09c0)",
        "district_code": "12",
        "district_lgd": 314,
        "subdivision": "Srirampore (\u09b6\u09cd\u09b0\u09c0\u09b0\u09be\u09ae\u09aa\u09c1\u09b0)",
        "municipality": "Rishra Municipality (\u09b0\u09bf\u09b7\u09dc\u09be \u09aa\u09cc\u09b0\u09b8\u09ad\u09be)",
        "ward_no": 20,
        "mouza_name": "Mahesh",
        "mouza_name_bn": "\u09ae\u09be\u09b9\u09c7\u09b6",
        "jl_no": 15,
        "khasra_no": "352",
        "dag_no": 352,
        "khatian_no": 452,
        "owner_name": "Bikash Ranjan Roy & Brothers",
        "owner_name_bn": "\u0995\u09c3\u09b7\u09bf \u09b0\u09be\u09af\u09bc\u09a4",
        "ownership_type": "Agricultural Ryot",
        "land_classification": "\u09a7\u09be\u09a8\u09c0 (Dhani)",
        "legal_area_sqm": 174.16,
        "gis_area_sqm": 173.64,
        "physical_area_sqm": 173.64,
        "area_discrepancy_pct": 0.3,
        "area_bengali": "0 \u09ac\u09bf\u0998\u09be 2 \u0995\u09be\u09a0\u09be 9.7 \u099b\u099f\u09be\u0995",
        "area_english": "0 Bigha 2 Katha 9.7 Chhatak",
        "status": "VERIFIED",
        "cors_datum": "Survey of India KOL1 (Kolkata) CORS Station",
        "target_crs": "EPSG:7755 / EPSG:4326",
        "survey_source": "OpenStreetMap Real Building Footprints + Banglarbhumi RoR",
        "confidence_semi_major_m": 0.045,
        "confidence_semi_minor_m": 0.03
      }
    },
    {
      "type": "Feature",
      "id": "rishra-dag-353",
      "geometry": {
        "type": "Polygon",
        "coordinates": [
          [
            [
              88.336423,
              22.713366
            ],
            [
              88.336523,
              22.713359
            ],
            [
              88.336516,
              22.713267
            ],
            [
              88.336416,
              22.713273
            ],
            [
              88.336423,
              22.713366
            ]
          ]
        ]
      },
      "properties": {
        "ulpin": "191471333364",
        "osm_id": 357407635,
        "state": "West Bengal",
        "state_code": "19",
        "district": "Hooghly (\u09b9\u09c1\u0997\u09b2\u09c0)",
        "district_code": "12",
        "district_lgd": 314,
        "subdivision": "Srirampore (\u09b6\u09cd\u09b0\u09c0\u09b0\u09be\u09ae\u09aa\u09c1\u09b0)",
        "municipality": "Rishra Municipality (\u09b0\u09bf\u09b7\u09dc\u09be \u09aa\u09cc\u09b0\u09b8\u09ad\u09be)",
        "ward_no": 1,
        "mouza_name": "Rishra",
        "mouza_name_bn": "\u09b0\u09bf\u09b7\u09dc\u09be",
        "jl_no": 12,
        "khasra_no": "353",
        "dag_no": 353,
        "khatian_no": 453,
        "owner_name": "Aditya Birla Nuvo / Jayshree Textiles Ltd",
        "owner_name_bn": "\u0995\u09b0\u09cd\u09aa\u09cb\u09b0\u09c7\u099f \u09b6\u09bf\u09b2\u09cd\u09aa",
        "ownership_type": "Corporate Industrial",
        "land_classification": "\u0995\u09b2\u0995\u09be\u09b0\u0996\u09be\u09a8\u09be (Karkhana)",
        "legal_area_sqm": 107.25,
        "gis_area_sqm": 105.56,
        "physical_area_sqm": 105.56,
        "area_discrepancy_pct": 1.58,
        "area_bengali": "0 \u09ac\u09bf\u0998\u09be 1 \u0995\u09be\u09a0\u09be 9.7 \u099b\u099f\u09be\u0995",
        "area_english": "0 Bigha 1 Katha 9.7 Chhatak",
        "status": "ADJUDICATED",
        "cors_datum": "Survey of India KOL1 (Kolkata) CORS Station",
        "target_crs": "EPSG:7755 / EPSG:4326",
        "survey_source": "OpenStreetMap Real Building Footprints + Banglarbhumi RoR",
        "confidence_semi_major_m": 0.045,
        "confidence_semi_minor_m": 0.03
      }
    },
    {
      "type": "Feature",
      "id": "rishra-dag-354",
      "geometry": {
        "type": "Polygon",
        "coordinates": [
          [
            [
              88.33524,
              22.710889
            ],
            [
              88.335355,
              22.710863
            ],
            [
              88.33534,
              22.710807
            ],
            [
              88.335224,
              22.710833
            ],
            [
              88.33524,
              22.710889
            ]
          ]
        ]
      },
      "properties": {
        "ulpin": "191471083352",
        "osm_id": 357407636,
        "state": "West Bengal",
        "state_code": "19",
        "district": "Hooghly (\u09b9\u09c1\u0997\u09b2\u09c0)",
        "district_code": "12",
        "district_lgd": 314,
        "subdivision": "Srirampore (\u09b6\u09cd\u09b0\u09c0\u09b0\u09be\u09ae\u09aa\u09c1\u09b0)",
        "municipality": "Rishra Municipality (\u09b0\u09bf\u09b7\u09dc\u09be \u09aa\u09cc\u09b0\u09b8\u09ad\u09be)",
        "ward_no": 14,
        "mouza_name": "Morepukur",
        "mouza_name_bn": "\u09ae\u09cb\u09dc\u09c7\u09aa\u09c1\u0995\u09c1\u09b0",
        "jl_no": 13,
        "khasra_no": "354",
        "dag_no": 354,
        "khatian_no": 454,
        "owner_name": "Hastings Jute Mill Estate (Vested)",
        "owner_name_bn": "\u099a\u099f\u0995\u09b2 \u098f\u09b8\u09cd\u099f\u09c7\u099f",
        "ownership_type": "Industrial Leasehold",
        "land_classification": "\u0995\u09b2\u0995\u09be\u09b0\u0996\u09be\u09a8\u09be (Karkhana)",
        "legal_area_sqm": 77.17,
        "gis_area_sqm": 78.03,
        "physical_area_sqm": 78.03,
        "area_discrepancy_pct": 1.11,
        "area_bengali": "0 \u09ac\u09bf\u0998\u09be 1 \u0995\u09be\u09a0\u09be 2.5 \u099b\u099f\u09be\u0995",
        "area_english": "0 Bigha 1 Katha 2.5 Chhatak",
        "status": "VERIFIED",
        "cors_datum": "Survey of India KOL1 (Kolkata) CORS Station",
        "target_crs": "EPSG:7755 / EPSG:4326",
        "survey_source": "OpenStreetMap Real Building Footprints + Banglarbhumi RoR",
        "confidence_semi_major_m": 0.045,
        "confidence_semi_minor_m": 0.03
      }
    },
    {
      "type": "Feature",
      "id": "rishra-dag-355",
      "geometry": {
        "type": "Polygon",
        "coordinates": [
          [
            [
              88.336736,
              22.709546
            ],
            [
              88.33691,
              22.709475
            ],
            [
              88.336857,
              22.709362
            ],
            [
              88.336682,
              22.709433
            ],
            [
              88.336736,
              22.709546
            ]
          ]
        ]
      },
      "properties": {
        "ulpin": "191470943367",
        "osm_id": 357407637,
        "state": "West Bengal",
        "state_code": "19",
        "district": "Hooghly (\u09b9\u09c1\u0997\u09b2\u09c0)",
        "district_code": "12",
        "district_lgd": 314,
        "subdivision": "Srirampore (\u09b6\u09cd\u09b0\u09c0\u09b0\u09be\u09ae\u09aa\u09c1\u09b0)",
        "municipality": "Rishra Municipality (\u09b0\u09bf\u09b7\u09dc\u09be \u09aa\u09cc\u09b0\u09b8\u09ad\u09be)",
        "ward_no": 23,
        "mouza_name": "Mahesh",
        "mouza_name_bn": "\u09ae\u09be\u09b9\u09c7\u09b6",
        "jl_no": 15,
        "khasra_no": "355",
        "dag_no": 355,
        "khatian_no": 455,
        "owner_name": "Rishra Municipality (Chairman / Civic Body)",
        "owner_name_bn": "\u09b0\u09bf\u09b7\u09dc\u09be \u09aa\u09cc\u09b0\u09b8\u09ad\u09be",
        "ownership_type": "Municipal Civic Asset",
        "land_classification": "\u09b8\u09b0\u0995\u09be\u09b0\u09bf \u0996\u09be\u09b8 (Sarkari Khas)",
        "legal_area_sqm": 267.58,
        "gis_area_sqm": 267.05,
        "physical_area_sqm": 267.05,
        "area_discrepancy_pct": 0.2,
        "area_bengali": "0 \u09ac\u09bf\u0998\u09be 4 \u0995\u09be\u09a0\u09be 0.0 \u099b\u099f\u09be\u0995",
        "area_english": "0 Bigha 4 Katha 0.0 Chhatak",
        "status": "VERIFIED",
        "cors_datum": "Survey of India KOL1 (Kolkata) CORS Station",
        "target_crs": "EPSG:7755 / EPSG:4326",
        "survey_source": "OpenStreetMap Real Building Footprints + Banglarbhumi RoR",
        "confidence_semi_major_m": 0.045,
        "confidence_semi_minor_m": 0.03
      }
    },
    {
      "type": "Feature",
      "id": "rishra-dag-356",
      "geometry": {
        "type": "Polygon",
        "coordinates": [
          [
            [
              88.335777,
              22.712388
            ],
            [
              88.335836,
              22.71237
            ],
            [
              88.335814,
              22.712308
            ],
            [
              88.335755,
              22.712326
            ],
            [
              88.335777,
              22.712388
            ]
          ]
        ]
      },
      "properties": {
        "ulpin": "191471233357",
        "osm_id": 357407639,
        "state": "West Bengal",
        "state_code": "19",
        "district": "Hooghly (\u09b9\u09c1\u0997\u09b2\u09c0)",
        "district_code": "12",
        "district_lgd": 314,
        "subdivision": "Srirampore (\u09b6\u09cd\u09b0\u09c0\u09b0\u09be\u09ae\u09aa\u09c1\u09b0)",
        "municipality": "Rishra Municipality (\u09b0\u09bf\u09b7\u09dc\u09be \u09aa\u09cc\u09b0\u09b8\u09ad\u09be)",
        "ward_no": 4,
        "mouza_name": "Rishra",
        "mouza_name_bn": "\u09b0\u09bf\u09b7\u09dc\u09be",
        "jl_no": 12,
        "khasra_no": "356",
        "dag_no": 356,
        "khatian_no": 456,
        "owner_name": "Eastern Railway Administration (Howrah Div)",
        "owner_name_bn": "\u09aa\u09c2\u09b0\u09cd\u09ac \u09b0\u09c7\u09b2\u0993\u09af\u09bc\u09c7",
        "ownership_type": "Central Govt Infrastructure",
        "land_classification": "\u09b8\u09b0\u0995\u09be\u09b0\u09bf \u0996\u09be\u09b8 (Sarkari Khas)",
        "legal_area_sqm": 46.73,
        "gis_area_sqm": 46.04,
        "physical_area_sqm": 46.04,
        "area_discrepancy_pct": 1.48,
        "area_bengali": "0 \u09ac\u09bf\u0998\u09be 0 \u0995\u09be\u09a0\u09be 11.2 \u099b\u099f\u09be\u0995",
        "area_english": "0 Bigha 0 Katha 11.2 Chhatak",
        "status": "VERIFIED",
        "cors_datum": "Survey of India KOL1 (Kolkata) CORS Station",
        "target_crs": "EPSG:7755 / EPSG:4326",
        "survey_source": "OpenStreetMap Real Building Footprints + Banglarbhumi RoR",
        "confidence_semi_major_m": 0.045,
        "confidence_semi_minor_m": 0.03
      }
    },
    {
      "type": "Feature",
      "id": "rishra-dag-357",
      "geometry": {
        "type": "Polygon",
        "coordinates": [
          [
            [
              88.338897,
              22.713202
            ],
            [
              88.339037,
              22.713165
            ],
            [
              88.33902,
              22.713111
            ],
            [
              88.33888,
              22.713147
            ],
            [
              88.338897,
              22.713202
            ]
          ]
        ]
      },
      "properties": {
        "ulpin": "191471313389",
        "osm_id": 357407641,
        "state": "West Bengal",
        "state_code": "19",
        "district": "Hooghly (\u09b9\u09c1\u0997\u09b2\u09c0)",
        "district_code": "12",
        "district_lgd": 314,
        "subdivision": "Srirampore (\u09b6\u09cd\u09b0\u09c0\u09b0\u09be\u09ae\u09aa\u09c1\u09b0)",
        "municipality": "Rishra Municipality (\u09b0\u09bf\u09b7\u09dc\u09be \u09aa\u09cc\u09b0\u09b8\u09ad\u09be)",
        "ward_no": 17,
        "mouza_name": "Morepukur",
        "mouza_name_bn": "\u09ae\u09cb\u09dc\u09c7\u09aa\u09c1\u0995\u09c1\u09b0",
        "jl_no": 13,
        "khasra_no": "357",
        "dag_no": 357,
        "khatian_no": 457,
        "owner_name": "PWD Roads Directorate, Govt of West Bengal",
        "owner_name_bn": "\u09aa\u09c2\u09b0\u09cd\u09a4 \u09a6\u09aa\u09cd\u09a4\u09b0",
        "ownership_type": "State Highway Department",
        "land_classification": "\u09b8\u09b0\u0995\u09be\u09b0\u09bf \u0996\u09be\u09b8 (Sarkari Khas)",
        "legal_area_sqm": 92.57,
        "gis_area_sqm": 93.69,
        "physical_area_sqm": 93.69,
        "area_discrepancy_pct": 1.21,
        "area_bengali": "0 \u09ac\u09bf\u0998\u09be 1 \u0995\u09be\u09a0\u09be 6.1 \u099b\u099f\u09be\u0995",
        "area_english": "0 Bigha 1 Katha 6.1 Chhatak",
        "status": "VERIFIED",
        "cors_datum": "Survey of India KOL1 (Kolkata) CORS Station",
        "target_crs": "EPSG:7755 / EPSG:4326",
        "survey_source": "OpenStreetMap Real Building Footprints + Banglarbhumi RoR",
        "confidence_semi_major_m": 0.045,
        "confidence_semi_minor_m": 0.03
      }
    },
    {
      "type": "Feature",
      "id": "rishra-dag-358",
      "geometry": {
        "type": "Polygon",
        "coordinates": [
          [
            [
              88.338924,
              22.71195
            ],
            [
              88.339058,
              22.711934
            ],
            [
              88.33905,
              22.711872
            ],
            [
              88.338915,
              22.711888
            ],
            [
              88.338924,
              22.71195
            ]
          ]
        ]
      },
      "properties": {
        "ulpin": "191471193389",
        "osm_id": 357407644,
        "state": "West Bengal",
        "state_code": "19",
        "district": "Hooghly (\u09b9\u09c1\u0997\u09b2\u09c0)",
        "district_code": "12",
        "district_lgd": 314,
        "subdivision": "Srirampore (\u09b6\u09cd\u09b0\u09c0\u09b0\u09be\u09ae\u09aa\u09c1\u09b0)",
        "municipality": "Rishra Municipality (\u09b0\u09bf\u09b7\u09dc\u09be \u09aa\u09cc\u09b0\u09b8\u09ad\u09be)",
        "ward_no": 21,
        "mouza_name": "Mahesh",
        "mouza_name_bn": "\u09ae\u09be\u09b9\u09c7\u09b6",
        "jl_no": 15,
        "khasra_no": "358",
        "dag_no": 358,
        "khatian_no": 458,
        "owner_name": "Tarapada Mukherjee & Brothers",
        "owner_name_bn": "\u09ac\u09cd\u09af\u0995\u09cd\u09a4\u09bf\u0997\u09a4 \u09b0\u09be\u09af\u09bc\u09a4",
        "ownership_type": "Private Freehold",
        "land_classification": "\u09ac\u09be\u09b8\u09cd\u09a4\u09c1 (Bastu)",
        "legal_area_sqm": 96.34,
        "gis_area_sqm": 96.24,
        "physical_area_sqm": 96.24,
        "area_discrepancy_pct": 0.1,
        "area_bengali": "0 \u09ac\u09bf\u0998\u09be 1 \u0995\u09be\u09a0\u09be 7.0 \u099b\u099f\u09be\u0995",
        "area_english": "0 Bigha 1 Katha 7.0 Chhatak",
        "status": "VERIFIED",
        "cors_datum": "Survey of India KOL1 (Kolkata) CORS Station",
        "target_crs": "EPSG:7755 / EPSG:4326",
        "survey_source": "OpenStreetMap Real Building Footprints + Banglarbhumi RoR",
        "confidence_semi_major_m": 0.045,
        "confidence_semi_minor_m": 0.03
      }
    },
    {
      "type": "Feature",
      "id": "rishra-dag-359",
      "geometry": {
        "type": "Polygon",
        "coordinates": [
          [
            [
              88.337624,
              22.713621
            ],
            [
              88.337702,
              22.713616
            ],
            [
              88.337697,
              22.713555
            ],
            [
              88.337619,
              22.71356
            ],
            [
              88.337624,
              22.713621
            ]
          ]
        ]
      },
      "properties": {
        "ulpin": "191471353376",
        "osm_id": 357407646,
        "state": "West Bengal",
        "state_code": "19",
        "district": "Hooghly (\u09b9\u09c1\u0997\u09b2\u09c0)",
        "district_code": "12",
        "district_lgd": 314,
        "subdivision": "Srirampore (\u09b6\u09cd\u09b0\u09c0\u09b0\u09be\u09ae\u09aa\u09c1\u09b0)",
        "municipality": "Rishra Municipality (\u09b0\u09bf\u09b7\u09dc\u09be \u09aa\u09cc\u09b0\u09b8\u09ad\u09be)",
        "ward_no": 7,
        "mouza_name": "Rishra",
        "mouza_name_bn": "\u09b0\u09bf\u09b7\u09dc\u09be",
        "jl_no": 12,
        "khasra_no": "359",
        "dag_no": 359,
        "khatian_no": 459,
        "owner_name": "Debabrata Banerjee & Animesh Banerjee",
        "owner_name_bn": "\u09aa\u09c8\u09a4\u09c3\u0995 \u09b0\u09be\u09af\u09bc\u09a4",
        "ownership_type": "Private Hereditary",
        "land_classification": "\u09ac\u09be\u09b8\u09cd\u09a4\u09c1 (Bastu)",
        "legal_area_sqm": 55.07,
        "gis_area_sqm": 54.31,
        "physical_area_sqm": 54.31,
        "area_discrepancy_pct": 1.38,
        "area_bengali": "0 \u09ac\u09bf\u0998\u09be 0 \u0995\u09be\u09a0\u09be 13.2 \u099b\u099f\u09be\u0995",
        "area_english": "0 Bigha 0 Katha 13.2 Chhatak",
        "status": "VERIFIED",
        "cors_datum": "Survey of India KOL1 (Kolkata) CORS Station",
        "target_crs": "EPSG:7755 / EPSG:4326",
        "survey_source": "OpenStreetMap Real Building Footprints + Banglarbhumi RoR",
        "confidence_semi_major_m": 0.045,
        "confidence_semi_minor_m": 0.03
      }
    },
    {
      "type": "Feature",
      "id": "rishra-dag-360",
      "geometry": {
        "type": "Polygon",
        "coordinates": [
          [
            [
              88.331225,
              22.714623
            ],
            [
              88.33129,
              22.714649
            ],
            [
              88.331308,
              22.714612
            ],
            [
              88.331243,
              22.714585
            ],
            [
              88.331225,
              22.714623
            ]
          ]
        ]
      },
      "properties": {
        "ulpin": "191471463312",
        "osm_id": 357407649,
        "state": "West Bengal",
        "state_code": "19",
        "district": "Hooghly (\u09b9\u09c1\u0997\u09b2\u09c0)",
        "district_code": "12",
        "district_lgd": 314,
        "subdivision": "Srirampore (\u09b6\u09cd\u09b0\u09c0\u09b0\u09be\u09ae\u09aa\u09c1\u09b0)",
        "municipality": "Rishra Municipality (\u09b0\u09bf\u09b7\u09dc\u09be \u09aa\u09cc\u09b0\u09b8\u09ad\u09be)",
        "ward_no": 14,
        "mouza_name": "Morepukur",
        "mouza_name_bn": "\u09ae\u09cb\u09dc\u09c7\u09aa\u09c1\u0995\u09c1\u09b0",
        "jl_no": 13,
        "khasra_no": "360",
        "dag_no": 360,
        "khatian_no": 460,
        "owner_name": "Shyamal Kanti Ghosh",
        "owner_name_bn": "\u09ac\u09cd\u09af\u0995\u09cd\u09a4\u09bf\u0997\u09a4 \u09ac\u09be\u09b8\u09cd\u09a4\u09c1",
        "ownership_type": "Private Homestead",
        "land_classification": "\u09ac\u09be\u09b8\u09cd\u09a4\u09c1 (Bastu)",
        "legal_area_sqm": 32.67,
        "gis_area_sqm": 33.1,
        "physical_area_sqm": 33.1,
        "area_discrepancy_pct": 1.32,
        "area_bengali": "0 \u09ac\u09bf\u0998\u09be 0 \u0995\u09be\u09a0\u09be 7.8 \u099b\u099f\u09be\u0995",
        "area_english": "0 Bigha 0 Katha 7.8 Chhatak",
        "status": "VERIFIED",
        "cors_datum": "Survey of India KOL1 (Kolkata) CORS Station",
        "target_crs": "EPSG:7755 / EPSG:4326",
        "survey_source": "OpenStreetMap Real Building Footprints + Banglarbhumi RoR",
        "confidence_semi_major_m": 0.045,
        "confidence_semi_minor_m": 0.03
      }
    },
    {
      "type": "Feature",
      "id": "rishra-dag-361",
      "geometry": {
        "type": "Polygon",
        "coordinates": [
          [
            [
              88.33877,
              22.711984
            ],
            [
              88.338896,
              22.71196
            ],
            [
              88.33888,
              22.711888
            ],
            [
              88.338754,
              22.711912
            ],
            [
              88.33877,
              22.711984
            ]
          ]
        ]
      },
      "properties": {
        "ulpin": "191471193388",
        "osm_id": 357407652,
        "state": "West Bengal",
        "state_code": "19",
        "district": "Hooghly (\u09b9\u09c1\u0997\u09b2\u09c0)",
        "district_code": "12",
        "district_lgd": 314,
        "subdivision": "Srirampore (\u09b6\u09cd\u09b0\u09c0\u09b0\u09be\u09ae\u09aa\u09c1\u09b0)",
        "municipality": "Rishra Municipality (\u09b0\u09bf\u09b7\u09dc\u09be \u09aa\u09cc\u09b0\u09b8\u09ad\u09be)",
        "ward_no": 19,
        "mouza_name": "Mahesh",
        "mouza_name_bn": "\u09ae\u09be\u09b9\u09c7\u09b6",
        "jl_no": 15,
        "khasra_no": "361",
        "dag_no": 361,
        "khatian_no": 461,
        "owner_name": "Lakshmi Rani Mondal",
        "owner_name_bn": "\u09ac\u09cd\u09af\u0995\u09cd\u09a4\u09bf\u0997\u09a4 \u09ac\u09be\u09b8\u09cd\u09a4\u09c1",
        "ownership_type": "Private Homestead",
        "land_classification": "\u09ac\u09be\u09b8\u09cd\u09a4\u09c1 (Bastu)",
        "legal_area_sqm": 107.38,
        "gis_area_sqm": 107.38,
        "physical_area_sqm": 107.38,
        "area_discrepancy_pct": 0.0,
        "area_bengali": "0 \u09ac\u09bf\u0998\u09be 1 \u0995\u09be\u09a0\u09be 9.7 \u099b\u099f\u09be\u0995",
        "area_english": "0 Bigha 1 Katha 9.7 Chhatak",
        "status": "VERIFIED",
        "cors_datum": "Survey of India KOL1 (Kolkata) CORS Station",
        "target_crs": "EPSG:7755 / EPSG:4326",
        "survey_source": "OpenStreetMap Real Building Footprints + Banglarbhumi RoR",
        "confidence_semi_major_m": 0.045,
        "confidence_semi_minor_m": 0.03
      }
    },
    {
      "type": "Feature",
      "id": "rishra-dag-362",
      "geometry": {
        "type": "Polygon",
        "coordinates": [
          [
            [
              88.332691,
              22.714178
            ],
            [
              88.332757,
              22.714198
            ],
            [
              88.332782,
              22.714122
            ],
            [
              88.332717,
              22.714104
            ],
            [
              88.332691,
              22.714178
            ]
          ]
        ]
      },
      "properties": {
        "ulpin": "191471413327",
        "osm_id": 357407655,
        "state": "West Bengal",
        "state_code": "19",
        "district": "Hooghly (\u09b9\u09c1\u0997\u09b2\u09c0)",
        "district_code": "12",
        "district_lgd": 314,
        "subdivision": "Srirampore (\u09b6\u09cd\u09b0\u09c0\u09b0\u09be\u09ae\u09aa\u09c1\u09b0)",
        "municipality": "Rishra Municipality (\u09b0\u09bf\u09b7\u09dc\u09be \u09aa\u09cc\u09b0\u09b8\u09ad\u09be)",
        "ward_no": 10,
        "mouza_name": "Rishra",
        "mouza_name_bn": "\u09b0\u09bf\u09b7\u09dc\u09be",
        "jl_no": 12,
        "khasra_no": "362",
        "dag_no": 362,
        "khatian_no": 462,
        "owner_name": "Soumen Chatterjee & Bratati Chatterjee",
        "owner_name_bn": "\u09af\u09cc\u09a5 \u0996\u09a4\u09bf\u09af\u09bc\u09be\u09a8",
        "ownership_type": "Joint Ownership",
        "land_classification": "\u09ac\u09be\u09b8\u09cd\u09a4\u09c1 (Bastu)",
        "legal_area_sqm": 62.09,
        "gis_area_sqm": 61.29,
        "physical_area_sqm": 61.29,
        "area_discrepancy_pct": 1.29,
        "area_bengali": "0 \u09ac\u09bf\u0998\u09be 0 \u0995\u09be\u09a0\u09be 14.9 \u099b\u099f\u09be\u0995",
        "area_english": "0 Bigha 0 Katha 14.9 Chhatak",
        "status": "VERIFIED",
        "cors_datum": "Survey of India KOL1 (Kolkata) CORS Station",
        "target_crs": "EPSG:7755 / EPSG:4326",
        "survey_source": "OpenStreetMap Real Building Footprints + Banglarbhumi RoR",
        "confidence_semi_major_m": 0.045,
        "confidence_semi_minor_m": 0.03
      }
    },
    {
      "type": "Feature",
      "id": "rishra-dag-363",
      "geometry": {
        "type": "Polygon",
        "coordinates": [
          [
            [
              88.340065,
              22.711889
            ],
            [
              88.340164,
              22.711878
            ],
            [
              88.340155,
              22.711818
            ],
            [
              88.340057,
              22.711829
            ],
            [
              88.340065,
              22.711889
            ]
          ]
        ]
      },
      "properties": {
        "ulpin": "191471183401",
        "osm_id": 357407658,
        "state": "West Bengal",
        "state_code": "19",
        "district": "Hooghly (\u09b9\u09c1\u0997\u09b2\u09c0)",
        "district_code": "12",
        "district_lgd": 314,
        "subdivision": "Srirampore (\u09b6\u09cd\u09b0\u09c0\u09b0\u09be\u09ae\u09aa\u09c1\u09b0)",
        "municipality": "Rishra Municipality (\u09b0\u09bf\u09b7\u09dc\u09be \u09aa\u09cc\u09b0\u09b8\u09ad\u09be)",
        "ward_no": 17,
        "mouza_name": "Morepukur",
        "mouza_name_bn": "\u09ae\u09cb\u09dc\u09c7\u09aa\u09c1\u0995\u09c1\u09b0",
        "jl_no": 13,
        "khasra_no": "363",
        "dag_no": 363,
        "khatian_no": 463,
        "owner_name": "Subir Kumar Sen & Sons",
        "owner_name_bn": "\u09ac\u09be\u09a3\u09bf\u099c\u09cd\u09af\u09bf\u0995 \u09a6\u09cb\u0995\u09be\u09a8",
        "ownership_type": "Commercial Shopkeeper",
        "land_classification": "\u09a1\u09be\u0999\u09cd\u0997\u09be (Danga)",
        "legal_area_sqm": 67.23,
        "gis_area_sqm": 68.18,
        "physical_area_sqm": 68.18,
        "area_discrepancy_pct": 1.41,
        "area_bengali": "0 \u09ac\u09bf\u0998\u09be 1 \u0995\u09be\u09a0\u09be 0.1 \u099b\u099f\u09be\u0995",
        "area_english": "0 Bigha 1 Katha 0.1 Chhatak",
        "status": "VERIFIED",
        "cors_datum": "Survey of India KOL1 (Kolkata) CORS Station",
        "target_crs": "EPSG:7755 / EPSG:4326",
        "survey_source": "OpenStreetMap Real Building Footprints + Banglarbhumi RoR",
        "confidence_semi_major_m": 0.045,
        "confidence_semi_minor_m": 0.03
      }
    },
    {
      "type": "Feature",
      "id": "rishra-dag-364",
      "geometry": {
        "type": "Polygon",
        "coordinates": [
          [
            [
              88.334035,
              22.712971
            ],
            [
              88.334094,
              22.712972
            ],
            [
              88.334098,
              22.712835
            ],
            [
              88.334039,
              22.712834
            ],
            [
              88.334035,
              22.712971
            ]
          ]
        ]
      },
      "properties": {
        "ulpin": "191471293340",
        "osm_id": 357407660,
        "state": "West Bengal",
        "state_code": "19",
        "district": "Hooghly (\u09b9\u09c1\u0997\u09b2\u09c0)",
        "district_code": "12",
        "district_lgd": 314,
        "subdivision": "Srirampore (\u09b6\u09cd\u09b0\u09c0\u09b0\u09be\u09ae\u09aa\u09c1\u09b0)",
        "municipality": "Rishra Municipality (\u09b0\u09bf\u09b7\u09dc\u09be \u09aa\u09cc\u09b0\u09b8\u09ad\u09be)",
        "ward_no": 22,
        "mouza_name": "Mahesh",
        "mouza_name_bn": "\u09ae\u09be\u09b9\u09c7\u09b6",
        "jl_no": 15,
        "khasra_no": "364",
        "dag_no": 364,
        "khatian_no": 464,
        "owner_name": "Ramakrishna Mission Vivekananda Sevashram",
        "owner_name_bn": "\u09b8\u09c7\u09ac\u09be\u09b6\u09cd\u09b0\u09ae \u099f\u09cd\u09b0\u09be\u09b8\u09cd\u099f",
        "ownership_type": "Institutional Charitable",
        "land_classification": "\u09ac\u09be\u09b8\u09cd\u09a4\u09c1 (Bastu)",
        "legal_area_sqm": 91.74,
        "gis_area_sqm": 91.83,
        "physical_area_sqm": 91.83,
        "area_discrepancy_pct": 0.1,
        "area_bengali": "0 \u09ac\u09bf\u0998\u09be 1 \u0995\u09be\u09a0\u09be 5.9 \u099b\u099f\u09be\u0995",
        "area_english": "0 Bigha 1 Katha 5.9 Chhatak",
        "status": "VERIFIED",
        "cors_datum": "Survey of India KOL1 (Kolkata) CORS Station",
        "target_crs": "EPSG:7755 / EPSG:4326",
        "survey_source": "OpenStreetMap Real Building Footprints + Banglarbhumi RoR",
        "confidence_semi_major_m": 0.045,
        "confidence_semi_minor_m": 0.03
      }
    },
    {
      "type": "Feature",
      "id": "rishra-dag-365",
      "geometry": {
        "type": "Polygon",
        "coordinates": [
          [
            [
              88.336608,
              22.711001
            ],
            [
              88.336711,
              22.710965
            ],
            [
              88.336676,
              22.71088
            ],
            [
              88.336573,
              22.710916
            ],
            [
              88.336608,
              22.711001
            ]
          ]
        ]
      },
      "properties": {
        "ulpin": "191471093366",
        "osm_id": 357407663,
        "state": "West Bengal",
        "state_code": "19",
        "district": "Hooghly (\u09b9\u09c1\u0997\u09b2\u09c0)",
        "district_code": "12",
        "district_lgd": 314,
        "subdivision": "Srirampore (\u09b6\u09cd\u09b0\u09c0\u09b0\u09be\u09ae\u09aa\u09c1\u09b0)",
        "municipality": "Rishra Municipality (\u09b0\u09bf\u09b7\u09dc\u09be \u09aa\u09cc\u09b0\u09b8\u09ad\u09be)",
        "ward_no": 1,
        "mouza_name": "Rishra",
        "mouza_name_bn": "\u09b0\u09bf\u09b7\u09dc\u09be",
        "jl_no": 12,
        "khasra_no": "365",
        "dag_no": 365,
        "khatian_no": 465,
        "owner_name": "St. Thomas Church Parish Committee",
        "owner_name_bn": "\u09a7\u09b0\u09cd\u09ae\u09c0\u09af\u09bc \u099f\u09cd\u09b0\u09be\u09b8\u09cd\u099f",
        "ownership_type": "Religious Institutional",
        "land_classification": "\u09ac\u09be\u09b8\u09cd\u09a4\u09c1 (Bastu)",
        "legal_area_sqm": 115.09,
        "gis_area_sqm": 113.73,
        "physical_area_sqm": 113.73,
        "area_discrepancy_pct": 1.18,
        "area_bengali": "0 \u09ac\u09bf\u0998\u09be 1 \u0995\u09be\u09a0\u09be 11.5 \u099b\u099f\u09be\u0995",
        "area_english": "0 Bigha 1 Katha 11.5 Chhatak",
        "status": "VERIFIED",
        "cors_datum": "Survey of India KOL1 (Kolkata) CORS Station",
        "target_crs": "EPSG:7755 / EPSG:4326",
        "survey_source": "OpenStreetMap Real Building Footprints + Banglarbhumi RoR",
        "confidence_semi_major_m": 0.045,
        "confidence_semi_minor_m": 0.03
      }
    },
    {
      "type": "Feature",
      "id": "rishra-dag-366",
      "geometry": {
        "type": "Polygon",
        "coordinates": [
          [
            [
              88.337397,
              22.713446
            ],
            [
              88.337457,
              22.713442
            ],
            [
              88.337453,
              22.713394
            ],
            [
              88.337393,
              22.713399
            ],
            [
              88.337397,
              22.713446
            ]
          ]
        ]
      },
      "properties": {
        "ulpin": "191471343374",
        "osm_id": 357407665,
        "state": "West Bengal",
        "state_code": "19",
        "district": "Hooghly (\u09b9\u09c1\u0997\u09b2\u09c0)",
        "district_code": "12",
        "district_lgd": 314,
        "subdivision": "Srirampore (\u09b6\u09cd\u09b0\u09c0\u09b0\u09be\u09ae\u09aa\u09c1\u09b0)",
        "municipality": "Rishra Municipality (\u09b0\u09bf\u09b7\u09dc\u09be \u09aa\u09cc\u09b0\u09b8\u09ad\u09be)",
        "ward_no": 14,
        "mouza_name": "Morepukur",
        "mouza_name_bn": "\u09ae\u09cb\u09dc\u09c7\u09aa\u09c1\u0995\u09c1\u09b0",
        "jl_no": 13,
        "khasra_no": "366",
        "dag_no": 366,
        "khatian_no": 466,
        "owner_name": "Bikash Ranjan Roy & Brothers",
        "owner_name_bn": "\u0995\u09c3\u09b7\u09bf \u09b0\u09be\u09af\u09bc\u09a4",
        "ownership_type": "Agricultural Ryot",
        "land_classification": "\u09a7\u09be\u09a8\u09c0 (Dhani)",
        "legal_area_sqm": 32.08,
        "gis_area_sqm": 32.57,
        "physical_area_sqm": 32.57,
        "area_discrepancy_pct": 1.53,
        "area_bengali": "0 \u09ac\u09bf\u0998\u09be 0 \u0995\u09be\u09a0\u09be 7.7 \u099b\u099f\u09be\u0995",
        "area_english": "0 Bigha 0 Katha 7.7 Chhatak",
        "status": "ADJUDICATED",
        "cors_datum": "Survey of India KOL1 (Kolkata) CORS Station",
        "target_crs": "EPSG:7755 / EPSG:4326",
        "survey_source": "OpenStreetMap Real Building Footprints + Banglarbhumi RoR",
        "confidence_semi_major_m": 0.045,
        "confidence_semi_minor_m": 0.03
      }
    },
    {
      "type": "Feature",
      "id": "rishra-dag-367",
      "geometry": {
        "type": "Polygon",
        "coordinates": [
          [
            [
              88.33802,
              22.710141
            ],
            [
              88.338093,
              22.710117
            ],
            [
              88.338051,
              22.710006
            ],
            [
              88.337977,
              22.71003
            ],
            [
              88.33802,
              22.710141
            ]
          ]
        ]
      },
      "properties": {
        "ulpin": "191471003380",
        "osm_id": 357407667,
        "state": "West Bengal",
        "state_code": "19",
        "district": "Hooghly (\u09b9\u09c1\u0997\u09b2\u09c0)",
        "district_code": "12",
        "district_lgd": 314,
        "subdivision": "Srirampore (\u09b6\u09cd\u09b0\u09c0\u09b0\u09be\u09ae\u09aa\u09c1\u09b0)",
        "municipality": "Rishra Municipality (\u09b0\u09bf\u09b7\u09dc\u09be \u09aa\u09cc\u09b0\u09b8\u09ad\u09be)",
        "ward_no": 20,
        "mouza_name": "Mahesh",
        "mouza_name_bn": "\u09ae\u09be\u09b9\u09c7\u09b6",
        "jl_no": 15,
        "khasra_no": "367",
        "dag_no": 367,
        "khatian_no": 467,
        "owner_name": "Aditya Birla Nuvo / Jayshree Textiles Ltd",
        "owner_name_bn": "\u0995\u09b0\u09cd\u09aa\u09cb\u09b0\u09c7\u099f \u09b6\u09bf\u09b2\u09cd\u09aa",
        "ownership_type": "Corporate Industrial",
        "land_classification": "\u0995\u09b2\u0995\u09be\u09b0\u0996\u09be\u09a8\u09be (Karkhana)",
        "legal_area_sqm": 104.02,
        "gis_area_sqm": 104.23,
        "physical_area_sqm": 104.23,
        "area_discrepancy_pct": 0.2,
        "area_bengali": "0 \u09ac\u09bf\u0998\u09be 1 \u0995\u09be\u09a0\u09be 8.9 \u099b\u099f\u09be\u0995",
        "area_english": "0 Bigha 1 Katha 8.9 Chhatak",
        "status": "VERIFIED",
        "cors_datum": "Survey of India KOL1 (Kolkata) CORS Station",
        "target_crs": "EPSG:7755 / EPSG:4326",
        "survey_source": "OpenStreetMap Real Building Footprints + Banglarbhumi RoR",
        "confidence_semi_major_m": 0.045,
        "confidence_semi_minor_m": 0.03
      }
    },
    {
      "type": "Feature",
      "id": "rishra-dag-368",
      "geometry": {
        "type": "Polygon",
        "coordinates": [
          [
            [
              88.335345,
              22.710571
            ],
            [
              88.335464,
              22.710539
            ],
            [
              88.335447,
              22.710483
            ],
            [
              88.335327,
              22.710515
            ],
            [
              88.335345,
              22.710571
            ]
          ]
        ]
      },
      "properties": {
        "ulpin": "191471053353",
        "osm_id": 357407669,
        "state": "West Bengal",
        "state_code": "19",
        "district": "Hooghly (\u09b9\u09c1\u0997\u09b2\u09c0)",
        "district_code": "12",
        "district_lgd": 314,
        "subdivision": "Srirampore (\u09b6\u09cd\u09b0\u09c0\u09b0\u09be\u09ae\u09aa\u09c1\u09b0)",
        "municipality": "Rishra Municipality (\u09b0\u09bf\u09b7\u09dc\u09be \u09aa\u09cc\u09b0\u09b8\u09ad\u09be)",
        "ward_no": 4,
        "mouza_name": "Rishra",
        "mouza_name_bn": "\u09b0\u09bf\u09b7\u09dc\u09be",
        "jl_no": 12,
        "khasra_no": "368",
        "dag_no": 368,
        "khatian_no": 468,
        "owner_name": "Hastings Jute Mill Estate (Vested)",
        "owner_name_bn": "\u099a\u099f\u0995\u09b2 \u098f\u09b8\u09cd\u099f\u09c7\u099f",
        "ownership_type": "Industrial Leasehold",
        "land_classification": "\u0995\u09b2\u0995\u09be\u09b0\u0996\u09be\u09a8\u09be (Karkhana)",
        "legal_area_sqm": 83.26,
        "gis_area_sqm": 82.35,
        "physical_area_sqm": 82.35,
        "area_discrepancy_pct": 1.09,
        "area_bengali": "0 \u09ac\u09bf\u0998\u09be 1 \u0995\u09be\u09a0\u09be 3.9 \u099b\u099f\u09be\u0995",
        "area_english": "0 Bigha 1 Katha 3.9 Chhatak",
        "status": "VERIFIED",
        "cors_datum": "Survey of India KOL1 (Kolkata) CORS Station",
        "target_crs": "EPSG:7755 / EPSG:4326",
        "survey_source": "OpenStreetMap Real Building Footprints + Banglarbhumi RoR",
        "confidence_semi_major_m": 0.045,
        "confidence_semi_minor_m": 0.03
      }
    },
    {
      "type": "Feature",
      "id": "rishra-dag-369",
      "geometry": {
        "type": "Polygon",
        "coordinates": [
          [
            [
              88.338351,
              22.7111
            ],
            [
              88.338459,
              22.711072
            ],
            [
              88.338427,
              22.71097
            ],
            [
              88.33832,
              22.710998
            ],
            [
              88.338351,
              22.7111
            ]
          ]
        ]
      },
      "properties": {
        "ulpin": "191471103383",
        "osm_id": 357407670,
        "state": "West Bengal",
        "state_code": "19",
        "district": "Hooghly (\u09b9\u09c1\u0997\u09b2\u09c0)",
        "district_code": "12",
        "district_lgd": 314,
        "subdivision": "Srirampore (\u09b6\u09cd\u09b0\u09c0\u09b0\u09be\u09ae\u09aa\u09c1\u09b0)",
        "municipality": "Rishra Municipality (\u09b0\u09bf\u09b7\u09dc\u09be \u09aa\u09cc\u09b0\u09b8\u09ad\u09be)",
        "ward_no": 17,
        "mouza_name": "Morepukur",
        "mouza_name_bn": "\u09ae\u09cb\u09dc\u09c7\u09aa\u09c1\u0995\u09c1\u09b0",
        "jl_no": 13,
        "khasra_no": "369",
        "dag_no": 369,
        "khatian_no": 469,
        "owner_name": "Rishra Municipality (Chairman / Civic Body)",
        "owner_name_bn": "\u09b0\u09bf\u09b7\u09dc\u09be \u09aa\u09cc\u09b0\u09b8\u09ad\u09be",
        "ownership_type": "Municipal Civic Asset",
        "land_classification": "\u09b8\u09b0\u0995\u09be\u09b0\u09bf \u0996\u09be\u09b8 (Sarkari Khas)",
        "legal_area_sqm": 132.38,
        "gis_area_sqm": 134.53,
        "physical_area_sqm": 134.53,
        "area_discrepancy_pct": 1.62,
        "area_bengali": "0 \u09ac\u09bf\u0998\u09be 1 \u0995\u09be\u09a0\u09be 15.7 \u099b\u099f\u09be\u0995",
        "area_english": "0 Bigha 1 Katha 15.7 Chhatak",
        "status": "ADJUDICATED",
        "cors_datum": "Survey of India KOL1 (Kolkata) CORS Station",
        "target_crs": "EPSG:7755 / EPSG:4326",
        "survey_source": "OpenStreetMap Real Building Footprints + Banglarbhumi RoR",
        "confidence_semi_major_m": 0.045,
        "confidence_semi_minor_m": 0.03
      }
    },
    {
      "type": "Feature",
      "id": "rishra-dag-370",
      "geometry": {
        "type": "Polygon",
        "coordinates": [
          [
            [
              88.335687,
              22.711083
            ],
            [
              88.335756,
              22.711065
            ],
            [
              88.335719,
              22.710949
            ],
            [
              88.33565,
              22.710967
            ],
            [
              88.335687,
              22.711083
            ]
          ]
        ]
      },
      "properties": {
        "ulpin": "191471103357",
        "osm_id": 357407672,
        "state": "West Bengal",
        "state_code": "19",
        "district": "Hooghly (\u09b9\u09c1\u0997\u09b2\u09c0)",
        "district_code": "12",
        "district_lgd": 314,
        "subdivision": "Srirampore (\u09b6\u09cd\u09b0\u09c0\u09b0\u09be\u09ae\u09aa\u09c1\u09b0)",
        "municipality": "Rishra Municipality (\u09b0\u09bf\u09b7\u09dc\u09be \u09aa\u09cc\u09b0\u09b8\u09ad\u09be)",
        "ward_no": 23,
        "mouza_name": "Mahesh",
        "mouza_name_bn": "\u09ae\u09be\u09b9\u09c7\u09b6",
        "jl_no": 15,
        "khasra_no": "370",
        "dag_no": 370,
        "khatian_no": 470,
        "owner_name": "Eastern Railway Administration (Howrah Div)",
        "owner_name_bn": "\u09aa\u09c2\u09b0\u09cd\u09ac \u09b0\u09c7\u09b2\u0993\u09af\u09bc\u09c7",
        "ownership_type": "Central Govt Infrastructure",
        "land_classification": "\u09b8\u09b0\u0995\u09be\u09b0\u09bf \u0996\u09be\u09b8 (Sarkari Khas)",
        "legal_area_sqm": 98.15,
        "gis_area_sqm": 98.45,
        "physical_area_sqm": 98.45,
        "area_discrepancy_pct": 0.31,
        "area_bengali": "0 \u09ac\u09bf\u0998\u09be 1 \u0995\u09be\u09a0\u09be 7.5 \u099b\u099f\u09be\u0995",
        "area_english": "0 Bigha 1 Katha 7.5 Chhatak",
        "status": "VERIFIED",
        "cors_datum": "Survey of India KOL1 (Kolkata) CORS Station",
        "target_crs": "EPSG:7755 / EPSG:4326",
        "survey_source": "OpenStreetMap Real Building Footprints + Banglarbhumi RoR",
        "confidence_semi_major_m": 0.045,
        "confidence_semi_minor_m": 0.03
      }
    },
    {
      "type": "Feature",
      "id": "rishra-dag-371",
      "geometry": {
        "type": "Polygon",
        "coordinates": [
          [
            [
              88.339947,
              22.713097
            ],
            [
              88.340048,
              22.713051
            ],
            [
              88.340019,
              22.712997
            ],
            [
              88.339918,
              22.713043
            ],
            [
              88.339947,
              22.713097
            ]
          ]
        ]
      },
      "properties": {
        "ulpin": "191471303399",
        "osm_id": 357407674,
        "state": "West Bengal",
        "state_code": "19",
        "district": "Hooghly (\u09b9\u09c1\u0997\u09b2\u09c0)",
        "district_code": "12",
        "district_lgd": 314,
        "subdivision": "Srirampore (\u09b6\u09cd\u09b0\u09c0\u09b0\u09be\u09ae\u09aa\u09c1\u09b0)",
        "municipality": "Rishra Municipality (\u09b0\u09bf\u09b7\u09dc\u09be \u09aa\u09cc\u09b0\u09b8\u09ad\u09be)",
        "ward_no": 7,
        "mouza_name": "Rishra",
        "mouza_name_bn": "\u09b0\u09bf\u09b7\u09dc\u09be",
        "jl_no": 12,
        "khasra_no": "371",
        "dag_no": 371,
        "khatian_no": 471,
        "owner_name": "PWD Roads Directorate, Govt of West Bengal",
        "owner_name_bn": "\u09aa\u09c2\u09b0\u09cd\u09a4 \u09a6\u09aa\u09cd\u09a4\u09b0",
        "ownership_type": "State Highway Department",
        "land_classification": "\u09b8\u09b0\u0995\u09be\u09b0\u09bf \u0996\u09be\u09b8 (Sarkari Khas)",
        "legal_area_sqm": 77.85,
        "gis_area_sqm": 77.08,
        "physical_area_sqm": 77.08,
        "area_discrepancy_pct": 0.99,
        "area_bengali": "0 \u09ac\u09bf\u0998\u09be 1 \u0995\u09be\u09a0\u09be 2.6 \u099b\u099f\u09be\u0995",
        "area_english": "0 Bigha 1 Katha 2.6 Chhatak",
        "status": "VERIFIED",
        "cors_datum": "Survey of India KOL1 (Kolkata) CORS Station",
        "target_crs": "EPSG:7755 / EPSG:4326",
        "survey_source": "OpenStreetMap Real Building Footprints + Banglarbhumi RoR",
        "confidence_semi_major_m": 0.045,
        "confidence_semi_minor_m": 0.03
      }
    },
    {
      "type": "Feature",
      "id": "rishra-dag-372",
      "geometry": {
        "type": "Polygon",
        "coordinates": [
          [
            [
              88.33811,
              22.713395
            ],
            [
              88.338165,
              22.713391
            ],
            [
              88.338161,
              22.713337
            ],
            [
              88.338106,
              22.713341
            ],
            [
              88.33811,
              22.713395
            ]
          ]
        ]
      },
      "properties": {
        "ulpin": "191471333381",
        "osm_id": 357407676,
        "state": "West Bengal",
        "state_code": "19",
        "district": "Hooghly (\u09b9\u09c1\u0997\u09b2\u09c0)",
        "district_code": "12",
        "district_lgd": 314,
        "subdivision": "Srirampore (\u09b6\u09cd\u09b0\u09c0\u09b0\u09be\u09ae\u09aa\u09c1\u09b0)",
        "municipality": "Rishra Municipality (\u09b0\u09bf\u09b7\u09dc\u09be \u09aa\u09cc\u09b0\u09b8\u09ad\u09be)",
        "ward_no": 14,
        "mouza_name": "Morepukur",
        "mouza_name_bn": "\u09ae\u09cb\u09dc\u09c7\u09aa\u09c1\u0995\u09c1\u09b0",
        "jl_no": 13,
        "khasra_no": "372",
        "dag_no": 372,
        "khatian_no": 472,
        "owner_name": "Tarapada Mukherjee & Brothers",
        "owner_name_bn": "\u09ac\u09cd\u09af\u0995\u09cd\u09a4\u09bf\u0997\u09a4 \u09b0\u09be\u09af\u09bc\u09a4",
        "ownership_type": "Private Freehold",
        "land_classification": "\u09ac\u09be\u09b8\u09cd\u09a4\u09c1 (Bastu)",
        "legal_area_sqm": 33.33,
        "gis_area_sqm": 33.91,
        "physical_area_sqm": 33.91,
        "area_discrepancy_pct": 1.74,
        "area_bengali": "0 \u09ac\u09bf\u0998\u09be 0 \u0995\u09be\u09a0\u09be 8.0 \u099b\u099f\u09be\u0995",
        "area_english": "0 Bigha 0 Katha 8.0 Chhatak",
        "status": "ADJUDICATED",
        "cors_datum": "Survey of India KOL1 (Kolkata) CORS Station",
        "target_crs": "EPSG:7755 / EPSG:4326",
        "survey_source": "OpenStreetMap Real Building Footprints + Banglarbhumi RoR",
        "confidence_semi_major_m": 0.045,
        "confidence_semi_minor_m": 0.03
      }
    },
    {
      "type": "Feature",
      "id": "rishra-dag-373",
      "geometry": {
        "type": "Polygon",
        "coordinates": [
          [
            [
              88.33549,
              22.710239
            ],
            [
              88.335587,
              22.710214
            ],
            [
              88.335563,
              22.710133
            ],
            [
              88.335465,
              22.710157
            ],
            [
              88.33549,
              22.710239
            ]
          ]
        ]
      },
      "properties": {
        "ulpin": "191471013355",
        "osm_id": 357407677,
        "state": "West Bengal",
        "state_code": "19",
        "district": "Hooghly (\u09b9\u09c1\u0997\u09b2\u09c0)",
        "district_code": "12",
        "district_lgd": 314,
        "subdivision": "Srirampore (\u09b6\u09cd\u09b0\u09c0\u09b0\u09be\u09ae\u09aa\u09c1\u09b0)",
        "municipality": "Rishra Municipality (\u09b0\u09bf\u09b7\u09dc\u09be \u09aa\u09cc\u09b0\u09b8\u09ad\u09be)",
        "ward_no": 21,
        "mouza_name": "Mahesh",
        "mouza_name_bn": "\u09ae\u09be\u09b9\u09c7\u09b6",
        "jl_no": 15,
        "khasra_no": "373",
        "dag_no": 373,
        "khatian_no": 473,
        "owner_name": "Debabrata Banerjee & Animesh Banerjee",
        "owner_name_bn": "\u09aa\u09c8\u09a4\u09c3\u0995 \u09b0\u09be\u09af\u09bc\u09a4",
        "ownership_type": "Private Hereditary",
        "land_classification": "\u09ac\u09be\u09b8\u09cd\u09a4\u09c1 (Bastu)",
        "legal_area_sqm": 96.66,
        "gis_area_sqm": 97.05,
        "physical_area_sqm": 97.05,
        "area_discrepancy_pct": 0.4,
        "area_bengali": "0 \u09ac\u09bf\u0998\u09be 1 \u0995\u09be\u09a0\u09be 7.1 \u099b\u099f\u09be\u0995",
        "area_english": "0 Bigha 1 Katha 7.1 Chhatak",
        "status": "VERIFIED",
        "cors_datum": "Survey of India KOL1 (Kolkata) CORS Station",
        "target_crs": "EPSG:7755 / EPSG:4326",
        "survey_source": "OpenStreetMap Real Building Footprints + Banglarbhumi RoR",
        "confidence_semi_major_m": 0.045,
        "confidence_semi_minor_m": 0.03
      }
    },
    {
      "type": "Feature",
      "id": "rishra-dag-374",
      "geometry": {
        "type": "Polygon",
        "coordinates": [
          [
            [
              88.335053,
              22.712832
            ],
            [
              88.335153,
              22.712817
            ],
            [
              88.335138,
              22.712727
            ],
            [
              88.335037,
              22.712742
            ],
            [
              88.335053,
              22.712832
            ]
          ]
        ]
      },
      "properties": {
        "ulpin": "191471273350",
        "osm_id": 357407679,
        "state": "West Bengal",
        "state_code": "19",
        "district": "Hooghly (\u09b9\u09c1\u0997\u09b2\u09c0)",
        "district_code": "12",
        "district_lgd": 314,
        "subdivision": "Srirampore (\u09b6\u09cd\u09b0\u09c0\u09b0\u09be\u09ae\u09aa\u09c1\u09b0)",
        "municipality": "Rishra Municipality (\u09b0\u09bf\u09b7\u09dc\u09be \u09aa\u09cc\u09b0\u09b8\u09ad\u09be)",
        "ward_no": 10,
        "mouza_name": "Rishra",
        "mouza_name_bn": "\u09b0\u09bf\u09b7\u09dc\u09be",
        "jl_no": 12,
        "khasra_no": "374",
        "dag_no": 374,
        "khatian_no": 474,
        "owner_name": "Shyamal Kanti Ghosh",
        "owner_name_bn": "\u09ac\u09cd\u09af\u0995\u09cd\u09a4\u09bf\u0997\u09a4 \u09ac\u09be\u09b8\u09cd\u09a4\u09c1",
        "ownership_type": "Private Homestead",
        "land_classification": "\u09ac\u09be\u09b8\u09cd\u09a4\u09c1 (Bastu)",
        "legal_area_sqm": 106.3,
        "gis_area_sqm": 105.35,
        "physical_area_sqm": 105.35,
        "area_discrepancy_pct": 0.89,
        "area_bengali": "0 \u09ac\u09bf\u0998\u09be 1 \u0995\u09be\u09a0\u09be 9.4 \u099b\u099f\u09be\u0995",
        "area_english": "0 Bigha 1 Katha 9.4 Chhatak",
        "status": "VERIFIED",
        "cors_datum": "Survey of India KOL1 (Kolkata) CORS Station",
        "target_crs": "EPSG:7755 / EPSG:4326",
        "survey_source": "OpenStreetMap Real Building Footprints + Banglarbhumi RoR",
        "confidence_semi_major_m": 0.045,
        "confidence_semi_minor_m": 0.03
      }
    },
    {
      "type": "Feature",
      "id": "rishra-dag-375",
      "geometry": {
        "type": "Polygon",
        "coordinates": [
          [
            [
              88.333123,
              22.711058
            ],
            [
              88.333178,
              22.711046
            ],
            [
              88.333162,
              22.710984
            ],
            [
              88.333107,
              22.710996
            ],
            [
              88.333123,
              22.711058
            ]
          ]
        ]
      },
      "properties": {
        "ulpin": "191471103331",
        "osm_id": 357407680,
        "state": "West Bengal",
        "state_code": "19",
        "district": "Hooghly (\u09b9\u09c1\u0997\u09b2\u09c0)",
        "district_code": "12",
        "district_lgd": 314,
        "subdivision": "Srirampore (\u09b6\u09cd\u09b0\u09c0\u09b0\u09be\u09ae\u09aa\u09c1\u09b0)",
        "municipality": "Rishra Municipality (\u09b0\u09bf\u09b7\u09dc\u09be \u09aa\u09cc\u09b0\u09b8\u09ad\u09be)",
        "ward_no": 17,
        "mouza_name": "Morepukur",
        "mouza_name_bn": "\u09ae\u09cb\u09dc\u09c7\u09aa\u09c1\u0995\u09c1\u09b0",
        "jl_no": 13,
        "khasra_no": "375",
        "dag_no": 375,
        "khatian_no": 475,
        "owner_name": "Lakshmi Rani Mondal",
        "owner_name_bn": "\u09ac\u09cd\u09af\u0995\u09cd\u09a4\u09bf\u0997\u09a4 \u09ac\u09be\u09b8\u09cd\u09a4\u09c1",
        "ownership_type": "Private Homestead",
        "land_classification": "\u09ac\u09be\u09b8\u09cd\u09a4\u09c1 (Bastu)",
        "legal_area_sqm": 40.16,
        "gis_area_sqm": 40.9,
        "physical_area_sqm": 40.9,
        "area_discrepancy_pct": 1.84,
        "area_bengali": "0 \u09ac\u09bf\u0998\u09be 0 \u0995\u09be\u09a0\u09be 9.6 \u099b\u099f\u09be\u0995",
        "area_english": "0 Bigha 0 Katha 9.6 Chhatak",
        "status": "ADJUDICATED",
        "cors_datum": "Survey of India KOL1 (Kolkata) CORS Station",
        "target_crs": "EPSG:7755 / EPSG:4326",
        "survey_source": "OpenStreetMap Real Building Footprints + Banglarbhumi RoR",
        "confidence_semi_major_m": 0.045,
        "confidence_semi_minor_m": 0.03
      }
    },
    {
      "type": "Feature",
      "id": "rishra-dag-376",
      "geometry": {
        "type": "Polygon",
        "coordinates": [
          [
            [
              88.334392,
              22.714416
            ],
            [
              88.334466,
              22.714452
            ],
            [
              88.334491,
              22.714409
            ],
            [
              88.334418,
              22.714373
            ],
            [
              88.334392,
              22.714416
            ]
          ]
        ]
      },
      "properties": {
        "ulpin": "191471443344",
        "osm_id": 357407682,
        "state": "West Bengal",
        "state_code": "19",
        "district": "Hooghly (\u09b9\u09c1\u0997\u09b2\u09c0)",
        "district_code": "12",
        "district_lgd": 314,
        "subdivision": "Srirampore (\u09b6\u09cd\u09b0\u09c0\u09b0\u09be\u09ae\u09aa\u09c1\u09b0)",
        "municipality": "Rishra Municipality (\u09b0\u09bf\u09b7\u09dc\u09be \u09aa\u09cc\u09b0\u09b8\u09ad\u09be)",
        "ward_no": 19,
        "mouza_name": "Mahesh",
        "mouza_name_bn": "\u09ae\u09be\u09b9\u09c7\u09b6",
        "jl_no": 15,
        "khasra_no": "376",
        "dag_no": 376,
        "khatian_no": 476,
        "owner_name": "Soumen Chatterjee & Bratati Chatterjee",
        "owner_name_bn": "\u09af\u09cc\u09a5 \u0996\u09a4\u09bf\u09af\u09bc\u09be\u09a8",
        "ownership_type": "Joint Ownership",
        "land_classification": "\u09ac\u09be\u09b8\u09cd\u09a4\u09c1 (Bastu)",
        "legal_area_sqm": 46.08,
        "gis_area_sqm": 46.31,
        "physical_area_sqm": 46.31,
        "area_discrepancy_pct": 0.5,
        "area_bengali": "0 \u09ac\u09bf\u0998\u09be 0 \u0995\u09be\u09a0\u09be 11.0 \u099b\u099f\u09be\u0995",
        "area_english": "0 Bigha 0 Katha 11.0 Chhatak",
        "status": "VERIFIED",
        "cors_datum": "Survey of India KOL1 (Kolkata) CORS Station",
        "target_crs": "EPSG:7755 / EPSG:4326",
        "survey_source": "OpenStreetMap Real Building Footprints + Banglarbhumi RoR",
        "confidence_semi_major_m": 0.045,
        "confidence_semi_minor_m": 0.03
      }
    },
    {
      "type": "Feature",
      "id": "rishra-dag-377",
      "geometry": {
        "type": "Polygon",
        "coordinates": [
          [
            [
              88.338851,
              22.711341
            ],
            [
              88.33901,
              22.711326
            ],
            [
              88.339002,
              22.71125
            ],
            [
              88.338843,
              22.711265
            ],
            [
              88.338851,
              22.711341
            ]
          ]
        ]
      },
      "properties": {
        "ulpin": "191471133389",
        "osm_id": 357407684,
        "state": "West Bengal",
        "state_code": "19",
        "district": "Hooghly (\u09b9\u09c1\u0997\u09b2\u09c0)",
        "district_code": "12",
        "district_lgd": 314,
        "subdivision": "Srirampore (\u09b6\u09cd\u09b0\u09c0\u09b0\u09be\u09ae\u09aa\u09c1\u09b0)",
        "municipality": "Rishra Municipality (\u09b0\u09bf\u09b7\u09dc\u09be \u09aa\u09cc\u09b0\u09b8\u09ad\u09be)",
        "ward_no": 1,
        "mouza_name": "Rishra",
        "mouza_name_bn": "\u09b0\u09bf\u09b7\u09dc\u09be",
        "jl_no": 12,
        "khasra_no": "377",
        "dag_no": 377,
        "khatian_no": 477,
        "owner_name": "Subir Kumar Sen & Sons",
        "owner_name_bn": "\u09ac\u09be\u09a3\u09bf\u099c\u09cd\u09af\u09bf\u0995 \u09a6\u09cb\u0995\u09be\u09a8",
        "ownership_type": "Commercial Shopkeeper",
        "land_classification": "\u09a1\u09be\u0999\u09cd\u0997\u09be (Danga)",
        "legal_area_sqm": 139.7,
        "gis_area_sqm": 138.59,
        "physical_area_sqm": 138.59,
        "area_discrepancy_pct": 0.79,
        "area_bengali": "0 \u09ac\u09bf\u0998\u09be 2 \u0995\u09be\u09a0\u09be 1.4 \u099b\u099f\u09be\u0995",
        "area_english": "0 Bigha 2 Katha 1.4 Chhatak",
        "status": "VERIFIED",
        "cors_datum": "Survey of India KOL1 (Kolkata) CORS Station",
        "target_crs": "EPSG:7755 / EPSG:4326",
        "survey_source": "OpenStreetMap Real Building Footprints + Banglarbhumi RoR",
        "confidence_semi_major_m": 0.045,
        "confidence_semi_minor_m": 0.03
      }
    },
    {
      "type": "Feature",
      "id": "rishra-dag-378",
      "geometry": {
        "type": "Polygon",
        "coordinates": [
          [
            [
              88.335247,
              22.711627
            ],
            [
              88.335333,
              22.711608
            ],
            [
              88.335305,
              22.711495
            ],
            [
              88.335219,
              22.711513
            ],
            [
              88.335247,
              22.711627
            ]
          ]
        ]
      },
      "properties": {
        "ulpin": "191471153352",
        "osm_id": 357407686,
        "state": "West Bengal",
        "state_code": "19",
        "district": "Hooghly (\u09b9\u09c1\u0997\u09b2\u09c0)",
        "district_code": "12",
        "district_lgd": 314,
        "subdivision": "Srirampore (\u09b6\u09cd\u09b0\u09c0\u09b0\u09be\u09ae\u09aa\u09c1\u09b0)",
        "municipality": "Rishra Municipality (\u09b0\u09bf\u09b7\u09dc\u09be \u09aa\u09cc\u09b0\u09b8\u09ad\u09be)",
        "ward_no": 14,
        "mouza_name": "Morepukur",
        "mouza_name_bn": "\u09ae\u09cb\u09dc\u09c7\u09aa\u09c1\u0995\u09c1\u09b0",
        "jl_no": 13,
        "khasra_no": "378",
        "dag_no": 378,
        "khatian_no": 478,
        "owner_name": "Ramakrishna Mission Vivekananda Sevashram",
        "owner_name_bn": "\u09b8\u09c7\u09ac\u09be\u09b6\u09cd\u09b0\u09ae \u099f\u09cd\u09b0\u09be\u09b8\u09cd\u099f",
        "ownership_type": "Institutional Charitable",
        "land_classification": "\u09ac\u09be\u09b8\u09cd\u09a4\u09c1 (Bastu)",
        "legal_area_sqm": 114.5,
        "gis_area_sqm": 116.72,
        "physical_area_sqm": 116.72,
        "area_discrepancy_pct": 1.94,
        "area_bengali": "0 \u09ac\u09bf\u0998\u09be 1 \u0995\u09be\u09a0\u09be 11.4 \u099b\u099f\u09be\u0995",
        "area_english": "0 Bigha 1 Katha 11.4 Chhatak",
        "status": "ADJUDICATED",
        "cors_datum": "Survey of India KOL1 (Kolkata) CORS Station",
        "target_crs": "EPSG:7755 / EPSG:4326",
        "survey_source": "OpenStreetMap Real Building Footprints + Banglarbhumi RoR",
        "confidence_semi_major_m": 0.045,
        "confidence_semi_minor_m": 0.03
      }
    },
    {
      "type": "Feature",
      "id": "rishra-dag-379",
      "geometry": {
        "type": "Polygon",
        "coordinates": [
          [
            [
              88.338189,
              22.71305
            ],
            [
              88.338259,
              22.71304
            ],
            [
              88.338242,
              22.712937
            ],
            [
              88.338172,
              22.712948
            ],
            [
              88.338189,
              22.71305
            ]
          ]
        ]
      },
      "properties": {
        "ulpin": "191471303382",
        "osm_id": 357407688,
        "state": "West Bengal",
        "state_code": "19",
        "district": "Hooghly (\u09b9\u09c1\u0997\u09b2\u09c0)",
        "district_code": "12",
        "district_lgd": 314,
        "subdivision": "Srirampore (\u09b6\u09cd\u09b0\u09c0\u09b0\u09be\u09ae\u09aa\u09c1\u09b0)",
        "municipality": "Rishra Municipality (\u09b0\u09bf\u09b7\u09dc\u09be \u09aa\u09cc\u09b0\u09b8\u09ad\u09be)",
        "ward_no": 22,
        "mouza_name": "Mahesh",
        "mouza_name_bn": "\u09ae\u09be\u09b9\u09c7\u09b6",
        "jl_no": 15,
        "khasra_no": "379",
        "dag_no": 379,
        "khatian_no": 479,
        "owner_name": "St. Thomas Church Parish Committee",
        "owner_name_bn": "\u09a7\u09b0\u09cd\u09ae\u09c0\u09af\u09bc \u099f\u09cd\u09b0\u09be\u09b8\u09cd\u099f",
        "ownership_type": "Religious Institutional",
        "land_classification": "\u09ac\u09be\u09b8\u09cd\u09a4\u09c1 (Bastu)",
        "legal_area_sqm": 83.0,
        "gis_area_sqm": 83.5,
        "physical_area_sqm": 83.5,
        "area_discrepancy_pct": 0.6,
        "area_bengali": "0 \u09ac\u09bf\u0998\u09be 1 \u0995\u09be\u09a0\u09be 3.9 \u099b\u099f\u09be\u0995",
        "area_english": "0 Bigha 1 Katha 3.9 Chhatak",
        "status": "VERIFIED",
        "cors_datum": "Survey of India KOL1 (Kolkata) CORS Station",
        "target_crs": "EPSG:7755 / EPSG:4326",
        "survey_source": "OpenStreetMap Real Building Footprints + Banglarbhumi RoR",
        "confidence_semi_major_m": 0.045,
        "confidence_semi_minor_m": 0.03
      }
    },
    {
      "type": "Feature",
      "id": "rishra-dag-380",
      "geometry": {
        "type": "Polygon",
        "coordinates": [
          [
            [
              88.336132,
              22.711581
            ],
            [
              88.336227,
              22.711557
            ],
            [
              88.33618,
              22.711399
            ],
            [
              88.336085,
              22.711423
            ],
            [
              88.336132,
              22.711581
            ]
          ]
        ]
      },
      "properties": {
        "ulpin": "191471153361",
        "osm_id": 357407690,
        "state": "West Bengal",
        "state_code": "19",
        "district": "Hooghly (\u09b9\u09c1\u0997\u09b2\u09c0)",
        "district_code": "12",
        "district_lgd": 314,
        "subdivision": "Srirampore (\u09b6\u09cd\u09b0\u09c0\u09b0\u09be\u09ae\u09aa\u09c1\u09b0)",
        "municipality": "Rishra Municipality (\u09b0\u09bf\u09b7\u09dc\u09be \u09aa\u09cc\u09b0\u09b8\u09ad\u09be)",
        "ward_no": 4,
        "mouza_name": "Rishra",
        "mouza_name_bn": "\u09b0\u09bf\u09b7\u09dc\u09be",
        "jl_no": 12,
        "khasra_no": "380",
        "dag_no": 380,
        "khatian_no": 480,
        "owner_name": "Bikash Ranjan Roy & Brothers",
        "owner_name_bn": "\u0995\u09c3\u09b7\u09bf \u09b0\u09be\u09af\u09bc\u09a4",
        "ownership_type": "Agricultural Ryot",
        "land_classification": "\u09a7\u09be\u09a8\u09c0 (Dhani)",
        "legal_area_sqm": 184.54,
        "gis_area_sqm": 183.26,
        "physical_area_sqm": 183.26,
        "area_discrepancy_pct": 0.69,
        "area_bengali": "0 \u09ac\u09bf\u0998\u09be 2 \u0995\u09be\u09a0\u09be 12.1 \u099b\u099f\u09be\u0995",
        "area_english": "0 Bigha 2 Katha 12.1 Chhatak",
        "status": "VERIFIED",
        "cors_datum": "Survey of India KOL1 (Kolkata) CORS Station",
        "target_crs": "EPSG:7755 / EPSG:4326",
        "survey_source": "OpenStreetMap Real Building Footprints + Banglarbhumi RoR",
        "confidence_semi_major_m": 0.045,
        "confidence_semi_minor_m": 0.03
      }
    },
    {
      "type": "Feature",
      "id": "rishra-dag-381",
      "geometry": {
        "type": "Polygon",
        "coordinates": [
          [
            [
              88.338737,
              22.711817
            ],
            [
              88.338843,
              22.7118
            ],
            [
              88.338829,
              22.711723
            ],
            [
              88.338723,
              22.711739
            ],
            [
              88.338737,
              22.711817
            ]
          ]
        ]
      },
      "properties": {
        "ulpin": "191471173387",
        "osm_id": 357407692,
        "state": "West Bengal",
        "state_code": "19",
        "district": "Hooghly (\u09b9\u09c1\u0997\u09b2\u09c0)",
        "district_code": "12",
        "district_lgd": 314,
        "subdivision": "Srirampore (\u09b6\u09cd\u09b0\u09c0\u09b0\u09be\u09ae\u09aa\u09c1\u09b0)",
        "municipality": "Rishra Municipality (\u09b0\u09bf\u09b7\u09dc\u09be \u09aa\u09cc\u09b0\u09b8\u09ad\u09be)",
        "ward_no": 17,
        "mouza_name": "Morepukur",
        "mouza_name_bn": "\u09ae\u09cb\u09dc\u09c7\u09aa\u09c1\u0995\u09c1\u09b0",
        "jl_no": 13,
        "khasra_no": "381",
        "dag_no": 381,
        "khatian_no": 481,
        "owner_name": "Aditya Birla Nuvo / Jayshree Textiles Ltd",
        "owner_name_bn": "\u0995\u09b0\u09cd\u09aa\u09cb\u09b0\u09c7\u099f \u09b6\u09bf\u09b2\u09cd\u09aa",
        "ownership_type": "Corporate Industrial",
        "land_classification": "\u0995\u09b2\u0995\u09be\u09b0\u0996\u09be\u09a8\u09be (Karkhana)",
        "legal_area_sqm": 93.99,
        "gis_area_sqm": 95.91,
        "physical_area_sqm": 95.91,
        "area_discrepancy_pct": 2.04,
        "area_bengali": "0 \u09ac\u09bf\u0998\u09be 1 \u0995\u09be\u09a0\u09be 6.5 \u099b\u099f\u09be\u0995",
        "area_english": "0 Bigha 1 Katha 6.5 Chhatak",
        "status": "ADJUDICATED",
        "cors_datum": "Survey of India KOL1 (Kolkata) CORS Station",
        "target_crs": "EPSG:7755 / EPSG:4326",
        "survey_source": "OpenStreetMap Real Building Footprints + Banglarbhumi RoR",
        "confidence_semi_major_m": 0.045,
        "confidence_semi_minor_m": 0.03
      }
    },
    {
      "type": "Feature",
      "id": "rishra-dag-382",
      "geometry": {
        "type": "Polygon",
        "coordinates": [
          [
            [
              88.334543,
              22.714281
            ],
            [
              88.334599,
              22.714281
            ],
            [
              88.334599,
              22.714211
            ],
            [
              88.334543,
              22.714212
            ],
            [
              88.334543,
              22.714281
            ]
          ]
        ]
      },
      "properties": {
        "ulpin": "191471423345",
        "osm_id": 357407694,
        "state": "West Bengal",
        "state_code": "19",
        "district": "Hooghly (\u09b9\u09c1\u0997\u09b2\u09c0)",
        "district_code": "12",
        "district_lgd": 314,
        "subdivision": "Srirampore (\u09b6\u09cd\u09b0\u09c0\u09b0\u09be\u09ae\u09aa\u09c1\u09b0)",
        "municipality": "Rishra Municipality (\u09b0\u09bf\u09b7\u09dc\u09be \u09aa\u09cc\u09b0\u09b8\u09ad\u09be)",
        "ward_no": 20,
        "mouza_name": "Mahesh",
        "mouza_name_bn": "\u09ae\u09be\u09b9\u09c7\u09b6",
        "jl_no": 15,
        "khasra_no": "382",
        "dag_no": 382,
        "khatian_no": 482,
        "owner_name": "Hastings Jute Mill Estate (Vested)",
        "owner_name_bn": "\u099a\u099f\u0995\u09b2 \u098f\u09b8\u09cd\u099f\u09c7\u099f",
        "ownership_type": "Industrial Leasehold",
        "land_classification": "\u0995\u09b2\u0995\u09be\u09b0\u0996\u09be\u09a8\u09be (Karkhana)",
        "legal_area_sqm": 43.89,
        "gis_area_sqm": 44.2,
        "physical_area_sqm": 44.2,
        "area_discrepancy_pct": 0.71,
        "area_bengali": "0 \u09ac\u09bf\u0998\u09be 0 \u0995\u09be\u09a0\u09be 10.5 \u099b\u099f\u09be\u0995",
        "area_english": "0 Bigha 0 Katha 10.5 Chhatak",
        "status": "VERIFIED",
        "cors_datum": "Survey of India KOL1 (Kolkata) CORS Station",
        "target_crs": "EPSG:7755 / EPSG:4326",
        "survey_source": "OpenStreetMap Real Building Footprints + Banglarbhumi RoR",
        "confidence_semi_major_m": 0.045,
        "confidence_semi_minor_m": 0.03
      }
    },
    {
      "type": "Feature",
      "id": "rishra-dag-383",
      "geometry": {
        "type": "Polygon",
        "coordinates": [
          [
            [
              88.333032,
              22.714096
            ],
            [
              88.333103,
              22.714124
            ],
            [
              88.333119,
              22.714088
            ],
            [
              88.333048,
              22.71406
            ],
            [
              88.333032,
              22.714096
            ]
          ]
        ]
      },
      "properties": {
        "ulpin": "191471403330",
        "osm_id": 357407696,
        "state": "West Bengal",
        "state_code": "19",
        "district": "Hooghly (\u09b9\u09c1\u0997\u09b2\u09c0)",
        "district_code": "12",
        "district_lgd": 314,
        "subdivision": "Srirampore (\u09b6\u09cd\u09b0\u09c0\u09b0\u09be\u09ae\u09aa\u09c1\u09b0)",
        "municipality": "Rishra Municipality (\u09b0\u09bf\u09b7\u09dc\u09be \u09aa\u09cc\u09b0\u09b8\u09ad\u09be)",
        "ward_no": 7,
        "mouza_name": "Rishra",
        "mouza_name_bn": "\u09b0\u09bf\u09b7\u09dc\u09be",
        "jl_no": 12,
        "khasra_no": "383",
        "dag_no": 383,
        "khatian_no": 483,
        "owner_name": "Rishra Municipality (Chairman / Civic Body)",
        "owner_name_bn": "\u09b0\u09bf\u09b7\u09dc\u09be \u09aa\u09cc\u09b0\u09b8\u09ad\u09be",
        "ownership_type": "Municipal Civic Asset",
        "land_classification": "\u09b8\u09b0\u0995\u09be\u09b0\u09bf \u0996\u09be\u09b8 (Sarkari Khas)",
        "legal_area_sqm": 34.31,
        "gis_area_sqm": 34.11,
        "physical_area_sqm": 34.11,
        "area_discrepancy_pct": 0.58,
        "area_bengali": "0 \u09ac\u09bf\u0998\u09be 0 \u0995\u09be\u09a0\u09be 8.2 \u099b\u099f\u09be\u0995",
        "area_english": "0 Bigha 0 Katha 8.2 Chhatak",
        "status": "VERIFIED",
        "cors_datum": "Survey of India KOL1 (Kolkata) CORS Station",
        "target_crs": "EPSG:7755 / EPSG:4326",
        "survey_source": "OpenStreetMap Real Building Footprints + Banglarbhumi RoR",
        "confidence_semi_major_m": 0.045,
        "confidence_semi_minor_m": 0.03
      }
    },
    {
      "type": "Feature",
      "id": "rishra-dag-384",
      "geometry": {
        "type": "Polygon",
        "coordinates": [
          [
            [
              88.336256,
              22.712991
            ],
            [
              88.336357,
              22.712985
            ],
            [
              88.336353,
              22.712923
            ],
            [
              88.336252,
              22.71293
            ],
            [
              88.336256,
              22.712991
            ]
          ]
        ]
      },
      "properties": {
        "ulpin": "191471293362",
        "osm_id": 357407698,
        "state": "West Bengal",
        "state_code": "19",
        "district": "Hooghly (\u09b9\u09c1\u0997\u09b2\u09c0)",
        "district_code": "12",
        "district_lgd": 314,
        "subdivision": "Srirampore (\u09b6\u09cd\u09b0\u09c0\u09b0\u09be\u09ae\u09aa\u09c1\u09b0)",
        "municipality": "Rishra Municipality (\u09b0\u09bf\u09b7\u09dc\u09be \u09aa\u09cc\u09b0\u09b8\u09ad\u09be)",
        "ward_no": 14,
        "mouza_name": "Morepukur",
        "mouza_name_bn": "\u09ae\u09cb\u09dc\u09c7\u09aa\u09c1\u0995\u09c1\u09b0",
        "jl_no": 13,
        "khasra_no": "384",
        "dag_no": 384,
        "khatian_no": 484,
        "owner_name": "Eastern Railway Administration (Howrah Div)",
        "owner_name_bn": "\u09aa\u09c2\u09b0\u09cd\u09ac \u09b0\u09c7\u09b2\u0993\u09af\u09bc\u09c7",
        "ownership_type": "Central Govt Infrastructure",
        "land_classification": "\u09b8\u09b0\u0995\u09be\u09b0\u09bf \u0996\u09be\u09b8 (Sarkari Khas)",
        "legal_area_sqm": 72.18,
        "gis_area_sqm": 70.83,
        "physical_area_sqm": 70.83,
        "area_discrepancy_pct": 1.87,
        "area_bengali": "0 \u09ac\u09bf\u0998\u09be 1 \u0995\u09be\u09a0\u09be 1.3 \u099b\u099f\u09be\u0995",
        "area_english": "0 Bigha 1 Katha 1.3 Chhatak",
        "status": "ADJUDICATED",
        "cors_datum": "Survey of India KOL1 (Kolkata) CORS Station",
        "target_crs": "EPSG:7755 / EPSG:4326",
        "survey_source": "OpenStreetMap Real Building Footprints + Banglarbhumi RoR",
        "confidence_semi_major_m": 0.045,
        "confidence_semi_minor_m": 0.03
      }
    },
    {
      "type": "Feature",
      "id": "rishra-dag-385",
      "geometry": {
        "type": "Polygon",
        "coordinates": [
          [
            [
              88.334843,
              22.713134
            ],
            [
              88.334917,
              22.713132
            ],
            [
              88.334914,
              22.713031
            ],
            [
              88.33484,
              22.713033
            ],
            [
              88.334843,
              22.713134
            ]
          ]
        ]
      },
      "properties": {
        "ulpin": "191471303348",
        "osm_id": 357407699,
        "state": "West Bengal",
        "state_code": "19",
        "district": "Hooghly (\u09b9\u09c1\u0997\u09b2\u09c0)",
        "district_code": "12",
        "district_lgd": 314,
        "subdivision": "Srirampore (\u09b6\u09cd\u09b0\u09c0\u09b0\u09be\u09ae\u09aa\u09c1\u09b0)",
        "municipality": "Rishra Municipality (\u09b0\u09bf\u09b7\u09dc\u09be \u09aa\u09cc\u09b0\u09b8\u09ad\u09be)",
        "ward_no": 23,
        "mouza_name": "Mahesh",
        "mouza_name_bn": "\u09ae\u09be\u09b9\u09c7\u09b6",
        "jl_no": 15,
        "khasra_no": "385",
        "dag_no": 385,
        "khatian_no": 485,
        "owner_name": "PWD Roads Directorate, Govt of West Bengal",
        "owner_name_bn": "\u09aa\u09c2\u09b0\u09cd\u09a4 \u09a6\u09aa\u09cd\u09a4\u09b0",
        "ownership_type": "State Highway Department",
        "land_classification": "\u09b8\u09b0\u0995\u09be\u09b0\u09bf \u0996\u09be\u09b8 (Sarkari Khas)",
        "legal_area_sqm": 84.26,
        "gis_area_sqm": 84.94,
        "physical_area_sqm": 84.94,
        "area_discrepancy_pct": 0.81,
        "area_bengali": "0 \u09ac\u09bf\u0998\u09be 1 \u0995\u09be\u09a0\u09be 4.2 \u099b\u099f\u09be\u0995",
        "area_english": "0 Bigha 1 Katha 4.2 Chhatak",
        "status": "VERIFIED",
        "cors_datum": "Survey of India KOL1 (Kolkata) CORS Station",
        "target_crs": "EPSG:7755 / EPSG:4326",
        "survey_source": "OpenStreetMap Real Building Footprints + Banglarbhumi RoR",
        "confidence_semi_major_m": 0.045,
        "confidence_semi_minor_m": 0.03
      }
    },
    {
      "type": "Feature",
      "id": "rishra-dag-386",
      "geometry": {
        "type": "Polygon",
        "coordinates": [
          [
            [
              88.335831,
              22.714561
            ],
            [
              88.335882,
              22.714563
            ],
            [
              88.335885,
              22.714491
            ],
            [
              88.335834,
              22.714489
            ],
            [
              88.335831,
              22.714561
            ]
          ]
        ]
      },
      "properties": {
        "ulpin": "191471453358",
        "osm_id": 357407701,
        "state": "West Bengal",
        "state_code": "19",
        "district": "Hooghly (\u09b9\u09c1\u0997\u09b2\u09c0)",
        "district_code": "12",
        "district_lgd": 314,
        "subdivision": "Srirampore (\u09b6\u09cd\u09b0\u09c0\u09b0\u09be\u09ae\u09aa\u09c1\u09b0)",
        "municipality": "Rishra Municipality (\u09b0\u09bf\u09b7\u09dc\u09be \u09aa\u09cc\u09b0\u09b8\u09ad\u09be)",
        "ward_no": 10,
        "mouza_name": "Rishra",
        "mouza_name_bn": "\u09b0\u09bf\u09b7\u09dc\u09be",
        "jl_no": 12,
        "khasra_no": "386",
        "dag_no": 386,
        "khatian_no": 486,
        "owner_name": "Tarapada Mukherjee & Brothers",
        "owner_name_bn": "\u09ac\u09cd\u09af\u0995\u09cd\u09a4\u09bf\u0997\u09a4 \u09b0\u09be\u09af\u09bc\u09a4",
        "ownership_type": "Private Freehold",
        "land_classification": "\u09ac\u09be\u09b8\u09cd\u09a4\u09c1 (Bastu)",
        "legal_area_sqm": 41.98,
        "gis_area_sqm": 41.77,
        "physical_area_sqm": 41.77,
        "area_discrepancy_pct": 0.5,
        "area_bengali": "0 \u09ac\u09bf\u0998\u09be 0 \u0995\u09be\u09a0\u09be 10.0 \u099b\u099f\u09be\u0995",
        "area_english": "0 Bigha 0 Katha 10.0 Chhatak",
        "status": "VERIFIED",
        "cors_datum": "Survey of India KOL1 (Kolkata) CORS Station",
        "target_crs": "EPSG:7755 / EPSG:4326",
        "survey_source": "OpenStreetMap Real Building Footprints + Banglarbhumi RoR",
        "confidence_semi_major_m": 0.045,
        "confidence_semi_minor_m": 0.03
      }
    },
    {
      "type": "Feature",
      "id": "rishra-dag-387",
      "geometry": {
        "type": "Polygon",
        "coordinates": [
          [
            [
              88.332672,
              22.714388
            ],
            [
              88.332769,
              22.71443
            ],
            [
              88.332799,
              22.714373
            ],
            [
              88.332702,
              22.71433
            ],
            [
              88.332672,
              22.714388
            ]
          ]
        ]
      },
      "properties": {
        "ulpin": "191471433327",
        "osm_id": 357407703,
        "state": "West Bengal",
        "state_code": "19",
        "district": "Hooghly (\u09b9\u09c1\u0997\u09b2\u09c0)",
        "district_code": "12",
        "district_lgd": 314,
        "subdivision": "Srirampore (\u09b6\u09cd\u09b0\u09c0\u09b0\u09be\u09ae\u09aa\u09c1\u09b0)",
        "municipality": "Rishra Municipality (\u09b0\u09bf\u09b7\u09dc\u09be \u09aa\u09cc\u09b0\u09b8\u09ad\u09be)",
        "ward_no": 17,
        "mouza_name": "Morepukur",
        "mouza_name_bn": "\u09ae\u09cb\u09dc\u09c7\u09aa\u09c1\u0995\u09c1\u09b0",
        "jl_no": 13,
        "khasra_no": "387",
        "dag_no": 387,
        "khatian_no": 487,
        "owner_name": "Debabrata Banerjee & Animesh Banerjee",
        "owner_name_bn": "\u09aa\u09c8\u09a4\u09c3\u0995 \u09b0\u09be\u09af\u09bc\u09a4",
        "ownership_type": "Private Hereditary",
        "land_classification": "\u09ac\u09be\u09b8\u09cd\u09a4\u09c1 (Bastu)",
        "legal_area_sqm": 79.21,
        "gis_area_sqm": 77.81,
        "physical_area_sqm": 77.81,
        "area_discrepancy_pct": 1.77,
        "area_bengali": "0 \u09ac\u09bf\u0998\u09be 1 \u0995\u09be\u09a0\u09be 2.9 \u099b\u099f\u09be\u0995",
        "area_english": "0 Bigha 1 Katha 2.9 Chhatak",
        "status": "ADJUDICATED",
        "cors_datum": "Survey of India KOL1 (Kolkata) CORS Station",
        "target_crs": "EPSG:7755 / EPSG:4326",
        "survey_source": "OpenStreetMap Real Building Footprints + Banglarbhumi RoR",
        "confidence_semi_major_m": 0.045,
        "confidence_semi_minor_m": 0.03
      }
    },
    {
      "type": "Feature",
      "id": "rishra-dag-388",
      "geometry": {
        "type": "Polygon",
        "coordinates": [
          [
            [
              88.336031,
              22.709176
            ],
            [
              88.336149,
              22.709124
            ],
            [
              88.336115,
              22.709059
            ],
            [
              88.335997,
              22.709112
            ],
            [
              88.336031,
              22.709176
            ]
          ]
        ]
      },
      "properties": {
        "ulpin": "191470913360",
        "osm_id": 357407705,
        "state": "West Bengal",
        "state_code": "19",
        "district": "Hooghly (\u09b9\u09c1\u0997\u09b2\u09c0)",
        "district_code": "12",
        "district_lgd": 314,
        "subdivision": "Srirampore (\u09b6\u09cd\u09b0\u09c0\u09b0\u09be\u09ae\u09aa\u09c1\u09b0)",
        "municipality": "Rishra Municipality (\u09b0\u09bf\u09b7\u09dc\u09be \u09aa\u09cc\u09b0\u09b8\u09ad\u09be)",
        "ward_no": 21,
        "mouza_name": "Mahesh",
        "mouza_name_bn": "\u09ae\u09be\u09b9\u09c7\u09b6",
        "jl_no": 15,
        "khasra_no": "388",
        "dag_no": 388,
        "khatian_no": 488,
        "owner_name": "Shyamal Kanti Ghosh",
        "owner_name_bn": "\u09ac\u09cd\u09af\u0995\u09cd\u09a4\u09bf\u0997\u09a4 \u09ac\u09be\u09b8\u09cd\u09a4\u09c1",
        "ownership_type": "Private Homestead",
        "land_classification": "\u09ac\u09be\u09b8\u09cd\u09a4\u09c1 (Bastu)",
        "legal_area_sqm": 105.74,
        "gis_area_sqm": 106.7,
        "physical_area_sqm": 106.7,
        "area_discrepancy_pct": 0.91,
        "area_bengali": "0 \u09ac\u09bf\u0998\u09be 1 \u0995\u09be\u09a0\u09be 9.3 \u099b\u099f\u09be\u0995",
        "area_english": "0 Bigha 1 Katha 9.3 Chhatak",
        "status": "VERIFIED",
        "cors_datum": "Survey of India KOL1 (Kolkata) CORS Station",
        "target_crs": "EPSG:7755 / EPSG:4326",
        "survey_source": "OpenStreetMap Real Building Footprints + Banglarbhumi RoR",
        "confidence_semi_major_m": 0.045,
        "confidence_semi_minor_m": 0.03
      }
    },
    {
      "type": "Feature",
      "id": "rishra-dag-389",
      "geometry": {
        "type": "Polygon",
        "coordinates": [
          [
            [
              88.337409,
              22.714767
            ],
            [
              88.337493,
              22.714748
            ],
            [
              88.337468,
              22.714652
            ],
            [
              88.337384,
              22.714671
            ],
            [
              88.337409,
              22.714767
            ]
          ]
        ]
      },
      "properties": {
        "ulpin": "191471473374",
        "osm_id": 357407707,
        "state": "West Bengal",
        "state_code": "19",
        "district": "Hooghly (\u09b9\u09c1\u0997\u09b2\u09c0)",
        "district_code": "12",
        "district_lgd": 314,
        "subdivision": "Srirampore (\u09b6\u09cd\u09b0\u09c0\u09b0\u09be\u09ae\u09aa\u09c1\u09b0)",
        "municipality": "Rishra Municipality (\u09b0\u09bf\u09b7\u09dc\u09be \u09aa\u09cc\u09b0\u09b8\u09ad\u09be)",
        "ward_no": 1,
        "mouza_name": "Rishra",
        "mouza_name_bn": "\u09b0\u09bf\u09b7\u09dc\u09be",
        "jl_no": 12,
        "khasra_no": "389",
        "dag_no": 389,
        "khatian_no": 489,
        "owner_name": "Lakshmi Rani Mondal",
        "owner_name_bn": "\u09ac\u09cd\u09af\u0995\u09cd\u09a4\u09bf\u0997\u09a4 \u09ac\u09be\u09b8\u09cd\u09a4\u09c1",
        "ownership_type": "Private Homestead",
        "land_classification": "\u09ac\u09be\u09b8\u09cd\u09a4\u09c1 (Bastu)",
        "legal_area_sqm": 97.36,
        "gis_area_sqm": 96.97,
        "physical_area_sqm": 96.97,
        "area_discrepancy_pct": 0.4,
        "area_bengali": "0 \u09ac\u09bf\u0998\u09be 1 \u0995\u09be\u09a0\u09be 7.3 \u099b\u099f\u09be\u0995",
        "area_english": "0 Bigha 1 Katha 7.3 Chhatak",
        "status": "VERIFIED",
        "cors_datum": "Survey of India KOL1 (Kolkata) CORS Station",
        "target_crs": "EPSG:7755 / EPSG:4326",
        "survey_source": "OpenStreetMap Real Building Footprints + Banglarbhumi RoR",
        "confidence_semi_major_m": 0.045,
        "confidence_semi_minor_m": 0.03
      }
    },
    {
      "type": "Feature",
      "id": "rishra-dag-390",
      "geometry": {
        "type": "Polygon",
        "coordinates": [
          [
            [
              88.336428,
              22.709531
            ],
            [
              88.336527,
              22.709485
            ],
            [
              88.336474,
              22.709388
            ],
            [
              88.336376,
              22.709433
            ],
            [
              88.336428,
              22.709531
            ]
          ]
        ]
      },
      "properties": {
        "ulpin": "191470943364",
        "osm_id": 357407709,
        "state": "West Bengal",
        "state_code": "19",
        "district": "Hooghly (\u09b9\u09c1\u0997\u09b2\u09c0)",
        "district_code": "12",
        "district_lgd": 314,
        "subdivision": "Srirampore (\u09b6\u09cd\u09b0\u09c0\u09b0\u09be\u09ae\u09aa\u09c1\u09b0)",
        "municipality": "Rishra Municipality (\u09b0\u09bf\u09b7\u09dc\u09be \u09aa\u09cc\u09b0\u09b8\u09ad\u09be)",
        "ward_no": 14,
        "mouza_name": "Morepukur",
        "mouza_name_bn": "\u09ae\u09cb\u09dc\u09c7\u09aa\u09c1\u0995\u09c1\u09b0",
        "jl_no": 13,
        "khasra_no": "390",
        "dag_no": 390,
        "khatian_no": 490,
        "owner_name": "Soumen Chatterjee & Bratati Chatterjee",
        "owner_name_bn": "\u09af\u09cc\u09a5 \u0996\u09a4\u09bf\u09af\u09bc\u09be\u09a8",
        "ownership_type": "Joint Ownership",
        "land_classification": "\u09ac\u09be\u09b8\u09cd\u09a4\u09c1 (Bastu)",
        "legal_area_sqm": 138.51,
        "gis_area_sqm": 136.19,
        "physical_area_sqm": 136.19,
        "area_discrepancy_pct": 1.67,
        "area_bengali": "0 \u09ac\u09bf\u0998\u09be 2 \u0995\u09be\u09a0\u09be 1.1 \u099b\u099f\u09be\u0995",
        "area_english": "0 Bigha 2 Katha 1.1 Chhatak",
        "status": "ADJUDICATED",
        "cors_datum": "Survey of India KOL1 (Kolkata) CORS Station",
        "target_crs": "EPSG:7755 / EPSG:4326",
        "survey_source": "OpenStreetMap Real Building Footprints + Banglarbhumi RoR",
        "confidence_semi_major_m": 0.045,
        "confidence_semi_minor_m": 0.03
      }
    },
    {
      "type": "Feature",
      "id": "rishra-dag-391",
      "geometry": {
        "type": "Polygon",
        "coordinates": [
          [
            [
              88.336275,
              22.712502
            ],
            [
              88.33635,
              22.712486
            ],
            [
              88.336328,
              22.712399
            ],
            [
              88.336252,
              22.712415
            ],
            [
              88.336275,
              22.712502
            ]
          ]
        ]
      },
      "properties": {
        "ulpin": "191471243362",
        "osm_id": 357407710,
        "state": "West Bengal",
        "state_code": "19",
        "district": "Hooghly (\u09b9\u09c1\u0997\u09b2\u09c0)",
        "district_code": "12",
        "district_lgd": 314,
        "subdivision": "Srirampore (\u09b6\u09cd\u09b0\u09c0\u09b0\u09be\u09ae\u09aa\u09c1\u09b0)",
        "municipality": "Rishra Municipality (\u09b0\u09bf\u09b7\u09dc\u09be \u09aa\u09cc\u09b0\u09b8\u09ad\u09be)",
        "ward_no": 19,
        "mouza_name": "Mahesh",
        "mouza_name_bn": "\u09ae\u09be\u09b9\u09c7\u09b6",
        "jl_no": 15,
        "khasra_no": "391",
        "dag_no": 391,
        "khatian_no": 491,
        "owner_name": "Subir Kumar Sen & Sons",
        "owner_name_bn": "\u09ac\u09be\u09a3\u09bf\u099c\u09cd\u09af\u09bf\u0995 \u09a6\u09cb\u0995\u09be\u09a8",
        "ownership_type": "Commercial Shopkeeper",
        "land_classification": "\u09a1\u09be\u0999\u09cd\u0997\u09be (Danga)",
        "legal_area_sqm": 77.89,
        "gis_area_sqm": 78.68,
        "physical_area_sqm": 78.68,
        "area_discrepancy_pct": 1.01,
        "area_bengali": "0 \u09ac\u09bf\u0998\u09be 1 \u0995\u09be\u09a0\u09be 2.6 \u099b\u099f\u09be\u0995",
        "area_english": "0 Bigha 1 Katha 2.6 Chhatak",
        "status": "VERIFIED",
        "cors_datum": "Survey of India KOL1 (Kolkata) CORS Station",
        "target_crs": "EPSG:7755 / EPSG:4326",
        "survey_source": "OpenStreetMap Real Building Footprints + Banglarbhumi RoR",
        "confidence_semi_major_m": 0.045,
        "confidence_semi_minor_m": 0.03
      }
    },
    {
      "type": "Feature",
      "id": "rishra-dag-392",
      "geometry": {
        "type": "Polygon",
        "coordinates": [
          [
            [
              88.337878,
              22.709962
            ],
            [
              88.337974,
              22.70994
            ],
            [
              88.337944,
              22.709831
            ],
            [
              88.337849,
              22.709853
            ],
            [
              88.337878,
              22.709962
            ]
          ]
        ]
      },
      "properties": {
        "ulpin": "191470993379",
        "osm_id": 357407712,
        "state": "West Bengal",
        "state_code": "19",
        "district": "Hooghly (\u09b9\u09c1\u0997\u09b2\u09c0)",
        "district_code": "12",
        "district_lgd": 314,
        "subdivision": "Srirampore (\u09b6\u09cd\u09b0\u09c0\u09b0\u09be\u09ae\u09aa\u09c1\u09b0)",
        "municipality": "Rishra Municipality (\u09b0\u09bf\u09b7\u09dc\u09be \u09aa\u09cc\u09b0\u09b8\u09ad\u09be)",
        "ward_no": 4,
        "mouza_name": "Rishra",
        "mouza_name_bn": "\u09b0\u09bf\u09b7\u09dc\u09be",
        "jl_no": 12,
        "khasra_no": "392",
        "dag_no": 392,
        "khatian_no": 492,
        "owner_name": "Ramakrishna Mission Vivekananda Sevashram",
        "owner_name_bn": "\u09b8\u09c7\u09ac\u09be\u09b6\u09cd\u09b0\u09ae \u099f\u09cd\u09b0\u09be\u09b8\u09cd\u099f",
        "ownership_type": "Institutional Charitable",
        "land_classification": "\u09ac\u09be\u09b8\u09cd\u09a4\u09c1 (Bastu)",
        "legal_area_sqm": 125.96,
        "gis_area_sqm": 125.58,
        "physical_area_sqm": 125.58,
        "area_discrepancy_pct": 0.3,
        "area_bengali": "0 \u09ac\u09bf\u0998\u09be 1 \u0995\u09be\u09a0\u09be 14.1 \u099b\u099f\u09be\u0995",
        "area_english": "0 Bigha 1 Katha 14.1 Chhatak",
        "status": "VERIFIED",
        "cors_datum": "Survey of India KOL1 (Kolkata) CORS Station",
        "target_crs": "EPSG:7755 / EPSG:4326",
        "survey_source": "OpenStreetMap Real Building Footprints + Banglarbhumi RoR",
        "confidence_semi_major_m": 0.045,
        "confidence_semi_minor_m": 0.03
      }
    },
    {
      "type": "Feature",
      "id": "rishra-dag-393",
      "geometry": {
        "type": "Polygon",
        "coordinates": [
          [
            [
              88.334207,
              22.709462
            ],
            [
              88.334303,
              22.709452
            ],
            [
              88.334291,
              22.709359
            ],
            [
              88.334196,
              22.709369
            ],
            [
              88.334207,
              22.709462
            ]
          ]
        ]
      },
      "properties": {
        "ulpin": "191470943342",
        "osm_id": 357407714,
        "state": "West Bengal",
        "state_code": "19",
        "district": "Hooghly (\u09b9\u09c1\u0997\u09b2\u09c0)",
        "district_code": "12",
        "district_lgd": 314,
        "subdivision": "Srirampore (\u09b6\u09cd\u09b0\u09c0\u09b0\u09be\u09ae\u09aa\u09c1\u09b0)",
        "municipality": "Rishra Municipality (\u09b0\u09bf\u09b7\u09dc\u09be \u09aa\u09cc\u09b0\u09b8\u09ad\u09be)",
        "ward_no": 17,
        "mouza_name": "Morepukur",
        "mouza_name_bn": "\u09ae\u09cb\u09dc\u09c7\u09aa\u09c1\u0995\u09c1\u09b0",
        "jl_no": 13,
        "khasra_no": "393",
        "dag_no": 393,
        "khatian_no": 493,
        "owner_name": "St. Thomas Church Parish Committee",
        "owner_name_bn": "\u09a7\u09b0\u09cd\u09ae\u09c0\u09af\u09bc \u099f\u09cd\u09b0\u09be\u09b8\u09cd\u099f",
        "ownership_type": "Religious Institutional",
        "land_classification": "\u09ac\u09be\u09b8\u09cd\u09a4\u09c1 (Bastu)",
        "legal_area_sqm": 103.79,
        "gis_area_sqm": 102.16,
        "physical_area_sqm": 102.16,
        "area_discrepancy_pct": 1.57,
        "area_bengali": "0 \u09ac\u09bf\u0998\u09be 1 \u0995\u09be\u09a0\u09be 8.8 \u099b\u099f\u09be\u0995",
        "area_english": "0 Bigha 1 Katha 8.8 Chhatak",
        "status": "ADJUDICATED",
        "cors_datum": "Survey of India KOL1 (Kolkata) CORS Station",
        "target_crs": "EPSG:7755 / EPSG:4326",
        "survey_source": "OpenStreetMap Real Building Footprints + Banglarbhumi RoR",
        "confidence_semi_major_m": 0.045,
        "confidence_semi_minor_m": 0.03
      }
    },
    {
      "type": "Feature",
      "id": "rishra-dag-394",
      "geometry": {
        "type": "Polygon",
        "coordinates": [
          [
            [
              88.340393,
              22.713514
            ],
            [
              88.34047,
              22.713504
            ],
            [
              88.340444,
              22.713336
            ],
            [
              88.340367,
              22.713346
            ],
            [
              88.340393,
              22.713514
            ]
          ]
        ]
      },
      "properties": {
        "ulpin": "191471343404",
        "osm_id": 357407716,
        "state": "West Bengal",
        "state_code": "19",
        "district": "Hooghly (\u09b9\u09c1\u0997\u09b2\u09c0)",
        "district_code": "12",
        "district_lgd": 314,
        "subdivision": "Srirampore (\u09b6\u09cd\u09b0\u09c0\u09b0\u09be\u09ae\u09aa\u09c1\u09b0)",
        "municipality": "Rishra Municipality (\u09b0\u09bf\u09b7\u09dc\u09be \u09aa\u09cc\u09b0\u09b8\u09ad\u09be)",
        "ward_no": 22,
        "mouza_name": "Mahesh",
        "mouza_name_bn": "\u09ae\u09be\u09b9\u09c7\u09b6",
        "jl_no": 15,
        "khasra_no": "394",
        "dag_no": 394,
        "khatian_no": 494,
        "owner_name": "Bikash Ranjan Roy & Brothers",
        "owner_name_bn": "\u0995\u09c3\u09b7\u09bf \u09b0\u09be\u09af\u09bc\u09a4",
        "ownership_type": "Agricultural Ryot",
        "land_classification": "\u09a7\u09be\u09a8\u09c0 (Dhani)",
        "legal_area_sqm": 148.2,
        "gis_area_sqm": 149.85,
        "physical_area_sqm": 149.85,
        "area_discrepancy_pct": 1.11,
        "area_bengali": "0 \u09ac\u09bf\u0998\u09be 2 \u0995\u09be\u09a0\u09be 3.4 \u099b\u099f\u09be\u0995",
        "area_english": "0 Bigha 2 Katha 3.4 Chhatak",
        "status": "VERIFIED",
        "cors_datum": "Survey of India KOL1 (Kolkata) CORS Station",
        "target_crs": "EPSG:7755 / EPSG:4326",
        "survey_source": "OpenStreetMap Real Building Footprints + Banglarbhumi RoR",
        "confidence_semi_major_m": 0.045,
        "confidence_semi_minor_m": 0.03
      }
    },
    {
      "type": "Feature",
      "id": "rishra-dag-395",
      "geometry": {
        "type": "Polygon",
        "coordinates": [
          [
            [
              88.334151,
              22.712468
            ],
            [
              88.334244,
              22.712465
            ],
            [
              88.334241,
              22.712399
            ],
            [
              88.334148,
              22.712402
            ],
            [
              88.334151,
              22.712468
            ]
          ]
        ]
      },
      "properties": {
        "ulpin": "191471243341",
        "osm_id": 357407718,
        "state": "West Bengal",
        "state_code": "19",
        "district": "Hooghly (\u09b9\u09c1\u0997\u09b2\u09c0)",
        "district_code": "12",
        "district_lgd": 314,
        "subdivision": "Srirampore (\u09b6\u09cd\u09b0\u09c0\u09b0\u09be\u09ae\u09aa\u09c1\u09b0)",
        "municipality": "Rishra Municipality (\u09b0\u09bf\u09b7\u09dc\u09be \u09aa\u09cc\u09b0\u09b8\u09ad\u09be)",
        "ward_no": 7,
        "mouza_name": "Rishra",
        "mouza_name_bn": "\u09b0\u09bf\u09b7\u09dc\u09be",
        "jl_no": 12,
        "khasra_no": "395",
        "dag_no": 395,
        "khatian_no": 495,
        "owner_name": "Aditya Birla Nuvo / Jayshree Textiles Ltd",
        "owner_name_bn": "\u0995\u09b0\u09cd\u09aa\u09cb\u09b0\u09c7\u099f \u09b6\u09bf\u09b2\u09cd\u09aa",
        "ownership_type": "Corporate Industrial",
        "land_classification": "\u0995\u09b2\u0995\u09be\u09b0\u0996\u09be\u09a8\u09be (Karkhana)",
        "legal_area_sqm": 69.94,
        "gis_area_sqm": 69.8,
        "physical_area_sqm": 69.8,
        "area_discrepancy_pct": 0.2,
        "area_bengali": "0 \u09ac\u09bf\u0998\u09be 1 \u0995\u09be\u09a0\u09be 0.7 \u099b\u099f\u09be\u0995",
        "area_english": "0 Bigha 1 Katha 0.7 Chhatak",
        "status": "VERIFIED",
        "cors_datum": "Survey of India KOL1 (Kolkata) CORS Station",
        "target_crs": "EPSG:7755 / EPSG:4326",
        "survey_source": "OpenStreetMap Real Building Footprints + Banglarbhumi RoR",
        "confidence_semi_major_m": 0.045,
        "confidence_semi_minor_m": 0.03
      }
    },
    {
      "type": "Feature",
      "id": "rishra-dag-396",
      "geometry": {
        "type": "Polygon",
        "coordinates": [
          [
            [
              88.334101,
              22.71464
            ],
            [
              88.334164,
              22.714547
            ],
            [
              88.334103,
              22.714512
            ],
            [
              88.33404,
              22.714605
            ],
            [
              88.334101,
              22.71464
            ]
          ]
        ]
      },
      "properties": {
        "ulpin": "191471453341",
        "osm_id": 357407720,
        "state": "West Bengal",
        "state_code": "19",
        "district": "Hooghly (\u09b9\u09c1\u0997\u09b2\u09c0)",
        "district_code": "12",
        "district_lgd": 314,
        "subdivision": "Srirampore (\u09b6\u09cd\u09b0\u09c0\u09b0\u09be\u09ae\u09aa\u09c1\u09b0)",
        "municipality": "Rishra Municipality (\u09b0\u09bf\u09b7\u09dc\u09be \u09aa\u09cc\u09b0\u09b8\u09ad\u09be)",
        "ward_no": 14,
        "mouza_name": "Morepukur",
        "mouza_name_bn": "\u09ae\u09cb\u09dc\u09c7\u09aa\u09c1\u0995\u09c1\u09b0",
        "jl_no": 13,
        "khasra_no": "396",
        "dag_no": 396,
        "khatian_no": 496,
        "owner_name": "Hastings Jute Mill Estate (Vested)",
        "owner_name_bn": "\u099a\u099f\u0995\u09b2 \u098f\u09b8\u09cd\u099f\u09c7\u099f",
        "ownership_type": "Industrial Leasehold",
        "land_classification": "\u0995\u09b2\u0995\u09be\u09b0\u0996\u09be\u09a8\u09be (Karkhana)",
        "legal_area_sqm": 90.8,
        "gis_area_sqm": 89.46,
        "physical_area_sqm": 89.46,
        "area_discrepancy_pct": 1.48,
        "area_bengali": "0 \u09ac\u09bf\u0998\u09be 1 \u0995\u09be\u09a0\u09be 5.7 \u099b\u099f\u09be\u0995",
        "area_english": "0 Bigha 1 Katha 5.7 Chhatak",
        "status": "VERIFIED",
        "cors_datum": "Survey of India KOL1 (Kolkata) CORS Station",
        "target_crs": "EPSG:7755 / EPSG:4326",
        "survey_source": "OpenStreetMap Real Building Footprints + Banglarbhumi RoR",
        "confidence_semi_major_m": 0.045,
        "confidence_semi_minor_m": 0.03
      }
    },
    {
      "type": "Feature",
      "id": "rishra-dag-397",
      "geometry": {
        "type": "Polygon",
        "coordinates": [
          [
            [
              88.3374,
              22.709907
            ],
            [
              88.337531,
              22.709873
            ],
            [
              88.337503,
              22.709777
            ],
            [
              88.337371,
              22.70981
            ],
            [
              88.3374,
              22.709907
            ]
          ]
        ]
      },
      "properties": {
        "ulpin": "191470983374",
        "osm_id": 357407722,
        "state": "West Bengal",
        "state_code": "19",
        "district": "Hooghly (\u09b9\u09c1\u0997\u09b2\u09c0)",
        "district_code": "12",
        "district_lgd": 314,
        "subdivision": "Srirampore (\u09b6\u09cd\u09b0\u09c0\u09b0\u09be\u09ae\u09aa\u09c1\u09b0)",
        "municipality": "Rishra Municipality (\u09b0\u09bf\u09b7\u09dc\u09be \u09aa\u09cc\u09b0\u09b8\u09ad\u09be)",
        "ward_no": 20,
        "mouza_name": "Mahesh",
        "mouza_name_bn": "\u09ae\u09be\u09b9\u09c7\u09b6",
        "jl_no": 15,
        "khasra_no": "397",
        "dag_no": 397,
        "khatian_no": 497,
        "owner_name": "Rishra Municipality (Chairman / Civic Body)",
        "owner_name_bn": "\u09b0\u09bf\u09b7\u09dc\u09be \u09aa\u09cc\u09b0\u09b8\u09ad\u09be",
        "ownership_type": "Municipal Civic Asset",
        "land_classification": "\u09b8\u09b0\u0995\u09be\u09b0\u09bf \u0996\u09be\u09b8 (Sarkari Khas)",
        "legal_area_sqm": 153.08,
        "gis_area_sqm": 154.94,
        "physical_area_sqm": 154.94,
        "area_discrepancy_pct": 1.22,
        "area_bengali": "0 \u09ac\u09bf\u0998\u09be 2 \u0995\u09be\u09a0\u09be 4.6 \u099b\u099f\u09be\u0995",
        "area_english": "0 Bigha 2 Katha 4.6 Chhatak",
        "status": "VERIFIED",
        "cors_datum": "Survey of India KOL1 (Kolkata) CORS Station",
        "target_crs": "EPSG:7755 / EPSG:4326",
        "survey_source": "OpenStreetMap Real Building Footprints + Banglarbhumi RoR",
        "confidence_semi_major_m": 0.045,
        "confidence_semi_minor_m": 0.03
      }
    },
    {
      "type": "Feature",
      "id": "rishra-dag-398",
      "geometry": {
        "type": "Polygon",
        "coordinates": [
          [
            [
              88.33088,
              22.714746
            ],
            [
              88.330972,
              22.714762
            ],
            [
              88.331028,
              22.714505
            ],
            [
              88.330936,
              22.714488
            ],
            [
              88.33088,
              22.714746
            ]
          ]
        ]
      },
      "properties": {
        "ulpin": "191471463309",
        "osm_id": 357407724,
        "state": "West Bengal",
        "state_code": "19",
        "district": "Hooghly (\u09b9\u09c1\u0997\u09b2\u09c0)",
        "district_code": "12",
        "district_lgd": 314,
        "subdivision": "Srirampore (\u09b6\u09cd\u09b0\u09c0\u09b0\u09be\u09ae\u09aa\u09c1\u09b0)",
        "municipality": "Rishra Municipality (\u09b0\u09bf\u09b7\u09dc\u09be \u09aa\u09cc\u09b0\u09b8\u09ad\u09be)",
        "ward_no": 10,
        "mouza_name": "Rishra",
        "mouza_name_bn": "\u09b0\u09bf\u09b7\u09dc\u09be",
        "jl_no": 12,
        "khasra_no": "398",
        "dag_no": 398,
        "khatian_no": 498,
        "owner_name": "Eastern Railway Administration (Howrah Div)",
        "owner_name_bn": "\u09aa\u09c2\u09b0\u09cd\u09ac \u09b0\u09c7\u09b2\u0993\u09af\u09bc\u09c7",
        "ownership_type": "Central Govt Infrastructure",
        "land_classification": "\u09b8\u09b0\u0995\u09be\u09b0\u09bf \u0996\u09be\u09b8 (Sarkari Khas)",
        "legal_area_sqm": 279.79,
        "gis_area_sqm": 279.51,
        "physical_area_sqm": 279.51,
        "area_discrepancy_pct": 0.1,
        "area_bengali": "0 \u09ac\u09bf\u0998\u09be 4 \u0995\u09be\u09a0\u09be 2.9 \u099b\u099f\u09be\u0995",
        "area_english": "0 Bigha 4 Katha 2.9 Chhatak",
        "status": "VERIFIED",
        "cors_datum": "Survey of India KOL1 (Kolkata) CORS Station",
        "target_crs": "EPSG:7755 / EPSG:4326",
        "survey_source": "OpenStreetMap Real Building Footprints + Banglarbhumi RoR",
        "confidence_semi_major_m": 0.045,
        "confidence_semi_minor_m": 0.03
      }
    },
    {
      "type": "Feature",
      "id": "rishra-dag-399",
      "geometry": {
        "type": "Polygon",
        "coordinates": [
          [
            [
              88.333354,
              22.711624
            ],
            [
              88.333417,
              22.711607
            ],
            [
              88.333399,
              22.711547
            ],
            [
              88.333335,
              22.711563
            ],
            [
              88.333354,
              22.711624
            ]
          ]
        ]
      },
      "properties": {
        "ulpin": "191471153333",
        "osm_id": 357407726,
        "state": "West Bengal",
        "state_code": "19",
        "district": "Hooghly (\u09b9\u09c1\u0997\u09b2\u09c0)",
        "district_code": "12",
        "district_lgd": 314,
        "subdivision": "Srirampore (\u09b6\u09cd\u09b0\u09c0\u09b0\u09be\u09ae\u09aa\u09c1\u09b0)",
        "municipality": "Rishra Municipality (\u09b0\u09bf\u09b7\u09dc\u09be \u09aa\u09cc\u09b0\u09b8\u09ad\u09be)",
        "ward_no": 17,
        "mouza_name": "Morepukur",
        "mouza_name_bn": "\u09ae\u09cb\u09dc\u09c7\u09aa\u09c1\u0995\u09c1\u09b0",
        "jl_no": 13,
        "khasra_no": "399",
        "dag_no": 399,
        "khatian_no": 499,
        "owner_name": "PWD Roads Directorate, Govt of West Bengal",
        "owner_name_bn": "\u09aa\u09c2\u09b0\u09cd\u09a4 \u09a6\u09aa\u09cd\u09a4\u09b0",
        "ownership_type": "State Highway Department",
        "land_classification": "\u09b8\u09b0\u0995\u09be\u09b0\u09bf \u0996\u09be\u09b8 (Sarkari Khas)",
        "legal_area_sqm": 47.76,
        "gis_area_sqm": 47.1,
        "physical_area_sqm": 47.1,
        "area_discrepancy_pct": 1.38,
        "area_bengali": "0 \u09ac\u09bf\u0998\u09be 0 \u0995\u09be\u09a0\u09be 11.4 \u099b\u099f\u09be\u0995",
        "area_english": "0 Bigha 0 Katha 11.4 Chhatak",
        "status": "VERIFIED",
        "cors_datum": "Survey of India KOL1 (Kolkata) CORS Station",
        "target_crs": "EPSG:7755 / EPSG:4326",
        "survey_source": "OpenStreetMap Real Building Footprints + Banglarbhumi RoR",
        "confidence_semi_major_m": 0.045,
        "confidence_semi_minor_m": 0.03
      }
    },
    {
      "type": "Feature",
      "id": "rishra-dag-400",
      "geometry": {
        "type": "Polygon",
        "coordinates": [
          [
            [
              88.33456,
              22.7104
            ],
            [
              88.334634,
              22.710387
            ],
            [
              88.334613,
              22.71028
            ],
            [
              88.33454,
              22.710292
            ],
            [
              88.33456,
              22.7104
            ]
          ]
        ]
      },
      "properties": {
        "ulpin": "191471033345",
        "osm_id": 357407728,
        "state": "West Bengal",
        "state_code": "19",
        "district": "Hooghly (\u09b9\u09c1\u0997\u09b2\u09c0)",
        "district_code": "12",
        "district_lgd": 314,
        "subdivision": "Srirampore (\u09b6\u09cd\u09b0\u09c0\u09b0\u09be\u09ae\u09aa\u09c1\u09b0)",
        "municipality": "Rishra Municipality (\u09b0\u09bf\u09b7\u09dc\u09be \u09aa\u09cc\u09b0\u09b8\u09ad\u09be)",
        "ward_no": 23,
        "mouza_name": "Mahesh",
        "mouza_name_bn": "\u09ae\u09be\u09b9\u09c7\u09b6",
        "jl_no": 15,
        "khasra_no": "400",
        "dag_no": 400,
        "khatian_no": 500,
        "owner_name": "Tarapada Mukherjee & Brothers",
        "owner_name_bn": "\u09ac\u09cd\u09af\u0995\u09cd\u09a4\u09bf\u0997\u09a4 \u09b0\u09be\u09af\u09bc\u09a4",
        "ownership_type": "Private Freehold",
        "land_classification": "\u09ac\u09be\u09b8\u09cd\u09a4\u09c1 (Bastu)",
        "legal_area_sqm": 91.43,
        "gis_area_sqm": 92.63,
        "physical_area_sqm": 92.63,
        "area_discrepancy_pct": 1.31,
        "area_bengali": "0 \u09ac\u09bf\u0998\u09be 1 \u0995\u09be\u09a0\u09be 5.9 \u099b\u099f\u09be\u0995",
        "area_english": "0 Bigha 1 Katha 5.9 Chhatak",
        "status": "VERIFIED",
        "cors_datum": "Survey of India KOL1 (Kolkata) CORS Station",
        "target_crs": "EPSG:7755 / EPSG:4326",
        "survey_source": "OpenStreetMap Real Building Footprints + Banglarbhumi RoR",
        "confidence_semi_major_m": 0.045,
        "confidence_semi_minor_m": 0.03
      }
    }
  ]
}