{
  "type": "FeatureCollection",
  "name": "West_Medinipur_Real_Infrastructure",
  "features": [
    {
      "type": "Feature",
      "id": "pmed-node-1324606018",
      "geometry": {
        "type": "Point",
        "coordinates": [
          87.3076852,
          22.425139
        ]
      },
      "properties": {
        "osm_id": 1324606018,
        "name": "Midnapore",
        "amenity": "station",
        "infrastructure_type": "Civic / Transit Node",
        "district": "Paschim Medinipur",
        "state": "West Bengal"
      }
    },
    {
      "type": "Feature",
      "id": "pmed-node-1467951643",
      "geometry": {
        "type": "Point",
        "coordinates": [
          87.3035662,
          22.3410222
        ]
      },
      "properties": {
        "osm_id": 1467951643,
        "name": "TB HOSPITAL",
        "amenity": "hospital",
        "infrastructure_type": "Civic / Transit Node",
        "district": "Paschim Medinipur",
        "state": "West Bengal"
      }
    },
    {
      "type": "Feature",
      "id": "pmed-node-1467952239",
      "geometry": {
        "type": "Point",
        "coordinates": [
          87.3069565,
          22.3409156
        ]
      },
      "properties": {
        "osm_id": 1467952239,
        "name": "Girimaidan",
        "amenity": "station",
        "infrastructure_type": "Civic / Transit Node",
        "district": "Paschim Medinipur",
        "state": "West Bengal"
      }
    },
    {
      "type": "Feature",
      "id": "pmed-node-1467963927",
      "geometry": {
        "type": "Point",
        "coordinates": [
          87.292097,
          22.3443168
        ]
      },
      "properties": {
        "osm_id": 1467963927,
        "name": "Andhra Bank",
        "amenity": "bank",
        "infrastructure_type": "Civic / Transit Node",
        "district": "Paschim Medinipur",
        "state": "West Bengal"
      }
    },
    {
      "type": "Feature",
      "id": "pmed-node-1467964059",
      "geometry": {
        "type": "Point",
        "coordinates": [
          87.2912602,
          22.3446244
        ]
      },
      "properties": {
        "osm_id": 1467964059,
        "name": "HDFC Bank",
        "amenity": "bank",
        "infrastructure_type": "Civic / Transit Node",
        "district": "Paschim Medinipur",
        "state": "West Bengal"
      }
    },
    {
      "type": "Feature",
      "id": "pmed-node-1467964424",
      "geometry": {
        "type": "Point",
        "coordinates": [
          87.2933416,
          22.3446691
        ]
      },
      "properties": {
        "osm_id": 1467964424,
        "name": "IDBI Bank",
        "amenity": "bank",
        "infrastructure_type": "Civic / Transit Node",
        "district": "Paschim Medinipur",
        "state": "West Bengal"
      }
    },
    {
      "type": "Feature",
      "id": "pmed-node-1467964812",
      "geometry": {
        "type": "Point",
        "coordinates": [
          87.2937976,
          22.344674
        ]
      },
      "properties": {
        "osm_id": 1467964812,
        "name": "Axis Bank",
        "amenity": "bank",
        "infrastructure_type": "Civic / Transit Node",
        "district": "Paschim Medinipur",
        "state": "West Bengal"
      }
    },
    {
      "type": "Feature",
      "id": "pmed-node-1467964898",
      "geometry": {
        "type": "Point",
        "coordinates": [
          87.2939907,
          22.3443962
        ]
      },
      "properties": {
        "osm_id": 1467964898,
        "name": "State Bank of India",
        "amenity": "bank",
        "infrastructure_type": "Civic / Transit Node",
        "district": "Paschim Medinipur",
        "state": "West Bengal"
      }
    },
    {
      "type": "Feature",
      "id": "pmed-node-1753170163",
      "geometry": {
        "type": "Point",
        "coordinates": [
          87.3218592,
          22.420542
        ]
      },
      "properties": {
        "osm_id": 1753170163,
        "name": "hospital",
        "amenity": "hospital",
        "infrastructure_type": "Civic / Transit Node",
        "district": "Paschim Medinipur",
        "state": "West Bengal"
      }
    },
    {
      "type": "Feature",
      "id": "pmed-node-1936160438",
      "geometry": {
        "type": "Point",
        "coordinates": [
          87.3192605,
          22.4258406
        ]
      },
      "properties": {
        "osm_id": 1936160438,
        "name": "State Bank of India",
        "amenity": "bank",
        "infrastructure_type": "Civic / Transit Node",
        "district": "Paschim Medinipur",
        "state": "West Bengal"
      }
    },
    {
      "type": "Feature",
      "id": "pmed-node-2669094332",
      "geometry": {
        "type": "Point",
        "coordinates": [
          87.3250048,
          22.3399404
        ]
      },
      "properties": {
        "osm_id": 2669094332,
        "name": "Kharagpur Junction",
        "amenity": "station",
        "infrastructure_type": "Civic / Transit Node",
        "district": "Paschim Medinipur",
        "state": "West Bengal"
      }
    },
    {
      "type": "Feature",
      "id": "pmed-node-4273093199",
      "geometry": {
        "type": "Point",
        "coordinates": [
          87.3168923,
          22.3426371
        ]
      },
      "properties": {
        "osm_id": 4273093199,
        "name": "Allahabad Bank",
        "amenity": "bank",
        "infrastructure_type": "Civic / Transit Node",
        "district": "Paschim Medinipur",
        "state": "West Bengal"
      }
    },
    {
      "type": "Feature",
      "id": "pmed-node-4441555790",
      "geometry": {
        "type": "Point",
        "coordinates": [
          87.2938059,
          22.3756681
        ]
      },
      "properties": {
        "osm_id": 4441555790,
        "name": "Gokulpur",
        "amenity": "station",
        "infrastructure_type": "Civic / Transit Node",
        "district": "Paschim Medinipur",
        "state": "West Bengal"
      }
    },
    {
      "type": "Feature",
      "id": "pmed-node-6888415012",
      "geometry": {
        "type": "Point",
        "coordinates": [
          87.314811,
          22.334114
        ]
      },
      "properties": {
        "osm_id": 6888415012,
        "name": "South Eastern Railway Main Hospital Blood Bank, Kharagpur",
        "amenity": "blood_bank",
        "infrastructure_type": "Civic / Transit Node",
        "district": "Paschim Medinipur",
        "state": "West Bengal"
      }
    },
    {
      "type": "Feature",
      "id": "pmed-node-6888415013",
      "geometry": {
        "type": "Point",
        "coordinates": [
          87.3219109,
          22.4205314
        ]
      },
      "properties": {
        "osm_id": 6888415013,
        "name": "Midnapur Medical College and Hospital Blood Bank",
        "amenity": "blood_bank",
        "infrastructure_type": "Civic / Transit Node",
        "district": "Paschim Medinipur",
        "state": "West Bengal"
      }
    },
    {
      "type": "Feature",
      "id": "pmed-node-7048228583",
      "geometry": {
        "type": "Point",
        "coordinates": [
          87.337288,
          22.3316925
        ]
      },
      "properties": {
        "osm_id": 7048228583,
        "name": "Raj Nursing Home and Infertility Centre Pvt.Ltd.",
        "amenity": "hospital",
        "infrastructure_type": "Civic / Transit Node",
        "district": "Paschim Medinipur",
        "state": "West Bengal"
      }
    },
    {
      "type": "Feature",
      "id": "pmed-node-7048230707",
      "geometry": {
        "type": "Point",
        "coordinates": [
          87.3186453,
          22.4246447
        ]
      },
      "properties": {
        "osm_id": 7048230707,
        "name": "Raj Nursing Home and Infertility Center Pvt Ltd",
        "amenity": "hospital",
        "infrastructure_type": "Civic / Transit Node",
        "district": "Paschim Medinipur",
        "state": "West Bengal"
      }
    },
    {
      "type": "Feature",
      "id": "pmed-node-7048472851",
      "geometry": {
        "type": "Point",
        "coordinates": [
          87.3185568,
          22.4226141
        ]
      },
      "properties": {
        "osm_id": 7048472851,
        "name": "Happy Health Home Nursing Home Cum Maternity",
        "amenity": "hospital",
        "infrastructure_type": "Civic / Transit Node",
        "district": "Paschim Medinipur",
        "state": "West Bengal"
      }
    },
    {
      "type": "Feature",
      "id": "pmed-node-7053456073",
      "geometry": {
        "type": "Point",
        "coordinates": [
          87.3185252,
          22.424372
        ]
      },
      "properties": {
        "osm_id": 7053456073,
        "name": "Samanta Eye Care",
        "amenity": "hospital",
        "infrastructure_type": "Civic / Transit Node",
        "district": "Paschim Medinipur",
        "state": "West Bengal"
      }
    },
    {
      "type": "Feature",
      "id": "pmed-node-7062227998",
      "geometry": {
        "type": "Point",
        "coordinates": [
          87.3221281,
          22.4221814
        ]
      },
      "properties": {
        "osm_id": 7062227998,
        "name": "Indian Red Cross Society, Medinipur West",
        "amenity": "hospital",
        "infrastructure_type": "Civic / Transit Node",
        "district": "Paschim Medinipur",
        "state": "West Bengal"
      }
    },
    {
      "type": "Feature",
      "id": "pmed-node-7069043464",
      "geometry": {
        "type": "Point",
        "coordinates": [
          87.3275787,
          22.4239059
        ]
      },
      "properties": {
        "osm_id": 7069043464,
        "name": "N.K.Chatterjee Memorial Maternity Cum Nursing Home",
        "amenity": "hospital",
        "infrastructure_type": "Civic / Transit Node",
        "district": "Paschim Medinipur",
        "state": "West Bengal"
      }
    },
    {
      "type": "Feature",
      "id": "pmed-node-7071466638",
      "geometry": {
        "type": "Point",
        "coordinates": [
          87.2900207,
          22.3442668
        ]
      },
      "properties": {
        "osm_id": 7071466638,
        "name": "Bimal Arogya Niketan",
        "amenity": "hospital",
        "infrastructure_type": "Civic / Transit Node",
        "district": "Paschim Medinipur",
        "state": "West Bengal"
      }
    },
    {
      "type": "Feature",
      "id": "pmed-node-7668176276",
      "geometry": {
        "type": "Point",
        "coordinates": [
          87.3169518,
          22.425858
        ]
      },
      "properties": {
        "osm_id": 7668176276,
        "name": "Midnapore Rotary Eye Hospital",
        "amenity": "hospital",
        "infrastructure_type": "Civic / Transit Node",
        "district": "Paschim Medinipur",
        "state": "West Bengal"
      }
    },
    {
      "type": "Feature",
      "id": "pmed-node-7668176287",
      "geometry": {
        "type": "Point",
        "coordinates": [
          87.340662,
          22.407487
        ]
      },
      "properties": {
        "osm_id": 7668176287,
        "name": "Glocal Hospital",
        "amenity": "hospital",
        "infrastructure_type": "Civic / Transit Node",
        "district": "Paschim Medinipur",
        "state": "West Bengal"
      }
    },
    {
      "type": "Feature",
      "id": "pmed-node-7668176296",
      "geometry": {
        "type": "Point",
        "coordinates": [
          87.3174075,
          22.4200747
        ]
      },
      "properties": {
        "osm_id": 7668176296,
        "name": "Desun Hospital",
        "amenity": "hospital",
        "infrastructure_type": "Civic / Transit Node",
        "district": "Paschim Medinipur",
        "state": "West Bengal"
      }
    },
    {
      "type": "Feature",
      "id": "pmed-node-7668176299",
      "geometry": {
        "type": "Point",
        "coordinates": [
          87.3251239,
          22.4288977
        ]
      },
      "properties": {
        "osm_id": 7668176299,
        "name": "Mahananda Eye Hospital",
        "amenity": "hospital",
        "infrastructure_type": "Civic / Transit Node",
        "district": "Paschim Medinipur",
        "state": "West Bengal"
      }
    },
    {
      "type": "Feature",
      "id": "pmed-node-7668176305",
      "geometry": {
        "type": "Point",
        "coordinates": [
          87.319988,
          22.42121
        ]
      },
      "properties": {
        "osm_id": 7668176305,
        "name": "Nirnoy Hospital",
        "amenity": "hospital",
        "infrastructure_type": "Civic / Transit Node",
        "district": "Paschim Medinipur",
        "state": "West Bengal"
      }
    },
    {
      "type": "Feature",
      "id": "pmed-node-7668176317",
      "geometry": {
        "type": "Point",
        "coordinates": [
          87.321391,
          22.424584
        ]
      },
      "properties": {
        "osm_id": 7668176317,
        "name": "Roy Nursing Home",
        "amenity": "hospital",
        "infrastructure_type": "Civic / Transit Node",
        "district": "Paschim Medinipur",
        "state": "West Bengal"
      }
    },
    {
      "type": "Feature",
      "id": "pmed-node-7668176325",
      "geometry": {
        "type": "Point",
        "coordinates": [
          87.3196524,
          22.4227137
        ]
      },
      "properties": {
        "osm_id": 7668176325,
        "name": "Samanta Eye Care",
        "amenity": "hospital",
        "infrastructure_type": "Civic / Transit Node",
        "district": "Paschim Medinipur",
        "state": "West Bengal"
      }
    },
    {
      "type": "Feature",
      "id": "pmed-node-7668176347",
      "geometry": {
        "type": "Point",
        "coordinates": [
          87.294121,
          22.437616
        ]
      },
      "properties": {
        "osm_id": 7668176347,
        "name": "St. Joseph Hospital",
        "amenity": "hospital",
        "infrastructure_type": "Civic / Transit Node",
        "district": "Paschim Medinipur",
        "state": "West Bengal"
      }
    },
    {
      "type": "Feature",
      "id": "pmed-node-10096069967",
      "geometry": {
        "type": "Point",
        "coordinates": [
          87.3356882,
          22.3543302
        ]
      },
      "properties": {
        "osm_id": 10096069967,
        "name": "Kharagpur College",
        "amenity": "college",
        "infrastructure_type": "Civic / Transit Node",
        "district": "Paschim Medinipur",
        "state": "West Bengal"
      }
    },
    {
      "type": "Feature",
      "id": "pmed-infra-22828360",
      "geometry": {
        "type": "LineString",
        "coordinates": [
          [
            87.326749,
            22.420776
          ],
          [
            87.326836,
            22.420894
          ],
          [
            87.327065,
            22.421085
          ],
          [
            87.327729,
            22.421671
          ],
          [
            87.328077,
            22.421881
          ],
          [
            87.328611,
            22.421971
          ],
          [
            87.329497,
            22.421929
          ],
          [
            87.330359,
            22.42181
          ],
          [
            87.330525,
            22.421787
          ],
          [
            87.332111,
            22.421854
          ],
          [
            87.332392,
            22.421865
          ],
          [
            87.332745,
            22.42188
          ],
          [
            87.333176,
            22.421891
          ],
          [
            87.33336,
            22.421947
          ],
          [
            87.333444,
            22.422065
          ],
          [
            87.333545,
            22.422398
          ],
          [
            87.333646,
            22.423096
          ],
          [
            87.333661,
            22.4232
          ],
          [
            87.333675,
            22.423299
          ],
          [
            87.333755,
            22.423426
          ],
          [
            87.333981,
            22.423555
          ],
          [
            87.334804,
            22.423856
          ],
          [
            87.334881,
            22.423893
          ],
          [
            87.335826,
            22.42434
          ],
          [
            87.336466,
            22.42459
          ],
          [
            87.336639,
            22.424656
          ],
          [
            87.33857,
            22.425411
          ]
        ]
      },
      "properties": {
        "osm_id": 22828360,
        "name": "road",
        "infrastructure_type": "Road",
        "district": "Paschim Medinipur",
        "state": "West Bengal",
        "statutory_authority": "NHAI / PWD / South Eastern Railway / I&WD"
      }
    },
    {
      "type": "Feature",
      "id": "pmed-infra-64669656",
      "geometry": {
        "type": "LineString",
        "coordinates": [
          [
            87.280579,
            22.328865
          ],
          [
            87.281309,
            22.329437
          ],
          [
            87.282021,
            22.330043
          ],
          [
            87.282513,
            22.330547
          ],
          [
            87.282904,
            22.331045
          ],
          [
            87.283264,
            22.331575
          ],
          [
            87.283877,
            22.332515
          ],
          [
            87.284065,
            22.332783
          ],
          [
            87.284245,
            22.333008
          ],
          [
            87.284627,
            22.333404
          ],
          [
            87.285023,
            22.333731
          ],
          [
            87.285409,
            22.333987
          ],
          [
            87.285912,
            22.33425
          ],
          [
            87.286287,
            22.334401
          ],
          [
            87.286744,
            22.334522
          ],
          [
            87.287132,
            22.334606
          ],
          [
            87.292509,
            22.335581
          ],
          [
            87.2929,
            22.335637
          ],
          [
            87.293422,
            22.335679
          ],
          [
            87.29405,
            22.3357
          ],
          [
            87.296221,
            22.335693
          ],
          [
            87.296656,
            22.33571
          ],
          [
            87.297069,
            22.335736
          ],
          [
            87.297463,
            22.335766
          ],
          [
            87.298531,
            22.335836
          ],
          [
            87.298985,
            22.335887
          ],
          [
            87.299402,
            22.335916
          ],
          [
            87.299697,
            22.335926
          ],
          [
            87.301088,
            22.335955
          ],
          [
            87.301612,
            22.335978
          ],
          [
            87.30229,
            22.336024
          ],
          [
            87.30231,
            22.336026
          ],
          [
            87.302933,
            22.336099
          ],
          [
            87.303614,
            22.3362
          ],
          [
            87.304091,
            22.336284
          ],
          [
            87.306513,
            22.336758
          ],
          [
            87.310778,
            22.337584
          ],
          [
            87.313633,
            22.338176
          ],
          [
            87.314929,
            22.338483
          ],
          [
            87.315261,
            22.338552
          ],
          [
            87.315594,
            22.33862
          ],
          [
            87.315935,
            22.338716
          ],
          [
            87.316219,
            22.338813
          ],
          [
            87.316819,
            22.339052
          ],
          [
            87.317472,
            22.339304
          ],
          [
            87.317942,
            22.33952
          ],
          [
            87.318561,
            22.339793
          ],
          [
            87.318832,
            22.339898
          ],
          [
            87.319069,
            22.33998
          ],
          [
            87.319465,
            22.34008
          ]
        ]
      },
      "properties": {
        "osm_id": 64669656,
        "name": "South Eastern Railway Howrah-Mumbai / Kharagpur Main Corridor",
        "infrastructure_type": "Railway",
        "district": "Paschim Medinipur",
        "state": "West Bengal",
        "statutory_authority": "NHAI / PWD / South Eastern Railway / I&WD"
      }
    },
    {
      "type": "Feature",
      "id": "pmed-infra-64669688",
      "geometry": {
        "type": "LineString",
        "coordinates": [
          [
            87.295812,
            22.368691
          ],
          [
            87.295721,
            22.368129
          ],
          [
            87.295483,
            22.366764
          ],
          [
            87.295243,
            22.365356
          ],
          [
            87.295114,
            22.364703
          ],
          [
            87.29501,
            22.364283
          ],
          [
            87.294875,
            22.36389
          ],
          [
            87.294678,
            22.363463
          ],
          [
            87.29442,
            22.363007
          ],
          [
            87.294089,
            22.362534
          ],
          [
            87.293726,
            22.362116
          ],
          [
            87.293409,
            22.361816
          ],
          [
            87.293073,
            22.361557
          ],
          [
            87.292723,
            22.361314
          ],
          [
            87.292167,
            22.360962
          ],
          [
            87.291126,
            22.36051
          ],
          [
            87.288069,
            22.359171
          ],
          [
            87.287672,
            22.358996
          ],
          [
            87.285079,
            22.35786
          ],
          [
            87.278961,
            22.35513
          ],
          [
            87.27694,
            22.354229
          ],
          [
            87.274866,
            22.353322
          ],
          [
            87.273051,
            22.352529
          ],
          [
            87.269384,
            22.350929
          ],
          [
            87.267766,
            22.350178
          ],
          [
            87.263305,
            22.348185
          ],
          [
            87.25516,
            22.344585
          ],
          [
            87.254047,
            22.344088
          ],
          [
            87.253897,
            22.344021
          ],
          [
            87.253293,
            22.343732
          ],
          [
            87.252709,
            22.343334
          ],
          [
            87.252268,
            22.342968
          ],
          [
            87.25178,
            22.342442
          ],
          [
            87.250334,
            22.340746
          ],
          [
            87.249485,
            22.339848
          ],
          [
            87.249071,
            22.339307
          ],
          [
            87.248663,
            22.338697
          ],
          [
            87.248535,
            22.33845
          ],
          [
            87.248427,
            22.338255
          ],
          [
            87.24833,
            22.338019
          ],
          [
            87.248238,
            22.337692
          ],
          [
            87.248147,
            22.337284
          ],
          [
            87.24811,
            22.336869
          ],
          [
            87.248109,
            22.336474
          ],
          [
            87.248136,
            22.336044
          ],
          [
            87.248202,
            22.335569
          ],
          [
            87.248254,
            22.335265
          ],
          [
            87.248375,
            22.334857
          ],
          [
            87.248546,
            22.334392
          ],
          [
            87.248756,
            22.333966
          ],
          [
            87.248996,
            22.333589
          ],
          [
            87.249354,
            22.333123
          ],
          [
            87.250202,
            22.332265
          ],
          [
            87.251608,
            22.33091
          ],
          [
            87.2531,
            22.329478
          ],
          [
            87.25585,
            22.326768
          ],
          [
            87.256687,
            22.326035
          ],
          [
            87.25723,
            22.325652
          ],
          [
            87.257645,
            22.325418
          ],
          [
            87.258056,
            22.325227
          ],
          [
            87.258335,
            22.325109
          ],
          [
            87.258663,
            22.325007
          ]
        ]
      },
      "properties": {
        "osm_id": 64669688,
        "name": "South Eastern Railway Howrah-Mumbai / Kharagpur Main Corridor",
        "infrastructure_type": "Railway",
        "district": "Paschim Medinipur",
        "state": "West Bengal",
        "statutory_authority": "NHAI / PWD / South Eastern Railway / I&WD"
      }
    },
    {
      "type": "Feature",
      "id": "pmed-infra-64669800",
      "geometry": {
        "type": "LineString",
        "coordinates": [
          [
            87.291847,
            22.4081
          ],
          [
            87.296605,
            22.409885
          ]
        ]
      },
      "properties": {
        "osm_id": 64669800,
        "name": "South Eastern Railway Howrah-Mumbai / Kharagpur Main Corridor",
        "infrastructure_type": "Railway",
        "district": "Paschim Medinipur",
        "state": "West Bengal",
        "statutory_authority": "NHAI / PWD / South Eastern Railway / I&WD"
      }
    },
    {
      "type": "Feature",
      "id": "pmed-infra-64669809",
      "geometry": {
        "type": "LineString",
        "coordinates": [
          [
            87.273385,
            22.325748
          ],
          [
            87.273702,
            22.325758
          ],
          [
            87.273928,
            22.325747
          ],
          [
            87.27417,
            22.325725
          ],
          [
            87.276529,
            22.325405
          ],
          [
            87.276643,
            22.325394
          ],
          [
            87.277132,
            22.325382
          ],
          [
            87.277454,
            22.325402
          ],
          [
            87.277699,
            22.325444
          ],
          [
            87.278033,
            22.325531
          ],
          [
            87.278323,
            22.325645
          ],
          [
            87.278687,
            22.325851
          ],
          [
            87.279128,
            22.326164
          ],
          [
            87.279483,
            22.326477
          ],
          [
            87.279776,
            22.326845
          ],
          [
            87.280038,
            22.327298
          ],
          [
            87.280186,
            22.327709
          ],
          [
            87.280307,
            22.328197
          ],
          [
            87.280496,
            22.329134
          ],
          [
            87.280627,
            22.329528
          ],
          [
            87.28083,
            22.329917
          ],
          [
            87.281085,
            22.3303
          ],
          [
            87.281366,
            22.330616
          ],
          [
            87.281631,
            22.330855
          ],
          [
            87.283538,
            22.332656
          ],
          [
            87.284502,
            22.333579
          ],
          [
            87.285336,
            22.334365
          ],
          [
            87.285597,
            22.3346
          ],
          [
            87.285807,
            22.334749
          ],
          [
            87.286011,
            22.334851
          ],
          [
            87.286216,
            22.334925
          ],
          [
            87.286658,
            22.335015
          ],
          [
            87.287035,
            22.335068
          ],
          [
            87.287451,
            22.335171
          ]
        ]
      },
      "properties": {
        "osm_id": 64669809,
        "name": "South Eastern Railway Howrah-Mumbai / Kharagpur Main Corridor",
        "infrastructure_type": "Railway",
        "district": "Paschim Medinipur",
        "state": "West Bengal",
        "statutory_authority": "NHAI / PWD / South Eastern Railway / I&WD"
      }
    },
    {
      "type": "Feature",
      "id": "pmed-infra-92009592",
      "geometry": {
        "type": "LineString",
        "coordinates": [
          [
            87.33439,
            22.345239
          ],
          [
            87.334301,
            22.345225
          ],
          [
            87.333827,
            22.345188
          ]
        ]
      },
      "properties": {
        "osm_id": 92009592,
        "name": "Malancha Road",
        "infrastructure_type": "Road",
        "district": "Paschim Medinipur",
        "state": "West Bengal",
        "statutory_authority": "NHAI / PWD / South Eastern Railway / I&WD"
      }
    },
    {
      "type": "Feature",
      "id": "pmed-infra-92009598",
      "geometry": {
        "type": "LineString",
        "coordinates": [
          [
            87.320316,
            22.337389
          ],
          [
            87.320162,
            22.338068
          ]
        ]
      },
      "properties": {
        "osm_id": 92009598,
        "name": "OT Road (Orissa Trunk Road) / Midnapore Main Road",
        "infrastructure_type": "Road",
        "district": "Paschim Medinipur",
        "state": "West Bengal",
        "statutory_authority": "NHAI / PWD / South Eastern Railway / I&WD"
      }
    },
    {
      "type": "Feature",
      "id": "pmed-infra-92009601",
      "geometry": {
        "type": "LineString",
        "coordinates": [
          [
            87.269323,
            22.33752
          ],
          [
            87.269825,
            22.337572
          ],
          [
            87.270348,
            22.337632
          ],
          [
            87.270382,
            22.337636
          ],
          [
            87.270499,
            22.337651
          ],
          [
            87.27097,
            22.337709
          ],
          [
            87.271609,
            22.337781
          ],
          [
            87.272059,
            22.337828
          ],
          [
            87.272904,
            22.337917
          ],
          [
            87.272974,
            22.337927
          ],
          [
            87.273395,
            22.337979
          ],
          [
            87.273656,
            22.338013
          ],
          [
            87.274044,
            22.338074
          ],
          [
            87.274629,
            22.33816
          ],
          [
            87.275352,
            22.338268
          ],
          [
            87.275781,
            22.33833
          ],
          [
            87.276233,
            22.338396
          ],
          [
            87.277121,
            22.338513
          ],
          [
            87.27762,
            22.33858
          ],
          [
            87.277829,
            22.33861
          ],
          [
            87.277884,
            22.33863
          ],
          [
            87.277974,
            22.338664
          ],
          [
            87.278129,
            22.338758
          ],
          [
            87.278368,
            22.338979
          ],
          [
            87.278781,
            22.339336
          ],
          [
            87.27884,
            22.339388
          ],
          [
            87.279113,
            22.339627
          ],
          [
            87.279245,
            22.339738
          ],
          [
            87.279334,
            22.339808
          ],
          [
            87.27946,
            22.339875
          ],
          [
            87.279602,
            22.339924
          ],
          [
            87.279943,
            22.339974
          ],
          [
            87.280038,
            22.339992
          ],
          [
            87.280261,
            22.340024
          ],
          [
            87.281089,
            22.34013
          ],
          [
            87.281184,
            22.340144
          ],
          [
            87.281773,
            22.340234
          ],
          [
            87.282282,
            22.340308
          ],
          [
            87.282312,
            22.340312
          ],
          [
            87.282386,
            22.340324
          ],
          [
            87.283276,
            22.340445
          ],
          [
            87.28344,
            22.340471
          ],
          [
            87.284309,
            22.340584
          ],
          [
            87.284554,
            22.340621
          ],
          [
            87.284607,
            22.340629
          ],
          [
            87.285717,
            22.340793
          ],
          [
            87.285851,
            22.340813
          ],
          [
            87.286079,
            22.340847
          ],
          [
            87.287085,
            22.340991
          ],
          [
            87.288107,
            22.341121
          ],
          [
            87.288362,
            22.341155
          ],
          [
            87.288582,
            22.341189
          ],
          [
            87.289649,
            22.341356
          ],
          [
            87.289716,
            22.341368
          ],
          [
            87.290805,
            22.341514
          ],
          [
            87.290897,
            22.341526
          ],
          [
            87.291165,
            22.341559
          ],
          [
            87.292001,
            22.341679
          ],
          [
            87.29207,
            22.341689
          ],
          [
            87.293203,
            22.341847
          ],
          [
            87.294728,
            22.342067
          ],
          [
            87.295392,
            22.342157
          ],
          [
            87.295543,
            22.342178
          ],
          [
            87.296063,
            22.342249
          ],
          [
            87.296905,
            22.342363
          ],
          [
            87.297719,
            22.342481
          ],
          [
            87.298227,
            22.342554
          ],
          [
            87.298393,
            22.342574
          ],
          [
            87.29853,
            22.342579
          ],
          [
            87.298651,
            22.342571
          ],
          [
            87.298766,
            22.342552
          ],
          [
            87.298962,
            22.342475
          ],
          [
            87.299313,
            22.342269
          ],
          [
            87.300118,
            22.341776
          ],
          [
            87.300185,
            22.341735
          ],
          [
            87.300425,
            22.34159
          ],
          [
            87.301124,
            22.341165
          ],
          [
            87.301824,
            22.340731
          ],
          [
            87.301875,
            22.340697
          ],
          [
            87.302057,
            22.340579
          ],
          [
            87.30224,
            22.340495
          ],
          [
            87.302328,
            22.340455
          ],
          [
            87.302494,
            22.340401
          ],
          [
            87.302669,
            22.340373
          ],
          [
            87.302922,
            22.340352
          ],
          [
            87.302937,
            22.340351
          ],
          [
            87.303516,
            22.340306
          ],
          [
            87.304085,
            22.340267
          ],
          [
            87.305846,
            22.340153
          ],
          [
            87.306274,
            22.340125
          ],
          [
            87.306571,
            22.3401
          ],
          [
            87.306839,
            22.340086
          ],
          [
            87.307151,
            22.340036
          ],
          [
            87.307467,
            22.339932
          ],
          [
            87.307633,
            22.339847
          ],
          [
            87.307856,
            22.339709
          ],
          [
            87.308532,
            22.339246
          ],
          [
            87.308651,
            22.339166
          ],
          [
            87.308756,
            22.339078
          ],
          [
            87.308895,
            22.338954
          ],
          [
            87.309074,
            22.338717
          ],
          [
            87.309228,
            22.338497
          ],
          [
            87.309325,
            22.338352
          ],
          [
            87.30937,
            22.338279
          ],
          [
            87.309409,
            22.338194
          ],
          [
            87.309429,
            22.338069
          ],
          [
            87.309448,
            22.33795
          ],
          [
            87.309441,
            22.337855
          ],
          [
            87.309404,
            22.337777
          ],
          [
            87.309371,
            22.337665
          ],
          [
            87.309361,
            22.337565
          ],
          [
            87.309364,
            22.33744
          ]
        ]
      },
      "properties": {
        "osm_id": 92009601,
        "name": "Nimpura Road",
        "infrastructure_type": "Road",
        "district": "Paschim Medinipur",
        "state": "West Bengal",
        "statutory_authority": "NHAI / PWD / South Eastern Railway / I&WD"
      }
    },
    {
      "type": "Feature",
      "id": "pmed-infra-92009607",
      "geometry": {
        "type": "LineString",
        "coordinates": [
          [
            87.335057,
            22.341768
          ],
          [
            87.335123,
            22.341814
          ],
          [
            87.335307,
            22.341895
          ]
        ]
      },
      "properties": {
        "osm_id": 92009607,
        "name": "Station Road",
        "infrastructure_type": "Road",
        "district": "Paschim Medinipur",
        "state": "West Bengal",
        "statutory_authority": "NHAI / PWD / South Eastern Railway / I&WD"
      }
    },
    {
      "type": "Feature",
      "id": "pmed-infra-92009612",
      "geometry": {
        "type": "LineString",
        "coordinates": [
          [
            87.320263,
            22.337301
          ],
          [
            87.319331,
            22.337116
          ],
          [
            87.317771,
            22.336807
          ],
          [
            87.316695,
            22.336604
          ],
          [
            87.31619,
            22.336445
          ],
          [
            87.315219,
            22.336085
          ]
        ]
      },
      "properties": {
        "osm_id": 92009612,
        "name": "OT Road (Orissa Trunk Road) / Midnapore Main Road",
        "infrastructure_type": "Road",
        "district": "Paschim Medinipur",
        "state": "West Bengal",
        "statutory_authority": "NHAI / PWD / South Eastern Railway / I&WD"
      }
    },
    {
      "type": "Feature",
      "id": "pmed-infra-102409258",
      "geometry": {
        "type": "LineString",
        "coordinates": [
          [
            87.339814,
            22.368295
          ],
          [
            87.339845,
            22.368475
          ],
          [
            87.339836,
            22.368601
          ],
          [
            87.339805,
            22.368725
          ],
          [
            87.339772,
            22.368827
          ],
          [
            87.339705,
            22.36896
          ]
        ]
      },
      "properties": {
        "osm_id": 102409258,
        "name": "NH-60 (Kharagpur - Balasore Arterial)",
        "infrastructure_type": "Road",
        "district": "Paschim Medinipur",
        "state": "West Bengal",
        "statutory_authority": "NHAI / PWD / South Eastern Railway / I&WD"
      }
    },
    {
      "type": "Feature",
      "id": "pmed-infra-102409259",
      "geometry": {
        "type": "LineString",
        "coordinates": [
          [
            87.340279,
            22.370352
          ],
          [
            87.340289,
            22.370083
          ],
          [
            87.340307,
            22.369977
          ],
          [
            87.340344,
            22.36987
          ],
          [
            87.340391,
            22.369697
          ]
        ]
      },
      "properties": {
        "osm_id": 102409259,
        "name": "NH-16 (National Highway 16 / Golden Quadrilateral)",
        "infrastructure_type": "Road",
        "district": "Paschim Medinipur",
        "state": "West Bengal",
        "statutory_authority": "NHAI / PWD / South Eastern Railway / I&WD"
      }
    },
    {
      "type": "Feature",
      "id": "pmed-infra-102409260",
      "geometry": {
        "type": "LineString",
        "coordinates": [
          [
            87.334014,
            22.347329
          ],
          [
            87.333979,
            22.347397
          ],
          [
            87.333967,
            22.347432
          ],
          [
            87.333973,
            22.347466
          ],
          [
            87.334019,
            22.347563
          ],
          [
            87.334073,
            22.347629
          ],
          [
            87.334204,
            22.347777
          ],
          [
            87.334279,
            22.34785
          ],
          [
            87.334506,
            22.34809
          ],
          [
            87.334922,
            22.348509
          ],
          [
            87.335284,
            22.348891
          ],
          [
            87.335365,
            22.348989
          ],
          [
            87.335404,
            22.349038
          ],
          [
            87.335593,
            22.349295
          ],
          [
            87.335685,
            22.349443
          ],
          [
            87.335768,
            22.349595
          ],
          [
            87.335876,
            22.349856
          ],
          [
            87.335947,
            22.350048
          ],
          [
            87.335997,
            22.350201
          ],
          [
            87.336056,
            22.350457
          ],
          [
            87.336081,
            22.350664
          ],
          [
            87.336105,
            22.351083
          ],
          [
            87.336062,
            22.351575
          ],
          [
            87.336074,
            22.351731
          ],
          [
            87.336095,
            22.352024
          ],
          [
            87.336147,
            22.352311
          ],
          [
            87.336233,
            22.35269
          ],
          [
            87.336339,
            22.353156
          ],
          [
            87.336462,
            22.353698
          ],
          [
            87.336505,
            22.353889
          ],
          [
            87.336536,
            22.354025
          ],
          [
            87.336543,
            22.354056
          ],
          [
            87.336685,
            22.354681
          ],
          [
            87.337119,
            22.356592
          ],
          [
            87.337156,
            22.356755
          ],
          [
            87.337363,
            22.357662
          ],
          [
            87.337531,
            22.358401
          ],
          [
            87.33767,
            22.35901
          ],
          [
            87.337745,
            22.359338
          ],
          [
            87.33783,
            22.359714
          ],
          [
            87.337968,
            22.360314
          ],
          [
            87.338142,
            22.361012
          ],
          [
            87.338572,
            22.362919
          ],
          [
            87.338745,
            22.363723
          ],
          [
            87.338857,
            22.364245
          ],
          [
            87.338982,
            22.364761
          ],
          [
            87.339052,
            22.365053
          ],
          [
            87.339073,
            22.36514
          ],
          [
            87.339209,
            22.365704
          ],
          [
            87.339215,
            22.365726
          ],
          [
            87.339405,
            22.366514
          ],
          [
            87.339463,
            22.366755
          ],
          [
            87.339515,
            22.366983
          ],
          [
            87.339601,
            22.367367
          ],
          [
            87.339661,
            22.367641
          ],
          [
            87.339677,
            22.367693
          ],
          [
            87.339744,
            22.367988
          ],
          [
            87.339814,
            22.368295
          ]
        ]
      },
      "properties": {
        "osm_id": 102409260,
        "name": "Kharagpur City Road",
        "infrastructure_type": "Road",
        "district": "Paschim Medinipur",
        "state": "West Bengal",
        "statutory_authority": "NHAI / PWD / South Eastern Railway / I&WD"
      }
    },
    {
      "type": "Feature",
      "id": "pmed-infra-102409262",
      "geometry": {
        "type": "LineString",
        "coordinates": [
          [
            87.339714,
            22.369645
          ],
          [
            87.339934,
            22.369913
          ],
          [
            87.340047,
            22.37003
          ],
          [
            87.340155,
            22.370166
          ],
          [
            87.340279,
            22.370352
          ]
        ]
      },
      "properties": {
        "osm_id": 102409262,
        "name": "NH-16 (National Highway 16 / Golden Quadrilateral)",
        "infrastructure_type": "Road",
        "district": "Paschim Medinipur",
        "state": "West Bengal",
        "statutory_authority": "NHAI / PWD / South Eastern Railway / I&WD"
      }
    },
    {
      "type": "Feature",
      "id": "pmed-infra-102409263",
      "geometry": {
        "type": "LineString",
        "coordinates": [
          [
            87.325308,
            22.365527
          ],
          [
            87.326342,
            22.365795
          ],
          [
            87.328186,
            22.366285
          ],
          [
            87.329158,
            22.366544
          ],
          [
            87.329188,
            22.366552
          ],
          [
            87.329738,
            22.366692
          ],
          [
            87.330117,
            22.366789
          ],
          [
            87.333093,
            22.367584
          ],
          [
            87.336287,
            22.368449
          ],
          [
            87.33725,
            22.368694
          ],
          [
            87.338141,
            22.368935
          ],
          [
            87.338497,
            22.369034
          ],
          [
            87.339109,
            22.369207
          ]
        ]
      },
      "properties": {
        "osm_id": 102409263,
        "name": "NH-16 (National Highway 16 / Golden Quadrilateral)",
        "infrastructure_type": "Road",
        "district": "Paschim Medinipur",
        "state": "West Bengal",
        "statutory_authority": "NHAI / PWD / South Eastern Railway / I&WD"
      }
    },
    {
      "type": "Feature",
      "id": "pmed-infra-102409577",
      "geometry": {
        "type": "LineString",
        "coordinates": [
          [
            87.340389,
            22.402241
          ],
          [
            87.340703,
            22.398974
          ]
        ]
      },
      "properties": {
        "osm_id": 102409577,
        "name": "NH-16 (National Highway 16 / Golden Quadrilateral)",
        "infrastructure_type": "Road",
        "district": "Paschim Medinipur",
        "state": "West Bengal",
        "statutory_authority": "NHAI / PWD / South Eastern Railway / I&WD"
      }
    },
    {
      "type": "Feature",
      "id": "pmed-infra-102409578",
      "geometry": {
        "type": "LineString",
        "coordinates": [
          [
            87.340703,
            22.398974
          ],
          [
            87.340737,
            22.398692
          ],
          [
            87.34076,
            22.398526
          ],
          [
            87.340763,
            22.398505
          ],
          [
            87.340804,
            22.39829
          ],
          [
            87.340855,
            22.398092
          ],
          [
            87.340936,
            22.397799
          ],
          [
            87.341019,
            22.397514
          ],
          [
            87.341099,
            22.397296
          ],
          [
            87.34118,
            22.397115
          ],
          [
            87.341285,
            22.396896
          ],
          [
            87.341453,
            22.396557
          ],
          [
            87.341633,
            22.396212
          ],
          [
            87.34169,
            22.396094
          ],
          [
            87.341742,
            22.395984
          ],
          [
            87.341955,
            22.395537
          ],
          [
            87.342052,
            22.395339
          ],
          [
            87.342119,
            22.395193
          ],
          [
            87.342138,
            22.39514
          ],
          [
            87.342157,
            22.395087
          ],
          [
            87.342195,
            22.394943
          ],
          [
            87.342204,
            22.394817
          ],
          [
            87.342209,
            22.39474
          ],
          [
            87.342213,
            22.394681
          ],
          [
            87.342203,
            22.394354
          ],
          [
            87.342199,
            22.394221
          ],
          [
            87.342194,
            22.393962
          ],
          [
            87.342191,
            22.393842
          ],
          [
            87.342183,
            22.393439
          ],
          [
            87.342152,
            22.392611
          ],
          [
            87.342137,
            22.392209
          ],
          [
            87.342119,
            22.391713
          ],
          [
            87.342094,
            22.390994
          ],
          [
            87.342078,
            22.390565
          ],
          [
            87.34207,
            22.390349
          ],
          [
            87.342001,
            22.388477
          ],
          [
            87.341968,
            22.387239
          ],
          [
            87.34195,
            22.386547
          ],
          [
            87.341936,
            22.386017
          ],
          [
            87.341933,
            22.385938
          ],
          [
            87.341895,
            22.384881
          ],
          [
            87.341889,
            22.384714
          ],
          [
            87.341864,
            22.383799
          ],
          [
            87.341805,
            22.382344
          ],
          [
            87.341781,
            22.381565
          ],
          [
            87.341766,
            22.381135
          ],
          [
            87.341735,
            22.380198
          ],
          [
            87.341709,
            22.379228
          ],
          [
            87.341706,
            22.379144
          ],
          [
            87.341684,
            22.378332
          ],
          [
            87.341671,
            22.377837
          ],
          [
            87.341669,
            22.377739
          ],
          [
            87.341661,
            22.377358
          ],
          [
            87.341652,
            22.376938
          ],
          [
            87.341649,
            22.37681
          ],
          [
            87.341643,
            22.376613
          ],
          [
            87.341641,
            22.376555
          ],
          [
            87.341617,
            22.376302
          ],
          [
            87.341574,
            22.376019
          ],
          [
            87.341531,
            22.375824
          ],
          [
            87.341508,
            22.375718
          ],
          [
            87.341502,
            22.375692
          ],
          [
            87.341427,
            22.375404
          ],
          [
            87.34138,
            22.375199
          ],
          [
            87.341212,
            22.374454
          ],
          [
            87.341106,
            22.374018
          ],
          [
            87.341086,
            22.373938
          ],
          [
            87.340863,
            22.372966
          ],
          [
            87.340724,
            22.372311
          ],
          [
            87.340566,
            22.371609
          ],
          [
            87.340534,
            22.371472
          ],
          [
            87.340442,
            22.371067
          ],
          [
            87.340279,
            22.370352
          ]
        ]
      },
      "properties": {
        "osm_id": 102409578,
        "name": "NH-16 (National Highway 16 / Golden Quadrilateral)",
        "infrastructure_type": "Road",
        "district": "Paschim Medinipur",
        "state": "West Bengal",
        "statutory_authority": "NHAI / PWD / South Eastern Railway / I&WD"
      }
    },
    {
      "type": "Feature",
      "id": "pmed-infra-117609875",
      "geometry": {
        "type": "LineString",
        "coordinates": [
          [
            87.326749,
            22.420776
          ],
          [
            87.326578,
            22.420616
          ],
          [
            87.326109,
            22.420175
          ],
          [
            87.325728,
            22.419837
          ],
          [
            87.325538,
            22.419688
          ],
          [
            87.324865,
            22.419048
          ],
          [
            87.324308,
            22.418606
          ],
          [
            87.324236,
            22.41854
          ],
          [
            87.323988,
            22.418284
          ],
          [
            87.323855,
            22.418143
          ]
        ]
      },
      "properties": {
        "osm_id": 117609875,
        "name": "NH-60 (Kharagpur - Balasore Arterial)",
        "infrastructure_type": "Road",
        "district": "Paschim Medinipur",
        "state": "West Bengal",
        "statutory_authority": "NHAI / PWD / South Eastern Railway / I&WD"
      }
    },
    {
      "type": "Feature",
      "id": "pmed-infra-117609890",
      "geometry": {
        "type": "LineString",
        "coordinates": [
          [
            87.317942,
            22.33952
          ],
          [
            87.317473,
            22.339353
          ],
          [
            87.317314,
            22.339289
          ],
          [
            87.316556,
            22.339001
          ],
          [
            87.316191,
            22.338846
          ],
          [
            87.315915,
            22.338746
          ],
          [
            87.31568,
            22.33868
          ],
          [
            87.315585,
            22.338657
          ],
          [
            87.315315,
            22.338591
          ],
          [
            87.314956,
            22.338507
          ],
          [
            87.31439,
            22.338382
          ],
          [
            87.314057,
            22.338324
          ],
          [
            87.31383,
            22.338289
          ],
          [
            87.313521,
            22.338258
          ],
          [
            87.313237,
            22.338255
          ],
          [
            87.312801,
            22.338262
          ],
          [
            87.312086,
            22.338323
          ],
          [
            87.311537,
            22.338408
          ],
          [
            87.310984,
            22.338522
          ],
          [
            87.310479,
            22.338665
          ],
          [
            87.31001,
            22.338828
          ],
          [
            87.309554,
            22.339015
          ],
          [
            87.309202,
            22.339161
          ],
          [
            87.308657,
            22.339447
          ],
          [
            87.308207,
            22.339722
          ],
          [
            87.307788,
            22.340016
          ],
          [
            87.307375,
            22.340325
          ],
          [
            87.306921,
            22.340757
          ],
          [
            87.306641,
            22.341053
          ],
          [
            87.306412,
            22.341315
          ],
          [
            87.306094,
            22.341699
          ],
          [
            87.305841,
            22.342058
          ],
          [
            87.305606,
            22.342442
          ],
          [
            87.3054,
            22.342802
          ],
          [
            87.305195,
            22.343234
          ],
          [
            87.30504,
            22.343618
          ],
          [
            87.304519,
            22.345122
          ],
          [
            87.303955,
            22.346807
          ],
          [
            87.302959,
            22.34971
          ],
          [
            87.302942,
            22.34976
          ],
          [
            87.302603,
            22.350742
          ],
          [
            87.299684,
            22.359149
          ],
          [
            87.296585,
            22.368147
          ],
          [
            87.295887,
            22.370341
          ],
          [
            87.295616,
            22.371043
          ]
        ]
      },
      "properties": {
        "osm_id": 117609890,
        "name": "South Eastern Railway Howrah-Mumbai / Kharagpur Main Corridor",
        "infrastructure_type": "Railway",
        "district": "Paschim Medinipur",
        "state": "West Bengal",
        "statutory_authority": "NHAI / PWD / South Eastern Railway / I&WD"
      }
    },
    {
      "type": "Feature",
      "id": "pmed-infra-117609891",
      "geometry": {
        "type": "LineString",
        "coordinates": [
          [
            87.284177,
            22.335144
          ],
          [
            87.283862,
            22.335188
          ],
          [
            87.28364,
            22.335205
          ],
          [
            87.283355,
            22.335204
          ],
          [
            87.283027,
            22.335178
          ],
          [
            87.277392,
            22.334379
          ],
          [
            87.277153,
            22.33433
          ],
          [
            87.276923,
            22.334247
          ],
          [
            87.276621,
            22.334117
          ],
          [
            87.276374,
            22.334
          ],
          [
            87.276068,
            22.333836
          ],
          [
            87.275371,
            22.333496
          ],
          [
            87.274973,
            22.333386
          ],
          [
            87.274749,
            22.333343
          ],
          [
            87.274383,
            22.333303
          ],
          [
            87.271922,
            22.333243
          ],
          [
            87.271409,
            22.33322
          ],
          [
            87.270962,
            22.333171
          ],
          [
            87.26846,
            22.332809
          ],
          [
            87.261577,
            22.331834
          ],
          [
            87.25808,
            22.331349
          ],
          [
            87.257675,
            22.331286
          ]
        ]
      },
      "properties": {
        "osm_id": 117609891,
        "name": "South Eastern Railway Howrah-Mumbai / Kharagpur Main Corridor",
        "infrastructure_type": "Railway",
        "district": "Paschim Medinipur",
        "state": "West Bengal",
        "statutory_authority": "NHAI / PWD / South Eastern Railway / I&WD"
      }
    },
    {
      "type": "Feature",
      "id": "pmed-infra-117609892",
      "geometry": {
        "type": "LineString",
        "coordinates": [
          [
            87.296605,
            22.409885
          ],
          [
            87.297823,
            22.410335
          ]
        ]
      },
      "properties": {
        "osm_id": 117609892,
        "name": "South Eastern Railway Howrah-Mumbai / Kharagpur Main Corridor",
        "infrastructure_type": "Railway",
        "district": "Paschim Medinipur",
        "state": "West Bengal",
        "statutory_authority": "NHAI / PWD / South Eastern Railway / I&WD"
      }
    },
    {
      "type": "Feature",
      "id": "pmed-infra-121645907",
      "geometry": {
        "type": "LineString",
        "coordinates": [
          [
            87.33827,
            22.331816
          ],
          [
            87.337683,
            22.331441
          ],
          [
            87.337093,
            22.331066
          ],
          [
            87.336803,
            22.330918
          ],
          [
            87.336761,
            22.330897
          ],
          [
            87.336424,
            22.330819
          ],
          [
            87.336212,
            22.330767
          ],
          [
            87.336172,
            22.330757
          ],
          [
            87.334968,
            22.330519
          ],
          [
            87.334843,
            22.330495
          ],
          [
            87.334373,
            22.330403
          ],
          [
            87.332913,
            22.330118
          ],
          [
            87.332792,
            22.330093
          ],
          [
            87.331815,
            22.32989
          ],
          [
            87.33099,
            22.329719
          ],
          [
            87.330269,
            22.32957
          ],
          [
            87.329559,
            22.329422
          ],
          [
            87.328891,
            22.329284
          ],
          [
            87.328262,
            22.329153
          ],
          [
            87.327865,
            22.32907
          ],
          [
            87.327485,
            22.328989
          ],
          [
            87.326744,
            22.328851
          ],
          [
            87.325501,
            22.328619
          ],
          [
            87.325362,
            22.32859
          ],
          [
            87.323165,
            22.328139
          ],
          [
            87.322098,
            22.327931
          ],
          [
            87.32181,
            22.327874
          ],
          [
            87.320861,
            22.327688
          ],
          [
            87.320487,
            22.327615
          ],
          [
            87.320047,
            22.327529
          ],
          [
            87.319535,
            22.327429
          ],
          [
            87.319226,
            22.327368
          ],
          [
            87.318656,
            22.327257
          ],
          [
            87.317326,
            22.326995
          ],
          [
            87.317232,
            22.326975
          ],
          [
            87.316859,
            22.326896
          ],
          [
            87.315977,
            22.326709
          ],
          [
            87.315807,
            22.326656
          ],
          [
            87.315545,
            22.326575
          ],
          [
            87.315177,
            22.326446
          ],
          [
            87.314993,
            22.326399
          ]
        ]
      },
      "properties": {
        "osm_id": 121645907,
        "name": "Keshiyari Road",
        "infrastructure_type": "Road",
        "district": "Paschim Medinipur",
        "state": "West Bengal",
        "statutory_authority": "NHAI / PWD / South Eastern Railway / I&WD"
      }
    },
    {
      "type": "Feature",
      "id": "pmed-infra-121870690",
      "geometry": {
        "type": "LineString",
        "coordinates": [
          [
            87.299455,
            22.358706
          ],
          [
            87.29827,
            22.358374
          ],
          [
            87.2972,
            22.358061
          ],
          [
            87.296001,
            22.357726
          ],
          [
            87.295054,
            22.357481
          ],
          [
            87.293163,
            22.357022
          ],
          [
            87.29292,
            22.356964
          ],
          [
            87.292401,
            22.356838
          ],
          [
            87.291774,
            22.356682
          ],
          [
            87.290344,
            22.35633
          ],
          [
            87.28926,
            22.356057
          ],
          [
            87.287396,
            22.3556
          ],
          [
            87.286133,
            22.35531
          ],
          [
            87.283297,
            22.354618
          ],
          [
            87.282855,
            22.354504
          ],
          [
            87.281817,
            22.354251
          ],
          [
            87.28105,
            22.35406
          ],
          [
            87.280546,
            22.353926
          ],
          [
            87.28027,
            22.353846
          ],
          [
            87.279191,
            22.353428
          ]
        ]
      },
      "properties": {
        "osm_id": 121870690,
        "name": "NH-16 (National Highway 16 / Golden Quadrilateral)",
        "infrastructure_type": "Road",
        "district": "Paschim Medinipur",
        "state": "West Bengal",
        "statutory_authority": "NHAI / PWD / South Eastern Railway / I&WD"
      }
    },
    {
      "type": "Feature",
      "id": "pmed-infra-121870691",
      "geometry": {
        "type": "LineString",
        "coordinates": [
          [
            87.33949,
            22.369255
          ],
          [
            87.339505,
            22.369395
          ],
          [
            87.33954,
            22.369486
          ],
          [
            87.339601,
            22.369557
          ],
          [
            87.339714,
            22.369645
          ],
          [
            87.339844,
            22.369707
          ],
          [
            87.339989,
            22.369749
          ],
          [
            87.340131,
            22.369759
          ],
          [
            87.340253,
            22.369744
          ],
          [
            87.340391,
            22.369697
          ],
          [
            87.340484,
            22.369629
          ],
          [
            87.340549,
            22.369527
          ],
          [
            87.340566,
            22.369433
          ],
          [
            87.340567,
            22.369307
          ],
          [
            87.340542,
            22.369176
          ],
          [
            87.340453,
            22.369022
          ],
          [
            87.340351,
            22.368942
          ],
          [
            87.340193,
            22.368885
          ],
          [
            87.340059,
            22.36886
          ],
          [
            87.339882,
            22.368877
          ],
          [
            87.339742,
            22.368935
          ],
          [
            87.339705,
            22.36896
          ],
          [
            87.339629,
            22.369011
          ],
          [
            87.339526,
            22.369141
          ],
          [
            87.33949,
            22.369255
          ]
        ]
      },
      "properties": {
        "osm_id": 121870691,
        "name": "NH-16 (National Highway 16 / Golden Quadrilateral)",
        "infrastructure_type": "Road",
        "district": "Paschim Medinipur",
        "state": "West Bengal",
        "statutory_authority": "NHAI / PWD / South Eastern Railway / I&WD"
      }
    },
    {
      "type": "Feature",
      "id": "pmed-infra-131252398",
      "geometry": {
        "type": "LineString",
        "coordinates": [
          [
            87.37822,
            22.38775
          ],
          [
            87.377497,
            22.387683
          ],
          [
            87.376966,
            22.387579
          ],
          [
            87.376231,
            22.387376
          ],
          [
            87.375732,
            22.387158
          ],
          [
            87.374933,
            22.386652
          ],
          [
            87.374311,
            22.386285
          ],
          [
            87.373808,
            22.386087
          ],
          [
            87.373646,
            22.386076
          ],
          [
            87.373504,
            22.386067
          ],
          [
            87.373203,
            22.386084
          ],
          [
            87.372942,
            22.386131
          ],
          [
            87.372199,
            22.386262
          ],
          [
            87.364351,
            22.387649
          ],
          [
            87.362957,
            22.387989
          ],
          [
            87.361519,
            22.388438
          ],
          [
            87.359515,
            22.389061
          ],
          [
            87.357421,
            22.389826
          ],
          [
            87.355021,
            22.390931
          ],
          [
            87.353215,
            22.391903
          ],
          [
            87.352715,
            22.392202
          ],
          [
            87.350605,
            22.39345
          ],
          [
            87.350508,
            22.39352
          ],
          [
            87.349839,
            22.394011
          ],
          [
            87.348579,
            22.395077
          ],
          [
            87.348482,
            22.39516
          ],
          [
            87.348418,
            22.395214
          ],
          [
            87.348197,
            22.39538
          ],
          [
            87.347831,
            22.395654
          ],
          [
            87.347673,
            22.395753
          ],
          [
            87.347178,
            22.396063
          ],
          [
            87.347055,
            22.39614
          ],
          [
            87.345951,
            22.396715
          ],
          [
            87.344748,
            22.397241
          ],
          [
            87.344657,
            22.397282
          ],
          [
            87.344583,
            22.39733
          ],
          [
            87.344516,
            22.397395
          ],
          [
            87.344147,
            22.397828
          ],
          [
            87.344074,
            22.397892
          ],
          [
            87.343982,
            22.397943
          ],
          [
            87.343902,
            22.397982
          ],
          [
            87.343523,
            22.398155
          ],
          [
            87.343278,
            22.398272
          ],
          [
            87.343178,
            22.398299
          ],
          [
            87.343076,
            22.398313
          ]
        ]
      },
      "properties": {
        "osm_id": 131252398,
        "name": "NH-60 (Kharagpur - Balasore Arterial)",
        "infrastructure_type": "Road",
        "district": "Paschim Medinipur",
        "state": "West Bengal",
        "statutory_authority": "NHAI / PWD / South Eastern Railway / I&WD"
      }
    },
    {
      "type": "Feature",
      "id": "pmed-infra-131252402",
      "geometry": {
        "type": "LineString",
        "coordinates": [
          [
            87.326652,
            22.340428
          ],
          [
            87.325164,
            22.340136
          ],
          [
            87.324963,
            22.340099
          ],
          [
            87.323566,
            22.339821
          ],
          [
            87.321715,
            22.33946
          ],
          [
            87.321537,
            22.339428
          ],
          [
            87.321027,
            22.33931
          ],
          [
            87.320732,
            22.339217
          ],
          [
            87.320453,
            22.339092
          ],
          [
            87.3203,
            22.339024
          ],
          [
            87.320057,
            22.338893
          ],
          [
            87.319865,
            22.338796
          ],
          [
            87.319508,
            22.338614
          ],
          [
            87.319386,
            22.338576
          ],
          [
            87.318851,
            22.338428
          ],
          [
            87.318474,
            22.338302
          ],
          [
            87.317674,
            22.337982
          ],
          [
            87.317569,
            22.337937
          ],
          [
            87.316324,
            22.337399
          ],
          [
            87.315407,
            22.336976
          ],
          [
            87.315309,
            22.336931
          ],
          [
            87.314547,
            22.336601
          ],
          [
            87.31435,
            22.336511
          ],
          [
            87.314033,
            22.336366
          ]
        ]
      },
      "properties": {
        "osm_id": 131252402,
        "name": "South Eastern Railway Howrah-Mumbai / Kharagpur Main Corridor",
        "infrastructure_type": "Railway",
        "district": "Paschim Medinipur",
        "state": "West Bengal",
        "statutory_authority": "NHAI / PWD / South Eastern Railway / I&WD"
      }
    },
    {
      "type": "Feature",
      "id": "pmed-infra-131252405",
      "geometry": {
        "type": "LineString",
        "coordinates": [
          [
            87.307882,
            22.334726
          ],
          [
            87.307648,
            22.334688
          ],
          [
            87.306768,
            22.334512
          ],
          [
            87.305824,
            22.334312
          ],
          [
            87.304712,
            22.334076
          ],
          [
            87.302889,
            22.333735
          ],
          [
            87.302616,
            22.333697
          ],
          [
            87.301789,
            22.333681
          ],
          [
            87.3016,
            22.333659
          ],
          [
            87.301294,
            22.333607
          ],
          [
            87.301049,
            22.333572
          ],
          [
            87.300645,
            22.333534
          ],
          [
            87.300406,
            22.333493
          ],
          [
            87.299495,
            22.333295
          ],
          [
            87.299208,
            22.333239
          ],
          [
            87.29868,
            22.333126
          ]
        ]
      },
      "properties": {
        "osm_id": 131252405,
        "name": "South Eastern Railway Howrah-Mumbai / Kharagpur Main Corridor",
        "infrastructure_type": "Railway",
        "district": "Paschim Medinipur",
        "state": "West Bengal",
        "statutory_authority": "NHAI / PWD / South Eastern Railway / I&WD"
      }
    },
    {
      "type": "Feature",
      "id": "pmed-infra-131252407",
      "geometry": {
        "type": "LineString",
        "coordinates": [
          [
            87.344028,
            22.398361
          ],
          [
            87.344102,
            22.398633
          ],
          [
            87.344179,
            22.398913
          ],
          [
            87.344307,
            22.400619
          ],
          [
            87.344431,
            22.402245
          ],
          [
            87.344495,
            22.402974
          ]
        ]
      },
      "properties": {
        "osm_id": 131252407,
        "name": "Kangsabati River (Kasai River Drainage Basin)",
        "infrastructure_type": "Waterway",
        "district": "Paschim Medinipur",
        "state": "West Bengal",
        "statutory_authority": "NHAI / PWD / South Eastern Railway / I&WD"
      }
    },
    {
      "type": "Feature",
      "id": "pmed-infra-163649279",
      "geometry": {
        "type": "LineString",
        "coordinates": [
          [
            87.326821,
            22.423847
          ],
          [
            87.3264,
            22.423895
          ]
        ]
      },
      "properties": {
        "osm_id": 163649279,
        "name": "Medinipur Municipal Road #163649279",
        "infrastructure_type": "Road",
        "district": "Paschim Medinipur",
        "state": "West Bengal",
        "statutory_authority": "NHAI / PWD / South Eastern Railway / I&WD"
      }
    },
    {
      "type": "Feature",
      "id": "pmed-infra-164088948",
      "geometry": {
        "type": "LineString",
        "coordinates": [
          [
            87.323514,
            22.418233
          ],
          [
            87.323711,
            22.418164
          ]
        ]
      },
      "properties": {
        "osm_id": 164088948,
        "name": "Medinipur Municipal Road #164088948",
        "infrastructure_type": "Road",
        "district": "Paschim Medinipur",
        "state": "West Bengal",
        "statutory_authority": "NHAI / PWD / South Eastern Railway / I&WD"
      }
    },
    {
      "type": "Feature",
      "id": "pmed-infra-164761857",
      "geometry": {
        "type": "LineString",
        "coordinates": [
          [
            87.320049,
            22.42586
          ],
          [
            87.320178,
            22.426064
          ],
          [
            87.320337,
            22.42627
          ],
          [
            87.320728,
            22.426797
          ],
          [
            87.321036,
            22.427266
          ],
          [
            87.321067,
            22.427324
          ],
          [
            87.321535,
            22.427797
          ],
          [
            87.322007,
            22.428247
          ],
          [
            87.322079,
            22.428296
          ],
          [
            87.322232,
            22.4285
          ],
          [
            87.322313,
            22.428673
          ],
          [
            87.322577,
            22.429139
          ],
          [
            87.322705,
            22.429461
          ],
          [
            87.322783,
            22.429656
          ],
          [
            87.322828,
            22.429965
          ],
          [
            87.322839,
            22.430049
          ]
        ]
      },
      "properties": {
        "osm_id": 164761857,
        "name": "NH-60 (Kharagpur - Balasore Arterial)",
        "infrastructure_type": "Road",
        "district": "Paschim Medinipur",
        "state": "West Bengal",
        "statutory_authority": "NHAI / PWD / South Eastern Railway / I&WD"
      }
    },
    {
      "type": "Feature",
      "id": "pmed-infra-169149049",
      "geometry": {
        "type": "LineString",
        "coordinates": [
          [
            87.312321,
            22.413789
          ],
          [
            87.312269,
            22.413703
          ],
          [
            87.312204,
            22.413548
          ],
          [
            87.312159,
            22.413441
          ],
          [
            87.312141,
            22.413393
          ],
          [
            87.312133,
            22.413339
          ],
          [
            87.312138,
            22.413289
          ],
          [
            87.312161,
            22.413253
          ],
          [
            87.312188,
            22.413223
          ],
          [
            87.312228,
            22.413199
          ],
          [
            87.312287,
            22.413168
          ],
          [
            87.312505,
            22.413094
          ],
          [
            87.312748,
            22.413009
          ],
          [
            87.313128,
            22.412872
          ],
          [
            87.313307,
            22.412793
          ],
          [
            87.31338,
            22.412765
          ],
          [
            87.31349,
            22.412723
          ],
          [
            87.313587,
            22.412682
          ],
          [
            87.313869,
            22.412588
          ],
          [
            87.314004,
            22.412543
          ],
          [
            87.314068,
            22.412519
          ],
          [
            87.314163,
            22.412457
          ],
          [
            87.314253,
            22.412345
          ],
          [
            87.314314,
            22.412234
          ],
          [
            87.314428,
            22.412043
          ],
          [
            87.314547,
            22.411798
          ],
          [
            87.314682,
            22.411512
          ],
          [
            87.31472,
            22.411431
          ],
          [
            87.314766,
            22.411327
          ],
          [
            87.314872,
            22.411089
          ],
          [
            87.314878,
            22.411077
          ],
          [
            87.315189,
            22.41045
          ],
          [
            87.315295,
            22.410267
          ],
          [
            87.315299,
            22.410259
          ],
          [
            87.315459,
            22.409893
          ],
          [
            87.315525,
            22.409675
          ],
          [
            87.315537,
            22.409639
          ],
          [
            87.315608,
            22.409321
          ],
          [
            87.315685,
            22.408936
          ],
          [
            87.315757,
            22.408376
          ],
          [
            87.315836,
            22.408141
          ],
          [
            87.315854,
            22.408085
          ],
          [
            87.315993,
            22.407894
          ],
          [
            87.316152,
            22.40775
          ],
          [
            87.316305,
            22.407609
          ],
          [
            87.316495,
            22.407442
          ],
          [
            87.316574,
            22.40738
          ],
          [
            87.316743,
            22.407264
          ],
          [
            87.316972,
            22.407107
          ],
          [
            87.317108,
            22.407011
          ],
          [
            87.317261,
            22.406903
          ],
          [
            87.317549,
            22.406682
          ],
          [
            87.31768,
            22.406561
          ],
          [
            87.317887,
            22.406393
          ],
          [
            87.317994,
            22.406295
          ],
          [
            87.318284,
            22.406054
          ],
          [
            87.318559,
            22.40584
          ],
          [
            87.31861,
            22.405801
          ],
          [
            87.318831,
            22.405692
          ],
          [
            87.318983,
            22.405634
          ],
          [
            87.319152,
            22.405587
          ],
          [
            87.319578,
            22.40547
          ],
          [
            87.319784,
            22.405427
          ],
          [
            87.319841,
            22.405415
          ],
          [
            87.319999,
            22.405383
          ],
          [
            87.320087,
            22.405376
          ],
          [
            87.320189,
            22.405377
          ],
          [
            87.320393,
            22.405403
          ],
          [
            87.320508,
            22.405419
          ],
          [
            87.320723,
            22.40545
          ],
          [
            87.320936,
            22.405471
          ],
          [
            87.321141,
            22.40548
          ],
          [
            87.321677,
            22.405491
          ],
          [
            87.322221,
            22.405503
          ],
          [
            87.322454,
            22.40552
          ],
          [
            87.32271,
            22.405559
          ],
          [
            87.323042,
            22.40561
          ],
          [
            87.32306,
            22.405612
          ],
          [
            87.323268,
            22.405656
          ],
          [
            87.323636,
            22.405733
          ],
          [
            87.323769,
            22.405762
          ],
          [
            87.323859,
            22.405781
          ],
          [
            87.323941,
            22.405798
          ],
          [
            87.324055,
            22.405809
          ],
          [
            87.32454,
            22.405806
          ],
          [
            87.324637,
            22.405822
          ],
          [
            87.324714,
            22.405851
          ],
          [
            87.324813,
            22.405908
          ],
          [
            87.324883,
            22.405986
          ],
          [
            87.325123,
            22.406397
          ],
          [
            87.325194,
            22.40656
          ],
          [
            87.325307,
            22.406971
          ],
          [
            87.325398,
            22.407143
          ],
          [
            87.325455,
            22.407195
          ],
          [
            87.325528,
            22.407229
          ],
          [
            87.325669,
            22.407249
          ],
          [
            87.325806,
            22.407253
          ],
          [
            87.326291,
            22.407243
          ],
          [
            87.326469,
            22.40726
          ],
          [
            87.326634,
            22.407282
          ],
          [
            87.326734,
            22.407304
          ],
          [
            87.326823,
            22.407328
          ],
          [
            87.326903,
            22.407363
          ],
          [
            87.327011,
            22.407414
          ]
        ]
      },
      "properties": {
        "osm_id": 169149049,
        "name": "OT Road (Orissa Trunk Road) / Midnapore Main Road",
        "infrastructure_type": "Road",
        "district": "Paschim Medinipur",
        "state": "West Bengal",
        "statutory_authority": "NHAI / PWD / South Eastern Railway / I&WD"
      }
    },
    {
      "type": "Feature",
      "id": "pmed-infra-169504906",
      "geometry": {
        "type": "LineString",
        "coordinates": [
          [
            87.308776,
            22.430378
          ],
          [
            87.308357,
            22.430438
          ],
          [
            87.308213,
            22.43046
          ],
          [
            87.308042,
            22.430488
          ],
          [
            87.3079,
            22.430514
          ],
          [
            87.307513,
            22.430621
          ],
          [
            87.307198,
            22.430702
          ],
          [
            87.307059,
            22.430736
          ],
          [
            87.306922,
            22.430765
          ],
          [
            87.306834,
            22.430785
          ],
          [
            87.306668,
            22.430816
          ],
          [
            87.306482,
            22.430854
          ],
          [
            87.306274,
            22.430883
          ],
          [
            87.306159,
            22.430904
          ],
          [
            87.306027,
            22.430931
          ],
          [
            87.305766,
            22.431004
          ],
          [
            87.305554,
            22.431099
          ],
          [
            87.305235,
            22.431293
          ],
          [
            87.305164,
            22.431338
          ],
          [
            87.304808,
            22.431561
          ],
          [
            87.304675,
            22.431651
          ],
          [
            87.304018,
            22.432057
          ],
          [
            87.303908,
            22.432125
          ],
          [
            87.303565,
            22.432358
          ],
          [
            87.303395,
            22.432484
          ],
          [
            87.303171,
            22.432667
          ],
          [
            87.303083,
            22.432737
          ],
          [
            87.3029,
            22.432883
          ],
          [
            87.302662,
            22.43307
          ],
          [
            87.30244,
            22.433239
          ],
          [
            87.30234,
            22.433318
          ],
          [
            87.302172,
            22.43345
          ],
          [
            87.302092,
            22.433519
          ],
          [
            87.30197,
            22.433626
          ],
          [
            87.30175,
            22.433809
          ],
          [
            87.301512,
            22.433996
          ],
          [
            87.30126,
            22.434196
          ],
          [
            87.301007,
            22.434364
          ],
          [
            87.300787,
            22.434486
          ],
          [
            87.300736,
            22.434514
          ],
          [
            87.300509,
            22.434607
          ],
          [
            87.300299,
            22.434661
          ],
          [
            87.300056,
            22.43472
          ],
          [
            87.299905,
            22.434715
          ],
          [
            87.299804,
            22.434678
          ],
          [
            87.299739,
            22.434649
          ],
          [
            87.299592,
            22.434584
          ],
          [
            87.299429,
            22.434517
          ],
          [
            87.29923,
            22.434443
          ],
          [
            87.299029,
            22.434351
          ],
          [
            87.298832,
            22.434242
          ],
          [
            87.298682,
            22.434136
          ],
          [
            87.298386,
            22.43394
          ],
          [
            87.298046,
            22.433674
          ],
          [
            87.297694,
            22.433387
          ],
          [
            87.297609,
            22.433315
          ],
          [
            87.297355,
            22.433097
          ],
          [
            87.297029,
            22.432815
          ],
          [
            87.296607,
            22.432405
          ],
          [
            87.296164,
            22.432015
          ],
          [
            87.295812,
            22.431716
          ],
          [
            87.295611,
            22.431549
          ],
          [
            87.295401,
            22.431398
          ],
          [
            87.295316,
            22.431332
          ],
          [
            87.295238,
            22.431271
          ],
          [
            87.294987,
            22.431091
          ],
          [
            87.294675,
            22.430859
          ],
          [
            87.294414,
            22.430633
          ],
          [
            87.294163,
            22.430422
          ],
          [
            87.294009,
            22.430291
          ],
          [
            87.293802,
            22.430116
          ],
          [
            87.293402,
            22.429775
          ],
          [
            87.292994,
            22.429405
          ],
          [
            87.292938,
            22.429355
          ],
          [
            87.292695,
            22.429138
          ],
          [
            87.292397,
            22.428804
          ],
          [
            87.292218,
            22.428561
          ],
          [
            87.292164,
            22.428455
          ],
          [
            87.292157,
            22.428399
          ],
          [
            87.292164,
            22.428348
          ],
          [
            87.292195,
            22.428298
          ],
          [
            87.292252,
            22.428255
          ],
          [
            87.292355,
            22.428192
          ],
          [
            87.29246,
            22.428165
          ],
          [
            87.292542,
            22.428161
          ],
          [
            87.292626,
            22.42816
          ],
          [
            87.29289,
            22.428169
          ],
          [
            87.293134,
            22.428158
          ],
          [
            87.29323,
            22.428155
          ],
          [
            87.293534,
            22.428139
          ],
          [
            87.293929,
            22.428125
          ],
          [
            87.294285,
            22.42809
          ],
          [
            87.294418,
            22.428078
          ],
          [
            87.294874,
            22.428048
          ],
          [
            87.29513,
            22.42802
          ],
          [
            87.295341,
            22.427948
          ],
          [
            87.295595,
            22.427855
          ],
          [
            87.295862,
            22.42774
          ],
          [
            87.296089,
            22.427668
          ],
          [
            87.296552,
            22.427479
          ],
          [
            87.296742,
            22.427401
          ],
          [
            87.297308,
            22.427162
          ],
          [
            87.29766,
            22.427003
          ],
          [
            87.297851,
            22.426878
          ],
          [
            87.298059,
            22.426716
          ],
          [
            87.298441,
            22.42645
          ],
          [
            87.299114,
            22.425991
          ],
          [
            87.299544,
            22.42568
          ],
          [
            87.299845,
            22.425446
          ],
          [
            87.300362,
            22.425121
          ],
          [
            87.300649,
            22.424945
          ],
          [
            87.300987,
            22.424744
          ],
          [
            87.301533,
            22.424404
          ],
          [
            87.301889,
            22.424199
          ],
          [
            87.302201,
            22.423988
          ],
          [
            87.30249,
            22.423783
          ],
          [
            87.302841,
            22.423503
          ],
          [
            87.302946,
            22.423418
          ],
          [
            87.303127,
            22.42327
          ],
          [
            87.303388,
            22.423087
          ],
          [
            87.303725,
            22.422794
          ],
          [
            87.303776,
            22.422752
          ],
          [
            87.303921,
            22.422636
          ],
          [
            87.304005,
            22.422585
          ],
          [
            87.304273,
            22.422378
          ],
          [
            87.304581,
            22.42215
          ],
          [
            87.30516,
            22.421708
          ],
          [
            87.305201,
            22.421661
          ],
          [
            87.305204,
            22.421621
          ],
          [
            87.305163,
            22.421592
          ],
          [
            87.30455,
            22.421433
          ],
          [
            87.304435,
            22.421396
          ],
          [
            87.304359,
            22.421351
          ],
          [
            87.304314,
            22.421269
          ]
        ]
      },
      "properties": {
        "osm_id": 169504906,
        "name": "OT Road (Orissa Trunk Road) / Midnapore Main Road",
        "infrastructure_type": "Road",
        "district": "Paschim Medinipur",
        "state": "West Bengal",
        "statutory_authority": "NHAI / PWD / South Eastern Railway / I&WD"
      }
    },
    {
      "type": "Feature",
      "id": "pmed-infra-172708549",
      "geometry": {
        "type": "LineString",
        "coordinates": [
          [
            87.318112,
            22.42657
          ],
          [
            87.318392,
            22.426405
          ],
          [
            87.318475,
            22.426342
          ],
          [
            87.318577,
            22.426262
          ]
        ]
      },
      "properties": {
        "osm_id": 172708549,
        "name": "OT Road (Orissa Trunk Road) / Midnapore Main Road",
        "infrastructure_type": "Road",
        "district": "Paschim Medinipur",
        "state": "West Bengal",
        "statutory_authority": "NHAI / PWD / South Eastern Railway / I&WD"
      }
    },
    {
      "type": "Feature",
      "id": "pmed-infra-181355941",
      "geometry": {
        "type": "LineString",
        "coordinates": [
          [
            87.331794,
            22.35321
          ],
          [
            87.331763,
            22.35337
          ],
          [
            87.331752,
            22.353418
          ],
          [
            87.331688,
            22.353726
          ],
          [
            87.331664,
            22.353841
          ],
          [
            87.331626,
            22.354035
          ],
          [
            87.331586,
            22.354238
          ],
          [
            87.331571,
            22.354311
          ],
          [
            87.331485,
            22.354819
          ],
          [
            87.331436,
            22.355095
          ],
          [
            87.331425,
            22.355158
          ],
          [
            87.331392,
            22.355337
          ],
          [
            87.331351,
            22.355557
          ],
          [
            87.331339,
            22.355622
          ],
          [
            87.331267,
            22.355951
          ],
          [
            87.331222,
            22.356154
          ],
          [
            87.331143,
            22.356545
          ],
          [
            87.331107,
            22.356725
          ],
          [
            87.331046,
            22.357025
          ],
          [
            87.330984,
            22.3573
          ],
          [
            87.330972,
            22.357356
          ],
          [
            87.330964,
            22.357391
          ],
          [
            87.330893,
            22.357781
          ],
          [
            87.330867,
            22.357923
          ],
          [
            87.33079,
            22.358289
          ],
          [
            87.33074,
            22.358565
          ],
          [
            87.330721,
            22.358668
          ],
          [
            87.330591,
            22.359245
          ],
          [
            87.330499,
            22.359653
          ],
          [
            87.330475,
            22.359759
          ],
          [
            87.330388,
            22.360167
          ],
          [
            87.330253,
            22.360942
          ],
          [
            87.330063,
            22.361906
          ],
          [
            87.329906,
            22.362643
          ],
          [
            87.329791,
            22.363249
          ],
          [
            87.329642,
            22.36401
          ],
          [
            87.32957,
            22.364454
          ],
          [
            87.329449,
            22.365187
          ],
          [
            87.329445,
            22.365209
          ],
          [
            87.32933,
            22.365796
          ],
          [
            87.329189,
            22.366424
          ]
        ]
      },
      "properties": {
        "osm_id": 181355941,
        "name": "Odisha Trunk Road",
        "infrastructure_type": "Road",
        "district": "Paschim Medinipur",
        "state": "West Bengal",
        "statutory_authority": "NHAI / PWD / South Eastern Railway / I&WD"
      }
    },
    {
      "type": "Feature",
      "id": "pmed-infra-184993771",
      "geometry": {
        "type": "LineString",
        "coordinates": [
          [
            87.315975,
            22.420592
          ],
          [
            87.316285,
            22.4206
          ],
          [
            87.31643,
            22.42061
          ],
          [
            87.316954,
            22.420471
          ],
          [
            87.317823,
            22.420272
          ],
          [
            87.318145,
            22.420198
          ],
          [
            87.318542,
            22.420094
          ],
          [
            87.318982,
            22.42
          ],
          [
            87.319188,
            22.419883
          ],
          [
            87.31951,
            22.419705
          ],
          [
            87.319641,
            22.419482
          ],
          [
            87.319953,
            22.419519
          ],
          [
            87.320384,
            22.419214
          ],
          [
            87.32106,
            22.418827
          ],
          [
            87.321567,
            22.418448
          ],
          [
            87.321833,
            22.418222
          ],
          [
            87.322104,
            22.418021
          ],
          [
            87.32235,
            22.417793
          ],
          [
            87.322401,
            22.417637
          ],
          [
            87.322597,
            22.417357
          ],
          [
            87.322666,
            22.417151
          ],
          [
            87.323158,
            22.416743
          ],
          [
            87.323621,
            22.416225
          ],
          [
            87.323792,
            22.416049
          ],
          [
            87.323861,
            22.415827
          ],
          [
            87.323834,
            22.415596
          ],
          [
            87.323869,
            22.415388
          ],
          [
            87.323909,
            22.415333
          ]
        ]
      },
      "properties": {
        "osm_id": 184993771,
        "name": "Kangsabati River (Kasai River Drainage Basin)",
        "infrastructure_type": "Waterway",
        "district": "Paschim Medinipur",
        "state": "West Bengal",
        "statutory_authority": "NHAI / PWD / South Eastern Railway / I&WD"
      }
    },
    {
      "type": "Feature",
      "id": "pmed-infra-185330440",
      "geometry": {
        "type": "LineString",
        "coordinates": [
          [
            87.313182,
            22.426539
          ],
          [
            87.313308,
            22.426435
          ],
          [
            87.313487,
            22.426321
          ],
          [
            87.313665,
            22.426239
          ],
          [
            87.313836,
            22.42616
          ],
          [
            87.313978,
            22.426075
          ],
          [
            87.314035,
            22.425894
          ],
          [
            87.314067,
            22.425691
          ],
          [
            87.314032,
            22.425565
          ],
          [
            87.313844,
            22.425532
          ],
          [
            87.313745,
            22.425465
          ],
          [
            87.313681,
            22.425366
          ],
          [
            87.313764,
            22.425299
          ],
          [
            87.313887,
            22.425232
          ],
          [
            87.313941,
            22.425118
          ],
          [
            87.313962,
            22.424972
          ],
          [
            87.314029,
            22.424945
          ],
          [
            87.314139,
            22.424999
          ],
          [
            87.314206,
            22.425101
          ],
          [
            87.314281,
            22.42519
          ],
          [
            87.31434,
            22.425066
          ],
          [
            87.314386,
            22.424947
          ],
          [
            87.314461,
            22.424833
          ],
          [
            87.314541,
            22.42483
          ],
          [
            87.314728,
            22.424791
          ],
          [
            87.314879,
            22.424736
          ],
          [
            87.315095,
            22.424672
          ],
          [
            87.315215,
            22.424676
          ],
          [
            87.315395,
            22.424682
          ],
          [
            87.315566,
            22.424521
          ],
          [
            87.315712,
            22.424443
          ],
          [
            87.315814,
            22.424329
          ],
          [
            87.315879,
            22.424254
          ],
          [
            87.315997,
            22.424175
          ],
          [
            87.316098,
            22.424155
          ],
          [
            87.316263,
            22.424199
          ],
          [
            87.316356,
            22.424056
          ],
          [
            87.316479,
            22.423991
          ],
          [
            87.316638,
            22.423966
          ],
          [
            87.316646,
            22.423977
          ],
          [
            87.316914,
            22.423768
          ],
          [
            87.317037,
            22.423679
          ],
          [
            87.317204,
            22.423555
          ],
          [
            87.317364,
            22.423436
          ]
        ]
      },
      "properties": {
        "osm_id": 185330440,
        "name": "Kangsabati River (Kasai River Drainage Basin)",
        "infrastructure_type": "Waterway",
        "district": "Paschim Medinipur",
        "state": "West Bengal",
        "statutory_authority": "NHAI / PWD / South Eastern Railway / I&WD"
      }
    },
    {
      "type": "Feature",
      "id": "pmed-infra-185515479",
      "geometry": {
        "type": "LineString",
        "coordinates": [
          [
            87.311147,
            22.443372
          ],
          [
            87.310433,
            22.441768
          ],
          [
            87.30963,
            22.440704
          ],
          [
            87.308091,
            22.439046
          ],
          [
            87.306631,
            22.439911
          ],
          [
            87.30638,
            22.440043
          ],
          [
            87.304802,
            22.438562
          ],
          [
            87.304262,
            22.438433
          ],
          [
            87.304095,
            22.438431
          ],
          [
            87.301911,
            22.438739
          ],
          [
            87.299893,
            22.438761
          ],
          [
            87.296525,
            22.437094
          ],
          [
            87.295909,
            22.436752
          ],
          [
            87.295544,
            22.43654
          ],
          [
            87.295246,
            22.436344
          ],
          [
            87.293653,
            22.433926
          ],
          [
            87.293576,
            22.433599
          ],
          [
            87.29334,
            22.43346
          ],
          [
            87.29288,
            22.4333
          ],
          [
            87.291409,
            22.433143
          ],
          [
            87.290934,
            22.433095
          ],
          [
            87.290628,
            22.433022
          ],
          [
            87.290221,
            22.432645
          ],
          [
            87.28889,
            22.431118
          ],
          [
            87.288719,
            22.4309
          ],
          [
            87.288397,
            22.430939
          ],
          [
            87.285339,
            22.432243
          ],
          [
            87.282592,
            22.433594
          ],
          [
            87.279964,
            22.434966
          ],
          [
            87.276818,
            22.435999
          ],
          [
            87.271124,
            22.438238
          ],
          [
            87.270844,
            22.438278
          ],
          [
            87.270346,
            22.438278
          ],
          [
            87.263892,
            22.438912
          ],
          [
            87.263449,
            22.438974
          ],
          [
            87.263034,
            22.439349
          ],
          [
            87.262891,
            22.439688
          ],
          [
            87.26287,
            22.440184
          ],
          [
            87.263356,
            22.442343
          ],
          [
            87.263377,
            22.4427
          ],
          [
            87.263406,
            22.443357
          ],
          [
            87.263442,
            22.443752
          ],
          [
            87.263471,
            22.444329
          ],
          [
            87.263849,
            22.445179
          ],
          [
            87.265917,
            22.449128
          ],
          [
            87.266067,
            22.449683
          ],
          [
            87.265995,
            22.450276
          ],
          [
            87.265745,
            22.450834
          ],
          [
            87.26538,
            22.451171
          ],
          [
            87.264651,
            22.451726
          ],
          [
            87.26111,
            22.454304
          ],
          [
            87.260373,
            22.454717
          ],
          [
            87.259673,
            22.454899
          ],
          [
            87.259172,
            22.454856
          ],
          [
            87.258399,
            22.454598
          ],
          [
            87.247506,
            22.450893
          ],
          [
            87.240353,
            22.450018
          ],
          [
            87.239881,
            22.4499
          ],
          [
            87.239309,
            22.449624
          ],
          [
            87.235619,
            22.447264
          ],
          [
            87.235075,
            22.447044
          ],
          [
            87.234452,
            22.446865
          ],
          [
            87.230397,
            22.446319
          ],
          [
            87.229662,
            22.446265
          ],
          [
            87.228253,
            22.446438
          ],
          [
            87.225346,
            22.447306
          ],
          [
            87.223667,
            22.447784
          ],
          [
            87.222463,
            22.448077
          ],
          [
            87.222135,
            22.448074
          ],
          [
            87.221272,
            22.447744
          ],
          [
            87.220977,
            22.447559
          ],
          [
            87.220534,
            22.447442
          ],
          [
            87.219954,
            22.447581
          ],
          [
            87.21852,
            22.448434
          ],
          [
            87.218133,
            22.448724
          ],
          [
            87.215084,
            22.451171
          ],
          [
            87.214819,
            22.451645
          ],
          [
            87.214926,
            22.452001
          ],
          [
            87.215226,
            22.452377
          ],
          [
            87.215226,
            22.452734
          ],
          [
            87.212287,
            22.454321
          ],
          [
            87.209311,
            22.45595
          ],
          [
            87.208918,
            22.456363
          ],
          [
            87.208539,
            22.457021
          ],
          [
            87.208317,
            22.457752
          ],
          [
            87.208381,
            22.458604
          ],
          [
            87.208467,
            22.463125
          ],
          [
            87.208596,
            22.467587
          ],
          [
            87.208531,
            22.46838
          ],
          [
            87.208231,
            22.469094
          ],
          [
            87.207724,
            22.469771
          ],
          [
            87.201021,
            22.47532
          ],
          [
            87.200335,
            22.475955
          ],
          [
            87.199527,
            22.476334
          ],
          [
            87.190643,
            22.480161
          ],
          [
            87.189799,
            22.480555
          ],
          [
            87.189262,
            22.480971
          ],
          [
            87.188254,
            22.481863
          ],
          [
            87.187417,
            22.482676
          ],
          [
            87.186459,
            22.483274
          ],
          [
            87.185593,
            22.483885
          ],
          [
            87.181558,
            22.487126
          ],
          [
            87.181081,
            22.487404
          ],
          [
            87.180472,
            22.487715
          ],
          [
            87.179335,
            22.487893
          ],
          [
            87.171973,
            22.489032
          ],
          [
            87.169078,
            22.48948
          ],
          [
            87.16822,
            22.489658
          ],
          [
            87.167469,
            22.490114
          ],
          [
            87.166646,
            22.490686
          ],
          [
            87.166289,
            22.491541
          ],
          [
            87.166174,
            22.492351
          ],
          [
            87.166474,
            22.493303
          ],
          [
            87.167319,
            22.494713
          ],
          [
            87.168177,
            22.496042
          ],
          [
            87.168778,
            22.497033
          ],
          [
            87.169071,
            22.49812
          ],
          [
            87.168942,
            22.499131
          ],
          [
            87.168813,
            22.499647
          ],
          [
            87.168341,
            22.500162
          ]
        ]
      },
      "properties": {
        "osm_id": 185515479,
        "name": "Kangsabati River (Kasai River Drainage Basin)",
        "infrastructure_type": "Waterway",
        "district": "Paschim Medinipur",
        "state": "West Bengal",
        "statutory_authority": "NHAI / PWD / South Eastern Railway / I&WD"
      }
    },
    {
      "type": "Feature",
      "id": "pmed-infra-185593381",
      "geometry": {
        "type": "LineString",
        "coordinates": [
          [
            87.323327,
            22.405345
          ],
          [
            87.323541,
            22.405335
          ],
          [
            87.323917,
            22.405385
          ],
          [
            87.324204,
            22.405417
          ],
          [
            87.324453,
            22.405514
          ],
          [
            87.324539,
            22.405127
          ],
          [
            87.3247,
            22.404592
          ],
          [
            87.324968,
            22.404373
          ],
          [
            87.325419,
            22.404254
          ],
          [
            87.325953,
            22.404217
          ],
          [
            87.326296,
            22.404264
          ],
          [
            87.32651,
            22.404336
          ],
          [
            87.326774,
            22.404502
          ],
          [
            87.32707,
            22.404501
          ],
          [
            87.327455,
            22.404435
          ],
          [
            87.327828,
            22.404476
          ],
          [
            87.32812,
            22.404455
          ],
          [
            87.328388,
            22.404505
          ],
          [
            87.32867,
            22.404582
          ],
          [
            87.328935,
            22.404564
          ],
          [
            87.32945,
            22.404515
          ],
          [
            87.329804,
            22.404515
          ],
          [
            87.330258,
            22.404592
          ],
          [
            87.330719,
            22.404572
          ],
          [
            87.330781,
            22.404465
          ],
          [
            87.330901,
            22.404443
          ],
          [
            87.331081,
            22.404386
          ],
          [
            87.331435,
            22.404376
          ],
          [
            87.331714,
            22.404376
          ],
          [
            87.331982,
            22.404207
          ],
          [
            87.332403,
            22.404076
          ],
          [
            87.332562,
            22.403999
          ],
          [
            87.332798,
            22.404019
          ],
          [
            87.333015,
            22.404036
          ],
          [
            87.333315,
            22.404056
          ],
          [
            87.333613,
            22.403949
          ],
          [
            87.33382,
            22.404006
          ],
          [
            87.333948,
            22.403977
          ],
          [
            87.334184,
            22.404036
          ],
          [
            87.334364,
            22.403959
          ],
          [
            87.334528,
            22.403947
          ],
          [
            87.334665,
            22.403979
          ],
          [
            87.335043,
            22.403917
          ],
          [
            87.33559,
            22.403868
          ],
          [
            87.33588,
            22.403858
          ],
          [
            87.336145,
            22.40384
          ],
          [
            87.336362,
            22.403848
          ],
          [
            87.336628,
            22.4039
          ],
          [
            87.336928,
            22.403791
          ],
          [
            87.337274,
            22.403778
          ],
          [
            87.337658,
            22.403721
          ],
          [
            87.337961,
            22.403709
          ],
          [
            87.338237,
            22.403711
          ],
          [
            87.338755,
            22.403679
          ],
          [
            87.338841,
            22.40357
          ],
          [
            87.338776,
            22.403441
          ],
          [
            87.338723,
            22.403253
          ],
          [
            87.338774,
            22.403096
          ],
          [
            87.338712,
            22.403024
          ],
          [
            87.338709,
            22.402848
          ],
          [
            87.338873,
            22.402737
          ],
          [
            87.338862,
            22.402538
          ],
          [
            87.338658,
            22.402181
          ],
          [
            87.33872,
            22.401975
          ],
          [
            87.338937,
            22.401745
          ],
          [
            87.339235,
            22.401341
          ],
          [
            87.339512,
            22.400879
          ]
        ]
      },
      "properties": {
        "osm_id": 185593381,
        "name": "Kangsabati River (Kasai River Drainage Basin)",
        "infrastructure_type": "Waterway",
        "district": "Paschim Medinipur",
        "state": "West Bengal",
        "statutory_authority": "NHAI / PWD / South Eastern Railway / I&WD"
      }
    },
    {
      "type": "Feature",
      "id": "pmed-infra-187977139",
      "geometry": {
        "type": "LineString",
        "coordinates": [
          [
            87.322792,
            22.430387
          ],
          [
            87.322863,
            22.430343
          ],
          [
            87.322915,
            22.430323
          ],
          [
            87.323006,
            22.430319
          ],
          [
            87.323247,
            22.430413
          ],
          [
            87.323346,
            22.43047
          ],
          [
            87.323493,
            22.430567
          ],
          [
            87.323598,
            22.430671
          ],
          [
            87.32363,
            22.430723
          ],
          [
            87.323684,
            22.430798
          ],
          [
            87.323737,
            22.430892
          ],
          [
            87.323799,
            22.430993
          ],
          [
            87.323888,
            22.431065
          ],
          [
            87.324014,
            22.431122
          ],
          [
            87.324078,
            22.431167
          ],
          [
            87.324169,
            22.431276
          ],
          [
            87.324247,
            22.431383
          ],
          [
            87.324327,
            22.431487
          ],
          [
            87.324432,
            22.431519
          ],
          [
            87.324484,
            22.431511
          ],
          [
            87.324528,
            22.431496
          ],
          [
            87.324609,
            22.431509
          ],
          [
            87.3247,
            22.431588
          ],
          [
            87.324792,
            22.431658
          ],
          [
            87.324939,
            22.431777
          ],
          [
            87.324982,
            22.431824
          ],
          [
            87.325102,
            22.431884
          ]
        ]
      },
      "properties": {
        "osm_id": 187977139,
        "name": "Medinipur Municipal Road #187977139",
        "infrastructure_type": "Road",
        "district": "Paschim Medinipur",
        "state": "West Bengal",
        "statutory_authority": "NHAI / PWD / South Eastern Railway / I&WD"
      }
    },
    {
      "type": "Feature",
      "id": "pmed-infra-193658128",
      "geometry": {
        "type": "LineString",
        "coordinates": [
          [
            87.300056,
            22.43472
          ],
          [
            87.300055,
            22.434794
          ],
          [
            87.300068,
            22.43485
          ],
          [
            87.300102,
            22.434912
          ],
          [
            87.300164,
            22.434974
          ],
          [
            87.302769,
            22.437401
          ],
          [
            87.303189,
            22.437767
          ],
          [
            87.303502,
            22.438036
          ],
          [
            87.303655,
            22.438141
          ],
          [
            87.303815,
            22.438252
          ],
          [
            87.303891,
            22.438338
          ],
          [
            87.303929,
            22.438389
          ]
        ]
      },
      "properties": {
        "osm_id": 193658128,
        "name": "OT Road (Orissa Trunk Road) / Midnapore Main Road",
        "infrastructure_type": "Road",
        "district": "Paschim Medinipur",
        "state": "West Bengal",
        "statutory_authority": "NHAI / PWD / South Eastern Railway / I&WD"
      }
    },
    {
      "type": "Feature",
      "id": "pmed-infra-196776636",
      "geometry": {
        "type": "LineString",
        "coordinates": [
          [
            87.342903,
            22.400376
          ],
          [
            87.343009,
            22.398431
          ],
          [
            87.343068,
            22.397995
          ],
          [
            87.34354,
            22.397206
          ],
          [
            87.34405,
            22.396934
          ],
          [
            87.344576,
            22.396795
          ],
          [
            87.345198,
            22.396611
          ],
          [
            87.345834,
            22.396383
          ],
          [
            87.346575,
            22.396086
          ],
          [
            87.347245,
            22.395689
          ],
          [
            87.347904,
            22.395226
          ],
          [
            87.349514,
            22.393889
          ],
          [
            87.350534,
            22.393071
          ],
          [
            87.352551,
            22.391841
          ],
          [
            87.354036,
            22.39102
          ],
          [
            87.356096,
            22.390128
          ],
          [
            87.357362,
            22.389552
          ],
          [
            87.359443,
            22.388719
          ],
          [
            87.361975,
            22.387866
          ],
          [
            87.36431,
            22.387278
          ],
          [
            87.366327,
            22.38696
          ],
          [
            87.368558,
            22.386603
          ],
          [
            87.371155,
            22.386127
          ],
          [
            87.372764,
            22.385889
          ],
          [
            87.374631,
            22.385551
          ],
          [
            87.376798,
            22.385194
          ],
          [
            87.382145,
            22.384235
          ],
          [
            87.385643,
            22.3836
          ],
          [
            87.389479,
            22.382913
          ],
          [
            87.391319,
            22.382525
          ],
          [
            87.396603,
            22.38194
          ],
          [
            87.399822,
            22.381762
          ],
          [
            87.401882,
            22.381802
          ],
          [
            87.404414,
            22.381861
          ],
          [
            87.406805,
            22.381938
          ],
          [
            87.410959,
            22.382377
          ],
          [
            87.413727,
            22.382913
          ],
          [
            87.415572,
            22.383171
          ],
          [
            87.417675,
            22.383488
          ],
          [
            87.419155,
            22.383786
          ],
          [
            87.420314,
            22.383984
          ],
          [
            87.420894,
            22.384045
          ],
          [
            87.421945,
            22.384321
          ],
          [
            87.42379,
            22.38446
          ],
          [
            87.425764,
            22.384619
          ],
          [
            87.42791,
            22.385016
          ],
          [
            87.430657,
            22.385353
          ],
          [
            87.433081,
            22.38581
          ],
          [
            87.437459,
            22.386444
          ],
          [
            87.439669,
            22.386742
          ],
          [
            87.440334,
            22.386861
          ],
          [
            87.441965,
            22.38704
          ],
          [
            87.443853,
            22.387218
          ],
          [
            87.445269,
            22.387436
          ],
          [
            87.448853,
            22.387734
          ],
          [
            87.451127,
            22.388051
          ],
          [
            87.452479,
            22.38827
          ],
          [
            87.454067,
            22.388468
          ],
          [
            87.456384,
            22.388726
          ],
          [
            87.459346,
            22.389123
          ],
          [
            87.461753,
            22.389374
          ],
          [
            87.463508,
            22.389559
          ],
          [
            87.467632,
            22.390048
          ],
          [
            87.470117,
            22.390293
          ],
          [
            87.472564,
            22.390551
          ],
          [
            87.476097,
            22.390946
          ]
        ]
      },
      "properties": {
        "osm_id": 196776636,
        "name": "Kangsabati River (Kasai River Drainage Basin)",
        "infrastructure_type": "Waterway",
        "district": "Paschim Medinipur",
        "state": "West Bengal",
        "statutory_authority": "NHAI / PWD / South Eastern Railway / I&WD"
      }
    },
    {
      "type": "Feature",
      "id": "pmed-infra-196857488",
      "geometry": {
        "type": "LineString",
        "coordinates": [
          [
            87.341408,
            22.369831
          ],
          [
            87.343905,
            22.370515
          ],
          [
            87.344624,
            22.370715
          ],
          [
            87.345373,
            22.370923
          ],
          [
            87.345495,
            22.370966
          ],
          [
            87.345721,
            22.371044
          ],
          [
            87.345888,
            22.371102
          ],
          [
            87.34608,
            22.371169
          ],
          [
            87.346525,
            22.371351
          ],
          [
            87.346944,
            22.371525
          ],
          [
            87.347427,
            22.371728
          ],
          [
            87.34792,
            22.371964
          ],
          [
            87.348158,
            22.372086
          ],
          [
            87.34868,
            22.372354
          ],
          [
            87.349144,
            22.372605
          ],
          [
            87.351736,
            22.374007
          ],
          [
            87.351784,
            22.374033
          ],
          [
            87.3527,
            22.374533
          ],
          [
            87.353882,
            22.375178
          ],
          [
            87.355146,
            22.375868
          ],
          [
            87.355607,
            22.376121
          ],
          [
            87.356062,
            22.37637
          ],
          [
            87.357794,
            22.377318
          ],
          [
            87.358177,
            22.377527
          ],
          [
            87.358206,
            22.377543
          ],
          [
            87.360004,
            22.378524
          ],
          [
            87.36003,
            22.378538
          ],
          [
            87.36102,
            22.37905
          ],
          [
            87.361792,
            22.379446
          ],
          [
            87.363329,
            22.38024
          ],
          [
            87.364295,
            22.380739
          ]
        ]
      },
      "properties": {
        "osm_id": 196857488,
        "name": "NH-16 (National Highway 16 / Golden Quadrilateral)",
        "infrastructure_type": "Road",
        "district": "Paschim Medinipur",
        "state": "West Bengal",
        "statutory_authority": "NHAI / PWD / South Eastern Railway / I&WD"
      }
    },
    {
      "type": "Feature",
      "id": "pmed-infra-196857489",
      "geometry": {
        "type": "LineString",
        "coordinates": [
          [
            87.340351,
            22.368942
          ],
          [
            87.340115,
            22.36868
          ],
          [
            87.340016,
            22.368555
          ],
          [
            87.339942,
            22.368457
          ],
          [
            87.339878,
            22.368307
          ],
          [
            87.33981,
            22.367971
          ],
          [
            87.339732,
            22.367589
          ],
          [
            87.339601,
            22.366968
          ],
          [
            87.339587,
            22.366901
          ],
          [
            87.339496,
            22.366494
          ],
          [
            87.339327,
            22.365731
          ],
          [
            87.339292,
            22.365591
          ],
          [
            87.33919,
            22.365174
          ],
          [
            87.339087,
            22.364756
          ],
          [
            87.338997,
            22.364391
          ],
          [
            87.338841,
            22.36371
          ],
          [
            87.338658,
            22.362914
          ],
          [
            87.338533,
            22.36237
          ],
          [
            87.33822,
            22.360993
          ],
          [
            87.338166,
            22.360752
          ],
          [
            87.337843,
            22.359447
          ],
          [
            87.337601,
            22.358371
          ],
          [
            87.337235,
            22.356741
          ],
          [
            87.337194,
            22.356559
          ],
          [
            87.336618,
            22.354
          ],
          [
            87.336589,
            22.353869
          ],
          [
            87.336367,
            22.352887
          ],
          [
            87.336141,
            22.351918
          ],
          [
            87.336122,
            22.351723
          ],
          [
            87.336106,
            22.351548
          ],
          [
            87.336158,
            22.351181
          ],
          [
            87.336164,
            22.351057
          ],
          [
            87.336177,
            22.350779
          ],
          [
            87.336166,
            22.350679
          ],
          [
            87.336139,
            22.350494
          ],
          [
            87.336058,
            22.350134
          ],
          [
            87.335991,
            22.349943
          ],
          [
            87.335907,
            22.349732
          ],
          [
            87.335803,
            22.349523
          ],
          [
            87.335705,
            22.349336
          ],
          [
            87.33559,
            22.349155
          ],
          [
            87.335532,
            22.349082
          ],
          [
            87.33547,
            22.349004
          ],
          [
            87.335243,
            22.348751
          ],
          [
            87.335123,
            22.348625
          ],
          [
            87.334605,
            22.348085
          ],
          [
            87.334325,
            22.347814
          ],
          [
            87.334164,
            22.347635
          ],
          [
            87.334091,
            22.347547
          ],
          [
            87.334043,
            22.347448
          ],
          [
            87.334038,
            22.347419
          ],
          [
            87.334037,
            22.347396
          ],
          [
            87.334014,
            22.347329
          ]
        ]
      },
      "properties": {
        "osm_id": 196857489,
        "name": "NH-60 (Kharagpur - Balasore Arterial)",
        "infrastructure_type": "Road",
        "district": "Paschim Medinipur",
        "state": "West Bengal",
        "statutory_authority": "NHAI / PWD / South Eastern Railway / I&WD"
      }
    },
    {
      "type": "Feature",
      "id": "pmed-infra-238572726",
      "geometry": {
        "type": "LineString",
        "coordinates": [
          [
            87.340251,
            22.403852
          ],
          [
            87.340265,
            22.403639
          ],
          [
            87.340298,
            22.403215
          ],
          [
            87.340322,
            22.40292
          ],
          [
            87.340355,
            22.402581
          ],
          [
            87.340389,
            22.402241
          ]
        ]
      },
      "properties": {
        "osm_id": 238572726,
        "name": "Medinipur Bypass",
        "infrastructure_type": "Road",
        "district": "Paschim Medinipur",
        "state": "West Bengal",
        "statutory_authority": "NHAI / PWD / South Eastern Railway / I&WD"
      }
    },
    {
      "type": "Feature",
      "id": "pmed-infra-238572727",
      "geometry": {
        "type": "LineString",
        "coordinates": [
          [
            87.340268,
            22.404061
          ],
          [
            87.340251,
            22.403852
          ]
        ]
      },
      "properties": {
        "osm_id": 238572727,
        "name": "Medinipur Bypass",
        "infrastructure_type": "Road",
        "district": "Paschim Medinipur",
        "state": "West Bengal",
        "statutory_authority": "NHAI / PWD / South Eastern Railway / I&WD"
      }
    },
    {
      "type": "Feature",
      "id": "pmed-infra-240342971",
      "geometry": {
        "type": "LineString",
        "coordinates": [
          [
            87.299099,
            22.358884
          ],
          [
            87.300155,
            22.359192
          ]
        ]
      },
      "properties": {
        "osm_id": 240342971,
        "name": "NH-16 (National Highway 16 / Golden Quadrilateral)",
        "infrastructure_type": "Road",
        "district": "Paschim Medinipur",
        "state": "West Bengal",
        "statutory_authority": "NHAI / PWD / South Eastern Railway / I&WD"
      }
    },
    {
      "type": "Feature",
      "id": "pmed-infra-240342985",
      "geometry": {
        "type": "LineString",
        "coordinates": [
          [
            87.279198,
            22.353582
          ],
          [
            87.279226,
            22.353593
          ],
          [
            87.279696,
            22.35378
          ],
          [
            87.279969,
            22.35387
          ],
          [
            87.280152,
            22.353931
          ],
          [
            87.280567,
            22.354052
          ],
          [
            87.281141,
            22.354204
          ],
          [
            87.281849,
            22.354375
          ],
          [
            87.283457,
            22.354767
          ],
          [
            87.283966,
            22.354891
          ],
          [
            87.288,
            22.355867
          ],
          [
            87.289789,
            22.356298
          ],
          [
            87.29036,
            22.356436
          ],
          [
            87.292898,
            22.357055
          ],
          [
            87.293096,
            22.357103
          ],
          [
            87.294466,
            22.357456
          ],
          [
            87.29569,
            22.357768
          ],
          [
            87.296227,
            22.35792
          ],
          [
            87.296725,
            22.358076
          ],
          [
            87.297239,
            22.358241
          ],
          [
            87.299099,
            22.358884
          ]
        ]
      },
      "properties": {
        "osm_id": 240342985,
        "name": "NH-16 (National Highway 16 / Golden Quadrilateral)",
        "infrastructure_type": "Road",
        "district": "Paschim Medinipur",
        "state": "West Bengal",
        "statutory_authority": "NHAI / PWD / South Eastern Railway / I&WD"
      }
    },
    {
      "type": "Feature",
      "id": "pmed-infra-240342996",
      "geometry": {
        "type": "LineString",
        "coordinates": [
          [
            87.300155,
            22.359192
          ],
          [
            87.301583,
            22.359506
          ],
          [
            87.302315,
            22.359663
          ],
          [
            87.304621,
            22.360145
          ],
          [
            87.305668,
            22.360363
          ],
          [
            87.305987,
            22.36043
          ],
          [
            87.310181,
            22.361444
          ],
          [
            87.31153,
            22.361807
          ],
          [
            87.31247,
            22.36206
          ],
          [
            87.314324,
            22.36257
          ],
          [
            87.31477,
            22.362693
          ],
          [
            87.319198,
            22.363895
          ],
          [
            87.321007,
            22.364379
          ],
          [
            87.322731,
            22.364825
          ],
          [
            87.323971,
            22.36517
          ],
          [
            87.324829,
            22.365399
          ],
          [
            87.325308,
            22.365527
          ]
        ]
      },
      "properties": {
        "osm_id": 240342996,
        "name": "NH-16 (National Highway 16 / Golden Quadrilateral)",
        "infrastructure_type": "Road",
        "district": "Paschim Medinipur",
        "state": "West Bengal",
        "statutory_authority": "NHAI / PWD / South Eastern Railway / I&WD"
      }
    },
    {
      "type": "Feature",
      "id": "pmed-infra-242454445",
      "geometry": {
        "type": "LineString",
        "coordinates": [
          [
            87.361855,
            22.37935
          ],
          [
            87.36131,
            22.379062
          ],
          [
            87.36109,
            22.378946
          ],
          [
            87.36039,
            22.378592
          ],
          [
            87.360103,
            22.378447
          ],
          [
            87.359094,
            22.377896
          ],
          [
            87.358247,
            22.377433
          ],
          [
            87.357314,
            22.376925
          ],
          [
            87.356658,
            22.376568
          ],
          [
            87.356001,
            22.37621
          ],
          [
            87.355243,
            22.375798
          ],
          [
            87.354771,
            22.375538
          ],
          [
            87.351789,
            22.373901
          ],
          [
            87.349621,
            22.37272
          ],
          [
            87.348669,
            22.372219
          ],
          [
            87.348258,
            22.372006
          ],
          [
            87.347805,
            22.371788
          ],
          [
            87.347225,
            22.37151
          ],
          [
            87.346657,
            22.371262
          ],
          [
            87.346209,
            22.371097
          ],
          [
            87.346115,
            22.371063
          ],
          [
            87.345742,
            22.370932
          ],
          [
            87.345404,
            22.370813
          ],
          [
            87.344791,
            22.370646
          ],
          [
            87.343988,
            22.37043
          ],
          [
            87.343822,
            22.370382
          ],
          [
            87.343564,
            22.370307
          ],
          [
            87.342939,
            22.370129
          ],
          [
            87.342687,
            22.370057
          ],
          [
            87.341804,
            22.369816
          ],
          [
            87.341649,
            22.369774
          ],
          [
            87.341485,
            22.369736
          ],
          [
            87.341433,
            22.369724
          ],
          [
            87.341262,
            22.369677
          ],
          [
            87.34112,
            22.369615
          ],
          [
            87.340989,
            22.369513
          ],
          [
            87.34087,
            22.36941
          ],
          [
            87.340754,
            22.369294
          ],
          [
            87.340635,
            22.369188
          ],
          [
            87.340453,
            22.369022
          ]
        ]
      },
      "properties": {
        "osm_id": 242454445,
        "name": "NH-16 (National Highway 16 / Golden Quadrilateral)",
        "infrastructure_type": "Road",
        "district": "Paschim Medinipur",
        "state": "West Bengal",
        "statutory_authority": "NHAI / PWD / South Eastern Railway / I&WD"
      }
    },
    {
      "type": "Feature",
      "id": "pmed-infra-319390366",
      "geometry": {
        "type": "LineString",
        "coordinates": [
          [
            87.018929,
            22.598515
          ],
          [
            87.019422,
            22.597252
          ],
          [
            87.019336,
            22.596618
          ],
          [
            87.018971,
            22.595925
          ],
          [
            87.018693,
            22.595331
          ],
          [
            87.018585,
            22.594518
          ],
          [
            87.018693,
            22.593964
          ],
          [
            87.018735,
            22.593389
          ],
          [
            87.018971,
            22.592696
          ],
          [
            87.019637,
            22.5923
          ],
          [
            87.020023,
            22.591943
          ],
          [
            87.020302,
            22.590556
          ],
          [
            87.020667,
            22.588437
          ],
          [
            87.021031,
            22.586277
          ],
          [
            87.021611,
            22.585029
          ],
          [
            87.022319,
            22.584316
          ],
          [
            87.024014,
            22.583345
          ],
          [
            87.026653,
            22.582691
          ],
          [
            87.028542,
            22.582354
          ],
          [
            87.031395,
            22.582136
          ],
          [
            87.034271,
            22.582017
          ],
          [
            87.036781,
            22.581839
          ],
          [
            87.037597,
            22.5817
          ],
          [
            87.038412,
            22.581562
          ],
          [
            87.039528,
            22.581225
          ],
          [
            87.041931,
            22.579977
          ],
          [
            87.042918,
            22.579382
          ],
          [
            87.043583,
            22.578055
          ],
          [
            87.043648,
            22.577282
          ],
          [
            87.043841,
            22.57649
          ],
          [
            87.04457,
            22.575598
          ],
          [
            87.04457,
            22.574924
          ],
          [
            87.044313,
            22.572844
          ],
          [
            87.043841,
            22.5711
          ],
          [
            87.04309,
            22.568722
          ],
          [
            87.042038,
            22.56686
          ],
          [
            87.040601,
            22.565235
          ],
          [
            87.038133,
            22.562917
          ],
          [
            87.036395,
            22.561985
          ],
          [
            87.034807,
            22.561371
          ],
          [
            87.033691,
            22.560757
          ],
          [
            87.033219,
            22.560202
          ],
          [
            87.033005,
            22.558954
          ],
          [
            87.031975,
            22.556596
          ],
          [
            87.030859,
            22.55499
          ],
          [
            87.029314,
            22.553445
          ],
          [
            87.027619,
            22.551919
          ],
          [
            87.025666,
            22.550373
          ],
          [
            87.024958,
            22.549997
          ],
          [
            87.024572,
            22.54966
          ],
          [
            87.024443,
            22.549204
          ],
          [
            87.024615,
            22.548173
          ],
          [
            87.02455,
            22.547836
          ],
          [
            87.024379,
            22.54744
          ],
          [
            87.023907,
            22.547083
          ],
          [
            87.023027,
            22.546489
          ],
          [
            87.021933,
            22.545201
          ],
          [
            87.021482,
            22.543853
          ],
          [
            87.021267,
            22.542506
          ],
          [
            87.021482,
            22.541019
          ],
          [
            87.022169,
            22.539117
          ],
          [
            87.022684,
            22.537373
          ],
          [
            87.023864,
            22.534756
          ],
          [
            87.024937,
            22.532913
          ],
          [
            87.027533,
            22.52992
          ],
          [
            87.030516,
            22.526313
          ],
          [
            87.034571,
            22.522745
          ],
          [
            87.038219,
            22.519931
          ],
          [
            87.039764,
            22.518801
          ],
          [
            87.042296,
            22.518464
          ],
          [
            87.043412,
            22.517988
          ],
          [
            87.044077,
            22.517592
          ],
          [
            87.044678,
            22.51664
          ],
          [
            87.045364,
            22.515748
          ],
          [
            87.046416,
            22.515332
          ],
          [
            87.047703,
            22.515154
          ],
          [
            87.048776,
            22.514975
          ],
          [
            87.049484,
            22.5145
          ],
          [
            87.050106,
            22.513528
          ],
          [
            87.050321,
            22.512339
          ],
          [
            87.050171,
            22.510793
          ],
          [
            87.050021,
            22.509009
          ],
          [
            87.050428,
            22.505242
          ],
          [
            87.051051,
            22.501894
          ],
          [
            87.052896,
            22.495846
          ],
          [
            87.053551,
            22.494646
          ],
          [
            87.054291,
            22.494101
          ],
          [
            87.054806,
            22.494002
          ],
          [
            87.056083,
            22.493962
          ],
          [
            87.058207,
            22.494111
          ],
          [
            87.060685,
            22.494378
          ],
          [
            87.062541,
            22.494726
          ],
          [
            87.063957,
            22.495092
          ],
          [
            87.066404,
            22.495806
          ],
          [
            87.068775,
            22.496609
          ],
          [
            87.071607,
            22.497858
          ],
          [
            87.073216,
            22.498601
          ],
          [
            87.07386,
            22.499008
          ],
          [
            87.074321,
            22.499374
          ],
          [
            87.074933,
            22.4999
          ],
          [
            87.075448,
            22.500594
          ],
          [
            87.076671,
            22.50217
          ],
          [
            87.077615,
            22.503587
          ],
          [
            87.078001,
            22.504063
          ],
          [
            87.078645,
            22.504558
          ],
          [
            87.079321,
            22.504796
          ],
          [
            87.080727,
            22.505024
          ],
          [
            87.082057,
            22.504915
          ],
          [
            87.083119,
            22.504667
          ],
          [
            87.083945,
            22.504182
          ],
          [
            87.084471,
            22.503072
          ],
          [
            87.084696,
            22.50217
          ],
          [
            87.085158,
            22.501178
          ],
          [
            87.085501,
            22.500752
          ],
          [
            87.086091,
            22.500048
          ],
          [
            87.086971,
            22.499246
          ],
          [
            87.088205,
            22.49874
          ],
          [
            87.090061,
            22.498552
          ],
          [
            87.090833,
            22.498205
          ],
          [
            87.091584,
            22.497769
          ],
          [
            87.092582,
            22.496698
          ],
          [
            87.093148,
            22.495479
          ],
          [
            87.093365,
            22.494289
          ],
          [
            87.093666,
            22.492218
          ],
          [
            87.093784,
            22.490374
          ],
          [
            87.093751,
            22.489085
          ],
          [
            87.093483,
            22.487102
          ],
          [
            87.093161,
            22.48626
          ],
          [
            87.092292,
            22.484882
          ],
          [
            87.091262,
            22.483355
          ],
          [
            87.090812,
            22.482582
          ],
          [
            87.089986,
            22.481839
          ],
          [
            87.088763,
            22.481125
          ],
          [
            87.087325,
            22.480223
          ],
          [
            87.084954,
            22.478805
          ],
          [
            87.08328,
            22.477953
          ],
          [
            87.08152,
            22.477021
          ],
          [
            87.080598,
            22.476456
          ],
          [
            87.079954,
            22.475841
          ],
          [
            87.079525,
            22.475405
          ],
          [
            87.0793,
            22.474978
          ],
          [
            87.079197,
            22.474339
          ],
          [
            87.079343,
            22.473134
          ],
          [
            87.079847,
            22.471617
          ],
          [
            87.080609,
            22.47018
          ],
          [
            87.081692,
            22.468207
          ],
          [
            87.083731,
            22.46549
          ],
          [
            87.084085,
            22.464945
          ],
          [
            87.08461,
            22.46442
          ],
          [
            87.086617,
            22.463121
          ],
          [
            87.08829,
            22.46206
          ],
          [
            87.089192,
            22.461663
          ],
          [
            87.090941,
            22.461049
          ],
          [
            87.093322,
            22.460384
          ],
          [
            87.094792,
            22.460176
          ],
          [
            87.098365,
            22.459948
          ],
          [
            87.100393,
            22.459908
          ],
          [
            87.101734,
            22.459998
          ],
          [
            87.103772,
            22.460573
          ],
          [
            87.105993,
            22.461366
          ],
          [
            87.107366,
            22.461961
          ],
          [
            87.109351,
            22.462754
          ],
          [
            87.111014,
            22.463081
          ],
          [
            87.112216,
            22.463279
          ],
          [
            87.114254,
            22.463904
          ],
          [
            87.116014,
            22.464747
          ],
          [
            87.116861,
            22.465213
          ],
          [
            87.117269,
            22.465371
          ],
          [
            87.117945,
            22.46552
          ],
          [
            87.11861,
            22.46552
          ],
          [
            87.119479,
            22.465272
          ],
          [
            87.120531,
            22.464658
          ],
          [
            87.121378,
            22.464191
          ],
          [
            87.122194,
            22.46324
          ],
          [
            87.122912,
            22.4621
          ],
          [
            87.123256,
            22.461177
          ],
          [
            87.123535,
            22.460136
          ],
          [
            87.123524,
            22.458966
          ],
          [
            87.123427,
            22.458114
          ],
          [
            87.122848,
            22.456587
          ],
          [
            87.122204,
            22.454604
          ],
          [
            87.121732,
            22.452739
          ],
          [
            87.121432,
            22.452125
          ],
          [
            87.120434,
            22.451064
          ],
          [
            87.119415,
            22.45037
          ],
          [
            87.118127,
            22.449001
          ],
          [
            87.117248,
            22.44794
          ],
          [
            87.115477,
            22.44564
          ],
          [
            87.114909,
            22.444083
          ],
          [
            87.114544,
            22.441911
          ],
          [
            87.11434,
            22.439799
          ],
          [
            87.114351,
            22.438391
          ],
          [
            87.114533,
            22.437578
          ],
          [
            87.114952,
            22.436408
          ],
          [
            87.115531,
            22.435247
          ],
          [
            87.116175,
            22.434057
          ],
          [
            87.117945,
            22.431479
          ],
          [
            87.118535,
            22.430041
          ],
          [
            87.118996,
            22.429525
          ],
          [
            87.119565,
            22.429218
          ],
          [
            87.120155,
            22.42893
          ],
          [
            87.120713,
            22.428464
          ],
          [
            87.121131,
            22.428077
          ],
          [
            87.122118,
            22.427343
          ],
          [
            87.123127,
            22.426124
          ],
          [
            87.123867,
            22.425003
          ],
          [
            87.125047,
            22.423535
          ],
          [
            87.12582,
            22.422752
          ],
          [
            87.127032,
            22.422127
          ],
          [
            87.127998,
            22.421919
          ],
          [
            87.128921,
            22.42182
          ],
          [
            87.130433,
            22.421958
          ],
          [
            87.131946,
            22.422176
          ],
          [
            87.133309,
            22.422573
          ],
          [
            87.136506,
            22.423664
          ],
          [
            87.137911,
            22.42413
          ],
          [
            87.139585,
            22.425172
          ],
          [
            87.14142,
            22.426262
          ],
          [
            87.143394,
            22.427056
          ],
          [
            87.144767,
            22.427373
          ],
          [
            87.145497,
            22.427463
          ],
          [
            87.146462,
            22.427532
          ],
          [
            87.147192,
            22.427473
          ],
          [
            87.148136,
            22.427334
          ],
          [
            87.148683,
            22.427046
          ],
          [
            87.149681,
            22.426124
          ],
          [
            87.150269,
            22.42522
          ],
          [
            87.151612,
            22.422663
          ],
          [
            87.152309,
            22.421205
          ],
          [
            87.152717,
            22.420709
          ],
          [
            87.154241,
            22.419786
          ],
          [
            87.155732,
            22.41931
          ],
          [
            87.156698,
            22.418894
          ],
          [
            87.157062,
            22.418675
          ],
          [
            87.157878,
            22.4181
          ],
          [
            87.158521,
            22.417158
          ],
          [
            87.158918,
            22.416107
          ],
          [
            87.15939,
            22.415174
          ],
          [
            87.15997,
            22.414559
          ],
          [
            87.161268,
            22.414034
          ],
          [
            87.162566,
            22.413766
          ],
          [
            87.164111,
            22.413419
          ],
          [
            87.164819,
            22.413201
          ],
          [
            87.165796,
            22.412705
          ],
          [
            87.166986,
            22.411524
          ],
          [
            87.167662,
            22.410552
          ],
          [
            87.167888,
            22.410126
          ],
          [
            87.168167,
            22.409848
          ],
          [
            87.168553,
            22.4096
          ],
          [
            87.169197,
            22.409322
          ],
          [
            87.16983,
            22.409194
          ],
          [
            87.170666,
            22.409213
          ],
          [
            87.171267,
            22.409352
          ],
          [
            87.171772,
            22.409481
          ],
          [
            87.172576,
            22.409977
          ],
          [
            87.173445,
            22.411019
          ],
          [
            87.174068,
            22.411514
          ],
          [
            87.17499,
            22.411743
          ],
          [
            87.175677,
            22.411753
          ],
          [
            87.17631,
            22.411514
          ],
          [
            87.176632,
            22.411217
          ],
          [
            87.177104,
            22.410285
          ],
          [
            87.179303,
            22.407686
          ],
          [
            87.180955,
            22.406258
          ],
          [
            87.182307,
            22.405434
          ],
          [
            87.182833,
            22.405058
          ],
          [
            87.184635,
            22.403718
          ],
          [
            87.186105,
            22.402707
          ],
          [
            87.187157,
            22.401973
          ],
          [
            87.187833,
            22.401387
          ],
          [
            87.188208,
            22.400921
          ],
          [
            87.188337,
            22.400614
          ],
          [
            87.188669,
            22.400425
          ],
          [
            87.18897,
            22.400346
          ],
          [
            87.189689,
            22.400425
          ],
          [
            87.190622,
            22.400673
          ],
          [
            87.191813,
            22.400663
          ],
          [
            87.192317,
            22.400564
          ],
          [
            87.192939,
            22.400604
          ],
          [
            87.193401,
            22.400713
          ],
          [
            87.194624,
            22.401566
          ],
          [
            87.195901,
            22.402597
          ],
          [
            87.198293,
            22.405058
          ],
          [
            87.200664,
            22.407706
          ],
          [
            87.201823,
            22.409382
          ],
          [
            87.202939,
            22.411316
          ],
          [
            87.203926,
            22.413379
          ],
          [
            87.204516,
            22.415155
          ],
          [
            87.204988,
            22.416801
          ],
          [
            87.205503,
            22.417753
          ],
          [
            87.20605,
            22.418447
          ],
          [
            87.207016,
            22.41929
          ],
          [
            87.208335,
            22.419876
          ],
          [
            87.20973,
            22.420133
          ],
          [
            87.210717,
            22.420054
          ],
          [
            87.212348,
            22.419717
          ],
          [
            87.213957,
            22.418923
          ],
          [
            87.215695,
            22.418011
          ],
          [
            87.216918,
            22.417634
          ],
          [
            87.218163,
            22.417456
          ],
          [
            87.219021,
            22.417218
          ],
          [
            87.220094,
            22.416821
          ],
          [
            87.220588,
            22.416494
          ],
          [
            87.220888,
            22.416097
          ],
          [
            87.221478,
            22.41568
          ],
          [
            87.222508,
            22.415373
          ],
          [
            87.223839,
            22.415264
          ],
          [
            87.224868,
            22.415303
          ],
          [
            87.226296,
            22.415065
          ],
          [
            87.228645,
            22.414639
          ],
          [
            87.229922,
            22.414361
          ],
          [
            87.231188,
            22.414024
          ],
          [
            87.232153,
            22.413905
          ],
          [
            87.233301,
            22.413835
          ],
          [
            87.234278,
            22.414054
          ],
          [
            87.235855,
            22.414321
          ],
          [
            87.237582,
            22.414411
          ],
          [
            87.240329,
            22.414421
          ],
          [
            87.241884,
            22.414569
          ],
          [
            87.243429,
            22.414758
          ],
          [
            87.246519,
            22.415293
          ],
          [
            87.247528,
            22.415343
          ],
          [
            87.248354,
            22.415353
          ],
          [
            87.249116,
            22.415155
          ],
          [
            87.250972,
            22.414698
          ],
          [
            87.254502,
            22.414064
          ],
          [
            87.255832,
            22.413736
          ],
          [
            87.2589,
            22.412903
          ],
          [
            87.263632,
            22.411743
          ],
          [
            87.265574,
            22.411197
          ],
          [
            87.267719,
            22.410671
          ],
          [
            87.269061,
            22.410364
          ],
          [
            87.270155,
            22.409908
          ],
          [
            87.271142,
            22.409293
          ],
          [
            87.271968,
            22.408708
          ],
          [
            87.272666,
            22.408291
          ],
          [
            87.273309,
            22.408053
          ],
          [
            87.274253,
            22.407894
          ],
          [
            87.275659,
            22.407944
          ],
          [
            87.280047,
            22.408321
          ],
          [
            87.282869,
            22.408827
          ],
          [
            87.284542,
            22.409243
          ],
          [
            87.287085,
            22.410176
          ],
          [
            87.288233,
            22.410632
          ],
          [
            87.288909,
            22.41082
          ],
          [
            87.289692,
            22.41088
          ],
          [
            87.290744,
            22.41087
          ],
          [
            87.292428,
            22.410751
          ],
          [
            87.293297,
            22.410632
          ],
          [
            87.294112,
            22.410364
          ],
          [
            87.294735,
            22.410066
          ],
          [
            87.295657,
            22.409164
          ],
          [
            87.296001,
            22.408708
          ],
          [
            87.297213,
            22.407279
          ],
          [
            87.298192,
            22.406596
          ],
          [
            87.299595,
            22.40599
          ],
          [
            87.300754,
            22.405692
          ],
          [
            87.301751,
            22.405514
          ],
          [
            87.302867,
            22.405444
          ],
          [
            87.303929,
            22.405534
          ],
          [
            87.30511,
            22.405484
          ],
          [
            87.306172,
            22.405276
          ],
          [
            87.307491,
            22.404661
          ],
          [
            87.307974,
            22.404383
          ],
          [
            87.308553,
            22.403986
          ],
          [
            87.309508,
            22.403252
          ],
          [
            87.310613,
            22.402231
          ],
          [
            87.312759,
            22.400177
          ],
          [
            87.315602,
            22.397995
          ],
          [
            87.31734,
            22.396884
          ],
          [
            87.320294,
            22.394812
          ],
          [
            87.322139,
            22.394019
          ],
          [
            87.324429,
            22.393096
          ],
          [
            87.325687,
            22.392559
          ],
          [
            87.327125,
            22.392103
          ],
          [
            87.328155,
            22.391855
          ],
          [
            87.329228,
            22.391765
          ],
          [
            87.330397,
            22.392113
          ],
          [
            87.331717,
            22.392896
          ],
          [
            87.332779,
            22.394523
          ],
          [
            87.333702,
            22.396487
          ],
          [
            87.334614,
            22.397777
          ],
          [
            87.33633,
            22.399086
          ],
          [
            87.338465,
            22.400534
          ],
          [
            87.339512,
            22.400879
          ],
          [
            87.339731,
            22.400951
          ],
          [
            87.340772,
            22.401001
          ],
          [
            87.34163,
            22.400921
          ],
          [
            87.342467,
            22.400693
          ],
          [
            87.342778,
            22.400495
          ],
          [
            87.342903,
            22.400376
          ],
          [
            87.343132,
            22.400157
          ],
          [
            87.343336,
            22.39989
          ],
          [
            87.343551,
            22.399523
          ],
          [
            87.343669,
            22.399106
          ],
          [
            87.343755,
            22.398848
          ],
          [
            87.343894,
            22.398719
          ],
          [
            87.344102,
            22.398633
          ],
          [
            87.344688,
            22.398451
          ],
          [
            87.345289,
            22.398412
          ],
          [
            87.34589,
            22.39863
          ],
          [
            87.346083,
            22.398739
          ],
          [
            87.346405,
            22.398957
          ],
          [
            87.346802,
            22.399106
          ],
          [
            87.347199,
            22.399185
          ],
          [
            87.348068,
            22.399304
          ],
          [
            87.349151,
            22.399017
          ],
          [
            87.349581,
            22.399017
          ],
          [
            87.35031,
            22.399027
          ],
          [
            87.350911,
            22.398967
          ],
          [
            87.351297,
            22.398898
          ],
          [
            87.351458,
            22.398828
          ],
          [
            87.351597,
            22.398729
          ],
          [
            87.351965,
            22.397828
          ],
          [
            87.352155,
            22.397251
          ],
          [
            87.352402,
            22.397003
          ],
          [
            87.352735,
            22.396884
          ],
          [
            87.353078,
            22.396844
          ],
          [
            87.353786,
            22.396973
          ],
          [
            87.354258,
            22.397201
          ],
          [
            87.354891,
            22.397301
          ],
          [
            87.355481,
            22.397301
          ],
          [
            87.35635,
            22.397281
          ],
          [
            87.35723,
            22.397231
          ],
          [
            87.35796,
            22.39733
          ],
          [
            87.358571,
            22.397658
          ],
          [
            87.358872,
            22.397787
          ],
          [
            87.359912,
            22.397886
          ],
          [
            87.36062,
            22.397906
          ],
          [
            87.361575,
            22.397906
          ],
          [
            87.363388,
            22.397926
          ],
          [
            87.364676,
            22.398193
          ],
          [
            87.36547,
            22.398352
          ],
          [
            87.365942,
            22.3986
          ],
          [
            87.366693,
            22.399334
          ],
          [
            87.367272,
            22.399403
          ],
          [
            87.368367,
            22.399483
          ],
          [
            87.369096,
            22.399582
          ],
          [
            87.369858,
            22.399701
          ],
          [
            87.370577,
            22.399761
          ],
          [
            87.371317,
            22.399661
          ],
          [
            87.372465,
            22.399374
          ],
          [
            87.373667,
            22.398997
          ],
          [
            87.374976,
            22.398709
          ],
          [
            87.376167,
            22.39858
          ],
          [
            87.376875,
            22.398511
          ],
          [
            87.377765,
            22.398233
          ],
          [
            87.378291,
            22.397896
          ],
          [
            87.378913,
            22.397648
          ],
          [
            87.379514,
            22.397598
          ],
          [
            87.379868,
            22.397628
          ],
          [
            87.380286,
            22.397717
          ],
          [
            87.381113,
            22.397866
          ],
          [
            87.381552,
            22.397866
          ],
          [
            87.382722,
            22.397608
          ],
          [
            87.384439,
            22.39739
          ],
          [
            87.385426,
            22.397251
          ],
          [
            87.386466,
            22.397241
          ],
          [
            87.387475,
            22.39731
          ],
          [
            87.387947,
            22.39733
          ],
          [
            87.388215,
            22.397301
          ],
          [
            87.388762,
            22.397172
          ],
          [
            87.389245,
            22.396983
          ],
          [
            87.38991,
            22.396616
          ],
          [
            87.390457,
            22.396507
          ],
          [
            87.391251,
            22.396408
          ],
          [
            87.391954,
            22.39618
          ],
          [
            87.393038,
            22.395723
          ],
          [
            87.393708,
            22.395307
          ],
          [
            87.393987,
            22.395019
          ],
          [
            87.394491,
            22.39433
          ],
          [
            87.39499,
            22.393551
          ],
          [
            87.395167,
            22.393288
          ],
          [
            87.395302,
            22.393139
          ],
          [
            87.395484,
            22.393035
          ],
          [
            87.395709,
            22.392961
          ],
          [
            87.395961,
            22.392931
          ],
          [
            87.396503,
            22.392926
          ],
          [
            87.397962,
            22.393298
          ],
          [
            87.39882,
            22.393764
          ],
          [
            87.399558,
            22.394296
          ],
          [
            87.400108,
            22.394612
          ],
          [
            87.400972,
            22.39488
          ],
          [
            87.401691,
            22.395064
          ],
          [
            87.402452,
            22.395272
          ],
          [
            87.402973,
            22.39547
          ],
          [
            87.403294,
            22.395704
          ],
          [
            87.40367,
            22.396061
          ],
          [
            87.403938,
            22.396413
          ],
          [
            87.404442,
            22.396815
          ],
          [
            87.405167,
            22.397097
          ],
          [
            87.405623,
            22.397474
          ],
          [
            87.40654,
            22.398293
          ],
          [
            87.410252,
            22.402449
          ],
          [
            87.412537,
            22.404641
          ],
          [
            87.413803,
            22.405454
          ],
          [
            87.415316,
            22.406248
          ],
          [
            87.416604,
            22.406625
          ],
          [
            87.417456,
            22.406779
          ],
          [
            87.417698,
            22.406823
          ],
          [
            87.418631,
            22.406882
          ],
          [
            87.419811,
            22.406803
          ],
          [
            87.42097,
            22.406615
          ],
          [
            87.422011,
            22.406208
          ],
          [
            87.42273,
            22.405781
          ],
          [
            87.423255,
            22.405385
          ],
          [
            87.423899,
            22.404512
          ],
          [
            87.425884,
            22.402151
          ],
          [
            87.426828,
            22.401159
          ],
          [
            87.428276,
            22.399463
          ],
          [
            87.429542,
            22.398173
          ],
          [
            87.430358,
            22.39744
          ],
          [
            87.43142,
            22.396557
          ],
          [
            87.432257,
            22.395971
          ],
          [
            87.43334,
            22.395346
          ],
          [
            87.434746,
            22.394841
          ],
          [
            87.435626,
            22.394603
          ],
          [
            87.437171,
            22.394553
          ],
          [
            87.4379,
            22.394622
          ],
          [
            87.438447,
            22.394702
          ],
          [
            87.438705,
            22.394781
          ],
          [
            87.440347,
            22.395555
          ],
          [
            87.44187,
            22.396953
          ],
          [
            87.442589,
            22.397955
          ],
          [
            87.443104,
            22.398917
          ],
          [
            87.443619,
            22.400683
          ],
          [
            87.444177,
            22.402488
          ],
          [
            87.444316,
            22.403371
          ],
          [
            87.444241,
            22.404502
          ],
          [
            87.444037,
            22.405781
          ],
          [
            87.443501,
            22.407696
          ],
          [
            87.443007,
            22.409025
          ],
          [
            87.441645,
            22.411881
          ],
          [
            87.440861,
            22.413587
          ],
          [
            87.440314,
            22.414887
          ],
          [
            87.440003,
            22.415918
          ],
          [
            87.439982,
            22.416989
          ],
          [
            87.440035,
            22.417714
          ],
          [
            87.440229,
            22.418358
          ],
          [
            87.440647,
            22.41929
          ],
          [
            87.441194,
            22.419925
          ],
          [
            87.441816,
            22.420252
          ],
          [
            87.442986,
            22.420381
          ],
          [
            87.443812,
            22.420292
          ],
          [
            87.444649,
            22.420223
          ],
          [
            87.445754,
            22.420014
          ],
          [
            87.446483,
            22.419915
          ],
          [
            87.446848,
            22.419885
          ],
          [
            87.447213,
            22.419796
          ],
          [
            87.447739,
            22.41935
          ],
          [
            87.448221,
            22.418566
          ],
          [
            87.448951,
            22.417297
          ],
          [
            87.449724,
            22.415631
          ],
          [
            87.450335,
            22.414242
          ],
          [
            87.451247,
            22.41207
          ],
          [
            87.452341,
            22.40963
          ],
          [
            87.452652,
            22.408648
          ],
          [
            87.453039,
            22.406992
          ],
          [
            87.453361,
            22.405891
          ],
          [
            87.453854,
            22.404869
          ],
          [
            87.454476,
            22.403461
          ],
          [
            87.454895,
            22.402538
          ],
          [
            87.455303,
            22.401943
          ],
          [
            87.455646,
            22.401526
          ],
          [
            87.456633,
            22.400753
          ],
          [
            87.457899,
            22.400098
          ],
          [
            87.459251,
            22.399314
          ],
          [
            87.460838,
            22.398719
          ],
          [
            87.461868,
            22.39862
          ],
          [
            87.462652,
            22.39859
          ],
          [
            87.463285,
            22.398719
          ],
          [
            87.464808,
            22.399215
          ],
          [
            87.465666,
            22.39981
          ],
          [
            87.46689,
            22.401179
          ],
          [
            87.468317,
            22.403123
          ],
          [
            87.468907,
            22.404403
          ],
          [
            87.469271,
            22.406307
          ],
          [
            87.469432,
            22.407478
          ],
          [
            87.469411,
            22.408846
          ],
          [
            87.46925,
            22.410999
          ],
          [
            87.469025,
            22.413379
          ],
          [
            87.469143,
            22.415591
          ],
          [
            87.469325,
            22.417267
          ],
          [
            87.469507,
            22.418507
          ],
          [
            87.470173,
            22.420639
          ],
          [
            87.470613,
            22.421472
          ],
          [
            87.471503,
            22.422811
          ],
          [
            87.473263,
            22.424646
          ],
          [
            87.4747,
            22.425945
          ],
          [
            87.478123,
            22.428682
          ],
          [
            87.479067,
            22.429337
          ],
          [
            87.47955,
            22.429982
          ],
          [
            87.479914,
            22.430914
          ],
          [
            87.480301,
            22.43254
          ],
          [
            87.480376,
            22.433443
          ],
          [
            87.480226,
            22.434623
          ],
          [
            87.479968,
            22.435575
          ],
          [
            87.47941,
            22.437062
          ],
          [
            87.478573,
            22.438371
          ],
          [
            87.477758,
            22.439531
          ],
          [
            87.476921,
            22.440612
          ],
          [
            87.475719,
            22.44212
          ],
          [
            87.474668,
            22.443508
          ],
          [
            87.474346,
            22.444172
          ],
          [
            87.474132,
            22.444936
          ],
          [
            87.474153,
            22.44558
          ],
          [
            87.474475,
            22.446364
          ],
          [
            87.474904,
            22.446859
          ],
          [
            87.475505,
            22.447207
          ],
          [
            87.476213,
            22.447514
          ],
          [
            87.477865,
            22.447811
          ],
          [
            87.478852,
            22.44793
          ],
          [
            87.481052,
            22.447742
          ],
          [
            87.482511,
            22.447593
          ],
          [
            87.483369,
            22.447425
          ],
          [
            87.48426,
            22.447038
          ],
          [
            87.486805,
            22.445473
          ],
          [
            87.488304,
            22.444331
          ],
          [
            87.48957,
            22.442863
          ],
          [
            87.490354,
            22.44202
          ],
          [
            87.491054,
            22.441467
          ],
          [
            87.491813,
            22.440979
          ],
          [
            87.492843,
            22.440473
          ],
          [
            87.49383,
            22.439859
          ],
          [
            87.49486,
            22.439373
          ],
          [
            87.496201,
            22.439075
          ],
          [
            87.496759,
            22.439075
          ],
          [
            87.49781,
            22.439184
          ],
          [
            87.498443,
            22.439323
          ],
          [
            87.49884,
            22.439502
          ],
          [
            87.499226,
            22.440057
          ],
          [
            87.500246,
            22.441654
          ],
          [
            87.5006,
            22.442467
          ],
          [
            87.500664,
            22.443101
          ],
          [
            87.500524,
            22.443954
          ],
          [
            87.500256,
            22.444817
          ],
          [
            87.498786,
            22.447454
          ],
          [
            87.49839,
            22.448248
          ],
          [
            87.498035,
            22.448882
          ],
          [
            87.497435,
            22.449636
          ],
          [
            87.497006,
            22.45029
          ],
          [
            87.496802,
            22.451064
          ],
          [
            87.496523,
            22.452412
          ],
          [
            87.496319,
            22.453543
          ],
          [
            87.496332,
            22.454278
          ],
          [
            87.49649,
            22.455228
          ],
          [
            87.497048,
            22.456478
          ],
          [
            87.497746,
            22.457816
          ],
          [
            87.498593,
            22.459066
          ],
          [
            87.49957,
            22.460404
          ],
          [
            87.50076,
            22.461693
          ],
          [
            87.501525,
            22.46225
          ],
          [
            87.502778,
            22.462982
          ],
          [
            87.5038,
            22.46336
          ],
          [
            87.504837,
            22.463438
          ],
          [
            87.505889,
            22.463398
          ],
          [
            87.506632,
            22.463241
          ],
          [
            87.507616,
            22.462952
          ],
          [
            87.508786,
            22.462337
          ],
          [
            87.509741,
            22.461445
          ],
          [
            87.510717,
            22.460245
          ],
          [
            87.512211,
            22.457966
          ],
          [
            87.512605,
            22.457261
          ],
          [
            87.513303,
            22.455506
          ],
          [
            87.513871,
            22.454019
          ],
          [
            87.514536,
            22.452859
          ],
          [
            87.515416,
            22.451431
          ],
          [
            87.515899,
            22.450578
          ],
          [
            87.51665,
            22.449606
          ],
          [
            87.517154,
            22.448803
          ],
          [
            87.517401,
            22.44803
          ],
          [
            87.51768,
            22.446592
          ],
          [
            87.517905,
            22.44439
          ],
          [
            87.517798,
            22.442992
          ],
          [
            87.517551,
            22.440969
          ],
          [
            87.517251,
            22.439591
          ],
          [
            87.516982,
            22.43855
          ],
          [
            87.516382,
            22.436874
          ],
          [
            87.51636,
            22.436447
          ],
          [
            87.516457,
            22.436021
          ],
          [
            87.516607,
            22.435733
          ],
          [
            87.516864,
            22.435357
          ],
          [
            87.517101,
            22.435168
          ],
          [
            87.517819,
            22.434563
          ],
          [
            87.518839,
            22.433859
          ],
          [
            87.520233,
            22.433086
          ],
          [
            87.521349,
            22.432897
          ],
          [
            87.522347,
            22.432788
          ],
          [
            87.523034,
            22.432858
          ],
          [
            87.524235,
            22.433264
          ],
          [
            87.525351,
            22.43379
          ],
          [
            87.526531,
            22.434871
          ],
          [
            87.527572,
            22.43619
          ],
          [
            87.52901,
            22.43852
          ],
          [
            87.53019,
            22.441078
          ],
          [
            87.530683,
            22.44324
          ],
          [
            87.530793,
            22.443926
          ],
          [
            87.531134,
            22.445937
          ],
          [
            87.531595,
            22.448972
          ],
          [
            87.53167,
            22.45037
          ],
          [
            87.531574,
            22.453543
          ],
          [
            87.531499,
            22.455189
          ],
          [
            87.531523,
            22.455587
          ],
          [
            87.53167,
            22.455952
          ],
          [
            87.532089,
            22.456745
          ],
          [
            87.53225,
            22.457638
          ],
          [
            87.532228,
            22.458481
          ],
          [
            87.532057,
            22.460483
          ],
          [
            87.531938,
            22.462248
          ],
          [
            87.53211,
            22.462903
          ],
          [
            87.53226,
            22.463696
          ],
          [
            87.532218,
            22.464221
          ],
          [
            87.532081,
            22.464708
          ],
          [
            87.531466,
            22.465332
          ],
          [
            87.531209,
            22.465639
          ],
          [
            87.531051,
            22.466017
          ],
          [
            87.531112,
            22.467235
          ],
          [
            87.531209,
            22.468247
          ],
          [
            87.531381,
            22.468901
          ],
          [
            87.531649,
            22.469535
          ],
          [
            87.53226,
            22.47014
          ],
          [
            87.532378,
            22.470497
          ],
          [
            87.532421,
            22.471082
          ],
          [
            87.53211,
            22.471905
          ],
          [
            87.531863,
            22.472539
          ],
          [
            87.531713,
            22.473105
          ],
          [
            87.53166,
            22.47365
          ],
          [
            87.531778,
            22.474592
          ],
          [
            87.532218,
            22.47708
          ],
          [
            87.532732,
            22.478349
          ],
          [
            87.532883,
            22.478914
          ],
          [
            87.532883,
            22.479558
          ],
          [
            87.532722,
            22.480441
          ],
          [
            87.532432,
            22.481125
          ],
          [
            87.532271,
            22.481819
          ],
          [
            87.53226,
            22.482493
          ],
          [
            87.532454,
            22.484158
          ],
          [
            87.532668,
            22.485863
          ],
          [
            87.53314,
            22.487222
          ],
          [
            87.533591,
            22.487866
          ],
          [
            87.534245,
            22.488361
          ],
          [
            87.535114,
            22.488847
          ],
          [
            87.535951,
            22.489065
          ],
          [
            87.53755,
            22.489194
          ],
          [
            87.539073,
            22.489283
          ],
          [
            87.540747,
            22.489303
          ],
          [
            87.542338,
            22.489255
          ],
          [
            87.543268,
            22.489036
          ],
          [
            87.544963,
            22.488431
          ],
          [
            87.546154,
            22.488124
          ],
          [
            87.548225,
            22.487529
          ],
          [
            87.549244,
            22.487321
          ],
          [
            87.550285,
            22.487222
          ],
          [
            87.552205,
            22.48737
          ],
          [
            87.553761,
            22.487598
          ],
          [
            87.555156,
            22.487925
          ],
          [
            87.556132,
            22.488312
          ],
          [
            87.558632,
            22.489412
          ],
          [
            87.560992,
            22.490384
          ],
          [
            87.563835,
            22.491583
          ],
          [
            87.565069,
            22.492247
          ],
          [
            87.565984,
            22.492943
          ],
          [
            87.566154,
            22.493173
          ],
          [
            87.566264,
            22.493321
          ],
          [
            87.5664,
            22.493774
          ],
          [
            87.56638,
            22.494325
          ],
          [
            87.566303,
            22.494708
          ],
          [
            87.56602,
            22.495174
          ],
          [
            87.565754,
            22.49536
          ],
          [
            87.565544,
            22.495445
          ],
          [
            87.564608,
            22.495449
          ],
          [
            87.563707,
            22.495043
          ],
          [
            87.563009,
            22.494735
          ],
          [
            87.562215,
            22.494438
          ],
          [
            87.561454,
            22.494378
          ],
          [
            87.560842,
            22.494418
          ],
          [
            87.560265,
            22.494591
          ],
          [
            87.559844,
            22.494914
          ],
          [
            87.559458,
            22.4953
          ],
          [
            87.559308,
            22.495553
          ],
          [
            87.559195,
            22.49586
          ],
          [
            87.559093,
            22.496525
          ],
          [
            87.559061,
            22.497451
          ],
          [
            87.559174,
            22.499275
          ],
          [
            87.55925,
            22.49989
          ],
          [
            87.559415,
            22.501461
          ],
          [
            87.559565,
            22.502482
          ],
          [
            87.559823,
            22.503716
          ],
          [
            87.560075,
            22.504811
          ],
          [
            87.560633,
            22.506501
          ],
          [
            87.560756,
            22.507041
          ],
          [
            87.560787,
            22.507379
          ],
          [
            87.560751,
            22.507879
          ],
          [
            87.560692,
            22.508449
          ],
          [
            87.560611,
            22.508825
          ],
          [
            87.560493,
            22.509133
          ],
          [
            87.560059,
            22.509846
          ],
          [
            87.559646,
            22.510267
          ],
          [
            87.559163,
            22.510708
          ],
          [
            87.558653,
            22.511055
          ],
          [
            87.557715,
            22.511769
          ],
          [
            87.55699,
            22.512433
          ],
          [
            87.55635,
            22.513075
          ],
          [
            87.556116,
            22.513533
          ],
          [
            87.555993,
            22.5139
          ],
          [
            87.555918,
            22.514405
          ],
          [
            87.555923,
            22.514921
          ],
          [
            87.556062,
            22.515456
          ],
          [
            87.556266,
            22.515892
          ],
          [
            87.556529,
            22.516259
          ],
          [
            87.556856,
            22.516606
          ],
          [
            87.557713,
            22.517377
          ],
          [
            87.558939,
            22.518526
          ],
          [
            87.560823,
            22.520613
          ],
          [
            87.56236,
            22.52292
          ],
          [
            87.564025,
            22.525971
          ],
          [
            87.565498,
            22.527788
          ],
          [
            87.566761,
            22.529022
          ],
          [
            87.567941,
            22.529613
          ],
          [
            87.569643,
            22.530948
          ],
          [
            87.569871,
            22.531658
          ],
          [
            87.569999,
            22.53274
          ],
          [
            87.56956,
            22.534109
          ],
          [
            87.569286,
            22.535587
          ],
          [
            87.56924,
            22.536525
          ],
          [
            87.569322,
            22.537286
          ],
          [
            87.56978,
            22.537911
          ],
          [
            87.570329,
            22.538224
          ],
          [
            87.571024,
            22.538502
          ],
          [
            87.572698,
            22.538705
          ],
          [
            87.575241,
            22.539145
          ],
          [
            87.576348,
            22.53917
          ],
          [
            87.576998,
            22.539466
          ],
          [
            87.577858,
            22.540344
          ],
          [
            87.578215,
            22.541604
          ],
          [
            87.578388,
            22.543462
          ],
          [
            87.577629,
            22.544848
          ],
          [
            87.576925,
            22.545955
          ],
          [
            87.575928,
            22.546673
          ],
          [
            87.574683,
            22.547087
          ],
          [
            87.573558,
            22.547358
          ],
          [
            87.572469,
            22.54778
          ],
          [
            87.571829,
            22.54843
          ],
          [
            87.571866,
            22.54903
          ],
          [
            87.572158,
            22.549554
          ],
          [
            87.572479,
            22.549901
          ],
          [
            87.573284,
            22.550264
          ],
          [
            87.574473,
            22.550467
          ],
          [
            87.575315,
            22.550678
          ],
          [
            87.576784,
            22.551697
          ],
          [
            87.578692,
            22.553634
          ],
          [
            87.579901,
            22.555606
          ],
          [
            87.580886,
            22.557031
          ],
          [
            87.581661,
            22.557636
          ],
          [
            87.582275,
            22.557883
          ],
          [
            87.582716,
            22.557932
          ],
          [
            87.583251,
            22.557772
          ],
          [
            87.583879,
            22.557599
          ],
          [
            87.584199,
            22.557303
          ],
          [
            87.585549,
            22.556266
          ],
          [
            87.586657,
            22.556081
          ],
          [
            87.587566,
            22.556106
          ],
          [
            87.588461,
            22.556217
          ],
          [
            87.589663,
            22.556452
          ],
          [
            87.591346,
            22.557007
          ],
          [
            87.592175,
            22.557364
          ],
          [
            87.593417,
            22.558524
          ],
          [
            87.594312,
            22.559153
          ],
          [
            87.594793,
            22.559449
          ],
          [
            87.596931,
            22.559733
          ],
          [
            87.598761,
            22.559931
          ],
          [
            87.599522,
            22.560165
          ],
          [
            87.599789,
            22.560486
          ],
          [
            87.600551,
            22.562077
          ],
          [
            87.601393,
            22.563743
          ],
          [
            87.602314,
            22.564298
          ],
          [
            87.603062,
            22.564211
          ],
          [
            87.604064,
            22.563928
          ],
          [
            87.605708,
            22.563545
          ],
          [
            87.607939,
            22.563015
          ],
          [
            87.610143,
            22.562053
          ],
          [
            87.613763,
            22.559622
          ],
          [
            87.615927,
            22.557833
          ],
          [
            87.618305,
            22.556711
          ],
          [
            87.620002,
            22.55565
          ],
          [
            87.621258,
            22.55449
          ],
          [
            87.62238,
            22.552689
          ],
          [
            87.623061,
            22.552059
          ],
          [
            87.625185,
            22.550924
          ],
          [
            87.626842,
            22.550542
          ],
          [
            87.629233,
            22.550443
          ],
          [
            87.631424,
            22.550406
          ],
          [
            87.633041,
            22.550011
          ],
          [
            87.634457,
            22.548679
          ],
          [
            87.635619,
            22.547593
          ],
          [
            87.636995,
            22.546507
          ],
          [
            87.638825,
            22.545829
          ],
          [
            87.640482,
            22.545545
          ],
          [
            87.642258,
            22.545816
          ],
          [
            87.644342,
            22.54647
          ],
          [
            87.645612,
            22.547223
          ],
          [
            87.6464,
            22.548543
          ],
          [
            87.646694,
            22.549468
          ],
          [
            87.646948,
            22.551751
          ],
          [
            87.646961,
            22.553713
          ],
          [
            87.6466,
            22.555551
          ],
          [
            87.646587,
            22.556501
          ],
          [
            87.646721,
            22.557142
          ],
          [
            87.647656,
            22.557463
          ],
          [
            87.648791,
            22.557451
          ],
          [
            87.65002,
            22.556945
          ],
          [
            87.650635,
            22.556612
          ],
          [
            87.652772,
            22.555576
          ],
          [
            87.653721,
            22.555267
          ],
          [
            87.654068,
            22.555218
          ],
          [
            87.654455,
            22.555464
          ],
          [
            87.65511,
            22.55597
          ],
          [
            87.656045,
            22.556612
          ],
          [
            87.657541,
            22.558314
          ],
          [
            87.660351,
            22.560187
          ],
          [
            87.660685,
            22.560341
          ],
          [
            87.661176,
            22.560535
          ],
          [
            87.661728,
            22.560421
          ],
          [
            87.662559,
            22.560251
          ],
          [
            87.663587,
            22.560146
          ],
          [
            87.66511,
            22.560202
          ],
          [
            87.666514,
            22.560812
          ],
          [
            87.667222,
            22.561577
          ],
          [
            87.667863,
            22.561897
          ],
          [
            87.668585,
            22.562193
          ],
          [
            87.669052,
            22.56244
          ],
          [
            87.669507,
            22.56286
          ],
          [
            87.670384,
            22.56318
          ],
          [
            87.670696,
            22.563851
          ],
          [
            87.670554,
            22.564305
          ],
          [
            87.670639,
            22.565378
          ],
          [
            87.670776,
            22.565949
          ],
          [
            87.670847,
            22.566564
          ],
          [
            87.671159,
            22.566905
          ],
          [
            87.671508,
            22.567166
          ],
          [
            87.671848,
            22.567297
          ],
          [
            87.672434,
            22.567349
          ],
          [
            87.672953,
            22.567315
          ],
          [
            87.673662,
            22.567201
          ],
          [
            87.674106,
            22.567123
          ],
          [
            87.675561,
            22.565875
          ],
          [
            87.676807,
            22.564959
          ],
          [
            87.678083,
            22.564096
          ],
          [
            87.678801,
            22.563782
          ],
          [
            87.679349,
            22.563651
          ],
          [
            87.679811,
            22.563616
          ],
          [
            87.680822,
            22.563799
          ],
          [
            87.6812,
            22.564227
          ],
          [
            87.681361,
            22.564541
          ],
          [
            87.682655,
            22.565404
          ],
          [
            87.683137,
            22.565378
          ],
          [
            87.684091,
            22.565169
          ],
          [
            87.684818,
            22.564977
          ],
          [
            87.686377,
            22.564759
          ],
          [
            87.687699,
            22.564968
          ],
          [
            87.688266,
            22.565265
          ],
          [
            87.688729,
            22.565605
          ],
          [
            87.690392,
            22.566695
          ],
          [
            87.691695,
            22.567088
          ],
          [
            87.692772,
            22.567315
          ],
          [
            87.693622,
            22.567437
          ],
          [
            87.694161,
            22.567681
          ],
          [
            87.694831,
            22.568265
          ],
          [
            87.695143,
            22.569112
          ],
          [
            87.695313,
            22.570333
          ],
          [
            87.695776,
            22.571441
          ],
          [
            87.696484,
            22.571685
          ],
          [
            87.697013,
            22.571781
          ],
          [
            87.698081,
            22.57172
          ],
          [
            87.698648,
            22.571598
          ],
          [
            87.699365,
            22.571406
          ],
          [
            87.700962,
            22.570725
          ],
          [
            87.702483,
            22.569931
          ],
          [
            87.704145,
            22.569513
          ],
          [
            87.705742,
            22.568841
          ],
          [
            87.706384,
            22.568213
          ],
          [
            87.706866,
            22.567515
          ],
          [
            87.707329,
            22.566791
          ],
          [
            87.708047,
            22.56516
          ],
          [
            87.708415,
            22.564262
          ],
          [
            87.708538,
            22.563381
          ],
          [
            87.708415,
            22.561714
          ],
          [
            87.708283,
            22.560057
          ],
          [
            87.708916,
            22.559245
          ],
          [
            87.709964,
            22.558591
          ],
          [
            87.710928,
            22.558077
          ],
          [
            87.711551,
            22.557527
          ],
          [
            87.711703,
            22.557143
          ],
          [
            87.711693,
            22.556567
          ],
          [
            87.711769,
            22.554901
          ],
          [
            87.711873,
            22.554299
          ],
          [
            87.712062,
            22.553828
          ],
          [
            87.713412,
            22.552371
          ],
          [
            87.714055,
            22.551865
          ],
          [
            87.714867,
            22.55149
          ],
          [
            87.715254,
            22.551403
          ],
          [
            87.717559,
            22.55108
          ],
          [
            87.718022,
            22.550792
          ],
          [
            87.718249,
            22.550443
          ],
          [
            87.718249,
            22.55019
          ],
          [
            87.718164,
            22.549876
          ],
          [
            87.717852,
            22.548847
          ],
          [
            87.71754,
            22.548105
          ],
          [
            87.717673,
            22.547643
          ],
          [
            87.717966,
            22.546858
          ],
          [
            87.718608,
            22.545863
          ],
          [
            87.719269,
            22.544938
          ],
          [
            87.719628,
            22.544537
          ],
          [
            87.720204,
            22.544336
          ],
          [
            87.720667,
            22.544284
          ],
          [
            87.72131,
            22.544388
          ],
          [
            87.722519,
            22.544816
          ],
          [
            87.723643,
            22.54472
          ],
          [
            87.724077,
            22.544563
          ],
          [
            87.726533,
            22.543533
          ],
          [
            87.72659,
            22.543176
          ],
          [
            87.726524,
            22.542888
          ],
          [
            87.725797,
            22.542024
          ],
          [
            87.725683,
            22.541291
          ],
          [
            87.725712,
            22.540794
          ],
          [
            87.725891,
            22.540462
          ],
          [
            87.726543,
            22.540087
          ],
          [
            87.727034,
            22.53986
          ],
          [
            87.727355,
            22.539599
          ],
          [
            87.727846,
            22.538909
          ],
          [
            87.728423,
            22.537906
          ],
          [
            87.728838,
            22.536423
          ],
          [
            87.729547,
            22.535149
          ],
          [
            87.729962,
            22.534625
          ],
          [
            87.730216,
            22.53432
          ],
          [
            87.730104,
            22.533439
          ],
          [
            87.729925,
            22.532784
          ],
          [
            87.729499,
            22.532114
          ],
          [
            87.729319,
            22.531725
          ],
          [
            87.729212,
            22.531398
          ],
          [
            87.729218,
            22.531071
          ],
          [
            87.729245,
            22.530701
          ],
          [
            87.729459,
            22.530454
          ],
          [
            87.72982,
            22.530238
          ],
          [
            87.730661,
            22.52985
          ],
          [
            87.731382,
            22.529399
          ],
          [
            87.731964,
            22.528924
          ],
          [
            87.732331,
            22.5284
          ],
          [
            87.733186,
            22.527437
          ],
          [
            87.73366,
            22.526753
          ],
          [
            87.733794,
            22.526173
          ],
          [
            87.73376,
            22.525105
          ],
          [
            87.733527,
            22.524068
          ],
          [
            87.733386,
            22.523569
          ],
          [
            87.732725,
            22.522075
          ],
          [
            87.732558,
            22.521224
          ],
          [
            87.732992,
            22.520718
          ],
          [
            87.733353,
            22.520373
          ],
          [
            87.7337,
            22.520058
          ],
          [
            87.733874,
            22.519793
          ],
          [
            87.733934,
            22.519472
          ],
          [
            87.733914,
            22.519126
          ],
          [
            87.733747,
            22.518731
          ],
          [
            87.733487,
            22.518312
          ],
          [
            87.733133,
            22.51738
          ],
          [
            87.733032,
            22.516769
          ],
          [
            87.733092,
            22.516386
          ],
          [
            87.733206,
            22.51559
          ],
          [
            87.733547,
            22.514603
          ],
          [
            87.733687,
            22.51406
          ],
          [
            87.733166,
            22.513289
          ],
          [
            87.732885,
            22.512505
          ],
          [
            87.732959,
            22.511734
          ],
          [
            87.733046,
            22.510895
          ],
          [
            87.733239,
            22.509747
          ],
          [
            87.73376,
            22.508667
          ],
          [
            87.734328,
            22.507945
          ],
          [
            87.734929,
            22.507038
          ],
          [
            87.734969,
            22.506612
          ],
          [
            87.734889,
            22.506242
          ],
          [
            87.734716,
            22.505822
          ],
          [
            87.734201,
            22.505434
          ],
          [
            87.733547,
            22.505113
          ],
          [
            87.732865,
            22.505045
          ],
          [
            87.732131,
            22.505063
          ],
          [
            87.731777,
            22.505181
          ],
          [
            87.730968,
            22.505372
          ],
          [
            87.730361,
            22.505335
          ],
          [
            87.729659,
            22.505008
          ],
          [
            87.729372,
            22.504841
          ],
          [
            87.729045,
            22.504446
          ],
          [
            87.728944,
            22.504119
          ],
          [
            87.728958,
            22.503767
          ],
          [
            87.729165,
            22.503354
          ],
          [
            87.729606,
            22.502515
          ],
          [
            87.729599,
            22.502101
          ],
          [
            87.729338,
            22.501959
          ],
          [
            87.729005,
            22.50183
          ],
          [
            87.727976,
            22.501459
          ],
          [
            87.726319,
            22.500898
          ],
          [
            87.725878,
            22.500472
          ],
          [
            87.725625,
            22.499676
          ],
          [
            87.725124,
            22.498541
          ],
          [
            87.72509,
            22.497812
          ],
          [
            87.725217,
            22.497393
          ],
          [
            87.725438,
            22.497127
          ],
          [
            87.725932,
            22.496646
          ],
          [
            87.727101,
            22.495807
          ],
          [
            87.72829,
            22.494708
          ],
          [
            87.729673,
            22.493301
          ],
          [
            87.730361,
            22.492863
          ],
          [
            87.730641,
            22.492752
          ],
          [
            87.731028,
            22.492659
          ],
          [
            87.731783,
            22.492604
          ],
          [
            87.732525,
            22.492406
          ],
          [
            87.732632,
            22.49227
          ],
          [
            87.732865,
            22.492104
          ],
          [
            87.732845,
            22.491431
          ],
          [
            87.733072,
            22.490672
          ],
          [
            87.73362,
            22.489944
          ],
          [
            87.734342,
            22.488925
          ],
          [
            87.73503,
            22.488314
          ],
          [
            87.735651,
            22.487987
          ],
          [
            87.736486,
            22.48774
          ],
          [
            87.737427,
            22.487543
          ],
          [
            87.737962,
            22.487512
          ],
          [
            87.739084,
            22.487407
          ],
          [
            87.739699,
            22.487222
          ],
          [
            87.740153,
            22.486994
          ],
          [
            87.740954,
            22.486265
          ],
          [
            87.741582,
            22.485623
          ],
          [
            87.74197,
            22.484735
          ],
          [
            87.741889,
            22.484321
          ],
          [
            87.741502,
            22.483883
          ],
          [
            87.741048,
            22.483574
          ],
          [
            87.740721,
            22.482982
          ],
          [
            87.74068,
            22.482673
          ],
          [
            87.740767,
            22.482309
          ],
          [
            87.741308,
            22.481575
          ],
          [
            87.742304,
            22.48068
          ],
          [
            87.743085,
            22.480211
          ],
          [
            87.744314,
            22.47968
          ],
          [
            87.745443,
            22.479513
          ],
          [
            87.74567,
            22.479445
          ],
          [
            87.746405,
            22.478945
          ],
          [
            87.746719,
            22.478748
          ],
          [
            87.746779,
            22.478384
          ],
          [
            87.746732,
            22.47805
          ],
          [
            87.746392,
            22.477569
          ],
          [
            87.745977,
            22.477316
          ],
          [
            87.745457,
            22.477057
          ],
          [
            87.745296,
            22.476427
          ],
          [
            87.745303,
            22.475773
          ],
          [
            87.745617,
            22.475131
          ],
          [
            87.745784,
            22.474773
          ],
          [
            87.746118,
            22.474687
          ],
          [
            87.746592,
            22.474631
          ],
          [
            87.746973,
            22.474489
          ],
          [
            87.74744,
            22.474335
          ],
          [
            87.747841,
            22.474236
          ],
          [
            87.748876,
            22.474125
          ],
          [
            87.750012,
            22.474076
          ],
          [
            87.750313,
            22.473983
          ],
          [
            87.751188,
            22.473847
          ],
          [
            87.752163,
            22.473829
          ],
          [
            87.752991,
            22.473866
          ],
          [
            87.75366,
            22.47382
          ],
          [
            87.754057,
            22.473667
          ],
          [
            87.755288,
            22.473265
          ],
          [
            87.756718,
            22.473098
          ],
          [
            87.757513,
            22.473148
          ],
          [
            87.758321,
            22.47324
          ],
          [
            87.758795,
            22.473277
          ],
          [
            87.759877,
            22.473302
          ],
          [
            87.760859,
            22.473068
          ],
          [
            87.761487,
            22.473055
          ],
          [
            87.761734,
            22.473086
          ],
          [
            87.762015,
            22.47324
          ],
          [
            87.762328,
            22.473358
          ],
          [
            87.762663,
            22.473463
          ],
          [
            87.763063,
            22.473457
          ],
          [
            87.763511,
            22.473055
          ],
          [
            87.763838,
            22.472586
          ],
          [
            87.764099,
            22.472123
          ],
          [
            87.764353,
            22.471919
          ],
          [
            87.764506,
            22.471802
          ],
          [
            87.764914,
            22.471636
          ],
          [
            87.765308,
            22.471592
          ],
          [
            87.765715,
            22.471555
          ],
          [
            87.767071,
            22.471549
          ],
          [
            87.768,
            22.471512
          ],
          [
            87.769756,
            22.471364
          ],
          [
            87.771333,
            22.471006
          ],
          [
            87.772455,
            22.470981
          ],
          [
            87.773697,
            22.471062
          ],
          [
            87.774552,
            22.471024
          ],
          [
            87.775006,
            22.470913
          ],
          [
            87.776082,
            22.47092
          ],
          [
            87.77703,
            22.471037
          ],
          [
            87.777805,
            22.471062
          ],
          [
            87.778473,
            22.470987
          ],
          [
            87.779054,
            22.470969
          ],
          [
            87.779281,
            22.470765
          ],
          [
            87.779442,
            22.470531
          ],
          [
            87.779836,
            22.469876
          ],
          [
            87.779989,
            22.469697
          ],
          [
            87.78035,
            22.469722
          ],
          [
            87.780604,
            22.469765
          ],
          [
            87.780804,
            22.47016
          ],
          [
            87.780778,
            22.470457
          ],
          [
            87.781145,
            22.471302
          ],
          [
            87.781606,
            22.471833
          ],
          [
            87.783256,
            22.473247
          ],
          [
            87.784244,
            22.473956
          ],
          [
            87.784665,
            22.474265
          ],
          [
            87.78564,
            22.475228
          ],
          [
            87.787577,
            22.476901
          ],
          [
            87.788286,
            22.477808
          ],
          [
            87.789615,
            22.478913
          ],
          [
            87.790797,
            22.479382
          ],
          [
            87.791572,
            22.479474
          ],
          [
            87.791819,
            22.479443
          ],
          [
            87.792046,
            22.479345
          ],
          [
            87.792226,
            22.479104
          ],
          [
            87.792487,
            22.478919
          ],
          [
            87.792674,
            22.478814
          ],
          [
            87.792928,
            22.478746
          ],
          [
            87.793235,
            22.478863
          ],
          [
            87.793429,
            22.479104
          ],
          [
            87.793522,
            22.479357
          ],
          [
            87.793763,
            22.479808
          ],
          [
            87.793923,
            22.48003
          ],
          [
            87.794331,
            22.480215
          ],
          [
            87.795085,
            22.480332
          ],
          [
            87.795613,
            22.480351
          ],
          [
            87.796268,
            22.480573
          ],
          [
            87.796495,
            22.480851
          ],
          [
            87.796648,
            22.481079
          ],
          [
            87.797864,
            22.481993
          ],
          [
            87.79912,
            22.482783
          ],
          [
            87.79942,
            22.48327
          ],
          [
            87.799233,
            22.483628
          ],
          [
            87.799307,
            22.484356
          ],
          [
            87.799514,
            22.484677
          ],
          [
            87.800048,
            22.485079
          ],
          [
            87.801478,
            22.486356
          ],
          [
            87.802066,
            22.486868
          ],
          [
            87.80238,
            22.487479
          ],
          [
            87.8025,
            22.488232
          ],
          [
            87.802981,
            22.488979
          ],
          [
            87.804383,
            22.489923
          ],
          [
            87.805953,
            22.491139
          ],
          [
            87.807102,
            22.491485
          ],
          [
            87.807403,
            22.49167
          ],
          [
            87.808097,
            22.492645
          ],
          [
            87.809039,
            22.493133
          ],
          [
            87.810502,
            22.493367
          ],
          [
            87.811678,
            22.493768
          ],
          [
            87.812913,
            22.494416
          ],
          [
            87.813802,
            22.494799
          ],
          [
            87.814924,
            22.495138
          ],
          [
            87.816287,
            22.496422
          ],
          [
            87.81642,
            22.496916
          ],
          [
            87.816373,
            22.497236
          ],
          [
            87.816193,
            22.497434
          ],
          [
            87.815806,
            22.498014
          ],
          [
            87.815579,
            22.4986
          ],
          [
            87.815732,
            22.498964
          ],
          [
            87.815959,
            22.4991
          ],
          [
            87.816467,
            22.499236
          ],
          [
            87.817075,
            22.499261
          ],
          [
            87.817402,
            22.499254
          ],
          [
            87.818751,
            22.499279
          ],
          [
            87.820247,
            22.499458
          ],
          [
            87.821777,
            22.499865
          ],
          [
            87.822298,
            22.499828
          ],
          [
            87.822719,
            22.499674
          ],
          [
            87.823541,
            22.498915
          ],
          [
            87.824229,
            22.498502
          ],
          [
            87.824516,
            22.498452
          ],
          [
            87.82489,
            22.498551
          ],
          [
            87.825177,
            22.498705
          ],
          [
            87.827248,
            22.499668
          ],
          [
            87.828584,
            22.500088
          ],
          [
            87.829966,
            22.500902
          ],
          [
            87.831269,
            22.501686
          ],
          [
            87.831737,
            22.502198
          ],
          [
            87.831863,
            22.502871
          ],
          [
            87.832024,
            22.503759
          ],
          [
            87.832191,
            22.504105
          ],
          [
            87.832819,
            22.504426
          ],
          [
            87.833927,
            22.504673
          ],
          [
            87.835784,
            22.505191
          ],
          [
            87.837321,
            22.50524
          ],
          [
            87.838229,
            22.505061
          ],
          [
            87.839198,
            22.505302
          ],
          [
            87.839699,
            22.50566
          ],
          [
            87.840847,
            22.506468
          ],
          [
            87.841435,
            22.506616
          ],
          [
            87.84193,
            22.506876
          ],
          [
            87.842284,
            22.507277
          ],
          [
            87.843005,
            22.508116
          ],
          [
            87.843559,
            22.508597
          ],
          [
            87.844374,
            22.509029
          ],
          [
            87.845349,
            22.509202
          ],
          [
            87.845864,
            22.50927
          ],
          [
            87.846231,
            22.509356
          ],
          [
            87.846605,
            22.509504
          ],
          [
            87.846719,
            22.509893
          ],
          [
            87.846492,
            22.51043
          ],
          [
            87.846211,
            22.510788
          ],
          [
            87.846004,
            22.511306
          ],
          [
            87.846031,
            22.511584
          ],
          [
            87.846144,
            22.511732
          ],
          [
            87.846485,
            22.51188
          ],
          [
            87.846846,
            22.511923
          ],
          [
            87.84714,
            22.511825
          ],
          [
            87.847687,
            22.511565
          ],
          [
            87.848342,
            22.511356
          ],
          [
            87.84889,
            22.51117
          ],
          [
            87.849564,
            22.51114
          ],
          [
            87.850259,
            22.51114
          ],
          [
            87.8509,
            22.511214
          ],
          [
            87.851962,
            22.511208
          ],
          [
            87.85263,
            22.510893
          ],
          [
            87.853579,
            22.510504
          ],
          [
            87.85406,
            22.510276
          ],
          [
            87.854941,
            22.509998
          ],
          [
            87.855609,
            22.509795
          ],
          [
            87.85589,
            22.50964
          ],
          [
            87.856117,
            22.509677
          ],
          [
            87.857119,
            22.510085
          ],
          [
            87.857406,
            22.510282
          ],
          [
            87.858054,
            22.510677
          ],
          [
            87.858562,
            22.51072
          ],
          [
            87.859317,
            22.510751
          ],
          [
            87.859884,
            22.51059
          ],
          [
            87.86098,
            22.510406
          ],
          [
            87.86253,
            22.510677
          ],
          [
            87.863919,
            22.510828
          ],
          [
            87.864493,
            22.510773
          ],
          [
            87.865318,
            22.510714
          ],
          [
            87.866444,
            22.510381
          ],
          [
            87.867426,
            22.510264
          ],
          [
            87.868171,
            22.510261
          ],
          [
            87.868611,
            22.510381
          ],
          [
            87.869496,
            22.510418
          ],
          [
            87.871146,
            22.510773
          ],
          [
            87.871991,
            22.510757
          ],
          [
            87.873514,
            22.510677
          ],
          [
            87.875939,
            22.51035
          ],
          [
            87.877024,
            22.510276
          ],
          [
            87.878771,
            22.509893
          ],
          [
            87.880007,
            22.509668
          ],
          [
            87.884027,
            22.508711
          ],
          [
            87.885497,
            22.508449
          ],
          [
            87.886248,
            22.50831
          ],
          [
            87.886854,
            22.508072
          ],
          [
            87.887304,
            22.507666
          ],
          [
            87.888452,
            22.506729
          ],
          [
            87.889798,
            22.50535
          ]
        ]
      },
      "properties": {
        "osm_id": 319390366,
        "name": "Kangsabati",
        "infrastructure_type": "Waterway",
        "district": "Paschim Medinipur",
        "state": "West Bengal",
        "statutory_authority": "NHAI / PWD / South Eastern Railway / I&WD"
      }
    },
    {
      "type": "Feature",
      "id": "pmed-infra-327418878",
      "geometry": {
        "type": "LineString",
        "coordinates": [
          [
            87.338658,
            22.425434
          ],
          [
            87.339149,
            22.425611
          ],
          [
            87.339651,
            22.425797
          ],
          [
            87.339702,
            22.425816
          ],
          [
            87.340169,
            22.42599
          ],
          [
            87.340517,
            22.42613
          ],
          [
            87.340602,
            22.426164
          ],
          [
            87.341236,
            22.426419
          ],
          [
            87.341271,
            22.426432
          ],
          [
            87.341853,
            22.426664
          ],
          [
            87.341952,
            22.426703
          ],
          [
            87.342465,
            22.426905
          ],
          [
            87.342703,
            22.427
          ],
          [
            87.342933,
            22.427093
          ],
          [
            87.34302,
            22.427128
          ],
          [
            87.343222,
            22.427207
          ],
          [
            87.343377,
            22.427265
          ],
          [
            87.343535,
            22.427312
          ],
          [
            87.343708,
            22.427352
          ],
          [
            87.343893,
            22.427399
          ],
          [
            87.344034,
            22.427435
          ],
          [
            87.344211,
            22.427477
          ],
          [
            87.344407,
            22.427549
          ],
          [
            87.344531,
            22.427606
          ],
          [
            87.344629,
            22.427651
          ],
          [
            87.344849,
            22.42776
          ],
          [
            87.345109,
            22.427884
          ],
          [
            87.345495,
            22.428065
          ],
          [
            87.346174,
            22.428361
          ],
          [
            87.346287,
            22.42841
          ],
          [
            87.346821,
            22.428638
          ],
          [
            87.347123,
            22.428778
          ],
          [
            87.347224,
            22.428824
          ],
          [
            87.347561,
            22.42898
          ],
          [
            87.347765,
            22.429066
          ],
          [
            87.348081,
            22.429198
          ],
          [
            87.348244,
            22.429263
          ],
          [
            87.348545,
            22.429384
          ],
          [
            87.348652,
            22.429433
          ],
          [
            87.349045,
            22.429611
          ],
          [
            87.349289,
            22.429723
          ]
        ]
      },
      "properties": {
        "osm_id": 327418878,
        "name": "NH-16 (National Highway 16 / Golden Quadrilateral)",
        "infrastructure_type": "Road",
        "district": "Paschim Medinipur",
        "state": "West Bengal",
        "statutory_authority": "NHAI / PWD / South Eastern Railway / I&WD"
      }
    },
    {
      "type": "Feature",
      "id": "pmed-infra-370660315",
      "geometry": {
        "type": "LineString",
        "coordinates": [
          [
            87.335384,
            22.341803
          ],
          [
            87.335384,
            22.34177
          ],
          [
            87.335384,
            22.341198
          ],
          [
            87.335371,
            22.340344
          ],
          [
            87.335369,
            22.340231
          ],
          [
            87.335366,
            22.340194
          ],
          [
            87.335318,
            22.339755
          ],
          [
            87.335307,
            22.339668
          ],
          [
            87.335313,
            22.339548
          ],
          [
            87.335382,
            22.33923
          ],
          [
            87.33543,
            22.339055
          ],
          [
            87.335549,
            22.33862
          ],
          [
            87.335709,
            22.338037
          ],
          [
            87.335767,
            22.337859
          ],
          [
            87.335827,
            22.337671
          ],
          [
            87.336177,
            22.336581
          ],
          [
            87.336204,
            22.336499
          ],
          [
            87.336405,
            22.335873
          ],
          [
            87.336788,
            22.334661
          ],
          [
            87.336794,
            22.334641
          ],
          [
            87.336938,
            22.334185
          ],
          [
            87.33713,
            22.333754
          ],
          [
            87.337251,
            22.333544
          ],
          [
            87.337308,
            22.333447
          ],
          [
            87.33742,
            22.333257
          ],
          [
            87.33765,
            22.332867
          ],
          [
            87.33827,
            22.331816
          ],
          [
            87.338317,
            22.331736
          ],
          [
            87.338475,
            22.331463
          ],
          [
            87.338482,
            22.331451
          ],
          [
            87.33855,
            22.331334
          ],
          [
            87.338608,
            22.331234
          ],
          [
            87.338949,
            22.330646
          ],
          [
            87.339311,
            22.330023
          ],
          [
            87.339673,
            22.329401
          ],
          [
            87.340321,
            22.328263
          ],
          [
            87.340696,
            22.327606
          ],
          [
            87.341154,
            22.326802
          ],
          [
            87.341166,
            22.326784
          ]
        ]
      },
      "properties": {
        "osm_id": 370660315,
        "name": "Kharagpur City Road",
        "infrastructure_type": "Road",
        "district": "Paschim Medinipur",
        "state": "West Bengal",
        "statutory_authority": "NHAI / PWD / South Eastern Railway / I&WD"
      }
    },
    {
      "type": "Feature",
      "id": "pmed-infra-370660319",
      "geometry": {
        "type": "LineString",
        "coordinates": [
          [
            87.319687,
            22.340339
          ],
          [
            87.319624,
            22.340487
          ],
          [
            87.319577,
            22.340545
          ],
          [
            87.319515,
            22.340595
          ],
          [
            87.319446,
            22.340623
          ],
          [
            87.319355,
            22.340634
          ],
          [
            87.319202,
            22.340633
          ],
          [
            87.318893,
            22.340614
          ],
          [
            87.317826,
            22.340507
          ],
          [
            87.317328,
            22.340474
          ],
          [
            87.317292,
            22.340474
          ],
          [
            87.31728,
            22.340478
          ],
          [
            87.317272,
            22.340491
          ],
          [
            87.317269,
            22.340506
          ],
          [
            87.317272,
            22.340521
          ],
          [
            87.317281,
            22.340532
          ],
          [
            87.317296,
            22.340537
          ],
          [
            87.317346,
            22.340544
          ],
          [
            87.31756,
            22.340562
          ],
          [
            87.318014,
            22.340628
          ],
          [
            87.318463,
            22.34069
          ],
          [
            87.3189,
            22.340764
          ],
          [
            87.319454,
            22.340877
          ],
          [
            87.320044,
            22.340995
          ],
          [
            87.321381,
            22.34126
          ],
          [
            87.321741,
            22.341331
          ],
          [
            87.321846,
            22.341343
          ],
          [
            87.321944,
            22.341348
          ],
          [
            87.322131,
            22.34134
          ],
          [
            87.322242,
            22.34133
          ],
          [
            87.322343,
            22.341334
          ],
          [
            87.322504,
            22.341355
          ],
          [
            87.323498,
            22.34158
          ],
          [
            87.324012,
            22.341706
          ],
          [
            87.324589,
            22.34183
          ],
          [
            87.325179,
            22.341962
          ],
          [
            87.325382,
            22.342013
          ],
          [
            87.325734,
            22.342121
          ],
          [
            87.32587,
            22.342198
          ],
          [
            87.325949,
            22.342278
          ],
          [
            87.325996,
            22.342361
          ],
          [
            87.326,
            22.342463
          ],
          [
            87.325981,
            22.342569
          ],
          [
            87.325951,
            22.342667
          ],
          [
            87.325803,
            22.343289
          ],
          [
            87.325776,
            22.343394
          ],
          [
            87.325747,
            22.343504
          ],
          [
            87.325709,
            22.343652
          ]
        ]
      },
      "properties": {
        "osm_id": 370660319,
        "name": "OT Road (Orissa Trunk Road) / Midnapore Main Road",
        "infrastructure_type": "Road",
        "district": "Paschim Medinipur",
        "state": "West Bengal",
        "statutory_authority": "NHAI / PWD / South Eastern Railway / I&WD"
      }
    },
    {
      "type": "Feature",
      "id": "pmed-infra-370660320",
      "geometry": {
        "type": "LineString",
        "coordinates": [
          [
            87.320162,
            22.338068
          ],
          [
            87.320056,
            22.33871
          ],
          [
            87.319687,
            22.340339
          ]
        ]
      },
      "properties": {
        "osm_id": 370660320,
        "name": "Railway Overbridge",
        "infrastructure_type": "Road",
        "district": "Paschim Medinipur",
        "state": "West Bengal",
        "statutory_authority": "NHAI / PWD / South Eastern Railway / I&WD"
      }
    },
    {
      "type": "Feature",
      "id": "pmed-infra-375195488",
      "geometry": {
        "type": "LineString",
        "coordinates": [
          [
            87.291266,
            22.407866
          ],
          [
            87.291847,
            22.4081
          ]
        ]
      },
      "properties": {
        "osm_id": 375195488,
        "name": "South Eastern Railway Howrah-Mumbai / Kharagpur Main Corridor",
        "infrastructure_type": "Railway",
        "district": "Paschim Medinipur",
        "state": "West Bengal",
        "statutory_authority": "NHAI / PWD / South Eastern Railway / I&WD"
      }
    },
    {
      "type": "Feature",
      "id": "pmed-infra-375195491",
      "geometry": {
        "type": "LineString",
        "coordinates": [
          [
            87.297823,
            22.410335
          ],
          [
            87.298896,
            22.410756
          ],
          [
            87.300421,
            22.411317
          ],
          [
            87.301169,
            22.411629
          ],
          [
            87.301658,
            22.411844
          ],
          [
            87.302426,
            22.412251
          ],
          [
            87.303156,
            22.412772
          ],
          [
            87.303721,
            22.413298
          ],
          [
            87.304326,
            22.413939
          ],
          [
            87.304485,
            22.414184
          ],
          [
            87.305372,
            22.415988
          ],
          [
            87.305638,
            22.416964
          ],
          [
            87.306604,
            22.420756
          ],
          [
            87.306867,
            22.421793
          ],
          [
            87.306915,
            22.422008
          ],
          [
            87.306964,
            22.422229
          ],
          [
            87.307081,
            22.42275
          ],
          [
            87.307685,
            22.425139
          ],
          [
            87.308926,
            22.430314
          ],
          [
            87.308935,
            22.43035
          ],
          [
            87.310075,
            22.434953
          ],
          [
            87.310312,
            22.435869
          ],
          [
            87.312107,
            22.443185
          ],
          [
            87.314413,
            22.452279
          ],
          [
            87.314739,
            22.453659
          ],
          [
            87.314815,
            22.453989
          ],
          [
            87.31967,
            22.473714
          ],
          [
            87.320261,
            22.475815
          ],
          [
            87.320672,
            22.478807
          ],
          [
            87.320658,
            22.485629
          ],
          [
            87.320645,
            22.488902
          ],
          [
            87.320595,
            22.50966
          ],
          [
            87.320487,
            22.52472
          ],
          [
            87.320482,
            22.53522
          ],
          [
            87.320475,
            22.549186
          ],
          [
            87.320266,
            22.577814
          ],
          [
            87.320265,
            22.577927
          ],
          [
            87.320189,
            22.588099
          ],
          [
            87.32022,
            22.590609
          ],
          [
            87.320167,
            22.593613
          ],
          [
            87.320237,
            22.595389
          ],
          [
            87.320432,
            22.597227
          ],
          [
            87.321843,
            22.60999
          ],
          [
            87.322335,
            22.614689
          ],
          [
            87.322395,
            22.61525
          ],
          [
            87.322572,
            22.617044
          ],
          [
            87.322639,
            22.619078
          ],
          [
            87.322388,
            22.623707
          ],
          [
            87.322108,
            22.628008
          ],
          [
            87.322056,
            22.628737
          ],
          [
            87.321716,
            22.634472
          ],
          [
            87.321615,
            22.636021
          ],
          [
            87.321372,
            22.639649
          ],
          [
            87.32124,
            22.641823
          ],
          [
            87.32112,
            22.644062
          ],
          [
            87.321082,
            22.644641
          ],
          [
            87.321068,
            22.644902
          ],
          [
            87.321053,
            22.645402
          ],
          [
            87.321014,
            22.646755
          ],
          [
            87.321296,
            22.648265
          ],
          [
            87.322695,
            22.652683
          ],
          [
            87.324468,
            22.660625
          ],
          [
            87.325271,
            22.664354
          ],
          [
            87.32542,
            22.664994
          ],
          [
            87.326408,
            22.669431
          ],
          [
            87.328809,
            22.680325
          ],
          [
            87.330527,
            22.688076
          ],
          [
            87.331861,
            22.694085
          ],
          [
            87.332094,
            22.695132
          ],
          [
            87.332188,
            22.695559
          ],
          [
            87.332641,
            22.697069
          ],
          [
            87.333347,
            22.698663
          ],
          [
            87.334086,
            22.700228
          ],
          [
            87.33802,
            22.708444
          ],
          [
            87.338739,
            22.710288
          ],
          [
            87.339461,
            22.712927
          ],
          [
            87.340221,
            22.715771
          ],
          [
            87.340556,
            22.717151
          ],
          [
            87.340752,
            22.718218
          ],
          [
            87.340791,
            22.71887
          ],
          [
            87.340818,
            22.720375
          ],
          [
            87.340849,
            22.720743
          ],
          [
            87.340844,
            22.720959
          ],
          [
            87.340853,
            22.721202
          ],
          [
            87.340855,
            22.721576
          ],
          [
            87.340851,
            22.72191
          ],
          [
            87.340857,
            22.722518
          ],
          [
            87.340858,
            22.722925
          ],
          [
            87.340868,
            22.72367
          ],
          [
            87.340871,
            22.723813
          ],
          [
            87.340877,
            22.724185
          ],
          [
            87.340893,
            22.725092
          ],
          [
            87.340912,
            22.726767
          ],
          [
            87.340928,
            22.728414
          ],
          [
            87.341018,
            22.733912
          ],
          [
            87.341018,
            22.738743
          ],
          [
            87.341156,
            22.747759
          ],
          [
            87.341209,
            22.753709
          ],
          [
            87.341202,
            22.753906
          ],
          [
            87.341189,
            22.754345
          ],
          [
            87.341132,
            22.75504
          ],
          [
            87.34096,
            22.756369
          ],
          [
            87.340511,
            22.758361
          ],
          [
            87.33873,
            22.766114
          ],
          [
            87.333888,
            22.787115
          ],
          [
            87.330444,
            22.802071
          ],
          [
            87.327915,
            22.813055
          ],
          [
            87.326474,
            22.819312
          ],
          [
            87.324023,
            22.830015
          ],
          [
            87.323184,
            22.833726
          ],
          [
            87.322797,
            22.835401
          ],
          [
            87.322043,
            22.838663
          ],
          [
            87.321784,
            22.839768
          ],
          [
            87.32172,
            22.84009
          ],
          [
            87.321019,
            22.843021
          ],
          [
            87.320303,
            22.846168
          ],
          [
            87.319595,
            22.849205
          ],
          [
            87.318986,
            22.851891
          ],
          [
            87.318085,
            22.85589
          ],
          [
            87.31791,
            22.856813
          ],
          [
            87.317857,
            22.857683
          ],
          [
            87.31791,
            22.858295
          ],
          [
            87.317959,
            22.858603
          ],
          [
            87.318118,
            22.859481
          ],
          [
            87.318408,
            22.860408
          ],
          [
            87.31878,
            22.861235
          ],
          [
            87.319558,
            22.862891
          ],
          [
            87.321655,
            22.86727
          ]
        ]
      },
      "properties": {
        "osm_id": 375195491,
        "name": "South Eastern Railway Howrah-Mumbai / Kharagpur Main Corridor",
        "infrastructure_type": "Railway",
        "district": "Paschim Medinipur",
        "state": "West Bengal",
        "statutory_authority": "NHAI / PWD / South Eastern Railway / I&WD"
      }
    },
    {
      "type": "Feature",
      "id": "pmed-infra-406720492",
      "geometry": {
        "type": "LineString",
        "coordinates": [
          [
            87.694236,
            22.37452
          ],
          [
            87.693706,
            22.3744
          ],
          [
            87.691441,
            22.3739
          ],
          [
            87.68896,
            22.373212
          ],
          [
            87.687797,
            22.37292
          ],
          [
            87.68523,
            22.372356
          ],
          [
            87.681477,
            22.371517
          ],
          [
            87.681129,
            22.371439
          ],
          [
            87.680164,
            22.371235
          ],
          [
            87.676997,
            22.370567
          ],
          [
            87.672437,
            22.369597
          ],
          [
            87.672413,
            22.369592
          ],
          [
            87.667777,
            22.368548
          ],
          [
            87.663177,
            22.367625
          ],
          [
            87.662116,
            22.367404
          ],
          [
            87.659895,
            22.366903
          ],
          [
            87.653035,
            22.365382
          ],
          [
            87.651798,
            22.365125
          ],
          [
            87.649451,
            22.364586
          ],
          [
            87.646181,
            22.363915
          ],
          [
            87.643403,
            22.363276
          ],
          [
            87.643278,
            22.363249
          ],
          [
            87.639426,
            22.362421
          ],
          [
            87.637419,
            22.361989
          ],
          [
            87.631129,
            22.360636
          ],
          [
            87.627265,
            22.359811
          ],
          [
            87.624386,
            22.359196
          ],
          [
            87.617099,
            22.357641
          ],
          [
            87.616797,
            22.357577
          ],
          [
            87.614685,
            22.357172
          ],
          [
            87.614332,
            22.357104
          ],
          [
            87.6136,
            22.356945
          ],
          [
            87.611971,
            22.356588
          ],
          [
            87.610088,
            22.356165
          ],
          [
            87.608459,
            22.355777
          ],
          [
            87.608001,
            22.355678
          ],
          [
            87.60522,
            22.355077
          ],
          [
            87.600908,
            22.354161
          ],
          [
            87.599284,
            22.353817
          ],
          [
            87.598603,
            22.353692
          ],
          [
            87.597931,
            22.353622
          ],
          [
            87.597214,
            22.353545
          ],
          [
            87.596467,
            22.353517
          ],
          [
            87.595761,
            22.35351
          ],
          [
            87.595196,
            22.35352
          ],
          [
            87.593846,
            22.353615
          ],
          [
            87.590432,
            22.353994
          ],
          [
            87.587121,
            22.354341
          ],
          [
            87.585922,
            22.354506
          ],
          [
            87.585044,
            22.354616
          ],
          [
            87.584662,
            22.354661
          ],
          [
            87.583088,
            22.354832
          ],
          [
            87.581962,
            22.354927
          ],
          [
            87.579829,
            22.355115
          ],
          [
            87.579679,
            22.355131
          ],
          [
            87.576548,
            22.35545
          ],
          [
            87.573284,
            22.355807
          ],
          [
            87.569751,
            22.356194
          ],
          [
            87.567632,
            22.35641
          ],
          [
            87.564813,
            22.356713
          ],
          [
            87.562365,
            22.35697
          ],
          [
            87.561915,
            22.357018
          ],
          [
            87.55976,
            22.357246
          ],
          [
            87.558365,
            22.357385
          ],
          [
            87.557606,
            22.357464
          ],
          [
            87.556951,
            22.357546
          ],
          [
            87.556247,
            22.357644
          ],
          [
            87.555633,
            22.357737
          ],
          [
            87.555179,
            22.357789
          ],
          [
            87.554298,
            22.357886
          ],
          [
            87.551552,
            22.358187
          ],
          [
            87.550702,
            22.358257
          ],
          [
            87.550309,
            22.358296
          ],
          [
            87.549922,
            22.358329
          ],
          [
            87.547888,
            22.358496
          ],
          [
            87.54779,
            22.358507
          ],
          [
            87.546011,
            22.358705
          ],
          [
            87.54345,
            22.358982
          ],
          [
            87.53974,
            22.359354
          ],
          [
            87.538724,
            22.359467
          ],
          [
            87.536098,
            22.359761
          ],
          [
            87.533217,
            22.360053
          ],
          [
            87.5302,
            22.360371
          ],
          [
            87.52702,
            22.360719
          ],
          [
            87.523387,
            22.361109
          ],
          [
            87.520053,
            22.361457
          ],
          [
            87.518931,
            22.361573
          ],
          [
            87.516829,
            22.36179
          ],
          [
            87.514022,
            22.3621
          ],
          [
            87.510589,
            22.362436
          ],
          [
            87.509775,
            22.362521
          ],
          [
            87.506752,
            22.362837
          ],
          [
            87.504794,
            22.363062
          ],
          [
            87.504767,
            22.363065
          ],
          [
            87.502963,
            22.363309
          ],
          [
            87.502134,
            22.363407
          ],
          [
            87.49858,
            22.363775
          ],
          [
            87.496622,
            22.363939
          ],
          [
            87.494042,
            22.364207
          ],
          [
            87.488565,
            22.364748
          ],
          [
            87.488012,
            22.364807
          ],
          [
            87.484504,
            22.365185
          ],
          [
            87.480041,
            22.365651
          ],
          [
            87.477621,
            22.365899
          ],
          [
            87.473335,
            22.366331
          ],
          [
            87.472992,
            22.366367
          ],
          [
            87.468631,
            22.366831
          ],
          [
            87.463781,
            22.367342
          ],
          [
            87.459913,
            22.367744
          ],
          [
            87.454039,
            22.36835
          ],
          [
            87.451132,
            22.368662
          ],
          [
            87.446933,
            22.369083
          ],
          [
            87.446819,
            22.369097
          ],
          [
            87.446049,
            22.369188
          ],
          [
            87.445446,
            22.36929
          ],
          [
            87.440864,
            22.369785
          ],
          [
            87.439817,
            22.369918
          ],
          [
            87.438679,
            22.370079
          ],
          [
            87.438609,
            22.370091
          ],
          [
            87.436794,
            22.37038
          ],
          [
            87.436251,
            22.370472
          ],
          [
            87.433187,
            22.371033
          ],
          [
            87.428123,
            22.371949
          ],
          [
            87.426583,
            22.372227
          ],
          [
            87.42487,
            22.372536
          ],
          [
            87.422475,
            22.372961
          ],
          [
            87.421708,
            22.373095
          ],
          [
            87.420847,
            22.373245
          ],
          [
            87.419994,
            22.373357
          ],
          [
            87.419372,
            22.373407
          ],
          [
            87.418596,
            22.373432
          ],
          [
            87.418256,
            22.373441
          ],
          [
            87.417915,
            22.373443
          ],
          [
            87.417575,
            22.373439
          ],
          [
            87.417235,
            22.373429
          ],
          [
            87.416895,
            22.373412
          ],
          [
            87.416505,
            22.373384
          ],
          [
            87.416115,
            22.373348
          ],
          [
            87.415727,
            22.373304
          ],
          [
            87.415339,
            22.373251
          ],
          [
            87.414953,
            22.37319
          ],
          [
            87.414569,
            22.37312
          ],
          [
            87.414187,
            22.373043
          ],
          [
            87.413806,
            22.372956
          ],
          [
            87.413428,
            22.372862
          ],
          [
            87.413053,
            22.37276
          ],
          [
            87.41268,
            22.372649
          ],
          [
            87.411919,
            22.37241
          ],
          [
            87.410859,
            22.371964
          ],
          [
            87.407715,
            22.370583
          ],
          [
            87.405708,
            22.36967
          ],
          [
            87.402726,
            22.368302
          ],
          [
            87.39926,
            22.366748
          ],
          [
            87.399134,
            22.366691
          ],
          [
            87.397372,
            22.365886
          ],
          [
            87.396517,
            22.365498
          ],
          [
            87.395094,
            22.364831
          ],
          [
            87.393308,
            22.364015
          ],
          [
            87.390854,
            22.362889
          ],
          [
            87.387824,
            22.361519
          ],
          [
            87.387328,
            22.361294
          ],
          [
            87.384877,
            22.360185
          ],
          [
            87.382074,
            22.35892
          ],
          [
            87.380864,
            22.358375
          ],
          [
            87.380255,
            22.358096
          ],
          [
            87.377678,
            22.356915
          ],
          [
            87.374378,
            22.355414
          ],
          [
            87.371233,
            22.353976
          ],
          [
            87.366169,
            22.351671
          ],
          [
            87.361773,
            22.349657
          ],
          [
            87.358211,
            22.34805
          ],
          [
            87.356152,
            22.347111
          ],
          [
            87.35496,
            22.34665
          ],
          [
            87.354319,
            22.346443
          ],
          [
            87.353356,
            22.34617
          ],
          [
            87.352559,
            22.345991
          ],
          [
            87.350621,
            22.345608
          ],
          [
            87.347438,
            22.34497
          ],
          [
            87.343025,
            22.344071
          ],
          [
            87.340334,
            22.343544
          ],
          [
            87.339506,
            22.343395
          ],
          [
            87.338641,
            22.34322
          ],
          [
            87.337976,
            22.343085
          ],
          [
            87.337015,
            22.342896
          ],
          [
            87.336649,
            22.342847
          ],
          [
            87.336237,
            22.342792
          ],
          [
            87.336008,
            22.342771
          ],
          [
            87.335044,
            22.342722
          ],
          [
            87.334579,
            22.342696
          ],
          [
            87.334338,
            22.342689
          ],
          [
            87.333963,
            22.342676
          ],
          [
            87.333174,
            22.342645
          ],
          [
            87.332907,
            22.342623
          ],
          [
            87.332288,
            22.342582
          ],
          [
            87.332085,
            22.342578
          ],
          [
            87.33137,
            22.342546
          ],
          [
            87.331064,
            22.34254
          ],
          [
            87.330646,
            22.342503
          ],
          [
            87.330343,
            22.342477
          ],
          [
            87.32981,
            22.342424
          ],
          [
            87.329418,
            22.342358
          ],
          [
            87.328916,
            22.342243
          ],
          [
            87.328671,
            22.342168
          ],
          [
            87.328352,
            22.342057
          ],
          [
            87.32736,
            22.341705
          ],
          [
            87.327116,
            22.34164
          ],
          [
            87.326853,
            22.341579
          ],
          [
            87.324457,
            22.341102
          ],
          [
            87.322291,
            22.340678
          ],
          [
            87.322149,
            22.340642
          ],
          [
            87.321626,
            22.340493
          ]
        ]
      },
      "properties": {
        "osm_id": 406720492,
        "name": "Howrah - Chennai Main Line",
        "infrastructure_type": "Railway",
        "district": "Paschim Medinipur",
        "state": "West Bengal",
        "statutory_authority": "NHAI / PWD / South Eastern Railway / I&WD"
      }
    },
    {
      "type": "Feature",
      "id": "pmed-infra-460364659",
      "geometry": {
        "type": "LineString",
        "coordinates": [
          [
            87.341187,
            22.406752
          ],
          [
            87.340924,
            22.407785
          ]
        ]
      },
      "properties": {
        "osm_id": 460364659,
        "name": "NH-60 (Kharagpur - Balasore Arterial)",
        "infrastructure_type": "Road",
        "district": "Paschim Medinipur",
        "state": "West Bengal",
        "statutory_authority": "NHAI / PWD / South Eastern Railway / I&WD"
      }
    },
    {
      "type": "Feature",
      "id": "pmed-infra-460368879",
      "geometry": {
        "type": "LineString",
        "coordinates": [
          [
            87.323782,
            22.417832
          ],
          [
            87.32379,
            22.417607
          ],
          [
            87.323923,
            22.417069
          ],
          [
            87.324048,
            22.416708
          ],
          [
            87.324108,
            22.416602
          ],
          [
            87.324171,
            22.416494
          ],
          [
            87.324222,
            22.416374
          ],
          [
            87.32468,
            22.415836
          ],
          [
            87.325077,
            22.415233
          ],
          [
            87.32521,
            22.414981
          ],
          [
            87.325364,
            22.414462
          ],
          [
            87.325471,
            22.413873
          ],
          [
            87.325523,
            22.413545
          ],
          [
            87.325589,
            22.413316
          ],
          [
            87.325616,
            22.413248
          ],
          [
            87.325833,
            22.412688
          ],
          [
            87.325885,
            22.412594
          ],
          [
            87.325932,
            22.412537
          ],
          [
            87.325985,
            22.412481
          ],
          [
            87.326042,
            22.412432
          ],
          [
            87.326108,
            22.412389
          ],
          [
            87.326188,
            22.41234
          ],
          [
            87.326272,
            22.412271
          ],
          [
            87.326272,
            22.412153
          ],
          [
            87.326313,
            22.4118
          ],
          [
            87.326338,
            22.411701
          ],
          [
            87.326369,
            22.411594
          ],
          [
            87.326391,
            22.411487
          ],
          [
            87.32639,
            22.41125
          ],
          [
            87.326367,
            22.410988
          ],
          [
            87.326282,
            22.410515
          ],
          [
            87.326263,
            22.410206
          ],
          [
            87.326252,
            22.410031
          ],
          [
            87.326255,
            22.409998
          ],
          [
            87.326313,
            22.409447
          ],
          [
            87.326331,
            22.409254
          ],
          [
            87.32635,
            22.409058
          ],
          [
            87.326409,
            22.408662
          ],
          [
            87.326454,
            22.408499
          ],
          [
            87.326506,
            22.408345
          ],
          [
            87.326585,
            22.408122
          ],
          [
            87.326662,
            22.407975
          ],
          [
            87.326759,
            22.407786
          ],
          [
            87.326902,
            22.407513
          ],
          [
            87.326947,
            22.407462
          ],
          [
            87.327011,
            22.407414
          ],
          [
            87.327095,
            22.407368
          ],
          [
            87.327147,
            22.40734
          ],
          [
            87.327212,
            22.407305
          ],
          [
            87.327432,
            22.407155
          ],
          [
            87.327538,
            22.407086
          ],
          [
            87.32767,
            22.407018
          ],
          [
            87.327862,
            22.406941
          ],
          [
            87.328079,
            22.40687
          ],
          [
            87.328162,
            22.406843
          ],
          [
            87.328898,
            22.406622
          ],
          [
            87.329154,
            22.406524
          ],
          [
            87.329393,
            22.406422
          ],
          [
            87.329883,
            22.406146
          ],
          [
            87.330309,
            22.405907
          ],
          [
            87.33051,
            22.405794
          ],
          [
            87.330524,
            22.405787
          ],
          [
            87.33071,
            22.405705
          ],
          [
            87.331156,
            22.405549
          ],
          [
            87.331466,
            22.405456
          ],
          [
            87.331607,
            22.405412
          ],
          [
            87.332657,
            22.40511
          ],
          [
            87.333438,
            22.404906
          ],
          [
            87.334493,
            22.404679
          ],
          [
            87.334923,
            22.404586
          ],
          [
            87.335837,
            22.404425
          ],
          [
            87.336058,
            22.404393
          ],
          [
            87.336752,
            22.404287
          ],
          [
            87.337076,
            22.404247
          ],
          [
            87.337849,
            22.404145
          ],
          [
            87.337952,
            22.404134
          ],
          [
            87.339119,
            22.404026
          ],
          [
            87.339333,
            22.404009
          ],
          [
            87.33984,
            22.403969
          ],
          [
            87.340008,
            22.403956
          ],
          [
            87.340459,
            22.403923
          ],
          [
            87.340517,
            22.403919
          ],
          [
            87.340993,
            22.403896
          ],
          [
            87.341251,
            22.403917
          ],
          [
            87.341425,
            22.403954
          ],
          [
            87.34153,
            22.403998
          ],
          [
            87.341598,
            22.404052
          ],
          [
            87.341649,
            22.404108
          ],
          [
            87.341729,
            22.404223
          ],
          [
            87.341762,
            22.40429
          ],
          [
            87.341781,
            22.404357
          ],
          [
            87.341805,
            22.404518
          ],
          [
            87.341804,
            22.4046
          ],
          [
            87.341796,
            22.404701
          ],
          [
            87.341769,
            22.404826
          ],
          [
            87.341594,
            22.40543
          ],
          [
            87.341228,
            22.406644
          ],
          [
            87.341187,
            22.406752
          ]
        ]
      },
      "properties": {
        "osm_id": 460368879,
        "name": "NH-60 (Kharagpur - Balasore Arterial)",
        "infrastructure_type": "Road",
        "district": "Paschim Medinipur",
        "state": "West Bengal",
        "statutory_authority": "NHAI / PWD / South Eastern Railway / I&WD"
      }
    },
    {
      "type": "Feature",
      "id": "pmed-infra-460369720",
      "geometry": {
        "type": "LineString",
        "coordinates": [
          [
            87.326825,
            22.423543
          ],
          [
            87.326697,
            22.42376
          ],
          [
            87.3264,
            22.423895
          ]
        ]
      },
      "properties": {
        "osm_id": 460369720,
        "name": "Medinipur Municipal Road #460369720",
        "infrastructure_type": "Road",
        "district": "Paschim Medinipur",
        "state": "West Bengal",
        "statutory_authority": "NHAI / PWD / South Eastern Railway / I&WD"
      }
    },
    {
      "type": "Feature",
      "id": "pmed-infra-460369871",
      "geometry": {
        "type": "LineString",
        "coordinates": [
          [
            87.322681,
            22.424546
          ],
          [
            87.323155,
            22.424388
          ],
          [
            87.323369,
            22.42432
          ],
          [
            87.323578,
            22.424247
          ],
          [
            87.323772,
            22.424192
          ],
          [
            87.323901,
            22.424163
          ],
          [
            87.324024,
            22.424143
          ],
          [
            87.324107,
            22.424133
          ],
          [
            87.324278,
            22.424114
          ]
        ]
      },
      "properties": {
        "osm_id": 460369871,
        "name": "Keranitola-KshudiramStatue-PachhurChawk",
        "infrastructure_type": "Road",
        "district": "Paschim Medinipur",
        "state": "West Bengal",
        "statutory_authority": "NHAI / PWD / South Eastern Railway / I&WD"
      }
    },
    {
      "type": "Feature",
      "id": "pmed-infra-460369872",
      "geometry": {
        "type": "LineString",
        "coordinates": [
          [
            87.3264,
            22.423895
          ],
          [
            87.326659,
            22.423953
          ],
          [
            87.326799,
            22.424112
          ]
        ]
      },
      "properties": {
        "osm_id": 460369872,
        "name": "Medinipur Municipal Road #460369872",
        "infrastructure_type": "Road",
        "district": "Paschim Medinipur",
        "state": "West Bengal",
        "statutory_authority": "NHAI / PWD / South Eastern Railway / I&WD"
      }
    },
    {
      "type": "Feature",
      "id": "pmed-infra-516231000",
      "geometry": {
        "type": "LineString",
        "coordinates": [
          [
            87.31993,
            22.425561
          ],
          [
            87.319875,
            22.425557
          ],
          [
            87.319825,
            22.425577
          ],
          [
            87.31979,
            22.425616
          ],
          [
            87.319779,
            22.425655
          ],
          [
            87.319784,
            22.425695
          ],
          [
            87.319805,
            22.425731
          ],
          [
            87.319838,
            22.425756
          ],
          [
            87.319891,
            22.42577
          ],
          [
            87.319945,
            22.425759
          ],
          [
            87.319987,
            22.425727
          ],
          [
            87.320009,
            22.425681
          ],
          [
            87.320008,
            22.425668
          ],
          [
            87.320005,
            22.42563
          ],
          [
            87.319976,
            22.425587
          ],
          [
            87.31993,
            22.425561
          ]
        ]
      },
      "properties": {
        "osm_id": 516231000,
        "name": "Keranitola-KshudiramStatue-PachhurChawk",
        "infrastructure_type": "Road",
        "district": "Paschim Medinipur",
        "state": "West Bengal",
        "statutory_authority": "NHAI / PWD / South Eastern Railway / I&WD"
      }
    },
    {
      "type": "Feature",
      "id": "pmed-infra-520125925",
      "geometry": {
        "type": "LineString",
        "coordinates": [
          [
            87.298227,
            22.410106
          ],
          [
            87.299006,
            22.410406
          ],
          [
            87.300806,
            22.411106
          ],
          [
            87.301794,
            22.411557
          ],
          [
            87.302592,
            22.41201
          ],
          [
            87.30326,
            22.412603
          ],
          [
            87.303849,
            22.413223
          ],
          [
            87.304379,
            22.41391
          ],
          [
            87.304548,
            22.414151
          ],
          [
            87.305431,
            22.415971
          ],
          [
            87.305698,
            22.416955
          ],
          [
            87.306927,
            22.421781
          ],
          [
            87.306977,
            22.422007
          ],
          [
            87.307137,
            22.422725
          ],
          [
            87.308129,
            22.426612
          ],
          [
            87.309,
            22.430341
          ],
          [
            87.310132,
            22.434909
          ],
          [
            87.310372,
            22.435857
          ],
          [
            87.312169,
            22.443168
          ],
          [
            87.314474,
            22.452269
          ],
          [
            87.314793,
            22.453629
          ],
          [
            87.314876,
            22.45398
          ],
          [
            87.319729,
            22.473699
          ],
          [
            87.32032,
            22.475802
          ],
          [
            87.320733,
            22.478803
          ],
          [
            87.320713,
            22.485605
          ],
          [
            87.320706,
            22.488901
          ],
          [
            87.320656,
            22.509661
          ],
          [
            87.320548,
            22.524723
          ],
          [
            87.320543,
            22.535222
          ],
          [
            87.320536,
            22.549186
          ],
          [
            87.320327,
            22.577813
          ],
          [
            87.320326,
            22.577926
          ],
          [
            87.320251,
            22.588101
          ],
          [
            87.320282,
            22.590597
          ],
          [
            87.320264,
            22.593637
          ],
          [
            87.320335,
            22.595387
          ],
          [
            87.320518,
            22.597219
          ],
          [
            87.321881,
            22.609982
          ],
          [
            87.322396,
            22.614684
          ],
          [
            87.322456,
            22.615244
          ],
          [
            87.322633,
            22.617039
          ],
          [
            87.3227,
            22.61908
          ],
          [
            87.322455,
            22.623709
          ],
          [
            87.322142,
            22.628009
          ],
          [
            87.322095,
            22.628739
          ],
          [
            87.321777,
            22.634478
          ],
          [
            87.32169,
            22.635661
          ],
          [
            87.321661,
            22.63602
          ],
          [
            87.321433,
            22.639651
          ],
          [
            87.321219,
            22.643299
          ],
          [
            87.321142,
            22.644674
          ],
          [
            87.321136,
            22.644909
          ],
          [
            87.32112,
            22.645401
          ],
          [
            87.321075,
            22.646747
          ],
          [
            87.321356,
            22.648253
          ],
          [
            87.322755,
            22.65267
          ],
          [
            87.324503,
            22.660607
          ],
          [
            87.325331,
            22.664343
          ],
          [
            87.32548,
            22.664977
          ],
          [
            87.326468,
            22.669414
          ],
          [
            87.328869,
            22.680315
          ],
          [
            87.330586,
            22.688064
          ],
          [
            87.331919,
            22.694063
          ],
          [
            87.332151,
            22.69511
          ],
          [
            87.332247,
            22.695544
          ],
          [
            87.332699,
            22.697049
          ],
          [
            87.333396,
            22.698641
          ],
          [
            87.334142,
            22.700205
          ],
          [
            87.338067,
            22.708426
          ],
          [
            87.338797,
            22.710271
          ],
          [
            87.339522,
            22.712902
          ],
          [
            87.340281,
            22.715757
          ],
          [
            87.340616,
            22.717142
          ],
          [
            87.340813,
            22.718214
          ],
          [
            87.340852,
            22.718868
          ],
          [
            87.3409,
            22.720371
          ],
          [
            87.340904,
            22.720701
          ],
          [
            87.340905,
            22.720957
          ],
          [
            87.340906,
            22.721195
          ],
          [
            87.340916,
            22.721577
          ],
          [
            87.340901,
            22.721899
          ],
          [
            87.340903,
            22.722536
          ],
          [
            87.340914,
            22.7229
          ],
          [
            87.340919,
            22.723649
          ],
          [
            87.340922,
            22.723811
          ],
          [
            87.340928,
            22.724169
          ],
          [
            87.340956,
            22.725082
          ],
          [
            87.340968,
            22.726767
          ],
          [
            87.340971,
            22.728369
          ],
          [
            87.341063,
            22.733912
          ],
          [
            87.34108,
            22.738742
          ],
          [
            87.341217,
            22.747758
          ],
          [
            87.34127,
            22.753711
          ],
          [
            87.341252,
            22.753918
          ],
          [
            87.341246,
            22.75435
          ],
          [
            87.341183,
            22.755043
          ],
          [
            87.341021,
            22.756377
          ],
          [
            87.340552,
            22.758382
          ],
          [
            87.33879,
            22.766126
          ],
          [
            87.333948,
            22.787127
          ],
          [
            87.330507,
            22.802071
          ],
          [
            87.327976,
            22.813064
          ],
          [
            87.326534,
            22.819324
          ],
          [
            87.32408,
            22.830019
          ],
          [
            87.323227,
            22.83373
          ],
          [
            87.322845,
            22.8354
          ],
          [
            87.322103,
            22.838667
          ],
          [
            87.32191,
            22.839479
          ],
          [
            87.321824,
            22.839841
          ],
          [
            87.321775,
            22.840101
          ],
          [
            87.321746,
            22.840235
          ],
          [
            87.321706,
            22.840423
          ],
          [
            87.321369,
            22.841759
          ],
          [
            87.321061,
            22.843041
          ],
          [
            87.320351,
            22.846182
          ],
          [
            87.320093,
            22.84735
          ],
          [
            87.319924,
            22.848024
          ],
          [
            87.319875,
            22.848219
          ],
          [
            87.319733,
            22.84886
          ],
          [
            87.319653,
            22.849197
          ],
          [
            87.318134,
            22.855888
          ],
          [
            87.317959,
            22.856808
          ],
          [
            87.317902,
            22.857669
          ],
          [
            87.317957,
            22.858292
          ],
          [
            87.318006,
            22.858602
          ],
          [
            87.318162,
            22.85948
          ],
          [
            87.318442,
            22.860397
          ],
          [
            87.31883,
            22.861215
          ],
          [
            87.319577,
            22.862832
          ],
          [
            87.321703,
            22.867254
          ]
        ]
      },
      "properties": {
        "osm_id": 520125925,
        "name": "South Eastern Railway Howrah-Mumbai / Kharagpur Main Corridor",
        "infrastructure_type": "Railway",
        "district": "Paschim Medinipur",
        "state": "West Bengal",
        "statutory_authority": "NHAI / PWD / South Eastern Railway / I&WD"
      }
    },
    {
      "type": "Feature",
      "id": "pmed-infra-547203070",
      "geometry": {
        "type": "LineString",
        "coordinates": [
          [
            87.311931,
            22.330601
          ],
          [
            87.311992,
            22.330594
          ],
          [
            87.312088,
            22.330588
          ],
          [
            87.312201,
            22.330588
          ],
          [
            87.312319,
            22.33059
          ],
          [
            87.312364,
            22.330591
          ],
          [
            87.312394,
            22.330592
          ],
          [
            87.312569,
            22.330601
          ],
          [
            87.312746,
            22.33061
          ],
          [
            87.312931,
            22.330627
          ]
        ]
      },
      "properties": {
        "osm_id": 547203070,
        "name": "South Eastern Railway Howrah-Mumbai / Kharagpur Main Corridor",
        "infrastructure_type": "Railway",
        "district": "Paschim Medinipur",
        "state": "West Bengal",
        "statutory_authority": "NHAI / PWD / South Eastern Railway / I&WD"
      }
    },
    {
      "type": "Feature",
      "id": "pmed-infra-547203072",
      "geometry": {
        "type": "LineString",
        "coordinates": [
          [
            87.311931,
            22.330465
          ],
          [
            87.312374,
            22.330537
          ],
          [
            87.312496,
            22.330557
          ],
          [
            87.312931,
            22.330627
          ]
        ]
      },
      "properties": {
        "osm_id": 547203072,
        "name": "South Eastern Railway Howrah-Mumbai / Kharagpur Main Corridor",
        "infrastructure_type": "Railway",
        "district": "Paschim Medinipur",
        "state": "West Bengal",
        "statutory_authority": "NHAI / PWD / South Eastern Railway / I&WD"
      }
    },
    {
      "type": "Feature",
      "id": "pmed-infra-547206505",
      "geometry": {
        "type": "LineString",
        "coordinates": [
          [
            87.308524,
            22.327703
          ],
          [
            87.308458,
            22.327751
          ],
          [
            87.308438,
            22.32778
          ],
          [
            87.308425,
            22.32782
          ],
          [
            87.308418,
            22.327876
          ],
          [
            87.308417,
            22.327934
          ],
          [
            87.308422,
            22.327994
          ],
          [
            87.308433,
            22.328065
          ],
          [
            87.308453,
            22.32814
          ],
          [
            87.308506,
            22.328312
          ],
          [
            87.308753,
            22.32908
          ],
          [
            87.308832,
            22.329322
          ],
          [
            87.308901,
            22.329533
          ],
          [
            87.308989,
            22.329763
          ],
          [
            87.309028,
            22.329874
          ],
          [
            87.309051,
            22.329963
          ],
          [
            87.309077,
            22.33008
          ],
          [
            87.309102,
            22.330247
          ],
          [
            87.309178,
            22.330874
          ],
          [
            87.309211,
            22.331119
          ],
          [
            87.309321,
            22.331941
          ],
          [
            87.30939,
            22.332362
          ],
          [
            87.309447,
            22.332633
          ],
          [
            87.309514,
            22.332888
          ],
          [
            87.309594,
            22.333156
          ],
          [
            87.309752,
            22.333603
          ],
          [
            87.309901,
            22.333956
          ],
          [
            87.310006,
            22.334193
          ],
          [
            87.310093,
            22.334361
          ],
          [
            87.310179,
            22.334502
          ],
          [
            87.310263,
            22.334641
          ],
          [
            87.3103,
            22.334721
          ],
          [
            87.310284,
            22.334952
          ],
          [
            87.310328,
            22.335029
          ],
          [
            87.310371,
            22.335107
          ],
          [
            87.310547,
            22.335034
          ]
        ]
      },
      "properties": {
        "osm_id": 547206505,
        "name": "NH-60 (Kharagpur - Balasore Arterial)",
        "infrastructure_type": "Road",
        "district": "Paschim Medinipur",
        "state": "West Bengal",
        "statutory_authority": "NHAI / PWD / South Eastern Railway / I&WD"
      }
    },
    {
      "type": "Feature",
      "id": "pmed-infra-548361598",
      "geometry": {
        "type": "LineString",
        "coordinates": [
          [
            87.309429,
            22.337149
          ],
          [
            87.309445,
            22.33713
          ],
          [
            87.309472,
            22.337114
          ],
          [
            87.309513,
            22.337102
          ],
          [
            87.309572,
            22.337101
          ],
          [
            87.309633,
            22.3371
          ],
          [
            87.309704,
            22.337109
          ],
          [
            87.311273,
            22.337445
          ],
          [
            87.311808,
            22.337555
          ],
          [
            87.312002,
            22.337581
          ],
          [
            87.312174,
            22.337597
          ],
          [
            87.312656,
            22.337628
          ],
          [
            87.312724,
            22.337618
          ],
          [
            87.312778,
            22.337598
          ],
          [
            87.312824,
            22.33757
          ],
          [
            87.312885,
            22.337512
          ],
          [
            87.312963,
            22.337411
          ]
        ]
      },
      "properties": {
        "osm_id": 548361598,
        "name": "Nimpura Road",
        "infrastructure_type": "Road",
        "district": "Paschim Medinipur",
        "state": "West Bengal",
        "statutory_authority": "NHAI / PWD / South Eastern Railway / I&WD"
      }
    },
    {
      "type": "Feature",
      "id": "pmed-infra-548361600",
      "geometry": {
        "type": "LineString",
        "coordinates": [
          [
            87.309364,
            22.33744
          ],
          [
            87.309429,
            22.337149
          ]
        ]
      },
      "properties": {
        "osm_id": 548361600,
        "name": "Nimpura Road",
        "infrastructure_type": "Road",
        "district": "Paschim Medinipur",
        "state": "West Bengal",
        "statutory_authority": "NHAI / PWD / South Eastern Railway / I&WD"
      }
    },
    {
      "type": "Feature",
      "id": "pmed-infra-548361609",
      "geometry": {
        "type": "LineString",
        "coordinates": [
          [
            87.315314,
            22.337263
          ],
          [
            87.315595,
            22.337443
          ],
          [
            87.315856,
            22.337561
          ],
          [
            87.317176,
            22.338148
          ],
          [
            87.317446,
            22.338254
          ],
          [
            87.317583,
            22.338309
          ],
          [
            87.318048,
            22.338477
          ],
          [
            87.318547,
            22.338658
          ],
          [
            87.318871,
            22.338762
          ]
        ]
      },
      "properties": {
        "osm_id": 548361609,
        "name": "South Eastern Railway Howrah-Mumbai / Kharagpur Main Corridor",
        "infrastructure_type": "Railway",
        "district": "Paschim Medinipur",
        "state": "West Bengal",
        "statutory_authority": "NHAI / PWD / South Eastern Railway / I&WD"
      }
    },
    {
      "type": "Feature",
      "id": "pmed-infra-548361610",
      "geometry": {
        "type": "LineString",
        "coordinates": [
          [
            87.314738,
            22.336775
          ],
          [
            87.314967,
            22.336906
          ],
          [
            87.315187,
            22.337033
          ],
          [
            87.315444,
            22.337185
          ],
          [
            87.315708,
            22.337324
          ],
          [
            87.316114,
            22.33748
          ],
          [
            87.317362,
            22.338031
          ],
          [
            87.317512,
            22.338097
          ],
          [
            87.31778,
            22.338215
          ],
          [
            87.318242,
            22.338422
          ],
          [
            87.318599,
            22.338539
          ],
          [
            87.319054,
            22.338695
          ],
          [
            87.320076,
            22.339009
          ],
          [
            87.320423,
            22.339115
          ],
          [
            87.320446,
            22.339122
          ],
          [
            87.320732,
            22.339217
          ]
        ]
      },
      "properties": {
        "osm_id": 548361610,
        "name": "South Eastern Railway Howrah-Mumbai / Kharagpur Main Corridor",
        "infrastructure_type": "Railway",
        "district": "Paschim Medinipur",
        "state": "West Bengal",
        "statutory_authority": "NHAI / PWD / South Eastern Railway / I&WD"
      }
    },
    {
      "type": "Feature",
      "id": "pmed-infra-602376222",
      "geometry": {
        "type": "LineString",
        "coordinates": [
          [
            87.324055,
            22.339695
          ],
          [
            87.324152,
            22.339301
          ],
          [
            87.325507,
            22.339602
          ],
          [
            87.325501,
            22.339666
          ],
          [
            87.325657,
            22.339656
          ],
          [
            87.325525,
            22.340094
          ],
          [
            87.324783,
            22.339923
          ],
          [
            87.324511,
            22.339873
          ],
          [
            87.32419,
            22.339774
          ],
          [
            87.324055,
            22.339695
          ]
        ]
      },
      "properties": {
        "osm_id": 602376222,
        "name": "Kharagpur Junction",
        "infrastructure_type": "Railway",
        "district": "Paschim Medinipur",
        "state": "West Bengal",
        "statutory_authority": "NHAI / PWD / South Eastern Railway / I&WD"
      }
    },
    {
      "type": "Feature",
      "id": "pmed-infra-636944305",
      "geometry": {
        "type": "LineString",
        "coordinates": [
          [
            87.372929,
            22.408098
          ],
          [
            87.372744,
            22.408328
          ],
          [
            87.372682,
            22.408455
          ],
          [
            87.372679,
            22.408765
          ],
          [
            87.371542,
            22.409003
          ],
          [
            87.370995,
            22.409152
          ],
          [
            87.36853,
            22.409715
          ],
          [
            87.368147,
            22.40978
          ],
          [
            87.365824,
            22.410283
          ],
          [
            87.365644,
            22.4103
          ],
          [
            87.364271,
            22.410587
          ],
          [
            87.363992,
            22.410667
          ],
          [
            87.361822,
            22.411126
          ],
          [
            87.36161,
            22.411183
          ],
          [
            87.360237,
            22.41148
          ],
          [
            87.358917,
            22.411788
          ],
          [
            87.358668,
            22.411859
          ],
          [
            87.356103,
            22.412435
          ],
          [
            87.355889,
            22.412504
          ],
          [
            87.354666,
            22.412792
          ],
          [
            87.353046,
            22.413189
          ],
          [
            87.350967,
            22.413712
          ],
          [
            87.348776,
            22.41423
          ],
          [
            87.347059,
            22.414637
          ],
          [
            87.346244,
            22.414924
          ],
          [
            87.345635,
            22.415656
          ],
          [
            87.344948,
            22.41638
          ],
          [
            87.344248,
            22.417126
          ],
          [
            87.344036,
            22.417352
          ],
          [
            87.343714,
            22.417758
          ],
          [
            87.343285,
            22.418195
          ],
          [
            87.343135,
            22.418522
          ],
          [
            87.342176,
            22.421212
          ],
          [
            87.342064,
            22.421563
          ],
          [
            87.34166,
            22.422954
          ],
          [
            87.341384,
            22.423907
          ],
          [
            87.341351,
            22.42404
          ],
          [
            87.341331,
            22.424156
          ],
          [
            87.341194,
            22.424793
          ],
          [
            87.340914,
            22.425468
          ],
          [
            87.340605,
            22.426059
          ]
        ]
      },
      "properties": {
        "osm_id": 636944305,
        "name": "Kangsabati River (Kasai River Drainage Basin)",
        "infrastructure_type": "Waterway",
        "district": "Paschim Medinipur",
        "state": "West Bengal",
        "statutory_authority": "NHAI / PWD / South Eastern Railway / I&WD"
      }
    },
    {
      "type": "Feature",
      "id": "pmed-infra-661042543",
      "geometry": {
        "type": "LineString",
        "coordinates": [
          [
            87.694294,
            22.374198
          ],
          [
            87.69404,
            22.374145
          ],
          [
            87.681433,
            22.371409
          ],
          [
            87.680182,
            22.371138
          ],
          [
            87.672424,
            22.369488
          ],
          [
            87.667851,
            22.368462
          ],
          [
            87.66214,
            22.367303
          ],
          [
            87.660736,
            22.366989
          ],
          [
            87.657894,
            22.366284
          ],
          [
            87.654094,
            22.365449
          ],
          [
            87.653031,
            22.365234
          ],
          [
            87.651716,
            22.364952
          ],
          [
            87.645487,
            22.363645
          ],
          [
            87.643391,
            22.363159
          ],
          [
            87.639442,
            22.362312
          ],
          [
            87.63034,
            22.36036
          ],
          [
            87.627275,
            22.359706
          ],
          [
            87.624398,
            22.359092
          ],
          [
            87.620974,
            22.358352
          ],
          [
            87.617111,
            22.357523
          ],
          [
            87.614653,
            22.356999
          ],
          [
            87.609671,
            22.355933
          ],
          [
            87.608024,
            22.35558
          ],
          [
            87.600929,
            22.354062
          ],
          [
            87.599205,
            22.353693
          ],
          [
            87.598627,
            22.353592
          ],
          [
            87.597957,
            22.353495
          ],
          [
            87.597218,
            22.353444
          ],
          [
            87.596517,
            22.353396
          ],
          [
            87.595148,
            22.353427
          ],
          [
            87.593839,
            22.353528
          ],
          [
            87.590961,
            22.353831
          ],
          [
            87.58505,
            22.354464
          ],
          [
            87.584661,
            22.354498
          ],
          [
            87.579673,
            22.355035
          ],
          [
            87.573299,
            22.355721
          ],
          [
            87.561893,
            22.356909
          ],
          [
            87.557751,
            22.357343
          ],
          [
            87.556925,
            22.357432
          ],
          [
            87.554741,
            22.357658
          ],
          [
            87.551284,
            22.358028
          ],
          [
            87.547828,
            22.358395
          ],
          [
            87.547126,
            22.35847
          ],
          [
            87.546789,
            22.358507
          ],
          [
            87.543254,
            22.358893
          ],
          [
            87.538759,
            22.359365
          ],
          [
            87.534153,
            22.359849
          ],
          [
            87.529921,
            22.360293
          ],
          [
            87.527491,
            22.360552
          ],
          [
            87.524931,
            22.36082
          ],
          [
            87.520244,
            22.361317
          ],
          [
            87.518866,
            22.361465
          ],
          [
            87.515533,
            22.361821
          ],
          [
            87.511188,
            22.362273
          ],
          [
            87.509773,
            22.362422
          ],
          [
            87.506792,
            22.362738
          ],
          [
            87.505024,
            22.362939
          ],
          [
            87.504763,
            22.362962
          ],
          [
            87.503675,
            22.363071
          ],
          [
            87.502372,
            22.363205
          ],
          [
            87.498025,
            22.363654
          ],
          [
            87.495211,
            22.363957
          ],
          [
            87.488727,
            22.364637
          ],
          [
            87.487961,
            22.364717
          ],
          [
            87.482055,
            22.365337
          ],
          [
            87.475221,
            22.36604
          ],
          [
            87.472986,
            22.366275
          ],
          [
            87.461953,
            22.367435
          ],
          [
            87.457292,
            22.367925
          ],
          [
            87.451129,
            22.368554
          ],
          [
            87.446779,
            22.368985
          ],
          [
            87.44466,
            22.369195
          ],
          [
            87.440442,
            22.36965
          ],
          [
            87.439608,
            22.369764
          ],
          [
            87.438568,
            22.369954
          ],
          [
            87.436763,
            22.370284
          ],
          [
            87.436735,
            22.370288
          ],
          [
            87.432863,
            22.370993
          ],
          [
            87.426549,
            22.37211
          ],
          [
            87.426167,
            22.372178
          ],
          [
            87.421779,
            22.372952
          ],
          [
            87.420814,
            22.373131
          ],
          [
            87.419766,
            22.373267
          ],
          [
            87.419377,
            22.3733
          ],
          [
            87.418988,
            22.373325
          ],
          [
            87.418598,
            22.373341
          ],
          [
            87.418208,
            22.373349
          ],
          [
            87.417817,
            22.373348
          ],
          [
            87.417427,
            22.37334
          ],
          [
            87.417037,
            22.373322
          ],
          [
            87.416648,
            22.373297
          ],
          [
            87.416259,
            22.373262
          ],
          [
            87.415862,
            22.373219
          ],
          [
            87.415466,
            22.373166
          ],
          [
            87.415072,
            22.373106
          ],
          [
            87.414679,
            22.373036
          ],
          [
            87.414288,
            22.372957
          ],
          [
            87.4139,
            22.37287
          ],
          [
            87.413513,
            22.372775
          ],
          [
            87.41313,
            22.372671
          ],
          [
            87.412749,
            22.372558
          ],
          [
            87.412371,
            22.372437
          ],
          [
            87.411997,
            22.372308
          ],
          [
            87.411625,
            22.37217
          ],
          [
            87.410644,
            22.371757
          ],
          [
            87.408831,
            22.370991
          ],
          [
            87.403902,
            22.368734
          ],
          [
            87.399393,
            22.366702
          ],
          [
            87.399234,
            22.36663
          ],
          [
            87.396747,
            22.365489
          ],
          [
            87.396142,
            22.365211
          ],
          [
            87.394039,
            22.364151
          ],
          [
            87.392143,
            22.363293
          ],
          [
            87.389815,
            22.36222
          ],
          [
            87.387961,
            22.361407
          ],
          [
            87.386642,
            22.360853
          ],
          [
            87.386084,
            22.360618
          ],
          [
            87.384188,
            22.359775
          ],
          [
            87.381877,
            22.35872
          ],
          [
            87.381602,
            22.358594
          ],
          [
            87.381015,
            22.358327
          ],
          [
            87.378187,
            22.357037
          ],
          [
            87.375809,
            22.355956
          ],
          [
            87.371281,
            22.353884
          ],
          [
            87.368369,
            22.352534
          ],
          [
            87.361732,
            22.349517
          ],
          [
            87.357546,
            22.347602
          ],
          [
            87.356182,
            22.347
          ],
          [
            87.355054,
            22.346573
          ],
          [
            87.354387,
            22.346348
          ],
          [
            87.353366,
            22.346073
          ],
          [
            87.352565,
            22.345886
          ],
          [
            87.343425,
            22.344053
          ],
          [
            87.341502,
            22.343688
          ],
          [
            87.33944,
            22.343284
          ],
          [
            87.338965,
            22.34319
          ],
          [
            87.33796,
            22.342987
          ],
          [
            87.337706,
            22.342935
          ],
          [
            87.33694,
            22.342781
          ],
          [
            87.336785,
            22.342749
          ],
          [
            87.335842,
            22.342569
          ],
          [
            87.334444,
            22.342285
          ],
          [
            87.333997,
            22.342195
          ],
          [
            87.333093,
            22.342008
          ],
          [
            87.332405,
            22.341866
          ],
          [
            87.332046,
            22.341797
          ],
          [
            87.33166,
            22.341726
          ],
          [
            87.331238,
            22.341647
          ],
          [
            87.33091,
            22.341577
          ],
          [
            87.330764,
            22.341534
          ],
          [
            87.33047,
            22.341439
          ],
          [
            87.33023,
            22.341357
          ],
          [
            87.329925,
            22.341267
          ],
          [
            87.329656,
            22.341201
          ],
          [
            87.329438,
            22.341154
          ],
          [
            87.325296,
            22.340343
          ],
          [
            87.324757,
            22.340233
          ],
          [
            87.321315,
            22.339552
          ],
          [
            87.321034,
            22.3395
          ],
          [
            87.320753,
            22.339452
          ],
          [
            87.320541,
            22.339426
          ],
          [
            87.320404,
            22.339416
          ],
          [
            87.320308,
            22.339409
          ],
          [
            87.320113,
            22.33938
          ],
          [
            87.31954,
            22.33929
          ],
          [
            87.319127,
            22.339237
          ],
          [
            87.318523,
            22.339167
          ],
          [
            87.318304,
            22.339127
          ]
        ]
      },
      "properties": {
        "osm_id": 661042543,
        "name": "Howrah - Chennai Main Line",
        "infrastructure_type": "Railway",
        "district": "Paschim Medinipur",
        "state": "West Bengal",
        "statutory_authority": "NHAI / PWD / South Eastern Railway / I&WD"
      }
    },
    {
      "type": "Feature",
      "id": "pmed-infra-686745934",
      "geometry": {
        "type": "LineString",
        "coordinates": [
          [
            87.326832,
            22.423846
          ],
          [
            87.326838,
            22.423759
          ],
          [
            87.326838,
            22.423659
          ],
          [
            87.326825,
            22.423543
          ]
        ]
      },
      "properties": {
        "osm_id": 686745934,
        "name": "Medinipur Municipal Road #686745934",
        "infrastructure_type": "Road",
        "district": "Paschim Medinipur",
        "state": "West Bengal",
        "statutory_authority": "NHAI / PWD / South Eastern Railway / I&WD"
      }
    },
    {
      "type": "Feature",
      "id": "pmed-infra-686745935",
      "geometry": {
        "type": "LineString",
        "coordinates": [
          [
            87.322839,
            22.430049
          ],
          [
            87.322911,
            22.429925
          ],
          [
            87.323013,
            22.429811
          ],
          [
            87.323206,
            22.429568
          ],
          [
            87.323431,
            22.42931
          ],
          [
            87.323608,
            22.429122
          ],
          [
            87.32382,
            22.42895
          ],
          [
            87.323978,
            22.428822
          ],
          [
            87.324024,
            22.42879
          ],
          [
            87.324249,
            22.428633
          ],
          [
            87.324314,
            22.428599
          ],
          [
            87.324587,
            22.428452
          ],
          [
            87.324745,
            22.428377
          ],
          [
            87.32477,
            22.428365
          ],
          [
            87.325126,
            22.428182
          ],
          [
            87.325304,
            22.428107
          ],
          [
            87.325497,
            22.428006
          ],
          [
            87.325601,
            22.427867
          ],
          [
            87.325706,
            22.427713
          ],
          [
            87.325768,
            22.427577
          ],
          [
            87.325812,
            22.42749
          ],
          [
            87.325827,
            22.427463
          ],
          [
            87.32595,
            22.427227
          ],
          [
            87.326114,
            22.426885
          ],
          [
            87.326234,
            22.426699
          ],
          [
            87.32633,
            22.426525
          ],
          [
            87.326358,
            22.426474
          ],
          [
            87.326433,
            22.426305
          ],
          [
            87.32647,
            22.426166
          ],
          [
            87.326535,
            22.425831
          ],
          [
            87.326549,
            22.425769
          ],
          [
            87.326637,
            22.42537
          ],
          [
            87.326658,
            22.425255
          ],
          [
            87.326688,
            22.425097
          ],
          [
            87.32673,
            22.424805
          ],
          [
            87.326757,
            22.424589
          ],
          [
            87.326781,
            22.424264
          ],
          [
            87.326799,
            22.424112
          ]
        ]
      },
      "properties": {
        "osm_id": 686745935,
        "name": "Medinipur Municipal Road #686745935",
        "infrastructure_type": "Road",
        "district": "Paschim Medinipur",
        "state": "West Bengal",
        "statutory_authority": "NHAI / PWD / South Eastern Railway / I&WD"
      }
    },
    {
      "type": "Feature",
      "id": "pmed-infra-686745936",
      "geometry": {
        "type": "LineString",
        "coordinates": [
          [
            87.326749,
            22.420776
          ],
          [
            87.326765,
            22.420949
          ],
          [
            87.326757,
            22.42123
          ],
          [
            87.326814,
            22.421626
          ],
          [
            87.326824,
            22.421836
          ],
          [
            87.326832,
            22.422023
          ],
          [
            87.32683,
            22.422668
          ],
          [
            87.326824,
            22.423315
          ],
          [
            87.326825,
            22.423543
          ]
        ]
      },
      "properties": {
        "osm_id": 686745936,
        "name": "NH-60 (Kharagpur - Balasore Arterial)",
        "infrastructure_type": "Road",
        "district": "Paschim Medinipur",
        "state": "West Bengal",
        "statutory_authority": "NHAI / PWD / South Eastern Railway / I&WD"
      }
    },
    {
      "type": "Feature",
      "id": "pmed-infra-686745937",
      "geometry": {
        "type": "LineString",
        "coordinates": [
          [
            87.326832,
            22.423846
          ],
          [
            87.326827,
            22.42396
          ],
          [
            87.326799,
            22.424112
          ]
        ]
      },
      "properties": {
        "osm_id": 686745937,
        "name": "Medinipur Municipal Road #686745937",
        "infrastructure_type": "Road",
        "district": "Paschim Medinipur",
        "state": "West Bengal",
        "statutory_authority": "NHAI / PWD / South Eastern Railway / I&WD"
      }
    },
    {
      "type": "Feature",
      "id": "pmed-infra-686745938",
      "geometry": {
        "type": "LineString",
        "coordinates": [
          [
            87.322839,
            22.430049
          ],
          [
            87.322818,
            22.430161
          ],
          [
            87.322795,
            22.430357
          ],
          [
            87.322792,
            22.430387
          ],
          [
            87.322777,
            22.430644
          ],
          [
            87.322729,
            22.430981
          ],
          [
            87.32268,
            22.431308
          ],
          [
            87.322605,
            22.431586
          ],
          [
            87.322514,
            22.431824
          ],
          [
            87.32245,
            22.431968
          ],
          [
            87.32238,
            22.432236
          ],
          [
            87.322366,
            22.432314
          ],
          [
            87.322326,
            22.432518
          ],
          [
            87.322267,
            22.432835
          ],
          [
            87.322214,
            22.433103
          ],
          [
            87.32216,
            22.433346
          ],
          [
            87.322123,
            22.433584
          ],
          [
            87.322117,
            22.433738
          ],
          [
            87.322112,
            22.433872
          ],
          [
            87.322138,
            22.4341
          ],
          [
            87.322214,
            22.434383
          ],
          [
            87.322251,
            22.434645
          ],
          [
            87.322352,
            22.435037
          ],
          [
            87.32238,
            22.435097
          ],
          [
            87.322482,
            22.435295
          ],
          [
            87.322592,
            22.435502
          ],
          [
            87.322659,
            22.435624
          ],
          [
            87.322752,
            22.435797
          ],
          [
            87.322788,
            22.435898
          ],
          [
            87.322812,
            22.436027
          ],
          [
            87.322863,
            22.436311
          ],
          [
            87.322903,
            22.436579
          ],
          [
            87.322932,
            22.436772
          ],
          [
            87.322963,
            22.43697
          ],
          [
            87.32297,
            22.437055
          ],
          [
            87.323002,
            22.437382
          ],
          [
            87.323021,
            22.437695
          ],
          [
            87.32305,
            22.438002
          ],
          [
            87.323052,
            22.438026
          ],
          [
            87.323067,
            22.438332
          ],
          [
            87.323093,
            22.438652
          ],
          [
            87.323111,
            22.438792
          ],
          [
            87.32312,
            22.43887
          ],
          [
            87.323144,
            22.439165
          ],
          [
            87.323152,
            22.439502
          ],
          [
            87.32316,
            22.439733
          ],
          [
            87.323166,
            22.439901
          ],
          [
            87.323196,
            22.440239
          ],
          [
            87.323198,
            22.440265
          ],
          [
            87.323209,
            22.440411
          ],
          [
            87.323217,
            22.440506
          ],
          [
            87.323225,
            22.440579
          ],
          [
            87.323248,
            22.440816
          ],
          [
            87.32327,
            22.441119
          ],
          [
            87.323273,
            22.441173
          ],
          [
            87.323283,
            22.441348
          ],
          [
            87.32329,
            22.44148
          ],
          [
            87.323292,
            22.441513
          ],
          [
            87.323311,
            22.44181
          ],
          [
            87.32332,
            22.441929
          ],
          [
            87.323331,
            22.44204
          ],
          [
            87.323337,
            22.442107
          ],
          [
            87.323363,
            22.442322
          ],
          [
            87.323381,
            22.442647
          ],
          [
            87.323404,
            22.443022
          ],
          [
            87.323422,
            22.443545
          ],
          [
            87.323436,
            22.443688
          ],
          [
            87.323447,
            22.443872
          ],
          [
            87.323458,
            22.444351
          ],
          [
            87.32349,
            22.445062
          ],
          [
            87.323513,
            22.445551
          ],
          [
            87.323528,
            22.445866
          ],
          [
            87.323553,
            22.446365
          ],
          [
            87.323578,
            22.446855
          ],
          [
            87.323587,
            22.446966
          ],
          [
            87.323594,
            22.447125
          ],
          [
            87.323607,
            22.447379
          ],
          [
            87.323632,
            22.447846
          ],
          [
            87.323663,
            22.448369
          ],
          [
            87.323688,
            22.448737
          ],
          [
            87.323722,
            22.449181
          ],
          [
            87.323748,
            22.449716
          ],
          [
            87.323777,
            22.450101
          ],
          [
            87.32381,
            22.450617
          ],
          [
            87.323851,
            22.451276
          ],
          [
            87.32387,
            22.451582
          ],
          [
            87.323909,
            22.45239
          ],
          [
            87.323933,
            22.452786
          ],
          [
            87.323954,
            22.453111
          ],
          [
            87.323973,
            22.453357
          ],
          [
            87.323983,
            22.453558
          ],
          [
            87.323988,
            22.453664
          ],
          [
            87.32401,
            22.454019
          ],
          [
            87.32403,
            22.454355
          ],
          [
            87.324051,
            22.454718
          ],
          [
            87.324057,
            22.454855
          ],
          [
            87.324061,
            22.454914
          ],
          [
            87.324061,
            22.454946
          ],
          [
            87.324063,
            22.455027
          ],
          [
            87.324075,
            22.455225
          ],
          [
            87.324083,
            22.455347
          ],
          [
            87.324112,
            22.455749
          ],
          [
            87.324147,
            22.456212
          ],
          [
            87.32415,
            22.456261
          ],
          [
            87.324164,
            22.456453
          ],
          [
            87.324174,
            22.456607
          ],
          [
            87.324223,
            22.45738
          ],
          [
            87.324243,
            22.45757
          ],
          [
            87.324307,
            22.458183
          ],
          [
            87.324316,
            22.458275
          ],
          [
            87.324352,
            22.458467
          ]
        ]
      },
      "properties": {
        "osm_id": 686745938,
        "name": "NH-60 (Kharagpur - Balasore Arterial)",
        "infrastructure_type": "Road",
        "district": "Paschim Medinipur",
        "state": "West Bengal",
        "statutory_authority": "NHAI / PWD / South Eastern Railway / I&WD"
      }
    },
    {
      "type": "Feature",
      "id": "pmed-infra-724294688",
      "geometry": {
        "type": "LineString",
        "coordinates": [
          [
            87.298531,
            22.335836
          ],
          [
            87.299064,
            22.335838
          ]
        ]
      },
      "properties": {
        "osm_id": 724294688,
        "name": "South Eastern Railway Howrah-Mumbai / Kharagpur Main Corridor",
        "infrastructure_type": "Railway",
        "district": "Paschim Medinipur",
        "state": "West Bengal",
        "statutory_authority": "NHAI / PWD / South Eastern Railway / I&WD"
      }
    },
    {
      "type": "Feature",
      "id": "pmed-infra-724294689",
      "geometry": {
        "type": "LineString",
        "coordinates": [
          [
            87.31439,
            22.338382
          ],
          [
            87.314929,
            22.338483
          ]
        ]
      },
      "properties": {
        "osm_id": 724294689,
        "name": "South Eastern Railway Howrah-Mumbai / Kharagpur Main Corridor",
        "infrastructure_type": "Railway",
        "district": "Paschim Medinipur",
        "state": "West Bengal",
        "statutory_authority": "NHAI / PWD / South Eastern Railway / I&WD"
      }
    },
    {
      "type": "Feature",
      "id": "pmed-infra-724294690",
      "geometry": {
        "type": "LineString",
        "coordinates": [
          [
            87.313646,
            22.33774
          ],
          [
            87.3142,
            22.338132
          ],
          [
            87.314358,
            22.338224
          ],
          [
            87.314481,
            22.33828
          ],
          [
            87.314717,
            22.33836
          ]
        ]
      },
      "properties": {
        "osm_id": 724294690,
        "name": "South Eastern Railway Howrah-Mumbai / Kharagpur Main Corridor",
        "infrastructure_type": "Railway",
        "district": "Paschim Medinipur",
        "state": "West Bengal",
        "statutory_authority": "NHAI / PWD / South Eastern Railway / I&WD"
      }
    },
    {
      "type": "Feature",
      "id": "pmed-infra-724294693",
      "geometry": {
        "type": "LineString",
        "coordinates": [
          [
            87.291646,
            22.382714
          ],
          [
            87.291847,
            22.381963
          ]
        ]
      },
      "properties": {
        "osm_id": 724294693,
        "name": "South Eastern Railway Howrah-Mumbai / Kharagpur Main Corridor",
        "infrastructure_type": "Railway",
        "district": "Paschim Medinipur",
        "state": "West Bengal",
        "statutory_authority": "NHAI / PWD / South Eastern Railway / I&WD"
      }
    },
    {
      "type": "Feature",
      "id": "pmed-infra-724294694",
      "geometry": {
        "type": "LineString",
        "coordinates": [
          [
            87.292028,
            22.381454
          ],
          [
            87.291873,
            22.381811
          ],
          [
            87.291706,
            22.382081
          ],
          [
            87.291382,
            22.382491
          ],
          [
            87.291172,
            22.382719
          ]
        ]
      },
      "properties": {
        "osm_id": 724294694,
        "name": "South Eastern Railway Howrah-Mumbai / Kharagpur Main Corridor",
        "infrastructure_type": "Railway",
        "district": "Paschim Medinipur",
        "state": "West Bengal",
        "statutory_authority": "NHAI / PWD / South Eastern Railway / I&WD"
      }
    },
    {
      "type": "Feature",
      "id": "pmed-infra-724294695",
      "geometry": {
        "type": "LineString",
        "coordinates": [
          [
            87.292054,
            22.381381
          ],
          [
            87.292322,
            22.38074
          ]
        ]
      },
      "properties": {
        "osm_id": 724294695,
        "name": "South Eastern Railway Howrah-Mumbai / Kharagpur Main Corridor",
        "infrastructure_type": "Railway",
        "district": "Paschim Medinipur",
        "state": "West Bengal",
        "statutory_authority": "NHAI / PWD / South Eastern Railway / I&WD"
      }
    },
    {
      "type": "Feature",
      "id": "pmed-infra-724294696",
      "geometry": {
        "type": "LineString",
        "coordinates": [
          [
            87.295255,
            22.372199
          ],
          [
            87.295452,
            22.371494
          ]
        ]
      },
      "properties": {
        "osm_id": 724294696,
        "name": "South Eastern Railway Howrah-Mumbai / Kharagpur Main Corridor",
        "infrastructure_type": "Railway",
        "district": "Paschim Medinipur",
        "state": "West Bengal",
        "statutory_authority": "NHAI / PWD / South Eastern Railway / I&WD"
      }
    },
    {
      "type": "Feature",
      "id": "pmed-infra-724294697",
      "geometry": {
        "type": "LineString",
        "coordinates": [
          [
            87.295616,
            22.371043
          ],
          [
            87.295788,
            22.370046
          ]
        ]
      },
      "properties": {
        "osm_id": 724294697,
        "name": "South Eastern Railway Howrah-Mumbai / Kharagpur Main Corridor",
        "infrastructure_type": "Railway",
        "district": "Paschim Medinipur",
        "state": "West Bengal",
        "statutory_authority": "NHAI / PWD / South Eastern Railway / I&WD"
      }
    },
    {
      "type": "Feature",
      "id": "pmed-infra-724294698",
      "geometry": {
        "type": "LineString",
        "coordinates": [
          [
            87.296134,
            22.36977
          ],
          [
            87.295887,
            22.370341
          ]
        ]
      },
      "properties": {
        "osm_id": 724294698,
        "name": "South Eastern Railway Howrah-Mumbai / Kharagpur Main Corridor",
        "infrastructure_type": "Railway",
        "district": "Paschim Medinipur",
        "state": "West Bengal",
        "statutory_authority": "NHAI / PWD / South Eastern Railway / I&WD"
      }
    },
    {
      "type": "Feature",
      "id": "pmed-infra-724294700",
      "geometry": {
        "type": "LineString",
        "coordinates": [
          [
            87.295255,
            22.372199
          ],
          [
            87.29583,
            22.370592
          ],
          [
            87.296134,
            22.36977
          ],
          [
            87.296663,
            22.368166
          ],
          [
            87.29755,
            22.365586
          ],
          [
            87.298035,
            22.364186
          ],
          [
            87.298525,
            22.36277
          ],
          [
            87.299215,
            22.360791
          ],
          [
            87.29974,
            22.35918
          ],
          [
            87.300705,
            22.356426
          ],
          [
            87.302006,
            22.352638
          ],
          [
            87.303012,
            22.349724
          ],
          [
            87.303344,
            22.348791
          ],
          [
            87.30376,
            22.347585
          ],
          [
            87.3042,
            22.346283
          ],
          [
            87.304596,
            22.345145
          ],
          [
            87.30487,
            22.344316
          ],
          [
            87.305096,
            22.343631
          ],
          [
            87.305251,
            22.343251
          ],
          [
            87.305447,
            22.342837
          ],
          [
            87.305656,
            22.342462
          ],
          [
            87.305887,
            22.342085
          ],
          [
            87.306134,
            22.341725
          ],
          [
            87.306453,
            22.341334
          ],
          [
            87.306689,
            22.341071
          ],
          [
            87.30696,
            22.340793
          ],
          [
            87.307421,
            22.340368
          ],
          [
            87.307818,
            22.340066
          ],
          [
            87.308239,
            22.339756
          ],
          [
            87.308684,
            22.339493
          ],
          [
            87.309249,
            22.339204
          ],
          [
            87.309571,
            22.339059
          ],
          [
            87.310004,
            22.338877
          ],
          [
            87.310487,
            22.338709
          ],
          [
            87.311001,
            22.338571
          ],
          [
            87.311568,
            22.338461
          ],
          [
            87.312086,
            22.338386
          ],
          [
            87.312815,
            22.338314
          ],
          [
            87.313215,
            22.338309
          ],
          [
            87.31383,
            22.338289
          ]
        ]
      },
      "properties": {
        "osm_id": 724294700,
        "name": "South Eastern Railway Howrah-Mumbai / Kharagpur Main Corridor",
        "infrastructure_type": "Railway",
        "district": "Paschim Medinipur",
        "state": "West Bengal",
        "statutory_authority": "NHAI / PWD / South Eastern Railway / I&WD"
      }
    },
    {
      "type": "Feature",
      "id": "pmed-infra-724313544",
      "geometry": {
        "type": "LineString",
        "coordinates": [
          [
            87.32111,
            22.340496
          ],
          [
            87.321463,
            22.340608
          ],
          [
            87.321634,
            22.340652
          ],
          [
            87.322737,
            22.340895
          ],
          [
            87.327198,
            22.341784
          ],
          [
            87.327514,
            22.341882
          ],
          [
            87.328333,
            22.342184
          ],
          [
            87.328454,
            22.342222
          ],
          [
            87.3287,
            22.342292
          ],
          [
            87.328939,
            22.342356
          ],
          [
            87.329172,
            22.342408
          ],
          [
            87.329568,
            22.342477
          ],
          [
            87.330052,
            22.342551
          ]
        ]
      },
      "properties": {
        "osm_id": 724313544,
        "name": "South Eastern Railway Howrah-Mumbai / Kharagpur Main Corridor",
        "infrastructure_type": "Railway",
        "district": "Paschim Medinipur",
        "state": "West Bengal",
        "statutory_authority": "NHAI / PWD / South Eastern Railway / I&WD"
      }
    },
    {
      "type": "Feature",
      "id": "pmed-infra-724313545",
      "geometry": {
        "type": "LineString",
        "coordinates": [
          [
            87.322483,
            22.339944
          ],
          [
            87.321085,
            22.339661
          ],
          [
            87.320569,
            22.33961
          ]
        ]
      },
      "properties": {
        "osm_id": 724313545,
        "name": "South Eastern Railway Howrah-Mumbai / Kharagpur Main Corridor",
        "infrastructure_type": "Railway",
        "district": "Paschim Medinipur",
        "state": "West Bengal",
        "statutory_authority": "NHAI / PWD / South Eastern Railway / I&WD"
      }
    },
    {
      "type": "Feature",
      "id": "pmed-infra-724313546",
      "geometry": {
        "type": "LineString",
        "coordinates": [
          [
            87.321894,
            22.339871
          ],
          [
            87.320999,
            22.339692
          ],
          [
            87.320569,
            22.33961
          ],
          [
            87.320494,
            22.339602
          ],
          [
            87.320338,
            22.339587
          ],
          [
            87.320204,
            22.339566
          ],
          [
            87.319817,
            22.339474
          ]
        ]
      },
      "properties": {
        "osm_id": 724313546,
        "name": "South Eastern Railway Howrah-Mumbai / Kharagpur Main Corridor",
        "infrastructure_type": "Railway",
        "district": "Paschim Medinipur",
        "state": "West Bengal",
        "statutory_authority": "NHAI / PWD / South Eastern Railway / I&WD"
      }
    },
    {
      "type": "Feature",
      "id": "pmed-infra-724313547",
      "geometry": {
        "type": "LineString",
        "coordinates": [
          [
            87.31954,
            22.33929
          ],
          [
            87.320007,
            22.339395
          ],
          [
            87.320399,
            22.339473
          ],
          [
            87.320427,
            22.339478
          ],
          [
            87.321452,
            22.3397
          ],
          [
            87.322496,
            22.33991
          ]
        ]
      },
      "properties": {
        "osm_id": 724313547,
        "name": "South Eastern Railway Howrah-Mumbai / Kharagpur Main Corridor",
        "infrastructure_type": "Railway",
        "district": "Paschim Medinipur",
        "state": "West Bengal",
        "statutory_authority": "NHAI / PWD / South Eastern Railway / I&WD"
      }
    },
    {
      "type": "Feature",
      "id": "pmed-infra-724313548",
      "geometry": {
        "type": "LineString",
        "coordinates": [
          [
            87.321085,
            22.339661
          ],
          [
            87.321452,
            22.3397
          ]
        ]
      },
      "properties": {
        "osm_id": 724313548,
        "name": "South Eastern Railway Howrah-Mumbai / Kharagpur Main Corridor",
        "infrastructure_type": "Railway",
        "district": "Paschim Medinipur",
        "state": "West Bengal",
        "statutory_authority": "NHAI / PWD / South Eastern Railway / I&WD"
      }
    },
    {
      "type": "Feature",
      "id": "pmed-infra-724313549",
      "geometry": {
        "type": "LineString",
        "coordinates": [
          [
            87.316242,
            22.338772
          ],
          [
            87.316642,
            22.33888
          ],
          [
            87.316841,
            22.338927
          ],
          [
            87.317062,
            22.338964
          ],
          [
            87.317702,
            22.339009
          ]
        ]
      },
      "properties": {
        "osm_id": 724313549,
        "name": "South Eastern Railway Howrah-Mumbai / Kharagpur Main Corridor",
        "infrastructure_type": "Railway",
        "district": "Paschim Medinipur",
        "state": "West Bengal",
        "statutory_authority": "NHAI / PWD / South Eastern Railway / I&WD"
      }
    },
    {
      "type": "Feature",
      "id": "pmed-infra-724313551",
      "geometry": {
        "type": "LineString",
        "coordinates": [
          [
            87.322857,
            22.340214
          ],
          [
            87.32255,
            22.340188
          ],
          [
            87.322398,
            22.340167
          ],
          [
            87.321546,
            22.340003
          ],
          [
            87.321413,
            22.339967
          ],
          [
            87.321034,
            22.339859
          ]
        ]
      },
      "properties": {
        "osm_id": 724313551,
        "name": "South Eastern Railway Howrah-Mumbai / Kharagpur Main Corridor",
        "infrastructure_type": "Railway",
        "district": "Paschim Medinipur",
        "state": "West Bengal",
        "statutory_authority": "NHAI / PWD / South Eastern Railway / I&WD"
      }
    },
    {
      "type": "Feature",
      "id": "pmed-infra-724313552",
      "geometry": {
        "type": "LineString",
        "coordinates": [
          [
            87.330608,
            22.341726
          ],
          [
            87.330318,
            22.341701
          ],
          [
            87.330095,
            22.341677
          ],
          [
            87.32989,
            22.341648
          ],
          [
            87.328938,
            22.341463
          ],
          [
            87.328699,
            22.34141
          ],
          [
            87.328359,
            22.341322
          ],
          [
            87.328128,
            22.341267
          ],
          [
            87.325416,
            22.340718
          ],
          [
            87.32523,
            22.340683
          ],
          [
            87.324681,
            22.340572
          ]
        ]
      },
      "properties": {
        "osm_id": 724313552,
        "name": "South Eastern Railway Howrah-Mumbai / Kharagpur Main Corridor",
        "infrastructure_type": "Railway",
        "district": "Paschim Medinipur",
        "state": "West Bengal",
        "statutory_authority": "NHAI / PWD / South Eastern Railway / I&WD"
      }
    },
    {
      "type": "Feature",
      "id": "pmed-infra-724313553",
      "geometry": {
        "type": "LineString",
        "coordinates": [
          [
            87.317019,
            22.338998
          ],
          [
            87.317637,
            22.339111
          ],
          [
            87.317757,
            22.339127
          ],
          [
            87.318133,
            22.339167
          ],
          [
            87.318515,
            22.339231
          ],
          [
            87.319525,
            22.3394
          ]
        ]
      },
      "properties": {
        "osm_id": 724313553,
        "name": "South Eastern Railway Howrah-Mumbai / Kharagpur Main Corridor",
        "infrastructure_type": "Railway",
        "district": "Paschim Medinipur",
        "state": "West Bengal",
        "statutory_authority": "NHAI / PWD / South Eastern Railway / I&WD"
      }
    },
    {
      "type": "Feature",
      "id": "pmed-infra-724313554",
      "geometry": {
        "type": "LineString",
        "coordinates": [
          [
            87.333855,
            22.342207
          ],
          [
            87.335037,
            22.342446
          ],
          [
            87.336027,
            22.342652
          ],
          [
            87.336721,
            22.342786
          ],
          [
            87.336931,
            22.342829
          ],
          [
            87.337188,
            22.342881
          ],
          [
            87.338232,
            22.343092
          ],
          [
            87.340837,
            22.343604
          ],
          [
            87.342439,
            22.343912
          ],
          [
            87.343979,
            22.344213
          ],
          [
            87.34883,
            22.345189
          ],
          [
            87.352558,
            22.345934
          ],
          [
            87.353365,
            22.346124
          ],
          [
            87.354347,
            22.346383
          ],
          [
            87.355021,
            22.3466
          ],
          [
            87.356188,
            22.347061
          ],
          [
            87.358167,
            22.347967
          ],
          [
            87.36174,
            22.349578
          ],
          [
            87.364252,
            22.350737
          ],
          [
            87.368306,
            22.352577
          ],
          [
            87.371238,
            22.353919
          ],
          [
            87.375763,
            22.355981
          ],
          [
            87.378187,
            22.357082
          ],
          [
            87.380471,
            22.358136
          ],
          [
            87.380973,
            22.358368
          ],
          [
            87.382,
            22.358833
          ],
          [
            87.384124,
            22.359794
          ],
          [
            87.38734,
            22.361244
          ],
          [
            87.392055,
            22.363394
          ],
          [
            87.39627,
            22.365336
          ],
          [
            87.399182,
            22.366663
          ],
          [
            87.399334,
            22.366732
          ],
          [
            87.403876,
            22.368778
          ],
          [
            87.40889,
            22.371065
          ],
          [
            87.41145,
            22.372155
          ],
          [
            87.411979,
            22.372363
          ],
          [
            87.412354,
            22.372491
          ],
          [
            87.412733,
            22.372612
          ],
          [
            87.413115,
            22.372723
          ],
          [
            87.413499,
            22.372827
          ],
          [
            87.413886,
            22.372922
          ],
          [
            87.414276,
            22.373008
          ],
          [
            87.414667,
            22.373086
          ],
          [
            87.41506,
            22.373155
          ],
          [
            87.415455,
            22.373216
          ],
          [
            87.415852,
            22.373268
          ],
          [
            87.41625,
            22.373311
          ],
          [
            87.416637,
            22.373345
          ],
          [
            87.417026,
            22.37337
          ],
          [
            87.417415,
            22.373387
          ],
          [
            87.417804,
            22.373396
          ],
          [
            87.418193,
            22.373397
          ],
          [
            87.418582,
            22.373389
          ],
          [
            87.418971,
            22.373373
          ],
          [
            87.419359,
            22.373349
          ],
          [
            87.419747,
            22.373316
          ],
          [
            87.420832,
            22.37318
          ],
          [
            87.421706,
            22.373029
          ],
          [
            87.422522,
            22.372873
          ],
          [
            87.424294,
            22.372567
          ],
          [
            87.426564,
            22.372171
          ],
          [
            87.426651,
            22.372156
          ],
          [
            87.429023,
            22.371729
          ],
          [
            87.431042,
            22.371369
          ],
          [
            87.433346,
            22.370956
          ],
          [
            87.435498,
            22.370559
          ],
          [
            87.436749,
            22.370335
          ],
          [
            87.436779,
            22.370331
          ],
          [
            87.438228,
            22.37007
          ],
          [
            87.438575,
            22.370006
          ],
          [
            87.439524,
            22.369831
          ],
          [
            87.440442,
            22.369693
          ],
          [
            87.442276,
            22.369505
          ],
          [
            87.4443,
            22.369289
          ],
          [
            87.445589,
            22.369166
          ],
          [
            87.446796,
            22.36904
          ],
          [
            87.446828,
            22.369037
          ],
          [
            87.447513,
            22.368973
          ],
          [
            87.448771,
            22.368848
          ],
          [
            87.450827,
            22.368634
          ],
          [
            87.453141,
            22.368402
          ],
          [
            87.455413,
            22.368158
          ],
          [
            87.45856,
            22.36785
          ],
          [
            87.463149,
            22.367357
          ],
          [
            87.468617,
            22.366778
          ],
          [
            87.472994,
            22.36632
          ],
          [
            87.47557,
            22.366051
          ],
          [
            87.481336,
            22.365465
          ],
          [
            87.486487,
            22.364917
          ],
          [
            87.487985,
            22.364762
          ],
          [
            87.491525,
            22.364395
          ],
          [
            87.498452,
            22.363654
          ],
          [
            87.499749,
            22.363517
          ],
          [
            87.501375,
            22.363347
          ],
          [
            87.502971,
            22.363188
          ],
          [
            87.504597,
            22.363018
          ],
          [
            87.504762,
            22.363006
          ],
          [
            87.506168,
            22.362857
          ],
          [
            87.507666,
            22.362696
          ],
          [
            87.509175,
            22.36254
          ],
          [
            87.509774,
            22.362478
          ],
          [
            87.514659,
            22.361975
          ],
          [
            87.518892,
            22.361527
          ],
          [
            87.519864,
            22.361424
          ],
          [
            87.525612,
            22.360829
          ],
          [
            87.530894,
            22.360242
          ],
          [
            87.538734,
            22.359407
          ],
          [
            87.547165,
            22.35851
          ],
          [
            87.547821,
            22.358447
          ],
          [
            87.548056,
            22.358424
          ],
          [
            87.548563,
            22.358384
          ],
          [
            87.549985,
            22.358281
          ],
          [
            87.550439,
            22.358235
          ],
          [
            87.554944,
            22.35776
          ],
          [
            87.555602,
            22.357676
          ],
          [
            87.556941,
            22.357478
          ],
          [
            87.557335,
            22.357432
          ],
          [
            87.557877,
            22.357376
          ],
          [
            87.561893,
            22.356945
          ],
          [
            87.573324,
            22.355756
          ],
          [
            87.579675,
            22.355073
          ],
          [
            87.58497,
            22.354504
          ],
          [
            87.585044,
            22.354497
          ],
          [
            87.59101,
            22.353888
          ],
          [
            87.593842,
            22.353581
          ],
          [
            87.595181,
            22.35348
          ],
          [
            87.596488,
            22.353455
          ],
          [
            87.597236,
            22.353497
          ],
          [
            87.597972,
            22.35357
          ],
          [
            87.598629,
            22.353654
          ],
          [
            87.599244,
            22.353762
          ],
          [
            87.600915,
            22.354119
          ],
          [
            87.608014,
            22.355636
          ],
          [
            87.609701,
            22.355996
          ],
          [
            87.614654,
            22.357054
          ],
          [
            87.617105,
            22.357579
          ],
          [
            87.620924,
            22.358394
          ],
          [
            87.624391,
            22.359139
          ],
          [
            87.627274,
            22.359753
          ],
          [
            87.634777,
            22.36135
          ],
          [
            87.639436,
            22.362354
          ],
          [
            87.643392,
            22.363206
          ],
          [
            87.64548,
            22.363693
          ],
          [
            87.649197,
            22.364483
          ],
          [
            87.65303,
            22.365321
          ],
          [
            87.662126,
            22.36735
          ],
          [
            87.667801,
            22.368502
          ],
          [
            87.672411,
            22.369537
          ],
          [
            87.680177,
            22.371189
          ],
          [
            87.681455,
            22.371466
          ],
          [
            87.694053,
            22.374202
          ],
          [
            87.69429,
            22.37425
          ]
        ]
      },
      "properties": {
        "osm_id": 724313554,
        "name": "Howrah - Chennai Main Line",
        "infrastructure_type": "Railway",
        "district": "Paschim Medinipur",
        "state": "West Bengal",
        "statutory_authority": "NHAI / PWD / South Eastern Railway / I&WD"
      }
    },
    {
      "type": "Feature",
      "id": "pmed-infra-724313555",
      "geometry": {
        "type": "LineString",
        "coordinates": [
          [
            87.320256,
            22.339629
          ],
          [
            87.320557,
            22.33973
          ],
          [
            87.320772,
            22.3398
          ],
          [
            87.321034,
            22.339859
          ],
          [
            87.322857,
            22.340214
          ],
          [
            87.324337,
            22.340509
          ],
          [
            87.324681,
            22.340572
          ],
          [
            87.324936,
            22.340605
          ],
          [
            87.325256,
            22.340646
          ]
        ]
      },
      "properties": {
        "osm_id": 724313555,
        "name": "South Eastern Railway Howrah-Mumbai / Kharagpur Main Corridor",
        "infrastructure_type": "Railway",
        "district": "Paschim Medinipur",
        "state": "West Bengal",
        "statutory_authority": "NHAI / PWD / South Eastern Railway / I&WD"
      }
    },
    {
      "type": "Feature",
      "id": "pmed-infra-724313556",
      "geometry": {
        "type": "LineString",
        "coordinates": [
          [
            87.32523,
            22.340683
          ],
          [
            87.324936,
            22.340605
          ],
          [
            87.324686,
            22.340538
          ]
        ]
      },
      "properties": {
        "osm_id": 724313556,
        "name": "South Eastern Railway Howrah-Mumbai / Kharagpur Main Corridor",
        "infrastructure_type": "Railway",
        "district": "Paschim Medinipur",
        "state": "West Bengal",
        "statutory_authority": "NHAI / PWD / South Eastern Railway / I&WD"
      }
    },
    {
      "type": "Feature",
      "id": "pmed-infra-724313560",
      "geometry": {
        "type": "LineString",
        "coordinates": [
          [
            87.317882,
            22.339183
          ],
          [
            87.3183,
            22.339243
          ],
          [
            87.318539,
            22.339289
          ],
          [
            87.319352,
            22.339483
          ],
          [
            87.319603,
            22.339545
          ],
          [
            87.320138,
            22.339687
          ],
          [
            87.320562,
            22.339793
          ],
          [
            87.321051,
            22.339923
          ],
          [
            87.321186,
            22.339966
          ],
          [
            87.321485,
            22.340069
          ]
        ]
      },
      "properties": {
        "osm_id": 724313560,
        "name": "South Eastern Railway Howrah-Mumbai / Kharagpur Main Corridor",
        "infrastructure_type": "Railway",
        "district": "Paschim Medinipur",
        "state": "West Bengal",
        "statutory_authority": "NHAI / PWD / South Eastern Railway / I&WD"
      }
    },
    {
      "type": "Feature",
      "id": "pmed-infra-724313561",
      "geometry": {
        "type": "LineString",
        "coordinates": [
          [
            87.320562,
            22.339793
          ],
          [
            87.320219,
            22.339744
          ],
          [
            87.32003,
            22.33971
          ],
          [
            87.318754,
            22.339445
          ],
          [
            87.318159,
            22.339302
          ],
          [
            87.317397,
            22.339102
          ]
        ]
      },
      "properties": {
        "osm_id": 724313561,
        "name": "South Eastern Railway Howrah-Mumbai / Kharagpur Main Corridor",
        "infrastructure_type": "Railway",
        "district": "Paschim Medinipur",
        "state": "West Bengal",
        "statutory_authority": "NHAI / PWD / South Eastern Railway / I&WD"
      }
    },
    {
      "type": "Feature",
      "id": "pmed-infra-724313562",
      "geometry": {
        "type": "LineString",
        "coordinates": [
          [
            87.322358,
            22.34031
          ],
          [
            87.32213,
            22.340274
          ],
          [
            87.32198,
            22.340239
          ],
          [
            87.321739,
            22.340154
          ],
          [
            87.321485,
            22.340069
          ],
          [
            87.320972,
            22.339937
          ],
          [
            87.320382,
            22.339818
          ],
          [
            87.320042,
            22.339754
          ],
          [
            87.318758,
            22.339492
          ],
          [
            87.318207,
            22.339367
          ],
          [
            87.317514,
            22.33917
          ]
        ]
      },
      "properties": {
        "osm_id": 724313562,
        "name": "South Eastern Railway Howrah-Mumbai / Kharagpur Main Corridor",
        "infrastructure_type": "Railway",
        "district": "Paschim Medinipur",
        "state": "West Bengal",
        "statutory_authority": "NHAI / PWD / South Eastern Railway / I&WD"
      }
    },
    {
      "type": "Feature",
      "id": "pmed-infra-724313563",
      "geometry": {
        "type": "LineString",
        "coordinates": [
          [
            87.320972,
            22.339937
          ],
          [
            87.320597,
            22.339896
          ],
          [
            87.320266,
            22.339858
          ],
          [
            87.319808,
            22.339774
          ],
          [
            87.31903,
            22.339623
          ],
          [
            87.318656,
            22.339529
          ],
          [
            87.318214,
            22.33942
          ],
          [
            87.317502,
            22.339222
          ]
        ]
      },
      "properties": {
        "osm_id": 724313563,
        "name": "South Eastern Railway Howrah-Mumbai / Kharagpur Main Corridor",
        "infrastructure_type": "Railway",
        "district": "Paschim Medinipur",
        "state": "West Bengal",
        "statutory_authority": "NHAI / PWD / South Eastern Railway / I&WD"
      }
    },
    {
      "type": "Feature",
      "id": "pmed-infra-724313564",
      "geometry": {
        "type": "LineString",
        "coordinates": [
          [
            87.321974,
            22.340292
          ],
          [
            87.321581,
            22.340224
          ],
          [
            87.321313,
            22.34017
          ],
          [
            87.320076,
            22.339897
          ],
          [
            87.319256,
            22.339738
          ],
          [
            87.318903,
            22.339661
          ],
          [
            87.318517,
            22.339565
          ],
          [
            87.318047,
            22.339418
          ]
        ]
      },
      "properties": {
        "osm_id": 724313564,
        "name": "South Eastern Railway Howrah-Mumbai / Kharagpur Main Corridor",
        "infrastructure_type": "Railway",
        "district": "Paschim Medinipur",
        "state": "West Bengal",
        "statutory_authority": "NHAI / PWD / South Eastern Railway / I&WD"
      }
    },
    {
      "type": "Feature",
      "id": "pmed-infra-724313565",
      "geometry": {
        "type": "LineString",
        "coordinates": [
          [
            87.318462,
            22.339602
          ],
          [
            87.318881,
            22.339702
          ],
          [
            87.319232,
            22.339778
          ],
          [
            87.320064,
            22.339942
          ],
          [
            87.321292,
            22.340219
          ],
          [
            87.321685,
            22.340276
          ],
          [
            87.321974,
            22.340292
          ],
          [
            87.322358,
            22.34031
          ],
          [
            87.322641,
            22.340319
          ],
          [
            87.322974,
            22.340318
          ],
          [
            87.323145,
            22.34033
          ],
          [
            87.32329,
            22.340346
          ],
          [
            87.32389,
            22.340462
          ],
          [
            87.324337,
            22.340509
          ]
        ]
      },
      "properties": {
        "osm_id": 724313565,
        "name": "South Eastern Railway Howrah-Mumbai / Kharagpur Main Corridor",
        "infrastructure_type": "Railway",
        "district": "Paschim Medinipur",
        "state": "West Bengal",
        "statutory_authority": "NHAI / PWD / South Eastern Railway / I&WD"
      }
    },
    {
      "type": "Feature",
      "id": "pmed-infra-724313566",
      "geometry": {
        "type": "LineString",
        "coordinates": [
          [
            87.326142,
            22.340906
          ],
          [
            87.326697,
            22.341058
          ],
          [
            87.329544,
            22.34162
          ],
          [
            87.329926,
            22.341692
          ]
        ]
      },
      "properties": {
        "osm_id": 724313566,
        "name": "South Eastern Railway Howrah-Mumbai / Kharagpur Main Corridor",
        "infrastructure_type": "Railway",
        "district": "Paschim Medinipur",
        "state": "West Bengal",
        "statutory_authority": "NHAI / PWD / South Eastern Railway / I&WD"
      }
    },
    {
      "type": "Feature",
      "id": "pmed-infra-724313567",
      "geometry": {
        "type": "LineString",
        "coordinates": [
          [
            87.322641,
            22.340319
          ],
          [
            87.323049,
            22.340351
          ],
          [
            87.323166,
            22.34037
          ],
          [
            87.323628,
            22.340497
          ]
        ]
      },
      "properties": {
        "osm_id": 724313567,
        "name": "South Eastern Railway Howrah-Mumbai / Kharagpur Main Corridor",
        "infrastructure_type": "Railway",
        "district": "Paschim Medinipur",
        "state": "West Bengal",
        "statutory_authority": "NHAI / PWD / South Eastern Railway / I&WD"
      }
    },
    {
      "type": "Feature",
      "id": "pmed-infra-724313568",
      "geometry": {
        "type": "LineString",
        "coordinates": [
          [
            87.317473,
            22.339257
          ],
          [
            87.317873,
            22.339395
          ],
          [
            87.317995,
            22.339443
          ],
          [
            87.318506,
            22.339671
          ],
          [
            87.318743,
            22.33977
          ],
          [
            87.318977,
            22.339853
          ],
          [
            87.3192,
            22.33992
          ],
          [
            87.3195,
            22.339992
          ],
          [
            87.320132,
            22.340112
          ],
          [
            87.321202,
            22.340273
          ],
          [
            87.321735,
            22.340323
          ],
          [
            87.322376,
            22.340358
          ],
          [
            87.322945,
            22.340389
          ],
          [
            87.323348,
            22.340447
          ],
          [
            87.323628,
            22.340497
          ],
          [
            87.329347,
            22.341624
          ],
          [
            87.329531,
            22.341655
          ],
          [
            87.329716,
            22.341677
          ],
          [
            87.329926,
            22.341692
          ],
          [
            87.330608,
            22.341726
          ],
          [
            87.331232,
            22.341768
          ],
          [
            87.331696,
            22.341798
          ],
          [
            87.332011,
            22.341831
          ]
        ]
      },
      "properties": {
        "osm_id": 724313568,
        "name": "South Eastern Railway Howrah-Mumbai / Kharagpur Main Corridor",
        "infrastructure_type": "Railway",
        "district": "Paschim Medinipur",
        "state": "West Bengal",
        "statutory_authority": "NHAI / PWD / South Eastern Railway / I&WD"
      }
    },
    {
      "type": "Feature",
      "id": "pmed-infra-724313569",
      "geometry": {
        "type": "LineString",
        "coordinates": [
          [
            87.317472,
            22.339304
          ],
          [
            87.318012,
            22.339497
          ]
        ]
      },
      "properties": {
        "osm_id": 724313569,
        "name": "South Eastern Railway Howrah-Mumbai / Kharagpur Main Corridor",
        "infrastructure_type": "Railway",
        "district": "Paschim Medinipur",
        "state": "West Bengal",
        "statutory_authority": "NHAI / PWD / South Eastern Railway / I&WD"
      }
    },
    {
      "type": "Feature",
      "id": "pmed-infra-724313570",
      "geometry": {
        "type": "LineString",
        "coordinates": [
          [
            87.316191,
            22.338846
          ],
          [
            87.316819,
            22.339052
          ]
        ]
      },
      "properties": {
        "osm_id": 724313570,
        "name": "South Eastern Railway Howrah-Mumbai / Kharagpur Main Corridor",
        "infrastructure_type": "Railway",
        "district": "Paschim Medinipur",
        "state": "West Bengal",
        "statutory_authority": "NHAI / PWD / South Eastern Railway / I&WD"
      }
    },
    {
      "type": "Feature",
      "id": "pmed-infra-724313571",
      "geometry": {
        "type": "LineString",
        "coordinates": [
          [
            87.316219,
            22.338813
          ],
          [
            87.316931,
            22.339053
          ]
        ]
      },
      "properties": {
        "osm_id": 724313571,
        "name": "South Eastern Railway Howrah-Mumbai / Kharagpur Main Corridor",
        "infrastructure_type": "Railway",
        "district": "Paschim Medinipur",
        "state": "West Bengal",
        "statutory_authority": "NHAI / PWD / South Eastern Railway / I&WD"
      }
    },
    {
      "type": "Feature",
      "id": "pmed-infra-724313573",
      "geometry": {
        "type": "LineString",
        "coordinates": [
          [
            87.318304,
            22.339127
          ],
          [
            87.317686,
            22.338966
          ]
        ]
      },
      "properties": {
        "osm_id": 724313573,
        "name": "Howrah - Chennai Main Line",
        "infrastructure_type": "Railway",
        "district": "Paschim Medinipur",
        "state": "West Bengal",
        "statutory_authority": "NHAI / PWD / South Eastern Railway / I&WD"
      }
    },
    {
      "type": "Feature",
      "id": "pmed-infra-724313575",
      "geometry": {
        "type": "LineString",
        "coordinates": [
          [
            87.316704,
            22.338774
          ],
          [
            87.317403,
            22.33895
          ]
        ]
      },
      "properties": {
        "osm_id": 724313575,
        "name": "South Eastern Railway Howrah-Mumbai / Kharagpur Main Corridor",
        "infrastructure_type": "Railway",
        "district": "Paschim Medinipur",
        "state": "West Bengal",
        "statutory_authority": "NHAI / PWD / South Eastern Railway / I&WD"
      }
    },
    {
      "type": "Feature",
      "id": "pmed-infra-724313576",
      "geometry": {
        "type": "LineString",
        "coordinates": [
          [
            87.319127,
            22.339237
          ],
          [
            87.319469,
            22.339253
          ],
          [
            87.31992,
            22.339296
          ]
        ]
      },
      "properties": {
        "osm_id": 724313576,
        "name": "South Eastern Railway Howrah-Mumbai / Kharagpur Main Corridor",
        "infrastructure_type": "Railway",
        "district": "Paschim Medinipur",
        "state": "West Bengal",
        "statutory_authority": "NHAI / PWD / South Eastern Railway / I&WD"
      }
    },
    {
      "type": "Feature",
      "id": "pmed-infra-724313577",
      "geometry": {
        "type": "LineString",
        "coordinates": [
          [
            87.320081,
            22.339318
          ],
          [
            87.320411,
            22.339339
          ],
          [
            87.320529,
            22.339346
          ],
          [
            87.320923,
            22.339386
          ]
        ]
      },
      "properties": {
        "osm_id": 724313577,
        "name": "South Eastern Railway Howrah-Mumbai / Kharagpur Main Corridor",
        "infrastructure_type": "Railway",
        "district": "Paschim Medinipur",
        "state": "West Bengal",
        "statutory_authority": "NHAI / PWD / South Eastern Railway / I&WD"
      }
    },
    {
      "type": "Feature",
      "id": "pmed-infra-724313579",
      "geometry": {
        "type": "LineString",
        "coordinates": [
          [
            87.327513,
            22.340983
          ],
          [
            87.329478,
            22.341362
          ],
          [
            87.329936,
            22.341433
          ],
          [
            87.330207,
            22.341479
          ],
          [
            87.330516,
            22.341541
          ],
          [
            87.331203,
            22.34169
          ]
        ]
      },
      "properties": {
        "osm_id": 724313579,
        "name": "South Eastern Railway Howrah-Mumbai / Kharagpur Main Corridor",
        "infrastructure_type": "Railway",
        "district": "Paschim Medinipur",
        "state": "West Bengal",
        "statutory_authority": "NHAI / PWD / South Eastern Railway / I&WD"
      }
    },
    {
      "type": "Feature",
      "id": "pmed-infra-724313580",
      "geometry": {
        "type": "LineString",
        "coordinates": [
          [
            87.331244,
            22.341697
          ],
          [
            87.332046,
            22.341797
          ]
        ]
      },
      "properties": {
        "osm_id": 724313580,
        "name": "South Eastern Railway Howrah-Mumbai / Kharagpur Main Corridor",
        "infrastructure_type": "Railway",
        "district": "Paschim Medinipur",
        "state": "West Bengal",
        "statutory_authority": "NHAI / PWD / South Eastern Railway / I&WD"
      }
    },
    {
      "type": "Feature",
      "id": "pmed-infra-724313581",
      "geometry": {
        "type": "LineString",
        "coordinates": [
          [
            87.327542,
            22.340918
          ],
          [
            87.329823,
            22.341355
          ],
          [
            87.329994,
            22.341395
          ],
          [
            87.330163,
            22.341437
          ],
          [
            87.330516,
            22.341541
          ]
        ]
      },
      "properties": {
        "osm_id": 724313581,
        "name": "South Eastern Railway Howrah-Mumbai / Kharagpur Main Corridor",
        "infrastructure_type": "Railway",
        "district": "Paschim Medinipur",
        "state": "West Bengal",
        "statutory_authority": "NHAI / PWD / South Eastern Railway / I&WD"
      }
    },
    {
      "type": "Feature",
      "id": "pmed-infra-724313583",
      "geometry": {
        "type": "LineString",
        "coordinates": [
          [
            87.324146,
            22.340023
          ],
          [
            87.324014,
            22.339998
          ],
          [
            87.321501,
            22.339502
          ],
          [
            87.320923,
            22.339386
          ],
          [
            87.320474,
            22.339319
          ],
          [
            87.320413,
            22.339314
          ],
          [
            87.320314,
            22.339305
          ],
          [
            87.320064,
            22.339281
          ],
          [
            87.319814,
            22.339244
          ],
          [
            87.319643,
            22.339212
          ],
          [
            87.319458,
            22.339177
          ],
          [
            87.319264,
            22.339153
          ],
          [
            87.318771,
            22.339091
          ],
          [
            87.318412,
            22.339048
          ],
          [
            87.318105,
            22.338991
          ],
          [
            87.316716,
            22.338722
          ]
        ]
      },
      "properties": {
        "osm_id": 724313583,
        "name": "South Eastern Railway Howrah-Mumbai / Kharagpur Main Corridor",
        "infrastructure_type": "Railway",
        "district": "Paschim Medinipur",
        "state": "West Bengal",
        "statutory_authority": "NHAI / PWD / South Eastern Railway / I&WD"
      }
    },
    {
      "type": "Feature",
      "id": "pmed-infra-724313585",
      "geometry": {
        "type": "LineString",
        "coordinates": [
          [
            87.331891,
            22.341625
          ],
          [
            87.331317,
            22.341451
          ],
          [
            87.330392,
            22.341234
          ],
          [
            87.329257,
            22.34097
          ],
          [
            87.328823,
            22.340877
          ],
          [
            87.326824,
            22.340463
          ],
          [
            87.326652,
            22.340428
          ],
          [
            87.326071,
            22.340362
          ]
        ]
      },
      "properties": {
        "osm_id": 724313585,
        "name": "South Eastern Railway Howrah-Mumbai / Kharagpur Main Corridor",
        "infrastructure_type": "Railway",
        "district": "Paschim Medinipur",
        "state": "West Bengal",
        "statutory_authority": "NHAI / PWD / South Eastern Railway / I&WD"
      }
    },
    {
      "type": "Feature",
      "id": "pmed-infra-724313586",
      "geometry": {
        "type": "LineString",
        "coordinates": [
          [
            87.329339,
            22.341036
          ],
          [
            87.328917,
            22.340938
          ],
          [
            87.3288,
            22.340913
          ],
          [
            87.326071,
            22.340362
          ],
          [
            87.325859,
            22.340322
          ],
          [
            87.325367,
            22.340264
          ]
        ]
      },
      "properties": {
        "osm_id": 724313586,
        "name": "South Eastern Railway Howrah-Mumbai / Kharagpur Main Corridor",
        "infrastructure_type": "Railway",
        "district": "Paschim Medinipur",
        "state": "West Bengal",
        "statutory_authority": "NHAI / PWD / South Eastern Railway / I&WD"
      }
    },
    {
      "type": "Feature",
      "id": "pmed-infra-724313587",
      "geometry": {
        "type": "LineString",
        "coordinates": [
          [
            87.324757,
            22.340233
          ],
          [
            87.325016,
            22.340264
          ],
          [
            87.325319,
            22.340301
          ]
        ]
      },
      "properties": {
        "osm_id": 724313587,
        "name": "South Eastern Railway Howrah-Mumbai / Kharagpur Main Corridor",
        "infrastructure_type": "Railway",
        "district": "Paschim Medinipur",
        "state": "West Bengal",
        "statutory_authority": "NHAI / PWD / South Eastern Railway / I&WD"
      }
    },
    {
      "type": "Feature",
      "id": "pmed-infra-724313588",
      "geometry": {
        "type": "LineString",
        "coordinates": [
          [
            87.325296,
            22.340343
          ],
          [
            87.325016,
            22.340264
          ],
          [
            87.32478,
            22.340198
          ]
        ]
      },
      "properties": {
        "osm_id": 724313588,
        "name": "South Eastern Railway Howrah-Mumbai / Kharagpur Main Corridor",
        "infrastructure_type": "Railway",
        "district": "Paschim Medinipur",
        "state": "West Bengal",
        "statutory_authority": "NHAI / PWD / South Eastern Railway / I&WD"
      }
    },
    {
      "type": "Feature",
      "id": "pmed-infra-724313589",
      "geometry": {
        "type": "LineString",
        "coordinates": [
          [
            87.33228,
            22.341729
          ],
          [
            87.33173,
            22.34164
          ],
          [
            87.331362,
            22.341559
          ],
          [
            87.33075,
            22.341419
          ]
        ]
      },
      "properties": {
        "osm_id": 724313589,
        "name": "South Eastern Railway Howrah-Mumbai / Kharagpur Main Corridor",
        "infrastructure_type": "Railway",
        "district": "Paschim Medinipur",
        "state": "West Bengal",
        "statutory_authority": "NHAI / PWD / South Eastern Railway / I&WD"
      }
    },
    {
      "type": "Feature",
      "id": "pmed-infra-724313591",
      "geometry": {
        "type": "LineString",
        "coordinates": [
          [
            87.321598,
            22.33948
          ],
          [
            87.320935,
            22.339344
          ],
          [
            87.320594,
            22.339276
          ],
          [
            87.320419,
            22.339256
          ],
          [
            87.320322,
            22.339246
          ],
          [
            87.320051,
            22.339217
          ],
          [
            87.319987,
            22.339205
          ],
          [
            87.319729,
            22.339155
          ],
          [
            87.319583,
            22.339119
          ],
          [
            87.319392,
            22.339055
          ],
          [
            87.319218,
            22.338982
          ],
          [
            87.31803,
            22.338513
          ],
          [
            87.317546,
            22.338337
          ],
          [
            87.317431,
            22.338295
          ],
          [
            87.317125,
            22.338183
          ],
          [
            87.316057,
            22.337742
          ],
          [
            87.315715,
            22.337567
          ],
          [
            87.315531,
            22.337432
          ],
          [
            87.315314,
            22.337263
          ],
          [
            87.315019,
            22.337034
          ],
          [
            87.314706,
            22.336788
          ],
          [
            87.314397,
            22.336569
          ],
          [
            87.314033,
            22.336366
          ],
          [
            87.313762,
            22.336248
          ],
          [
            87.313566,
            22.336163
          ],
          [
            87.313302,
            22.336074
          ]
        ]
      },
      "properties": {
        "osm_id": 724313591,
        "name": "South Eastern Railway Howrah-Mumbai / Kharagpur Main Corridor",
        "infrastructure_type": "Railway",
        "district": "Paschim Medinipur",
        "state": "West Bengal",
        "statutory_authority": "NHAI / PWD / South Eastern Railway / I&WD"
      }
    },
    {
      "type": "Feature",
      "id": "pmed-infra-724313592",
      "geometry": {
        "type": "LineString",
        "coordinates": [
          [
            87.321027,
            22.33931
          ],
          [
            87.321598,
            22.33948
          ],
          [
            87.32208,
            22.339568
          ]
        ]
      },
      "properties": {
        "osm_id": 724313592,
        "name": "South Eastern Railway Howrah-Mumbai / Kharagpur Main Corridor",
        "infrastructure_type": "Railway",
        "district": "Paschim Medinipur",
        "state": "West Bengal",
        "statutory_authority": "NHAI / PWD / South Eastern Railway / I&WD"
      }
    },
    {
      "type": "Feature",
      "id": "pmed-infra-724313593",
      "geometry": {
        "type": "LineString",
        "coordinates": [
          [
            87.321501,
            22.339502
          ],
          [
            87.32208,
            22.339568
          ],
          [
            87.323548,
            22.33986
          ],
          [
            87.324014,
            22.339998
          ]
        ]
      },
      "properties": {
        "osm_id": 724313593,
        "name": "South Eastern Railway Howrah-Mumbai / Kharagpur Main Corridor",
        "infrastructure_type": "Railway",
        "district": "Paschim Medinipur",
        "state": "West Bengal",
        "statutory_authority": "NHAI / PWD / South Eastern Railway / I&WD"
      }
    },
    {
      "type": "Feature",
      "id": "pmed-infra-724313594",
      "geometry": {
        "type": "LineString",
        "coordinates": [
          [
            87.317546,
            22.338337
          ],
          [
            87.317427,
            22.338307
          ],
          [
            87.317182,
            22.338247
          ],
          [
            87.316785,
            22.338161
          ],
          [
            87.316018,
            22.337836
          ],
          [
            87.3157,
            22.337663
          ],
          [
            87.315357,
            22.337372
          ],
          [
            87.315019,
            22.337034
          ]
        ]
      },
      "properties": {
        "osm_id": 724313594,
        "name": "South Eastern Railway Howrah-Mumbai / Kharagpur Main Corridor",
        "infrastructure_type": "Railway",
        "district": "Paschim Medinipur",
        "state": "West Bengal",
        "statutory_authority": "NHAI / PWD / South Eastern Railway / I&WD"
      }
    },
    {
      "type": "Feature",
      "id": "pmed-infra-724313595",
      "geometry": {
        "type": "LineString",
        "coordinates": [
          [
            87.314706,
            22.336788
          ],
          [
            87.314994,
            22.337059
          ],
          [
            87.315001,
            22.337066
          ],
          [
            87.315345,
            22.337407
          ],
          [
            87.31562,
            22.337657
          ],
          [
            87.31576,
            22.337751
          ],
          [
            87.316041,
            22.337896
          ],
          [
            87.316754,
            22.338201
          ],
          [
            87.31723,
            22.338301
          ],
          [
            87.317408,
            22.338347
          ],
          [
            87.317603,
            22.338397
          ],
          [
            87.318008,
            22.338551
          ],
          [
            87.318075,
            22.338576
          ],
          [
            87.31862,
            22.338781
          ],
          [
            87.319139,
            22.338971
          ],
          [
            87.319392,
            22.339055
          ]
        ]
      },
      "properties": {
        "osm_id": 724313595,
        "name": "South Eastern Railway Howrah-Mumbai / Kharagpur Main Corridor",
        "infrastructure_type": "Railway",
        "district": "Paschim Medinipur",
        "state": "West Bengal",
        "statutory_authority": "NHAI / PWD / South Eastern Railway / I&WD"
      }
    },
    {
      "type": "Feature",
      "id": "pmed-infra-724313596",
      "geometry": {
        "type": "LineString",
        "coordinates": [
          [
            87.319729,
            22.339155
          ],
          [
            87.319329,
            22.339074
          ],
          [
            87.318895,
            22.338972
          ],
          [
            87.318667,
            22.338901
          ],
          [
            87.317815,
            22.338529
          ],
          [
            87.317674,
            22.338463
          ],
          [
            87.317471,
            22.338414
          ],
          [
            87.317396,
            22.338398
          ],
          [
            87.317173,
            22.338352
          ],
          [
            87.316696,
            22.338243
          ],
          [
            87.315995,
            22.337921
          ],
          [
            87.315669,
            22.337753
          ],
          [
            87.315468,
            22.337582
          ],
          [
            87.31529,
            22.337415
          ],
          [
            87.314994,
            22.337059
          ]
        ]
      },
      "properties": {
        "osm_id": 724313596,
        "name": "South Eastern Railway Howrah-Mumbai / Kharagpur Main Corridor",
        "infrastructure_type": "Railway",
        "district": "Paschim Medinipur",
        "state": "West Bengal",
        "statutory_authority": "NHAI / PWD / South Eastern Railway / I&WD"
      }
    },
    {
      "type": "Feature",
      "id": "pmed-infra-724313597",
      "geometry": {
        "type": "LineString",
        "coordinates": [
          [
            87.317674,
            22.338463
          ],
          [
            87.317728,
            22.338476
          ],
          [
            87.318075,
            22.338576
          ]
        ]
      },
      "properties": {
        "osm_id": 724313597,
        "name": "South Eastern Railway Howrah-Mumbai / Kharagpur Main Corridor",
        "infrastructure_type": "Railway",
        "district": "Paschim Medinipur",
        "state": "West Bengal",
        "statutory_authority": "NHAI / PWD / South Eastern Railway / I&WD"
      }
    },
    {
      "type": "Feature",
      "id": "pmed-infra-724313598",
      "geometry": {
        "type": "LineString",
        "coordinates": [
          [
            87.31803,
            22.338513
          ],
          [
            87.318547,
            22.338658
          ]
        ]
      },
      "properties": {
        "osm_id": 724313598,
        "name": "South Eastern Railway Howrah-Mumbai / Kharagpur Main Corridor",
        "infrastructure_type": "Railway",
        "district": "Paschim Medinipur",
        "state": "West Bengal",
        "statutory_authority": "NHAI / PWD / South Eastern Railway / I&WD"
      }
    },
    {
      "type": "Feature",
      "id": "pmed-infra-724313599",
      "geometry": {
        "type": "LineString",
        "coordinates": [
          [
            87.318242,
            22.338422
          ],
          [
            87.317621,
            22.338227
          ]
        ]
      },
      "properties": {
        "osm_id": 724313599,
        "name": "South Eastern Railway Howrah-Mumbai / Kharagpur Main Corridor",
        "infrastructure_type": "Railway",
        "district": "Paschim Medinipur",
        "state": "West Bengal",
        "statutory_authority": "NHAI / PWD / South Eastern Railway / I&WD"
      }
    },
    {
      "type": "Feature",
      "id": "pmed-infra-724313600",
      "geometry": {
        "type": "LineString",
        "coordinates": [
          [
            87.314397,
            22.336569
          ],
          [
            87.314738,
            22.336775
          ],
          [
            87.315113,
            22.337041
          ],
          [
            87.315295,
            22.337171
          ],
          [
            87.315476,
            22.337277
          ],
          [
            87.315653,
            22.337375
          ],
          [
            87.315989,
            22.337532
          ],
          [
            87.317483,
            22.338169
          ],
          [
            87.317621,
            22.338227
          ],
          [
            87.318277,
            22.338511
          ],
          [
            87.318871,
            22.338762
          ],
          [
            87.319321,
            22.338962
          ],
          [
            87.319574,
            22.339063
          ],
          [
            87.319754,
            22.339128
          ],
          [
            87.319987,
            22.339205
          ]
        ]
      },
      "properties": {
        "osm_id": 724313600,
        "name": "South Eastern Railway Howrah-Mumbai / Kharagpur Main Corridor",
        "infrastructure_type": "Railway",
        "district": "Paschim Medinipur",
        "state": "West Bengal",
        "statutory_authority": "NHAI / PWD / South Eastern Railway / I&WD"
      }
    },
    {
      "type": "Feature",
      "id": "pmed-infra-724313601",
      "geometry": {
        "type": "LineString",
        "coordinates": [
          [
            87.31131,
            22.335508
          ],
          [
            87.312885,
            22.335725
          ],
          [
            87.314565,
            22.336109
          ],
          [
            87.315264,
            22.336254
          ],
          [
            87.315416,
            22.336285
          ],
          [
            87.31561,
            22.336339
          ],
          [
            87.316067,
            22.336518
          ],
          [
            87.317103,
            22.336976
          ],
          [
            87.318404,
            22.337551
          ],
          [
            87.318723,
            22.337726
          ],
          [
            87.318918,
            22.337867
          ],
          [
            87.319058,
            22.337981
          ],
          [
            87.319251,
            22.338163
          ],
          [
            87.319385,
            22.338301
          ],
          [
            87.319698,
            22.338551
          ],
          [
            87.319877,
            22.338683
          ],
          [
            87.320238,
            22.33889
          ],
          [
            87.320473,
            22.339001
          ],
          [
            87.320604,
            22.339063
          ],
          [
            87.320614,
            22.339068
          ],
          [
            87.320684,
            22.339096
          ],
          [
            87.320965,
            22.339197
          ],
          [
            87.321241,
            22.339271
          ],
          [
            87.321515,
            22.339327
          ],
          [
            87.323199,
            22.339661
          ],
          [
            87.32336,
            22.339704
          ],
          [
            87.323697,
            22.339803
          ],
          [
            87.32446,
            22.339961
          ],
          [
            87.324621,
            22.339997
          ],
          [
            87.324963,
            22.340099
          ]
        ]
      },
      "properties": {
        "osm_id": 724313601,
        "name": "South Eastern Railway Howrah-Mumbai / Kharagpur Main Corridor",
        "infrastructure_type": "Railway",
        "district": "Paschim Medinipur",
        "state": "West Bengal",
        "statutory_authority": "NHAI / PWD / South Eastern Railway / I&WD"
      }
    },
    {
      "type": "Feature",
      "id": "pmed-infra-724313602",
      "geometry": {
        "type": "LineString",
        "coordinates": [
          [
            87.312411,
            22.336303
          ],
          [
            87.312878,
            22.336089
          ],
          [
            87.3131,
            22.336026
          ],
          [
            87.313255,
            22.336007
          ],
          [
            87.313306,
            22.33601
          ],
          [
            87.313451,
            22.336019
          ],
          [
            87.313846,
            22.336048
          ],
          [
            87.314407,
            22.336132
          ],
          [
            87.314613,
            22.336172
          ],
          [
            87.315256,
            22.336298
          ]
        ]
      },
      "properties": {
        "osm_id": 724313602,
        "name": "South Eastern Railway Howrah-Mumbai / Kharagpur Main Corridor",
        "infrastructure_type": "Railway",
        "district": "Paschim Medinipur",
        "state": "West Bengal",
        "statutory_authority": "NHAI / PWD / South Eastern Railway / I&WD"
      }
    },
    {
      "type": "Feature",
      "id": "pmed-infra-724313603",
      "geometry": {
        "type": "LineString",
        "coordinates": [
          [
            87.314613,
            22.336172
          ],
          [
            87.315264,
            22.336254
          ]
        ]
      },
      "properties": {
        "osm_id": 724313603,
        "name": "South Eastern Railway Howrah-Mumbai / Kharagpur Main Corridor",
        "infrastructure_type": "Railway",
        "district": "Paschim Medinipur",
        "state": "West Bengal",
        "statutory_authority": "NHAI / PWD / South Eastern Railway / I&WD"
      }
    },
    {
      "type": "Feature",
      "id": "pmed-infra-724313604",
      "geometry": {
        "type": "LineString",
        "coordinates": [
          [
            87.312426,
            22.336333
          ],
          [
            87.312686,
            22.336205
          ],
          [
            87.312878,
            22.336089
          ]
        ]
      },
      "properties": {
        "osm_id": 724313604,
        "name": "South Eastern Railway Howrah-Mumbai / Kharagpur Main Corridor",
        "infrastructure_type": "Railway",
        "district": "Paschim Medinipur",
        "state": "West Bengal",
        "statutory_authority": "NHAI / PWD / South Eastern Railway / I&WD"
      }
    },
    {
      "type": "Feature",
      "id": "pmed-infra-724313605",
      "geometry": {
        "type": "LineString",
        "coordinates": [
          [
            87.319054,
            22.338695
          ],
          [
            87.318692,
            22.338544
          ],
          [
            87.317842,
            22.338168
          ],
          [
            87.317528,
            22.338025
          ],
          [
            87.316302,
            22.337468
          ]
        ]
      },
      "properties": {
        "osm_id": 724313605,
        "name": "South Eastern Railway Howrah-Mumbai / Kharagpur Main Corridor",
        "infrastructure_type": "Railway",
        "district": "Paschim Medinipur",
        "state": "West Bengal",
        "statutory_authority": "NHAI / PWD / South Eastern Railway / I&WD"
      }
    },
    {
      "type": "Feature",
      "id": "pmed-infra-724313606",
      "geometry": {
        "type": "LineString",
        "coordinates": [
          [
            87.317674,
            22.337982
          ],
          [
            87.318156,
            22.338243
          ],
          [
            87.318608,
            22.338449
          ],
          [
            87.319137,
            22.338666
          ],
          [
            87.319806,
            22.338906
          ],
          [
            87.320076,
            22.339009
          ]
        ]
      },
      "properties": {
        "osm_id": 724313606,
        "name": "South Eastern Railway Howrah-Mumbai / Kharagpur Main Corridor",
        "infrastructure_type": "Railway",
        "district": "Paschim Medinipur",
        "state": "West Bengal",
        "statutory_authority": "NHAI / PWD / South Eastern Railway / I&WD"
      }
    },
    {
      "type": "Feature",
      "id": "pmed-infra-724313607",
      "geometry": {
        "type": "LineString",
        "coordinates": [
          [
            87.318851,
            22.338428
          ],
          [
            87.318448,
            22.338251
          ],
          [
            87.318078,
            22.338034
          ],
          [
            87.317644,
            22.337803
          ],
          [
            87.317579,
            22.337768
          ],
          [
            87.317567,
            22.337762
          ],
          [
            87.316397,
            22.33725
          ],
          [
            87.3159,
            22.337042
          ],
          [
            87.315638,
            22.336944
          ],
          [
            87.315299,
            22.336843
          ],
          [
            87.314547,
            22.336601
          ]
        ]
      },
      "properties": {
        "osm_id": 724313607,
        "name": "South Eastern Railway Howrah-Mumbai / Kharagpur Main Corridor",
        "infrastructure_type": "Railway",
        "district": "Paschim Medinipur",
        "state": "West Bengal",
        "statutory_authority": "NHAI / PWD / South Eastern Railway / I&WD"
      }
    },
    {
      "type": "Feature",
      "id": "pmed-infra-724313608",
      "geometry": {
        "type": "LineString",
        "coordinates": [
          [
            87.317579,
            22.337768
          ],
          [
            87.317653,
            22.337794
          ],
          [
            87.317937,
            22.337894
          ],
          [
            87.318252,
            22.337973
          ],
          [
            87.318666,
            22.338177
          ]
        ]
      },
      "properties": {
        "osm_id": 724313608,
        "name": "South Eastern Railway Howrah-Mumbai / Kharagpur Main Corridor",
        "infrastructure_type": "Railway",
        "district": "Paschim Medinipur",
        "state": "West Bengal",
        "statutory_authority": "NHAI / PWD / South Eastern Railway / I&WD"
      }
    },
    {
      "type": "Feature",
      "id": "pmed-infra-724313609",
      "geometry": {
        "type": "LineString",
        "coordinates": [
          [
            87.318448,
            22.338251
          ],
          [
            87.318004,
            22.338036
          ],
          [
            87.317607,
            22.337873
          ],
          [
            87.317542,
            22.337846
          ],
          [
            87.316326,
            22.337319
          ],
          [
            87.315861,
            22.33714
          ],
          [
            87.315407,
            22.336976
          ]
        ]
      },
      "properties": {
        "osm_id": 724313609,
        "name": "South Eastern Railway Howrah-Mumbai / Kharagpur Main Corridor",
        "infrastructure_type": "Railway",
        "district": "Paschim Medinipur",
        "state": "West Bengal",
        "statutory_authority": "NHAI / PWD / South Eastern Railway / I&WD"
      }
    },
    {
      "type": "Feature",
      "id": "pmed-infra-724313610",
      "geometry": {
        "type": "LineString",
        "coordinates": [
          [
            87.313762,
            22.336248
          ],
          [
            87.314406,
            22.336452
          ],
          [
            87.314744,
            22.33653
          ],
          [
            87.315361,
            22.336691
          ],
          [
            87.315763,
            22.336807
          ]
        ]
      },
      "properties": {
        "osm_id": 724313610,
        "name": "South Eastern Railway Howrah-Mumbai / Kharagpur Main Corridor",
        "infrastructure_type": "Railway",
        "district": "Paschim Medinipur",
        "state": "West Bengal",
        "statutory_authority": "NHAI / PWD / South Eastern Railway / I&WD"
      }
    },
    {
      "type": "Feature",
      "id": "pmed-infra-724313611",
      "geometry": {
        "type": "LineString",
        "coordinates": [
          [
            87.31435,
            22.336511
          ],
          [
            87.315065,
            22.336686
          ],
          [
            87.315754,
            22.336866
          ]
        ]
      },
      "properties": {
        "osm_id": 724313611,
        "name": "South Eastern Railway Howrah-Mumbai / Kharagpur Main Corridor",
        "infrastructure_type": "Railway",
        "district": "Paschim Medinipur",
        "state": "West Bengal",
        "statutory_authority": "NHAI / PWD / South Eastern Railway / I&WD"
      }
    },
    {
      "type": "Feature",
      "id": "pmed-infra-724313612",
      "geometry": {
        "type": "LineString",
        "coordinates": [
          [
            87.314406,
            22.336452
          ],
          [
            87.315149,
            22.336565
          ],
          [
            87.316277,
            22.336866
          ]
        ]
      },
      "properties": {
        "osm_id": 724313612,
        "name": "South Eastern Railway Howrah-Mumbai / Kharagpur Main Corridor",
        "infrastructure_type": "Railway",
        "district": "Paschim Medinipur",
        "state": "West Bengal",
        "statutory_authority": "NHAI / PWD / South Eastern Railway / I&WD"
      }
    },
    {
      "type": "Feature",
      "id": "pmed-infra-724313613",
      "geometry": {
        "type": "LineString",
        "coordinates": [
          [
            87.320057,
            22.338893
          ],
          [
            87.319572,
            22.338581
          ],
          [
            87.319518,
            22.338544
          ],
          [
            87.319127,
            22.338278
          ],
          [
            87.31875,
            22.338018
          ],
          [
            87.31833,
            22.337741
          ]
        ]
      },
      "properties": {
        "osm_id": 724313613,
        "name": "South Eastern Railway Howrah-Mumbai / Kharagpur Main Corridor",
        "infrastructure_type": "Railway",
        "district": "Paschim Medinipur",
        "state": "West Bengal",
        "statutory_authority": "NHAI / PWD / South Eastern Railway / I&WD"
      }
    },
    {
      "type": "Feature",
      "id": "pmed-infra-724313614",
      "geometry": {
        "type": "LineString",
        "coordinates": [
          [
            87.319518,
            22.338544
          ],
          [
            87.319032,
            22.33829
          ],
          [
            87.318283,
            22.33789
          ]
        ]
      },
      "properties": {
        "osm_id": 724313614,
        "name": "South Eastern Railway Howrah-Mumbai / Kharagpur Main Corridor",
        "infrastructure_type": "Railway",
        "district": "Paschim Medinipur",
        "state": "West Bengal",
        "statutory_authority": "NHAI / PWD / South Eastern Railway / I&WD"
      }
    },
    {
      "type": "Feature",
      "id": "pmed-infra-724313615",
      "geometry": {
        "type": "LineString",
        "coordinates": [
          [
            87.320663,
            22.339022
          ],
          [
            87.320699,
            22.339037
          ],
          [
            87.320894,
            22.339122
          ],
          [
            87.321141,
            22.339208
          ],
          [
            87.321491,
            22.339282
          ],
          [
            87.322078,
            22.339398
          ],
          [
            87.323442,
            22.339665
          ],
          [
            87.323901,
            22.33976
          ]
        ]
      },
      "properties": {
        "osm_id": 724313615,
        "name": "South Eastern Railway Howrah-Mumbai / Kharagpur Main Corridor",
        "infrastructure_type": "Railway",
        "district": "Paschim Medinipur",
        "state": "West Bengal",
        "statutory_authority": "NHAI / PWD / South Eastern Railway / I&WD"
      }
    },
    {
      "type": "Feature",
      "id": "pmed-infra-724313616",
      "geometry": {
        "type": "LineString",
        "coordinates": [
          [
            87.320699,
            22.339037
          ],
          [
            87.320965,
            22.339197
          ]
        ]
      },
      "properties": {
        "osm_id": 724313616,
        "name": "South Eastern Railway Howrah-Mumbai / Kharagpur Main Corridor",
        "infrastructure_type": "Railway",
        "district": "Paschim Medinipur",
        "state": "West Bengal",
        "statutory_authority": "NHAI / PWD / South Eastern Railway / I&WD"
      }
    },
    {
      "type": "Feature",
      "id": "pmed-infra-724313617",
      "geometry": {
        "type": "LineString",
        "coordinates": [
          [
            87.320604,
            22.339063
          ],
          [
            87.320842,
            22.339184
          ],
          [
            87.321107,
            22.339288
          ],
          [
            87.321409,
            22.339359
          ],
          [
            87.322008,
            22.339467
          ],
          [
            87.323697,
            22.339803
          ]
        ]
      },
      "properties": {
        "osm_id": 724313617,
        "name": "South Eastern Railway Howrah-Mumbai / Kharagpur Main Corridor",
        "infrastructure_type": "Railway",
        "district": "Paschim Medinipur",
        "state": "West Bengal",
        "statutory_authority": "NHAI / PWD / South Eastern Railway / I&WD"
      }
    },
    {
      "type": "Feature",
      "id": "pmed-infra-724313618",
      "geometry": {
        "type": "LineString",
        "coordinates": [
          [
            87.325164,
            22.340136
          ],
          [
            87.32578,
            22.340207
          ],
          [
            87.326001,
            22.340229
          ],
          [
            87.326349,
            22.340253
          ],
          [
            87.326651,
            22.340263
          ],
          [
            87.326769,
            22.340278
          ],
          [
            87.326898,
            22.340299
          ],
          [
            87.328693,
            22.340639
          ],
          [
            87.329429,
            22.340805
          ],
          [
            87.330468,
            22.341028
          ],
          [
            87.33094,
            22.341126
          ],
          [
            87.331729,
            22.341281
          ],
          [
            87.331946,
            22.341341
          ],
          [
            87.332539,
            22.341469
          ]
        ]
      },
      "properties": {
        "osm_id": 724313618,
        "name": "South Eastern Railway Howrah-Mumbai / Kharagpur Main Corridor",
        "infrastructure_type": "Railway",
        "district": "Paschim Medinipur",
        "state": "West Bengal",
        "statutory_authority": "NHAI / PWD / South Eastern Railway / I&WD"
      }
    },
    {
      "type": "Feature",
      "id": "pmed-infra-724313619",
      "geometry": {
        "type": "LineString",
        "coordinates": [
          [
            87.331946,
            22.341341
          ],
          [
            87.331585,
            22.341206
          ],
          [
            87.331222,
            22.341116
          ],
          [
            87.330457,
            22.340966
          ]
        ]
      },
      "properties": {
        "osm_id": 724313619,
        "name": "South Eastern Railway Howrah-Mumbai / Kharagpur Main Corridor",
        "infrastructure_type": "Railway",
        "district": "Paschim Medinipur",
        "state": "West Bengal",
        "statutory_authority": "NHAI / PWD / South Eastern Railway / I&WD"
      }
    },
    {
      "type": "Feature",
      "id": "pmed-infra-724313620",
      "geometry": {
        "type": "LineString",
        "coordinates": [
          [
            87.327897,
            22.340635
          ],
          [
            87.328521,
            22.340722
          ],
          [
            87.329595,
            22.340963
          ],
          [
            87.330416,
            22.341149
          ],
          [
            87.33187,
            22.341483
          ],
          [
            87.334894,
            22.342154
          ],
          [
            87.33529,
            22.342263
          ],
          [
            87.336279,
            22.342599
          ]
        ]
      },
      "properties": {
        "osm_id": 724313620,
        "name": "South Eastern Railway Howrah-Mumbai / Kharagpur Main Corridor",
        "infrastructure_type": "Railway",
        "district": "Paschim Medinipur",
        "state": "West Bengal",
        "statutory_authority": "NHAI / PWD / South Eastern Railway / I&WD"
      }
    },
    {
      "type": "Feature",
      "id": "pmed-infra-724313621",
      "geometry": {
        "type": "LineString",
        "coordinates": [
          [
            87.326001,
            22.340229
          ],
          [
            87.326712,
            22.34035
          ],
          [
            87.326847,
            22.340379
          ],
          [
            87.328521,
            22.340722
          ]
        ]
      },
      "properties": {
        "osm_id": 724313621,
        "name": "South Eastern Railway Howrah-Mumbai / Kharagpur Main Corridor",
        "infrastructure_type": "Railway",
        "district": "Paschim Medinipur",
        "state": "West Bengal",
        "statutory_authority": "NHAI / PWD / South Eastern Railway / I&WD"
      }
    },
    {
      "type": "Feature",
      "id": "pmed-infra-724313622",
      "geometry": {
        "type": "LineString",
        "coordinates": [
          [
            87.326824,
            22.340463
          ],
          [
            87.327373,
            22.340532
          ],
          [
            87.327897,
            22.340635
          ],
          [
            87.328842,
            22.340831
          ],
          [
            87.329342,
            22.340938
          ],
          [
            87.330409,
            22.341198
          ],
          [
            87.331857,
            22.341527
          ],
          [
            87.332689,
            22.341709
          ],
          [
            87.33482,
            22.34218
          ],
          [
            87.335281,
            22.342308
          ],
          [
            87.335901,
            22.342505
          ],
          [
            87.336279,
            22.342599
          ],
          [
            87.336539,
            22.342656
          ],
          [
            87.336779,
            22.342705
          ],
          [
            87.336949,
            22.34274
          ],
          [
            87.337177,
            22.342787
          ],
          [
            87.337706,
            22.342935
          ]
        ]
      },
      "properties": {
        "osm_id": 724313622,
        "name": "South Eastern Railway Howrah-Mumbai / Kharagpur Main Corridor",
        "infrastructure_type": "Railway",
        "district": "Paschim Medinipur",
        "state": "West Bengal",
        "statutory_authority": "NHAI / PWD / South Eastern Railway / I&WD"
      }
    },
    {
      "type": "Feature",
      "id": "pmed-infra-724328049",
      "geometry": {
        "type": "LineString",
        "coordinates": [
          [
            87.318855,
            22.339856
          ],
          [
            87.319235,
            22.340006
          ],
          [
            87.319465,
            22.34008
          ]
        ]
      },
      "properties": {
        "osm_id": 724328049,
        "name": "South Eastern Railway Howrah-Mumbai / Kharagpur Main Corridor",
        "infrastructure_type": "Railway",
        "district": "Paschim Medinipur",
        "state": "West Bengal",
        "statutory_authority": "NHAI / PWD / South Eastern Railway / I&WD"
      }
    },
    {
      "type": "Feature",
      "id": "pmed-infra-724328050",
      "geometry": {
        "type": "LineString",
        "coordinates": [
          [
            87.320162,
            22.340178
          ],
          [
            87.320726,
            22.340321
          ]
        ]
      },
      "properties": {
        "osm_id": 724328050,
        "name": "South Eastern Railway Howrah-Mumbai / Kharagpur Main Corridor",
        "infrastructure_type": "Railway",
        "district": "Paschim Medinipur",
        "state": "West Bengal",
        "statutory_authority": "NHAI / PWD / South Eastern Railway / I&WD"
      }
    },
    {
      "type": "Feature",
      "id": "pmed-infra-724328051",
      "geometry": {
        "type": "LineString",
        "coordinates": [
          [
            87.322199,
            22.340494
          ],
          [
            87.322617,
            22.340562
          ],
          [
            87.322867,
            22.340605
          ],
          [
            87.327972,
            22.341617
          ],
          [
            87.328223,
            22.341662
          ],
          [
            87.328445,
            22.341694
          ],
          [
            87.328752,
            22.341732
          ],
          [
            87.329167,
            22.341756
          ],
          [
            87.329929,
            22.341796
          ],
          [
            87.330192,
            22.341797
          ]
        ]
      },
      "properties": {
        "osm_id": 724328051,
        "name": "South Eastern Railway Howrah-Mumbai / Kharagpur Main Corridor",
        "infrastructure_type": "Railway",
        "district": "Paschim Medinipur",
        "state": "West Bengal",
        "statutory_authority": "NHAI / PWD / South Eastern Railway / I&WD"
      }
    },
    {
      "type": "Feature",
      "id": "pmed-infra-724328052",
      "geometry": {
        "type": "LineString",
        "coordinates": [
          [
            87.328958,
            22.341863
          ],
          [
            87.329929,
            22.341796
          ]
        ]
      },
      "properties": {
        "osm_id": 724328052,
        "name": "South Eastern Railway Howrah-Mumbai / Kharagpur Main Corridor",
        "infrastructure_type": "Railway",
        "district": "Paschim Medinipur",
        "state": "West Bengal",
        "statutory_authority": "NHAI / PWD / South Eastern Railway / I&WD"
      }
    },
    {
      "type": "Feature",
      "id": "pmed-infra-724328054",
      "geometry": {
        "type": "LineString",
        "coordinates": [
          [
            87.332907,
            22.342623
          ],
          [
            87.332592,
            22.342572
          ],
          [
            87.332093,
            22.342469
          ],
          [
            87.331771,
            22.342423
          ]
        ]
      },
      "properties": {
        "osm_id": 724328054,
        "name": "South Eastern Railway Howrah-Mumbai / Kharagpur Main Corridor",
        "infrastructure_type": "Railway",
        "district": "Paschim Medinipur",
        "state": "West Bengal",
        "statutory_authority": "NHAI / PWD / South Eastern Railway / I&WD"
      }
    },
    {
      "type": "Feature",
      "id": "pmed-infra-724328056",
      "geometry": {
        "type": "LineString",
        "coordinates": [
          [
            87.330828,
            22.342572
          ],
          [
            87.330298,
            22.342529
          ],
          [
            87.329821,
            22.342474
          ],
          [
            87.329405,
            22.3424
          ],
          [
            87.328913,
            22.342286
          ],
          [
            87.328653,
            22.342208
          ],
          [
            87.328323,
            22.3421
          ],
          [
            87.327334,
            22.341738
          ],
          [
            87.327081,
            22.341672
          ],
          [
            87.326853,
            22.341617
          ],
          [
            87.324668,
            22.341191
          ],
          [
            87.322965,
            22.340854
          ],
          [
            87.32229,
            22.340721
          ],
          [
            87.321208,
            22.340463
          ],
          [
            87.320712,
            22.340362
          ]
        ]
      },
      "properties": {
        "osm_id": 724328056,
        "name": "South Eastern Railway Howrah-Mumbai / Kharagpur Main Corridor",
        "infrastructure_type": "Railway",
        "district": "Paschim Medinipur",
        "state": "West Bengal",
        "statutory_authority": "NHAI / PWD / South Eastern Railway / I&WD"
      }
    },
    {
      "type": "Feature",
      "id": "pmed-infra-724328057",
      "geometry": {
        "type": "LineString",
        "coordinates": [
          [
            87.32252,
            22.341046
          ],
          [
            87.323007,
            22.341237
          ],
          [
            87.323186,
            22.341289
          ],
          [
            87.323338,
            22.341326
          ],
          [
            87.324643,
            22.341595
          ],
          [
            87.324958,
            22.341682
          ],
          [
            87.325128,
            22.341719
          ],
          [
            87.327682,
            22.342223
          ],
          [
            87.327823,
            22.342247
          ],
          [
            87.32797,
            22.342265
          ],
          [
            87.328269,
            22.342278
          ],
          [
            87.328374,
            22.34229
          ],
          [
            87.328497,
            22.34231
          ],
          [
            87.328737,
            22.342359
          ]
        ]
      },
      "properties": {
        "osm_id": 724328057,
        "name": "South Eastern Railway Howrah-Mumbai / Kharagpur Main Corridor",
        "infrastructure_type": "Railway",
        "district": "Paschim Medinipur",
        "state": "West Bengal",
        "statutory_authority": "NHAI / PWD / South Eastern Railway / I&WD"
      }
    },
    {
      "type": "Feature",
      "id": "pmed-infra-724328058",
      "geometry": {
        "type": "LineString",
        "coordinates": [
          [
            87.331232,
            22.342592
          ],
          [
            87.330646,
            22.342503
          ]
        ]
      },
      "properties": {
        "osm_id": 724328058,
        "name": "South Eastern Railway Howrah-Mumbai / Kharagpur Main Corridor",
        "infrastructure_type": "Railway",
        "district": "Paschim Medinipur",
        "state": "West Bengal",
        "statutory_authority": "NHAI / PWD / South Eastern Railway / I&WD"
      }
    },
    {
      "type": "Feature",
      "id": "pmed-infra-724328061",
      "geometry": {
        "type": "LineString",
        "coordinates": [
          [
            87.330827,
            22.34267
          ],
          [
            87.331205,
            22.342715
          ],
          [
            87.331454,
            22.34274
          ],
          [
            87.334317,
            22.342851
          ]
        ]
      },
      "properties": {
        "osm_id": 724328061,
        "name": "South Eastern Railway Howrah-Mumbai / Kharagpur Main Corridor",
        "infrastructure_type": "Railway",
        "district": "Paschim Medinipur",
        "state": "West Bengal",
        "statutory_authority": "NHAI / PWD / South Eastern Railway / I&WD"
      }
    },
    {
      "type": "Feature",
      "id": "pmed-infra-724328062",
      "geometry": {
        "type": "LineString",
        "coordinates": [
          [
            87.330343,
            22.342477
          ],
          [
            87.329953,
            22.342405
          ],
          [
            87.329373,
            22.34229
          ],
          [
            87.329065,
            22.342229
          ],
          [
            87.328531,
            22.342073
          ],
          [
            87.327805,
            22.341807
          ]
        ]
      },
      "properties": {
        "osm_id": 724328062,
        "name": "South Eastern Railway Howrah-Mumbai / Kharagpur Main Corridor",
        "infrastructure_type": "Railway",
        "district": "Paschim Medinipur",
        "state": "West Bengal",
        "statutory_authority": "NHAI / PWD / South Eastern Railway / I&WD"
      }
    },
    {
      "type": "Feature",
      "id": "pmed-infra-724328063",
      "geometry": {
        "type": "LineString",
        "coordinates": [
          [
            87.3217,
            22.340737
          ],
          [
            87.322095,
            22.340855
          ],
          [
            87.322359,
            22.340908
          ],
          [
            87.322801,
            22.340998
          ],
          [
            87.32309,
            22.341053
          ],
          [
            87.326355,
            22.341703
          ],
          [
            87.327083,
            22.341849
          ],
          [
            87.327805,
            22.342038
          ],
          [
            87.328076,
            22.342132
          ],
          [
            87.328236,
            22.342191
          ],
          [
            87.328435,
            22.34227
          ]
        ]
      },
      "properties": {
        "osm_id": 724328063,
        "name": "South Eastern Railway Howrah-Mumbai / Kharagpur Main Corridor",
        "infrastructure_type": "Railway",
        "district": "Paschim Medinipur",
        "state": "West Bengal",
        "statutory_authority": "NHAI / PWD / South Eastern Railway / I&WD"
      }
    },
    {
      "type": "Feature",
      "id": "pmed-infra-724328064",
      "geometry": {
        "type": "LineString",
        "coordinates": [
          [
            87.322359,
            22.340908
          ],
          [
            87.322865,
            22.340964
          ],
          [
            87.323006,
            22.340989
          ],
          [
            87.326358,
            22.341662
          ],
          [
            87.326496,
            22.341691
          ],
          [
            87.32718,
            22.341822
          ],
          [
            87.327517,
            22.341928
          ],
          [
            87.327805,
            22.342038
          ]
        ]
      },
      "properties": {
        "osm_id": 724328064,
        "name": "South Eastern Railway Howrah-Mumbai / Kharagpur Main Corridor",
        "infrastructure_type": "Railway",
        "district": "Paschim Medinipur",
        "state": "West Bengal",
        "statutory_authority": "NHAI / PWD / South Eastern Railway / I&WD"
      }
    },
    {
      "type": "Feature",
      "id": "pmed-infra-724328065",
      "geometry": {
        "type": "LineString",
        "coordinates": [
          [
            87.322095,
            22.340855
          ],
          [
            87.322671,
            22.341005
          ],
          [
            87.323002,
            22.341077
          ],
          [
            87.32635,
            22.341749
          ],
          [
            87.326607,
            22.341796
          ],
          [
            87.327349,
            22.341953
          ],
          [
            87.328076,
            22.342132
          ]
        ]
      },
      "properties": {
        "osm_id": 724328065,
        "name": "South Eastern Railway Howrah-Mumbai / Kharagpur Main Corridor",
        "infrastructure_type": "Railway",
        "district": "Paschim Medinipur",
        "state": "West Bengal",
        "statutory_authority": "NHAI / PWD / South Eastern Railway / I&WD"
      }
    },
    {
      "type": "Feature",
      "id": "pmed-infra-724328066",
      "geometry": {
        "type": "LineString",
        "coordinates": [
          [
            87.322163,
            22.340925
          ],
          [
            87.322689,
            22.341051
          ],
          [
            87.32296,
            22.341112
          ],
          [
            87.326356,
            22.341787
          ],
          [
            87.326723,
            22.341857
          ],
          [
            87.327597,
            22.342043
          ],
          [
            87.327904,
            22.342117
          ],
          [
            87.328024,
            22.342148
          ],
          [
            87.328225,
            22.342215
          ],
          [
            87.328435,
            22.34227
          ],
          [
            87.328737,
            22.342359
          ],
          [
            87.329166,
            22.342453
          ],
          [
            87.329353,
            22.342489
          ],
          [
            87.330052,
            22.342551
          ],
          [
            87.330172,
            22.342561
          ],
          [
            87.330442,
            22.342565
          ],
          [
            87.330828,
            22.342572
          ],
          [
            87.331232,
            22.342592
          ],
          [
            87.331408,
            22.342596
          ],
          [
            87.332085,
            22.342578
          ]
        ]
      },
      "properties": {
        "osm_id": 724328066,
        "name": "South Eastern Railway Howrah-Mumbai / Kharagpur Main Corridor",
        "infrastructure_type": "Railway",
        "district": "Paschim Medinipur",
        "state": "West Bengal",
        "statutory_authority": "NHAI / PWD / South Eastern Railway / I&WD"
      }
    },
    {
      "type": "Feature",
      "id": "pmed-infra-724328067",
      "geometry": {
        "type": "LineString",
        "coordinates": [
          [
            87.328225,
            22.342215
          ],
          [
            87.327584,
            22.342071
          ],
          [
            87.326734,
            22.341899
          ],
          [
            87.326323,
            22.341818
          ],
          [
            87.322951,
            22.341158
          ],
          [
            87.32252,
            22.341046
          ],
          [
            87.322163,
            22.340925
          ],
          [
            87.3217,
            22.340737
          ],
          [
            87.321491,
            22.34067
          ],
          [
            87.32111,
            22.340496
          ],
          [
            87.320712,
            22.340362
          ],
          [
            87.320159,
            22.340224
          ]
        ]
      },
      "properties": {
        "osm_id": 724328067,
        "name": "South Eastern Railway Howrah-Mumbai / Kharagpur Main Corridor",
        "infrastructure_type": "Railway",
        "district": "Paschim Medinipur",
        "state": "West Bengal",
        "statutory_authority": "NHAI / PWD / South Eastern Railway / I&WD"
      }
    },
    {
      "type": "Feature",
      "id": "pmed-infra-724328068",
      "geometry": {
        "type": "LineString",
        "coordinates": [
          [
            87.330029,
            22.342598
          ],
          [
            87.330956,
            22.34273
          ],
          [
            87.331669,
            22.342897
          ],
          [
            87.332354,
            22.343035
          ],
          [
            87.332803,
            22.343093
          ],
          [
            87.333408,
            22.343146
          ],
          [
            87.333931,
            22.343233
          ]
        ]
      },
      "properties": {
        "osm_id": 724328068,
        "name": "South Eastern Railway Howrah-Mumbai / Kharagpur Main Corridor",
        "infrastructure_type": "Railway",
        "district": "Paschim Medinipur",
        "state": "West Bengal",
        "statutory_authority": "NHAI / PWD / South Eastern Railway / I&WD"
      }
    },
    {
      "type": "Feature",
      "id": "pmed-infra-724328069",
      "geometry": {
        "type": "LineString",
        "coordinates": [
          [
            87.333963,
            22.342676
          ],
          [
            87.333539,
            22.342616
          ],
          [
            87.333403,
            22.342576
          ],
          [
            87.332982,
            22.34242
          ],
          [
            87.332713,
            22.342301
          ],
          [
            87.332249,
            22.342121
          ],
          [
            87.332051,
            22.342075
          ],
          [
            87.331764,
            22.342007
          ],
          [
            87.33115,
            22.34194
          ],
          [
            87.329819,
            22.341887
          ]
        ]
      },
      "properties": {
        "osm_id": 724328069,
        "name": "South Eastern Railway Howrah-Mumbai / Kharagpur Main Corridor",
        "infrastructure_type": "Railway",
        "district": "Paschim Medinipur",
        "state": "West Bengal",
        "statutory_authority": "NHAI / PWD / South Eastern Railway / I&WD"
      }
    },
    {
      "type": "Feature",
      "id": "pmed-infra-724328070",
      "geometry": {
        "type": "LineString",
        "coordinates": [
          [
            87.329195,
            22.341917
          ],
          [
            87.331138,
            22.341991
          ],
          [
            87.331545,
            22.342011
          ],
          [
            87.331745,
            22.342032
          ],
          [
            87.332051,
            22.342075
          ]
        ]
      },
      "properties": {
        "osm_id": 724328070,
        "name": "South Eastern Railway Howrah-Mumbai / Kharagpur Main Corridor",
        "infrastructure_type": "Railway",
        "district": "Paschim Medinipur",
        "state": "West Bengal",
        "statutory_authority": "NHAI / PWD / South Eastern Railway / I&WD"
      }
    },
    {
      "type": "Feature",
      "id": "pmed-infra-724328071",
      "geometry": {
        "type": "LineString",
        "coordinates": [
          [
            87.331745,
            22.342032
          ],
          [
            87.331312,
            22.34204
          ],
          [
            87.330532,
            22.342021
          ]
        ]
      },
      "properties": {
        "osm_id": 724328071,
        "name": "South Eastern Railway Howrah-Mumbai / Kharagpur Main Corridor",
        "infrastructure_type": "Railway",
        "district": "Paschim Medinipur",
        "state": "West Bengal",
        "statutory_authority": "NHAI / PWD / South Eastern Railway / I&WD"
      }
    },
    {
      "type": "Feature",
      "id": "pmed-infra-724328072",
      "geometry": {
        "type": "LineString",
        "coordinates": [
          [
            87.332982,
            22.34242
          ],
          [
            87.332524,
            22.342263
          ],
          [
            87.332235,
            22.342186
          ],
          [
            87.331484,
            22.342132
          ],
          [
            87.330541,
            22.342107
          ]
        ]
      },
      "properties": {
        "osm_id": 724328072,
        "name": "South Eastern Railway Howrah-Mumbai / Kharagpur Main Corridor",
        "infrastructure_type": "Railway",
        "district": "Paschim Medinipur",
        "state": "West Bengal",
        "statutory_authority": "NHAI / PWD / South Eastern Railway / I&WD"
      }
    },
    {
      "type": "Feature",
      "id": "pmed-infra-724328073",
      "geometry": {
        "type": "LineString",
        "coordinates": [
          [
            87.334579,
            22.342696
          ],
          [
            87.334946,
            22.342674
          ],
          [
            87.33526,
            22.342661
          ],
          [
            87.335551,
            22.342665
          ],
          [
            87.335774,
            22.342687
          ],
          [
            87.335927,
            22.342693
          ],
          [
            87.336098,
            22.342705
          ],
          [
            87.336286,
            22.342738
          ],
          [
            87.33641,
            22.342759
          ],
          [
            87.336721,
            22.342786
          ]
        ]
      },
      "properties": {
        "osm_id": 724328073,
        "name": "South Eastern Railway Howrah-Mumbai / Kharagpur Main Corridor",
        "infrastructure_type": "Railway",
        "district": "Paschim Medinipur",
        "state": "West Bengal",
        "statutory_authority": "NHAI / PWD / South Eastern Railway / I&WD"
      }
    },
    {
      "type": "Feature",
      "id": "pmed-infra-724328074",
      "geometry": {
        "type": "LineString",
        "coordinates": [
          [
            87.337188,
            22.342881
          ],
          [
            87.337976,
            22.343085
          ]
        ]
      },
      "properties": {
        "osm_id": 724328074,
        "name": "South Eastern Railway Howrah-Mumbai / Kharagpur Main Corridor",
        "infrastructure_type": "Railway",
        "district": "Paschim Medinipur",
        "state": "West Bengal",
        "statutory_authority": "NHAI / PWD / South Eastern Railway / I&WD"
      }
    },
    {
      "type": "Feature",
      "id": "pmed-infra-724328075",
      "geometry": {
        "type": "LineString",
        "coordinates": [
          [
            87.335108,
            22.342624
          ],
          [
            87.334529,
            22.342524
          ],
          [
            87.333661,
            22.342359
          ],
          [
            87.333514,
            22.34232
          ],
          [
            87.33325,
            22.342233
          ]
        ]
      },
      "properties": {
        "osm_id": 724328075,
        "name": "South Eastern Railway Howrah-Mumbai / Kharagpur Main Corridor",
        "infrastructure_type": "Railway",
        "district": "Paschim Medinipur",
        "state": "West Bengal",
        "statutory_authority": "NHAI / PWD / South Eastern Railway / I&WD"
      }
    },
    {
      "type": "Feature",
      "id": "pmed-infra-724328076",
      "geometry": {
        "type": "LineString",
        "coordinates": [
          [
            87.334529,
            22.342524
          ],
          [
            87.334925,
            22.34255
          ]
        ]
      },
      "properties": {
        "osm_id": 724328076,
        "name": "South Eastern Railway Howrah-Mumbai / Kharagpur Main Corridor",
        "infrastructure_type": "Railway",
        "district": "Paschim Medinipur",
        "state": "West Bengal",
        "statutory_authority": "NHAI / PWD / South Eastern Railway / I&WD"
      }
    },
    {
      "type": "Feature",
      "id": "pmed-infra-724328077",
      "geometry": {
        "type": "LineString",
        "coordinates": [
          [
            87.332684,
            22.342064
          ],
          [
            87.332896,
            22.342122
          ],
          [
            87.333032,
            22.34216
          ],
          [
            87.333232,
            22.342196
          ],
          [
            87.333691,
            22.342266
          ],
          [
            87.333989,
            22.342319
          ],
          [
            87.335667,
            22.342648
          ],
          [
            87.335927,
            22.342693
          ]
        ]
      },
      "properties": {
        "osm_id": 724328077,
        "name": "South Eastern Railway Howrah-Mumbai / Kharagpur Main Corridor",
        "infrastructure_type": "Railway",
        "district": "Paschim Medinipur",
        "state": "West Bengal",
        "statutory_authority": "NHAI / PWD / South Eastern Railway / I&WD"
      }
    },
    {
      "type": "Feature",
      "id": "pmed-infra-724328078",
      "geometry": {
        "type": "LineString",
        "coordinates": [
          [
            87.336098,
            22.342705
          ],
          [
            87.33385,
            22.34225
          ],
          [
            87.333632,
            22.342215
          ],
          [
            87.33323,
            22.342163
          ],
          [
            87.333045,
            22.342132
          ],
          [
            87.332684,
            22.342064
          ],
          [
            87.332183,
            22.341958
          ],
          [
            87.331824,
            22.341888
          ],
          [
            87.33159,
            22.341836
          ],
          [
            87.331577,
            22.341834
          ],
          [
            87.331232,
            22.341768
          ],
          [
            87.331059,
            22.341731
          ],
          [
            87.330843,
            22.341692
          ],
          [
            87.330291,
            22.341586
          ]
        ]
      },
      "properties": {
        "osm_id": 724328078,
        "name": "South Eastern Railway Howrah-Mumbai / Kharagpur Main Corridor",
        "infrastructure_type": "Railway",
        "district": "Paschim Medinipur",
        "state": "West Bengal",
        "statutory_authority": "NHAI / PWD / South Eastern Railway / I&WD"
      }
    },
    {
      "type": "Feature",
      "id": "pmed-infra-724476812",
      "geometry": {
        "type": "LineString",
        "coordinates": [
          [
            87.288069,
            22.359171
          ],
          [
            87.289022,
            22.35953
          ],
          [
            87.289841,
            22.359824
          ],
          [
            87.290155,
            22.359941
          ],
          [
            87.290446,
            22.360049
          ],
          [
            87.291258,
            22.360394
          ],
          [
            87.292074,
            22.360759
          ],
          [
            87.292536,
            22.360978
          ],
          [
            87.29284,
            22.361142
          ],
          [
            87.293293,
            22.361456
          ],
          [
            87.293519,
            22.361617
          ],
          [
            87.293887,
            22.361969
          ],
          [
            87.294253,
            22.362359
          ],
          [
            87.294454,
            22.362645
          ],
          [
            87.294735,
            22.363092
          ],
          [
            87.294907,
            22.363416
          ],
          [
            87.295072,
            22.363823
          ],
          [
            87.295135,
            22.36399
          ],
          [
            87.295231,
            22.364353
          ],
          [
            87.295332,
            22.364895
          ],
          [
            87.295474,
            22.365582
          ],
          [
            87.295541,
            22.365905
          ],
          [
            87.29566,
            22.366509
          ]
        ]
      },
      "properties": {
        "osm_id": 724476812,
        "name": "South Eastern Railway Howrah-Mumbai / Kharagpur Main Corridor",
        "infrastructure_type": "Railway",
        "district": "Paschim Medinipur",
        "state": "West Bengal",
        "statutory_authority": "NHAI / PWD / South Eastern Railway / I&WD"
      }
    },
    {
      "type": "Feature",
      "id": "pmed-infra-724476813",
      "geometry": {
        "type": "LineString",
        "coordinates": [
          [
            87.295541,
            22.365905
          ],
          [
            87.295537,
            22.365318
          ],
          [
            87.295584,
            22.364835
          ],
          [
            87.295569,
            22.364485
          ],
          [
            87.295535,
            22.364232
          ],
          [
            87.295451,
            22.363948
          ],
          [
            87.295341,
            22.363634
          ],
          [
            87.295207,
            22.363338
          ],
          [
            87.295091,
            22.36311
          ],
          [
            87.294907,
            22.362776
          ],
          [
            87.2947,
            22.362462
          ],
          [
            87.294522,
            22.362226
          ],
          [
            87.294315,
            22.362003
          ],
          [
            87.294156,
            22.361826
          ],
          [
            87.293866,
            22.361563
          ],
          [
            87.293509,
            22.36127
          ],
          [
            87.29323,
            22.361075
          ],
          [
            87.292936,
            22.360889
          ],
          [
            87.292671,
            22.360745
          ],
          [
            87.291939,
            22.360393
          ],
          [
            87.29162,
            22.360261
          ],
          [
            87.291332,
            22.360203
          ],
          [
            87.290962,
            22.360156
          ],
          [
            87.290774,
            22.360135
          ]
        ]
      },
      "properties": {
        "osm_id": 724476813,
        "name": "South Eastern Railway Howrah-Mumbai / Kharagpur Main Corridor",
        "infrastructure_type": "Railway",
        "district": "Paschim Medinipur",
        "state": "West Bengal",
        "statutory_authority": "NHAI / PWD / South Eastern Railway / I&WD"
      }
    },
    {
      "type": "Feature",
      "id": "pmed-infra-724476814",
      "geometry": {
        "type": "LineString",
        "coordinates": [
          [
            87.290446,
            22.360049
          ],
          [
            87.290774,
            22.360135
          ],
          [
            87.291154,
            22.360238
          ],
          [
            87.291402,
            22.360328
          ],
          [
            87.291717,
            22.360463
          ],
          [
            87.292868,
            22.361047
          ],
          [
            87.293149,
            22.361219
          ],
          [
            87.293295,
            22.361321
          ],
          [
            87.293648,
            22.361582
          ],
          [
            87.293934,
            22.361836
          ],
          [
            87.294332,
            22.362262
          ],
          [
            87.294575,
            22.362578
          ],
          [
            87.29477,
            22.362859
          ],
          [
            87.294983,
            22.363257
          ],
          [
            87.295167,
            22.363687
          ],
          [
            87.295305,
            22.364057
          ],
          [
            87.295381,
            22.36433
          ],
          [
            87.295442,
            22.364665
          ],
          [
            87.295453,
            22.364879
          ],
          [
            87.295463,
            22.365276
          ],
          [
            87.295474,
            22.365582
          ]
        ]
      },
      "properties": {
        "osm_id": 724476814,
        "name": "South Eastern Railway Howrah-Mumbai / Kharagpur Main Corridor",
        "infrastructure_type": "Railway",
        "district": "Paschim Medinipur",
        "state": "West Bengal",
        "statutory_authority": "NHAI / PWD / South Eastern Railway / I&WD"
      }
    },
    {
      "type": "Feature",
      "id": "pmed-infra-724476832",
      "geometry": {
        "type": "LineString",
        "coordinates": [
          [
            87.283,
            22.32446
          ],
          [
            87.282465,
            22.324601
          ],
          [
            87.282144,
            22.324716
          ],
          [
            87.281869,
            22.324843
          ],
          [
            87.281779,
            22.324897
          ],
          [
            87.281661,
            22.324967
          ],
          [
            87.28139,
            22.325156
          ],
          [
            87.281145,
            22.325383
          ],
          [
            87.280861,
            22.325696
          ],
          [
            87.280714,
            22.325896
          ],
          [
            87.280599,
            22.326079
          ],
          [
            87.280411,
            22.326442
          ],
          [
            87.280309,
            22.326746
          ],
          [
            87.28025,
            22.327089
          ],
          [
            87.280219,
            22.327378
          ],
          [
            87.280242,
            22.327691
          ],
          [
            87.280334,
            22.328177
          ],
          [
            87.280527,
            22.329117
          ],
          [
            87.280661,
            22.329514
          ],
          [
            87.280869,
            22.329903
          ],
          [
            87.281117,
            22.330279
          ],
          [
            87.281395,
            22.330579
          ],
          [
            87.281666,
            22.330839
          ],
          [
            87.285363,
            22.334347
          ],
          [
            87.285618,
            22.334572
          ],
          [
            87.285825,
            22.334717
          ],
          [
            87.286029,
            22.334811
          ],
          [
            87.28635,
            22.334907
          ]
        ]
      },
      "properties": {
        "osm_id": 724476832,
        "name": "South Eastern Railway Howrah-Mumbai / Kharagpur Main Corridor",
        "infrastructure_type": "Railway",
        "district": "Paschim Medinipur",
        "state": "West Bengal",
        "statutory_authority": "NHAI / PWD / South Eastern Railway / I&WD"
      }
    },
    {
      "type": "Feature",
      "id": "pmed-infra-724476838",
      "geometry": {
        "type": "LineString",
        "coordinates": [
          [
            87.278961,
            22.35513
          ],
          [
            87.280395,
            22.35562
          ]
        ]
      },
      "properties": {
        "osm_id": 724476838,
        "name": "South Eastern Railway Howrah-Mumbai / Kharagpur Main Corridor",
        "infrastructure_type": "Railway",
        "district": "Paschim Medinipur",
        "state": "West Bengal",
        "statutory_authority": "NHAI / PWD / South Eastern Railway / I&WD"
      }
    },
    {
      "type": "Feature",
      "id": "pmed-infra-724476839",
      "geometry": {
        "type": "LineString",
        "coordinates": [
          [
            87.279276,
            22.355137
          ],
          [
            87.280395,
            22.35562
          ],
          [
            87.280652,
            22.355737
          ],
          [
            87.28282,
            22.356692
          ],
          [
            87.284271,
            22.357332
          ],
          [
            87.286459,
            22.358297
          ],
          [
            87.288404,
            22.359153
          ],
          [
            87.28923,
            22.359505
          ],
          [
            87.289434,
            22.359592
          ],
          [
            87.290155,
            22.359941
          ]
        ]
      },
      "properties": {
        "osm_id": 724476839,
        "name": "South Eastern Railway Howrah-Mumbai / Kharagpur Main Corridor",
        "infrastructure_type": "Railway",
        "district": "Paschim Medinipur",
        "state": "West Bengal",
        "statutory_authority": "NHAI / PWD / South Eastern Railway / I&WD"
      }
    },
    {
      "type": "Feature",
      "id": "pmed-infra-724476840",
      "geometry": {
        "type": "LineString",
        "coordinates": [
          [
            87.28923,
            22.359505
          ],
          [
            87.288758,
            22.359252
          ],
          [
            87.287347,
            22.358629
          ],
          [
            87.285298,
            22.357716
          ],
          [
            87.283536,
            22.356945
          ],
          [
            87.28158,
            22.356077
          ],
          [
            87.281084,
            22.355873
          ],
          [
            87.280652,
            22.355737
          ]
        ]
      },
      "properties": {
        "osm_id": 724476840,
        "name": "South Eastern Railway Howrah-Mumbai / Kharagpur Main Corridor",
        "infrastructure_type": "Railway",
        "district": "Paschim Medinipur",
        "state": "West Bengal",
        "statutory_authority": "NHAI / PWD / South Eastern Railway / I&WD"
      }
    },
    {
      "type": "Feature",
      "id": "pmed-infra-724638622",
      "geometry": {
        "type": "LineString",
        "coordinates": [
          [
            87.326836,
            22.420894
          ],
          [
            87.326765,
            22.420949
          ]
        ]
      },
      "properties": {
        "osm_id": 724638622,
        "name": "NH-60 (Kharagpur - Balasore Arterial)",
        "infrastructure_type": "Road",
        "district": "Paschim Medinipur",
        "state": "West Bengal",
        "statutory_authority": "NHAI / PWD / South Eastern Railway / I&WD"
      }
    },
    {
      "type": "Feature",
      "id": "pmed-infra-743676692",
      "geometry": {
        "type": "LineString",
        "coordinates": [
          [
            87.296735,
            22.409554
          ],
          [
            87.298227,
            22.410106
          ]
        ]
      },
      "properties": {
        "osm_id": 743676692,
        "name": "South Eastern Railway Howrah-Mumbai / Kharagpur Main Corridor",
        "infrastructure_type": "Railway",
        "district": "Paschim Medinipur",
        "state": "West Bengal",
        "statutory_authority": "NHAI / PWD / South Eastern Railway / I&WD"
      }
    },
    {
      "type": "Feature",
      "id": "pmed-infra-743676693",
      "geometry": {
        "type": "LineString",
        "coordinates": [
          [
            87.292061,
            22.407737
          ],
          [
            87.296735,
            22.409554
          ]
        ]
      },
      "properties": {
        "osm_id": 743676693,
        "name": "South Eastern Railway Howrah-Mumbai / Kharagpur Main Corridor",
        "infrastructure_type": "Railway",
        "district": "Paschim Medinipur",
        "state": "West Bengal",
        "statutory_authority": "NHAI / PWD / South Eastern Railway / I&WD"
      }
    },
    {
      "type": "Feature",
      "id": "pmed-infra-743676694",
      "geometry": {
        "type": "LineString",
        "coordinates": [
          [
            87.291384,
            22.407495
          ],
          [
            87.292061,
            22.407737
          ]
        ]
      },
      "properties": {
        "osm_id": 743676694,
        "name": "South Eastern Railway Howrah-Mumbai / Kharagpur Main Corridor",
        "infrastructure_type": "Railway",
        "district": "Paschim Medinipur",
        "state": "West Bengal",
        "statutory_authority": "NHAI / PWD / South Eastern Railway / I&WD"
      }
    },
    {
      "type": "Feature",
      "id": "pmed-infra-747427623",
      "geometry": {
        "type": "LineString",
        "coordinates": [
          [
            87.340484,
            22.369629
          ],
          [
            87.340751,
            22.36966
          ],
          [
            87.341019,
            22.369716
          ],
          [
            87.341408,
            22.369831
          ]
        ]
      },
      "properties": {
        "osm_id": 747427623,
        "name": "NH-16 (National Highway 16 / Golden Quadrilateral)",
        "infrastructure_type": "Road",
        "district": "Paschim Medinipur",
        "state": "West Bengal",
        "statutory_authority": "NHAI / PWD / South Eastern Railway / I&WD"
      }
    },
    {
      "type": "Feature",
      "id": "pmed-infra-747427624",
      "geometry": {
        "type": "LineString",
        "coordinates": [
          [
            87.339109,
            22.369207
          ],
          [
            87.339293,
            22.369335
          ],
          [
            87.339408,
            22.369424
          ],
          [
            87.339601,
            22.369557
          ]
        ]
      },
      "properties": {
        "osm_id": 747427624,
        "name": "NH-16 (National Highway 16 / Golden Quadrilateral)",
        "infrastructure_type": "Road",
        "district": "Paschim Medinipur",
        "state": "West Bengal",
        "statutory_authority": "NHAI / PWD / South Eastern Railway / I&WD"
      }
    },
    {
      "type": "Feature",
      "id": "pmed-infra-749475953",
      "geometry": {
        "type": "LineString",
        "coordinates": [
          [
            87.315588,
            22.338722
          ],
          [
            87.314928,
            22.338559
          ],
          [
            87.314343,
            22.338427
          ],
          [
            87.314001,
            22.338369
          ],
          [
            87.313716,
            22.338338
          ],
          [
            87.313215,
            22.338309
          ]
        ]
      },
      "properties": {
        "osm_id": 749475953,
        "name": "South Eastern Railway Howrah-Mumbai / Kharagpur Main Corridor",
        "infrastructure_type": "Railway",
        "district": "Paschim Medinipur",
        "state": "West Bengal",
        "statutory_authority": "NHAI / PWD / South Eastern Railway / I&WD"
      }
    },
    {
      "type": "Feature",
      "id": "pmed-infra-749475954",
      "geometry": {
        "type": "LineString",
        "coordinates": [
          [
            87.276524,
            22.332339
          ],
          [
            87.277058,
            22.331944
          ],
          [
            87.277351,
            22.331798
          ],
          [
            87.27757,
            22.331724
          ],
          [
            87.277788,
            22.331676
          ],
          [
            87.278233,
            22.331645
          ],
          [
            87.278455,
            22.331626
          ],
          [
            87.278921,
            22.331507
          ],
          [
            87.279278,
            22.331387
          ],
          [
            87.279578,
            22.331229
          ],
          [
            87.279963,
            22.330957
          ],
          [
            87.280232,
            22.330644
          ],
          [
            87.280423,
            22.330317
          ],
          [
            87.280511,
            22.330055
          ],
          [
            87.280529,
            22.32971
          ],
          [
            87.28051,
            22.329388
          ],
          [
            87.280466,
            22.32914
          ],
          [
            87.280231,
            22.328225
          ],
          [
            87.280084,
            22.327728
          ],
          [
            87.27993,
            22.327326
          ],
          [
            87.279685,
            22.326894
          ],
          [
            87.279387,
            22.326537
          ],
          [
            87.279058,
            22.326229
          ],
          [
            87.278628,
            22.325919
          ],
          [
            87.278255,
            22.325726
          ],
          [
            87.277875,
            22.32558
          ],
          [
            87.277599,
            22.325513
          ],
          [
            87.277383,
            22.325479
          ],
          [
            87.277131,
            22.325464
          ],
          [
            87.27665,
            22.32548
          ],
          [
            87.276497,
            22.325499
          ],
          [
            87.27488,
            22.325715
          ],
          [
            87.274756,
            22.325724
          ],
          [
            87.274504,
            22.325734
          ],
          [
            87.274328,
            22.325749
          ],
          [
            87.273701,
            22.325805
          ],
          [
            87.273401,
            22.325814
          ],
          [
            87.272834,
            22.325792
          ],
          [
            87.272643,
            22.325776
          ],
          [
            87.272493,
            22.325753
          ],
          [
            87.272101,
            22.325682
          ]
        ]
      },
      "properties": {
        "osm_id": 749475954,
        "name": "South Eastern Railway Howrah-Mumbai / Kharagpur Main Corridor",
        "infrastructure_type": "Railway",
        "district": "Paschim Medinipur",
        "state": "West Bengal",
        "statutory_authority": "NHAI / PWD / South Eastern Railway / I&WD"
      }
    },
    {
      "type": "Feature",
      "id": "pmed-infra-749475955",
      "geometry": {
        "type": "LineString",
        "coordinates": [
          [
            87.285405,
            22.334969
          ],
          [
            87.285045,
            22.334889
          ],
          [
            87.284497,
            22.334769
          ],
          [
            87.284337,
            22.334718
          ],
          [
            87.284098,
            22.334666
          ],
          [
            87.283802,
            22.334615
          ],
          [
            87.277176,
            22.333676
          ],
          [
            87.27696,
            22.333662
          ],
          [
            87.276753,
            22.33365
          ]
        ]
      },
      "properties": {
        "osm_id": 749475955,
        "name": "South Eastern Railway Howrah-Mumbai / Kharagpur Main Corridor",
        "infrastructure_type": "Railway",
        "district": "Paschim Medinipur",
        "state": "West Bengal",
        "statutory_authority": "NHAI / PWD / South Eastern Railway / I&WD"
      }
    },
    {
      "type": "Feature",
      "id": "pmed-infra-749475956",
      "geometry": {
        "type": "LineString",
        "coordinates": [
          [
            87.274383,
            22.333303
          ],
          [
            87.274809,
            22.333291
          ],
          [
            87.27526,
            22.333262
          ],
          [
            87.275597,
            22.333189
          ],
          [
            87.276038,
            22.333086
          ],
          [
            87.277311,
            22.332878
          ],
          [
            87.277534,
            22.332865
          ],
          [
            87.277784,
            22.332878
          ],
          [
            87.283385,
            22.333661
          ],
          [
            87.283609,
            22.333703
          ],
          [
            87.283825,
            22.33377
          ],
          [
            87.284035,
            22.333855
          ],
          [
            87.284348,
            22.334012
          ]
        ]
      },
      "properties": {
        "osm_id": 749475956,
        "name": "South Eastern Railway Howrah-Mumbai / Kharagpur Main Corridor",
        "infrastructure_type": "Railway",
        "district": "Paschim Medinipur",
        "state": "West Bengal",
        "statutory_authority": "NHAI / PWD / South Eastern Railway / I&WD"
      }
    },
    {
      "type": "Feature",
      "id": "pmed-infra-749475957",
      "geometry": {
        "type": "LineString",
        "coordinates": [
          [
            87.272336,
            22.333358
          ],
          [
            87.271983,
            22.33333
          ],
          [
            87.271744,
            22.333323
          ],
          [
            87.271621,
            22.333311
          ]
        ]
      },
      "properties": {
        "osm_id": 749475957,
        "name": "South Eastern Railway Howrah-Mumbai / Kharagpur Main Corridor",
        "infrastructure_type": "Railway",
        "district": "Paschim Medinipur",
        "state": "West Bengal",
        "statutory_authority": "NHAI / PWD / South Eastern Railway / I&WD"
      }
    },
    {
      "type": "Feature",
      "id": "pmed-infra-749475958",
      "geometry": {
        "type": "LineString",
        "coordinates": [
          [
            87.287917,
            22.340721
          ],
          [
            87.287539,
            22.338426
          ],
          [
            87.287375,
            22.337431
          ],
          [
            87.287246,
            22.337074
          ],
          [
            87.286908,
            22.336598
          ],
          [
            87.286162,
            22.33598
          ],
          [
            87.286099,
            22.335927
          ],
          [
            87.286064,
            22.335898
          ],
          [
            87.285795,
            22.335744
          ],
          [
            87.285516,
            22.335638
          ],
          [
            87.285481,
            22.335628
          ],
          [
            87.285211,
            22.335558
          ],
          [
            87.284749,
            22.335499
          ],
          [
            87.284409,
            22.335481
          ],
          [
            87.284089,
            22.335481
          ],
          [
            87.28376,
            22.335491
          ],
          [
            87.283475,
            22.335476
          ],
          [
            87.282046,
            22.335298
          ],
          [
            87.281718,
            22.335268
          ],
          [
            87.280924,
            22.335218
          ],
          [
            87.280579,
            22.335176
          ],
          [
            87.27722,
            22.334735
          ],
          [
            87.27692,
            22.334655
          ],
          [
            87.276684,
            22.334543
          ],
          [
            87.276494,
            22.334407
          ],
          [
            87.276164,
            22.334087
          ],
          [
            87.275933,
            22.333908
          ],
          [
            87.275734,
            22.333799
          ],
          [
            87.275598,
            22.333737
          ],
          [
            87.275399,
            22.333678
          ],
          [
            87.275067,
            22.333638
          ],
          [
            87.274948,
            22.333624
          ],
          [
            87.274704,
            22.333633
          ],
          [
            87.274517,
            22.33363
          ],
          [
            87.274313,
            22.333613
          ],
          [
            87.273655,
            22.33353
          ],
          [
            87.273511,
            22.333512
          ],
          [
            87.272336,
            22.333358
          ],
          [
            87.272056,
            22.333296
          ],
          [
            87.2719,
            22.333275
          ],
          [
            87.271409,
            22.33322
          ]
        ]
      },
      "properties": {
        "osm_id": 749475958,
        "name": "South Eastern Railway Howrah-Mumbai / Kharagpur Main Corridor",
        "infrastructure_type": "Railway",
        "district": "Paschim Medinipur",
        "state": "West Bengal",
        "statutory_authority": "NHAI / PWD / South Eastern Railway / I&WD"
      }
    },
    {
      "type": "Feature",
      "id": "pmed-infra-749475959",
      "geometry": {
        "type": "LineString",
        "coordinates": [
          [
            87.286969,
            22.335101
          ],
          [
            87.287451,
            22.335171
          ],
          [
            87.287911,
            22.335251
          ],
          [
            87.288381,
            22.335355
          ],
          [
            87.288795,
            22.335424
          ],
          [
            87.28892,
            22.335447
          ],
          [
            87.289592,
            22.335622
          ],
          [
            87.289935,
            22.3357
          ]
        ]
      },
      "properties": {
        "osm_id": 749475959,
        "name": "South Eastern Railway Howrah-Mumbai / Kharagpur Main Corridor",
        "infrastructure_type": "Railway",
        "district": "Paschim Medinipur",
        "state": "West Bengal",
        "statutory_authority": "NHAI / PWD / South Eastern Railway / I&WD"
      }
    },
    {
      "type": "Feature",
      "id": "pmed-infra-749475960",
      "geometry": {
        "type": "LineString",
        "coordinates": [
          [
            87.28635,
            22.334907
          ],
          [
            87.286703,
            22.334977
          ],
          [
            87.288596,
            22.335273
          ],
          [
            87.289061,
            22.335338
          ]
        ]
      },
      "properties": {
        "osm_id": 749475960,
        "name": "South Eastern Railway Howrah-Mumbai / Kharagpur Main Corridor",
        "infrastructure_type": "Railway",
        "district": "Paschim Medinipur",
        "state": "West Bengal",
        "statutory_authority": "NHAI / PWD / South Eastern Railway / I&WD"
      }
    },
    {
      "type": "Feature",
      "id": "pmed-infra-749475961",
      "geometry": {
        "type": "LineString",
        "coordinates": [
          [
            87.288277,
            22.335273
          ],
          [
            87.287911,
            22.335251
          ],
          [
            87.287451,
            22.335171
          ],
          [
            87.286969,
            22.335101
          ]
        ]
      },
      "properties": {
        "osm_id": 749475961,
        "name": "South Eastern Railway Howrah-Mumbai / Kharagpur Main Corridor",
        "infrastructure_type": "Railway",
        "district": "Paschim Medinipur",
        "state": "West Bengal",
        "statutory_authority": "NHAI / PWD / South Eastern Railway / I&WD"
      }
    },
    {
      "type": "Feature",
      "id": "pmed-infra-749475962",
      "geometry": {
        "type": "LineString",
        "coordinates": [
          [
            87.306513,
            22.336758
          ],
          [
            87.306033,
            22.336686
          ],
          [
            87.305762,
            22.336649
          ],
          [
            87.305437,
            22.336592
          ],
          [
            87.304153,
            22.336346
          ],
          [
            87.303635,
            22.336257
          ],
          [
            87.302965,
            22.336163
          ],
          [
            87.302336,
            22.336103
          ],
          [
            87.302278,
            22.336098
          ],
          [
            87.301686,
            22.336069
          ],
          [
            87.299811,
            22.336015
          ],
          [
            87.299657,
            22.336009
          ],
          [
            87.299012,
            22.335964
          ],
          [
            87.298809,
            22.335947
          ],
          [
            87.298401,
            22.335973
          ]
        ]
      },
      "properties": {
        "osm_id": 749475962,
        "name": "South Eastern Railway Howrah-Mumbai / Kharagpur Main Corridor",
        "infrastructure_type": "Railway",
        "district": "Paschim Medinipur",
        "state": "West Bengal",
        "statutory_authority": "NHAI / PWD / South Eastern Railway / I&WD"
      }
    },
    {
      "type": "Feature",
      "id": "pmed-infra-749475963",
      "geometry": {
        "type": "LineString",
        "coordinates": [
          [
            87.281868,
            22.334038
          ],
          [
            87.283519,
            22.334265
          ],
          [
            87.283806,
            22.334321
          ],
          [
            87.284204,
            22.334432
          ],
          [
            87.284377,
            22.334474
          ],
          [
            87.284697,
            22.334526
          ],
          [
            87.284837,
            22.334564
          ],
          [
            87.28502,
            22.334629
          ],
          [
            87.28549,
            22.334822
          ],
          [
            87.2856,
            22.334861
          ],
          [
            87.285816,
            22.334923
          ],
          [
            87.285969,
            22.334958
          ],
          [
            87.286303,
            22.335007
          ],
          [
            87.286969,
            22.335101
          ],
          [
            87.287328,
            22.3352
          ],
          [
            87.287563,
            22.335264
          ],
          [
            87.289365,
            22.335761
          ],
          [
            87.289767,
            22.335851
          ],
          [
            87.290221,
            22.33595
          ],
          [
            87.292232,
            22.336292
          ],
          [
            87.292551,
            22.336334
          ],
          [
            87.29298,
            22.336379
          ],
          [
            87.293383,
            22.336399
          ],
          [
            87.295808,
            22.336414
          ],
          [
            87.2961,
            22.336401
          ],
          [
            87.296565,
            22.336352
          ]
        ]
      },
      "properties": {
        "osm_id": 749475963,
        "name": "South Eastern Railway Howrah-Mumbai / Kharagpur Main Corridor",
        "infrastructure_type": "Railway",
        "district": "Paschim Medinipur",
        "state": "West Bengal",
        "statutory_authority": "NHAI / PWD / South Eastern Railway / I&WD"
      }
    },
    {
      "type": "Feature",
      "id": "pmed-infra-749475964",
      "geometry": {
        "type": "LineString",
        "coordinates": [
          [
            87.29798,
            22.335895
          ],
          [
            87.297637,
            22.335861
          ],
          [
            87.297406,
            22.335853
          ],
          [
            87.293472,
            22.335851
          ],
          [
            87.293057,
            22.335833
          ],
          [
            87.292666,
            22.335791
          ],
          [
            87.292254,
            22.335734
          ],
          [
            87.290174,
            22.33538
          ],
          [
            87.289881,
            22.335347
          ],
          [
            87.289399,
            22.335341
          ],
          [
            87.289227,
            22.335346
          ],
          [
            87.289061,
            22.335338
          ],
          [
            87.288522,
            22.33531
          ],
          [
            87.288277,
            22.335273
          ],
          [
            87.287035,
            22.335068
          ]
        ]
      },
      "properties": {
        "osm_id": 749475964,
        "name": "South Eastern Railway Howrah-Mumbai / Kharagpur Main Corridor",
        "infrastructure_type": "Railway",
        "district": "Paschim Medinipur",
        "state": "West Bengal",
        "statutory_authority": "NHAI / PWD / South Eastern Railway / I&WD"
      }
    },
    {
      "type": "Feature",
      "id": "pmed-infra-749501175",
      "geometry": {
        "type": "LineString",
        "coordinates": [
          [
            87.336649,
            22.342847
          ],
          [
            87.336072,
            22.342824
          ],
          [
            87.334304,
            22.342774
          ],
          [
            87.332396,
            22.342684
          ],
          [
            87.331823,
            22.342616
          ],
          [
            87.331408,
            22.342596
          ]
        ]
      },
      "properties": {
        "osm_id": 749501175,
        "name": "South Eastern Railway Howrah-Mumbai / Kharagpur Main Corridor",
        "infrastructure_type": "Railway",
        "district": "Paschim Medinipur",
        "state": "West Bengal",
        "statutory_authority": "NHAI / PWD / South Eastern Railway / I&WD"
      }
    },
    {
      "type": "Feature",
      "id": "pmed-infra-749501176",
      "geometry": {
        "type": "LineString",
        "coordinates": [
          [
            87.330172,
            22.342561
          ],
          [
            87.33064,
            22.342607
          ],
          [
            87.330898,
            22.342624
          ],
          [
            87.332396,
            22.342684
          ]
        ]
      },
      "properties": {
        "osm_id": 749501176,
        "name": "South Eastern Railway Howrah-Mumbai / Kharagpur Main Corridor",
        "infrastructure_type": "Railway",
        "district": "Paschim Medinipur",
        "state": "West Bengal",
        "statutory_authority": "NHAI / PWD / South Eastern Railway / I&WD"
      }
    },
    {
      "type": "Feature",
      "id": "pmed-infra-749501177",
      "geometry": {
        "type": "LineString",
        "coordinates": [
          [
            87.332154,
            22.341647
          ],
          [
            87.331317,
            22.341451
          ]
        ]
      },
      "properties": {
        "osm_id": 749501177,
        "name": "South Eastern Railway Howrah-Mumbai / Kharagpur Main Corridor",
        "infrastructure_type": "Railway",
        "district": "Paschim Medinipur",
        "state": "West Bengal",
        "statutory_authority": "NHAI / PWD / South Eastern Railway / I&WD"
      }
    },
    {
      "type": "Feature",
      "id": "pmed-infra-749501178",
      "geometry": {
        "type": "LineString",
        "coordinates": [
          [
            87.333032,
            22.34216
          ],
          [
            87.33325,
            22.342233
          ],
          [
            87.334925,
            22.34255
          ],
          [
            87.335551,
            22.342665
          ]
        ]
      },
      "properties": {
        "osm_id": 749501178,
        "name": "South Eastern Railway Howrah-Mumbai / Kharagpur Main Corridor",
        "infrastructure_type": "Railway",
        "district": "Paschim Medinipur",
        "state": "West Bengal",
        "statutory_authority": "NHAI / PWD / South Eastern Railway / I&WD"
      }
    },
    {
      "type": "Feature",
      "id": "pmed-infra-749501179",
      "geometry": {
        "type": "LineString",
        "coordinates": [
          [
            87.33292,
            22.342672
          ],
          [
            87.331823,
            22.342616
          ]
        ]
      },
      "properties": {
        "osm_id": 749501179,
        "name": "South Eastern Railway Howrah-Mumbai / Kharagpur Main Corridor",
        "infrastructure_type": "Railway",
        "district": "Paschim Medinipur",
        "state": "West Bengal",
        "statutory_authority": "NHAI / PWD / South Eastern Railway / I&WD"
      }
    },
    {
      "type": "Feature",
      "id": "pmed-infra-749501180",
      "geometry": {
        "type": "LineString",
        "coordinates": [
          [
            87.33431,
            22.342816
          ],
          [
            87.336072,
            22.342858
          ],
          [
            87.336436,
            22.342873
          ],
          [
            87.336664,
            22.342897
          ],
          [
            87.33697,
            22.342941
          ],
          [
            87.337838,
            22.343112
          ],
          [
            87.338641,
            22.34322
          ]
        ]
      },
      "properties": {
        "osm_id": 749501180,
        "name": "South Eastern Railway Howrah-Mumbai / Kharagpur Main Corridor",
        "infrastructure_type": "Railway",
        "district": "Paschim Medinipur",
        "state": "West Bengal",
        "statutory_authority": "NHAI / PWD / South Eastern Railway / I&WD"
      }
    },
    {
      "type": "Feature",
      "id": "pmed-infra-749501181",
      "geometry": {
        "type": "LineString",
        "coordinates": [
          [
            87.329353,
            22.342489
          ],
          [
            87.329646,
            22.342544
          ],
          [
            87.329821,
            22.342571
          ],
          [
            87.330029,
            22.342598
          ],
          [
            87.330827,
            22.34267
          ],
          [
            87.331461,
            22.342699
          ],
          [
            87.33431,
            22.342816
          ]
        ]
      },
      "properties": {
        "osm_id": 749501181,
        "name": "South Eastern Railway Howrah-Mumbai / Kharagpur Main Corridor",
        "infrastructure_type": "Railway",
        "district": "Paschim Medinipur",
        "state": "West Bengal",
        "statutory_authority": "NHAI / PWD / South Eastern Railway / I&WD"
      }
    },
    {
      "type": "Feature",
      "id": "pmed-infra-749501182",
      "geometry": {
        "type": "LineString",
        "coordinates": [
          [
            87.33531,
            22.342388
          ],
          [
            87.334361,
            22.342205
          ],
          [
            87.333967,
            22.342128
          ]
        ]
      },
      "properties": {
        "osm_id": 749501182,
        "name": "South Eastern Railway Howrah-Mumbai / Kharagpur Main Corridor",
        "infrastructure_type": "Railway",
        "district": "Paschim Medinipur",
        "state": "West Bengal",
        "statutory_authority": "NHAI / PWD / South Eastern Railway / I&WD"
      }
    },
    {
      "type": "Feature",
      "id": "pmed-infra-749501183",
      "geometry": {
        "type": "LineString",
        "coordinates": [
          [
            87.326152,
            22.340287
          ],
          [
            87.327373,
            22.340532
          ]
        ]
      },
      "properties": {
        "osm_id": 749501183,
        "name": "South Eastern Railway Howrah-Mumbai / Kharagpur Main Corridor",
        "infrastructure_type": "Railway",
        "district": "Paschim Medinipur",
        "state": "West Bengal",
        "statutory_authority": "NHAI / PWD / South Eastern Railway / I&WD"
      }
    },
    {
      "type": "Feature",
      "id": "pmed-infra-749501184",
      "geometry": {
        "type": "LineString",
        "coordinates": [
          [
            87.325859,
            22.340322
          ],
          [
            87.323548,
            22.33986
          ]
        ]
      },
      "properties": {
        "osm_id": 749501184,
        "name": "South Eastern Railway Howrah-Mumbai / Kharagpur Main Corridor",
        "infrastructure_type": "Railway",
        "district": "Paschim Medinipur",
        "state": "West Bengal",
        "statutory_authority": "NHAI / PWD / South Eastern Railway / I&WD"
      }
    },
    {
      "type": "Feature",
      "id": "pmed-infra-749501185",
      "geometry": {
        "type": "LineString",
        "coordinates": [
          [
            87.321465,
            22.34036
          ],
          [
            87.322199,
            22.340494
          ]
        ]
      },
      "properties": {
        "osm_id": 749501185,
        "name": "South Eastern Railway Howrah-Mumbai / Kharagpur Main Corridor",
        "infrastructure_type": "Railway",
        "district": "Paschim Medinipur",
        "state": "West Bengal",
        "statutory_authority": "NHAI / PWD / South Eastern Railway / I&WD"
      }
    },
    {
      "type": "Feature",
      "id": "pmed-infra-749501186",
      "geometry": {
        "type": "LineString",
        "coordinates": [
          [
            87.325416,
            22.340718
          ],
          [
            87.325959,
            22.340868
          ],
          [
            87.326142,
            22.340906
          ],
          [
            87.328118,
            22.341307
          ]
        ]
      },
      "properties": {
        "osm_id": 749501186,
        "name": "South Eastern Railway Howrah-Mumbai / Kharagpur Main Corridor",
        "infrastructure_type": "Railway",
        "district": "Paschim Medinipur",
        "state": "West Bengal",
        "statutory_authority": "NHAI / PWD / South Eastern Railway / I&WD"
      }
    },
    {
      "type": "Feature",
      "id": "pmed-infra-749501187",
      "geometry": {
        "type": "LineString",
        "coordinates": [
          [
            87.318515,
            22.339231
          ],
          [
            87.319387,
            22.339446
          ],
          [
            87.319623,
            22.339508
          ],
          [
            87.320238,
            22.339677
          ],
          [
            87.320446,
            22.339727
          ],
          [
            87.320772,
            22.3398
          ]
        ]
      },
      "properties": {
        "osm_id": 749501187,
        "name": "South Eastern Railway Howrah-Mumbai / Kharagpur Main Corridor",
        "infrastructure_type": "Railway",
        "district": "Paschim Medinipur",
        "state": "West Bengal",
        "statutory_authority": "NHAI / PWD / South Eastern Railway / I&WD"
      }
    },
    {
      "type": "Feature",
      "id": "pmed-infra-749501188",
      "geometry": {
        "type": "LineString",
        "coordinates": [
          [
            87.317062,
            22.338964
          ],
          [
            87.317528,
            22.339043
          ],
          [
            87.317737,
            22.33908
          ],
          [
            87.318133,
            22.339167
          ]
        ]
      },
      "properties": {
        "osm_id": 749501188,
        "name": "South Eastern Railway Howrah-Mumbai / Kharagpur Main Corridor",
        "infrastructure_type": "Railway",
        "district": "Paschim Medinipur",
        "state": "West Bengal",
        "statutory_authority": "NHAI / PWD / South Eastern Railway / I&WD"
      }
    },
    {
      "type": "Feature",
      "id": "pmed-infra-749507699",
      "geometry": {
        "type": "LineString",
        "coordinates": [
          [
            87.334444,
            22.342285
          ],
          [
            87.333967,
            22.342128
          ],
          [
            87.333628,
            22.342036
          ],
          [
            87.333258,
            22.34194
          ],
          [
            87.33228,
            22.341729
          ],
          [
            87.331891,
            22.341625
          ],
          [
            87.3304,
            22.341275
          ],
          [
            87.329339,
            22.341036
          ],
          [
            87.328999,
            22.34099
          ],
          [
            87.328856,
            22.340962
          ],
          [
            87.325367,
            22.340264
          ],
          [
            87.324146,
            22.340023
          ]
        ]
      },
      "properties": {
        "osm_id": 749507699,
        "name": "South Eastern Railway Howrah-Mumbai / Kharagpur Main Corridor",
        "infrastructure_type": "Railway",
        "district": "Paschim Medinipur",
        "state": "West Bengal",
        "statutory_authority": "NHAI / PWD / South Eastern Railway / I&WD"
      }
    },
    {
      "type": "Feature",
      "id": "pmed-infra-749507700",
      "geometry": {
        "type": "LineString",
        "coordinates": [
          [
            87.332533,
            22.3415
          ],
          [
            87.330456,
            22.341085
          ],
          [
            87.32917,
            22.3408
          ],
          [
            87.328733,
            22.340701
          ],
          [
            87.326877,
            22.340334
          ],
          [
            87.326785,
            22.340321
          ],
          [
            87.326349,
            22.340253
          ]
        ]
      },
      "properties": {
        "osm_id": 749507700,
        "name": "South Eastern Railway Howrah-Mumbai / Kharagpur Main Corridor",
        "infrastructure_type": "Railway",
        "district": "Paschim Medinipur",
        "state": "West Bengal",
        "statutory_authority": "NHAI / PWD / South Eastern Railway / I&WD"
      }
    },
    {
      "type": "Feature",
      "id": "pmed-infra-749507701",
      "geometry": {
        "type": "LineString",
        "coordinates": [
          [
            87.337177,
            22.342787
          ],
          [
            87.337814,
            22.342908
          ],
          [
            87.338812,
            22.343109
          ]
        ]
      },
      "properties": {
        "osm_id": 749507701,
        "name": "South Eastern Railway Howrah-Mumbai / Kharagpur Main Corridor",
        "infrastructure_type": "Railway",
        "district": "Paschim Medinipur",
        "state": "West Bengal",
        "statutory_authority": "NHAI / PWD / South Eastern Railway / I&WD"
      }
    },
    {
      "type": "Feature",
      "id": "pmed-infra-749507702",
      "geometry": {
        "type": "LineString",
        "coordinates": [
          [
            87.337838,
            22.343112
          ],
          [
            87.339194,
            22.343405
          ]
        ]
      },
      "properties": {
        "osm_id": 749507702,
        "name": "South Eastern Railway Howrah-Mumbai / Kharagpur Main Corridor",
        "infrastructure_type": "Railway",
        "district": "Paschim Medinipur",
        "state": "West Bengal",
        "statutory_authority": "NHAI / PWD / South Eastern Railway / I&WD"
      }
    },
    {
      "type": "Feature",
      "id": "pmed-infra-749507704",
      "geometry": {
        "type": "LineString",
        "coordinates": [
          [
            87.340837,
            22.343604
          ],
          [
            87.340334,
            22.343544
          ]
        ]
      },
      "properties": {
        "osm_id": 749507704,
        "name": "South Eastern Railway Howrah-Mumbai / Kharagpur Main Corridor",
        "infrastructure_type": "Railway",
        "district": "Paschim Medinipur",
        "state": "West Bengal",
        "statutory_authority": "NHAI / PWD / South Eastern Railway / I&WD"
      }
    },
    {
      "type": "Feature",
      "id": "pmed-infra-749507705",
      "geometry": {
        "type": "LineString",
        "coordinates": [
          [
            87.343425,
            22.344053
          ],
          [
            87.343979,
            22.344213
          ]
        ]
      },
      "properties": {
        "osm_id": 749507705,
        "name": "South Eastern Railway Howrah-Mumbai / Kharagpur Main Corridor",
        "infrastructure_type": "Railway",
        "district": "Paschim Medinipur",
        "state": "West Bengal",
        "statutory_authority": "NHAI / PWD / South Eastern Railway / I&WD"
      }
    },
    {
      "type": "Feature",
      "id": "pmed-infra-749507706",
      "geometry": {
        "type": "LineString",
        "coordinates": [
          [
            87.342439,
            22.343912
          ],
          [
            87.343025,
            22.344071
          ]
        ]
      },
      "properties": {
        "osm_id": 749507706,
        "name": "South Eastern Railway Howrah-Mumbai / Kharagpur Main Corridor",
        "infrastructure_type": "Railway",
        "district": "Paschim Medinipur",
        "state": "West Bengal",
        "statutory_authority": "NHAI / PWD / South Eastern Railway / I&WD"
      }
    },
    {
      "type": "Feature",
      "id": "pmed-infra-749692657",
      "geometry": {
        "type": "LineString",
        "coordinates": [
          [
            87.323166,
            22.34037
          ],
          [
            87.326697,
            22.341058
          ]
        ]
      },
      "properties": {
        "osm_id": 749692657,
        "name": "South Eastern Railway Howrah-Mumbai / Kharagpur Main Corridor",
        "infrastructure_type": "Railway",
        "district": "Paschim Medinipur",
        "state": "West Bengal",
        "statutory_authority": "NHAI / PWD / South Eastern Railway / I&WD"
      }
    },
    {
      "type": "Feature",
      "id": "pmed-infra-749692658",
      "geometry": {
        "type": "LineString",
        "coordinates": [
          [
            87.32389,
            22.340462
          ],
          [
            87.325959,
            22.340868
          ]
        ]
      },
      "properties": {
        "osm_id": 749692658,
        "name": "South Eastern Railway Howrah-Mumbai / Kharagpur Main Corridor",
        "infrastructure_type": "Railway",
        "district": "Paschim Medinipur",
        "state": "West Bengal",
        "statutory_authority": "NHAI / PWD / South Eastern Railway / I&WD"
      }
    },
    {
      "type": "Feature",
      "id": "pmed-infra-749749005",
      "geometry": {
        "type": "LineString",
        "coordinates": [
          [
            87.294991,
            22.372814
          ],
          [
            87.294889,
            22.373022
          ],
          [
            87.294835,
            22.37315
          ],
          [
            87.293744,
            22.376336
          ],
          [
            87.292554,
            22.379789
          ],
          [
            87.292502,
            22.379963
          ],
          [
            87.292387,
            22.380409
          ]
        ]
      },
      "properties": {
        "osm_id": 749749005,
        "name": "South Eastern Railway Howrah-Mumbai / Kharagpur Main Corridor",
        "infrastructure_type": "Railway",
        "district": "Paschim Medinipur",
        "state": "West Bengal",
        "statutory_authority": "NHAI / PWD / South Eastern Railway / I&WD"
      }
    },
    {
      "type": "Feature",
      "id": "pmed-infra-749749006",
      "geometry": {
        "type": "LineString",
        "coordinates": [
          [
            87.297862,
            22.364111
          ],
          [
            87.297707,
            22.364503
          ],
          [
            87.297326,
            22.365669
          ],
          [
            87.297186,
            22.365966
          ],
          [
            87.297117,
            22.366289
          ],
          [
            87.296918,
            22.366631
          ],
          [
            87.296661,
            22.367445
          ],
          [
            87.296262,
            22.367997
          ],
          [
            87.296103,
            22.368715
          ],
          [
            87.296001,
            22.368695
          ],
          [
            87.295722,
            22.368734
          ],
          [
            87.295588,
            22.3687
          ],
          [
            87.295518,
            22.369007
          ],
          [
            87.295657,
            22.369211
          ],
          [
            87.295614,
            22.36937
          ],
          [
            87.295475,
            22.369459
          ],
          [
            87.29555,
            22.369548
          ],
          [
            87.295572,
            22.369687
          ],
          [
            87.295459,
            22.370109
          ],
          [
            87.295212,
            22.370238
          ],
          [
            87.294972,
            22.370572
          ],
          [
            87.294907,
            22.371144
          ],
          [
            87.294874,
            22.37121
          ],
          [
            87.294499,
            22.371284
          ],
          [
            87.294461,
            22.371349
          ],
          [
            87.294472,
            22.371637
          ],
          [
            87.294429,
            22.371746
          ],
          [
            87.294295,
            22.371756
          ],
          [
            87.294263,
            22.37183
          ],
          [
            87.294257,
            22.372026
          ],
          [
            87.294308,
            22.372133
          ],
          [
            87.294408,
            22.372222
          ],
          [
            87.294804,
            22.372356
          ],
          [
            87.295038,
            22.372331
          ],
          [
            87.295346,
            22.372381
          ],
          [
            87.295505,
            22.372465
          ],
          [
            87.295727,
            22.372619
          ],
          [
            87.295759,
            22.372772
          ],
          [
            87.295754,
            22.372899
          ],
          [
            87.295934,
            22.372934
          ],
          [
            87.296183,
            22.37282
          ],
          [
            87.296349,
            22.372834
          ],
          [
            87.296714,
            22.372961
          ],
          [
            87.29695,
            22.372931
          ],
          [
            87.297369,
            22.372678
          ],
          [
            87.297573,
            22.372668
          ],
          [
            87.298168,
            22.372758
          ],
          [
            87.298141,
            22.372966
          ],
          [
            87.298286,
            22.373239
          ],
          [
            87.298533,
            22.373487
          ],
          [
            87.29871,
            22.373551
          ],
          [
            87.299284,
            22.373512
          ],
          [
            87.299359,
            22.373527
          ],
          [
            87.299809,
            22.373839
          ],
          [
            87.299906,
            22.373854
          ],
          [
            87.299938,
            22.37372
          ],
          [
            87.300233,
            22.373427
          ],
          [
            87.30033,
            22.373259
          ],
          [
            87.300469,
            22.372902
          ],
          [
            87.300555,
            22.372671
          ],
          [
            87.30085,
            22.37251
          ],
          [
            87.301161,
            22.372477
          ],
          [
            87.301405,
            22.372653
          ],
          [
            87.301647,
            22.372663
          ],
          [
            87.301939,
            22.372259
          ],
          [
            87.302044,
            22.372222
          ],
          [
            87.302599,
            22.371956
          ],
          [
            87.302634,
            22.371835
          ],
          [
            87.303063,
            22.371775
          ],
          [
            87.303377,
            22.371629
          ],
          [
            87.303406,
            22.371468
          ],
          [
            87.303709,
            22.371215
          ],
          [
            87.304222,
            22.371061
          ],
          [
            87.304646,
            22.37114
          ],
          [
            87.304924,
            22.371155
          ],
          [
            87.305367,
            22.371108
          ],
          [
            87.305544,
            22.371148
          ],
          [
            87.307169,
            22.372301
          ],
          [
            87.307352,
            22.372386
          ],
          [
            87.307942,
            22.372346
          ],
          [
            87.308226,
            22.372138
          ],
          [
            87.308924,
            22.37186
          ],
          [
            87.31012,
            22.37125
          ],
          [
            87.312738,
            22.370664
          ],
          [
            87.314175,
            22.370545
          ],
          [
            87.315688,
            22.370853
          ],
          [
            87.318488,
            22.372053
          ],
          [
            87.321686,
            22.374008
          ],
          [
            87.323874,
            22.376349
          ],
          [
            87.324657,
            22.377341
          ],
          [
            87.324947,
            22.377976
          ],
          [
            87.325172,
            22.379444
          ],
          [
            87.325081,
            22.383917
          ],
          [
            87.32507,
            22.384123
          ],
          [
            87.324861,
            22.38435
          ],
          [
            87.325044,
            22.385278
          ],
          [
            87.325006,
            22.385585
          ],
          [
            87.324851,
            22.386136
          ],
          [
            87.325006,
            22.386662
          ],
          [
            87.324942,
            22.386994
          ],
          [
            87.324759,
            22.387306
          ],
          [
            87.324716,
            22.387698
          ],
          [
            87.324867,
            22.387996
          ],
          [
            87.324851,
            22.388373
          ],
          [
            87.324625,
            22.389514
          ],
          [
            87.324824,
            22.390501
          ],
          [
            87.324722,
            22.390888
          ],
          [
            87.324336,
            22.391155
          ],
          [
            87.323955,
            22.391552
          ],
          [
            87.323858,
            22.392048
          ],
          [
            87.323969,
            22.392409
          ],
          [
            87.324429,
            22.393096
          ]
        ]
      },
      "properties": {
        "osm_id": 749749006,
        "name": "Kangsabati River (Kasai River Drainage Basin)",
        "infrastructure_type": "Waterway",
        "district": "Paschim Medinipur",
        "state": "West Bengal",
        "statutory_authority": "NHAI / PWD / South Eastern Railway / I&WD"
      }
    },
    {
      "type": "Feature",
      "id": "pmed-infra-749749007",
      "geometry": {
        "type": "LineString",
        "coordinates": [
          [
            87.295185,
            22.372245
          ],
          [
            87.295106,
            22.372481
          ]
        ]
      },
      "properties": {
        "osm_id": 749749007,
        "name": "South Eastern Railway Howrah-Mumbai / Kharagpur Main Corridor",
        "infrastructure_type": "Railway",
        "district": "Paschim Medinipur",
        "state": "West Bengal",
        "statutory_authority": "NHAI / PWD / South Eastern Railway / I&WD"
      }
    },
    {
      "type": "Feature",
      "id": "pmed-infra-749749008",
      "geometry": {
        "type": "LineString",
        "coordinates": [
          [
            87.295154,
            22.37249
          ],
          [
            87.295235,
            22.372253
          ]
        ]
      },
      "properties": {
        "osm_id": 749749008,
        "name": "South Eastern Railway Howrah-Mumbai / Kharagpur Main Corridor",
        "infrastructure_type": "Railway",
        "district": "Paschim Medinipur",
        "state": "West Bengal",
        "statutory_authority": "NHAI / PWD / South Eastern Railway / I&WD"
      }
    },
    {
      "type": "Feature",
      "id": "pmed-infra-749749009",
      "geometry": {
        "type": "LineString",
        "coordinates": [
          [
            87.291384,
            22.407495
          ],
          [
            87.290076,
            22.406978
          ],
          [
            87.289483,
            22.406683
          ],
          [
            87.288738,
            22.406217
          ],
          [
            87.287987,
            22.405622
          ],
          [
            87.287442,
            22.405071
          ],
          [
            87.286545,
            22.403756
          ],
          [
            87.286361,
            22.403346
          ],
          [
            87.286138,
            22.402806
          ],
          [
            87.285971,
            22.402303
          ],
          [
            87.285835,
            22.401468
          ],
          [
            87.285795,
            22.400906
          ],
          [
            87.285815,
            22.400336
          ],
          [
            87.285921,
            22.399644
          ],
          [
            87.28607,
            22.398937
          ],
          [
            87.28657,
            22.397467
          ],
          [
            87.287517,
            22.394553
          ],
          [
            87.29034,
            22.386508
          ],
          [
            87.290669,
            22.385555
          ],
          [
            87.291068,
            22.384389
          ],
          [
            87.291409,
            22.383407
          ],
          [
            87.291646,
            22.382714
          ],
          [
            87.291881,
            22.382024
          ],
          [
            87.292322,
            22.38074
          ],
          [
            87.29246,
            22.380342
          ],
          [
            87.293826,
            22.376362
          ],
          [
            87.295069,
            22.37274
          ],
          [
            87.295154,
            22.37249
          ]
        ]
      },
      "properties": {
        "osm_id": 749749009,
        "name": "South Eastern Railway Howrah-Mumbai / Kharagpur Main Corridor",
        "infrastructure_type": "Railway",
        "district": "Paschim Medinipur",
        "state": "West Bengal",
        "statutory_authority": "NHAI / PWD / South Eastern Railway / I&WD"
      }
    },
    {
      "type": "Feature",
      "id": "pmed-infra-749749010",
      "geometry": {
        "type": "LineString",
        "coordinates": [
          [
            87.295106,
            22.372481
          ],
          [
            87.294991,
            22.372814
          ],
          [
            87.293779,
            22.376348
          ],
          [
            87.292387,
            22.380409
          ],
          [
            87.292054,
            22.381381
          ],
          [
            87.292028,
            22.381454
          ],
          [
            87.291847,
            22.381963
          ],
          [
            87.290289,
            22.386462
          ],
          [
            87.287474,
            22.394528
          ],
          [
            87.286511,
            22.397452
          ],
          [
            87.286019,
            22.398926
          ],
          [
            87.285867,
            22.399635
          ],
          [
            87.285754,
            22.400334
          ],
          [
            87.285694,
            22.401405
          ],
          [
            87.285813,
            22.402354
          ],
          [
            87.285999,
            22.402925
          ],
          [
            87.286186,
            22.403455
          ],
          [
            87.28638,
            22.40393
          ],
          [
            87.286768,
            22.404613
          ],
          [
            87.287338,
            22.405347
          ],
          [
            87.287882,
            22.405954
          ],
          [
            87.288659,
            22.406567
          ],
          [
            87.289335,
            22.407007
          ],
          [
            87.289995,
            22.407329
          ],
          [
            87.291266,
            22.407866
          ]
        ]
      },
      "properties": {
        "osm_id": 749749010,
        "name": "South Eastern Railway Howrah-Mumbai / Kharagpur Main Corridor",
        "infrastructure_type": "Railway",
        "district": "Paschim Medinipur",
        "state": "West Bengal",
        "statutory_authority": "NHAI / PWD / South Eastern Railway / I&WD"
      }
    },
    {
      "type": "Feature",
      "id": "pmed-infra-749749011",
      "geometry": {
        "type": "LineString",
        "coordinates": [
          [
            87.29246,
            22.380342
          ],
          [
            87.292671,
            22.379878
          ],
          [
            87.293866,
            22.376375
          ],
          [
            87.294941,
            22.373276
          ],
          [
            87.294982,
            22.373142
          ],
          [
            87.295069,
            22.37274
          ]
        ]
      },
      "properties": {
        "osm_id": 749749011,
        "name": "South Eastern Railway Howrah-Mumbai / Kharagpur Main Corridor",
        "infrastructure_type": "Railway",
        "district": "Paschim Medinipur",
        "state": "West Bengal",
        "statutory_authority": "NHAI / PWD / South Eastern Railway / I&WD"
      }
    },
    {
      "type": "Feature",
      "id": "pmed-infra-764365946",
      "geometry": {
        "type": "LineString",
        "coordinates": [
          [
            87.270556,
            22.33306
          ],
          [
            87.27023,
            22.332976
          ],
          [
            87.270032,
            22.332909
          ],
          [
            87.269032,
            22.332614
          ],
          [
            87.268236,
            22.332399
          ],
          [
            87.267914,
            22.332321
          ],
          [
            87.266928,
            22.332068
          ],
          [
            87.266733,
            22.332004
          ],
          [
            87.2664,
            22.331852
          ],
          [
            87.265934,
            22.331591
          ],
          [
            87.265507,
            22.3313
          ],
          [
            87.263513,
            22.329971
          ],
          [
            87.262672,
            22.32939
          ]
        ]
      },
      "properties": {
        "osm_id": 764365946,
        "name": "South Eastern Railway Howrah-Mumbai / Kharagpur Main Corridor",
        "infrastructure_type": "Railway",
        "district": "Paschim Medinipur",
        "state": "West Bengal",
        "statutory_authority": "NHAI / PWD / South Eastern Railway / I&WD"
      }
    },
    {
      "type": "Feature",
      "id": "pmed-infra-764365947",
      "geometry": {
        "type": "LineString",
        "coordinates": [
          [
            87.286052,
            22.334934
          ],
          [
            87.28575,
            22.334822
          ],
          [
            87.28556,
            22.334698
          ],
          [
            87.285217,
            22.334448
          ],
          [
            87.284911,
            22.33417
          ],
          [
            87.284629,
            22.333852
          ],
          [
            87.284439,
            22.333664
          ],
          [
            87.283817,
            22.333153
          ],
          [
            87.283538,
            22.332942
          ],
          [
            87.283256,
            22.332793
          ],
          [
            87.282921,
            22.332659
          ],
          [
            87.28258,
            22.332579
          ],
          [
            87.278227,
            22.331959
          ],
          [
            87.277857,
            22.331908
          ],
          [
            87.277594,
            22.331906
          ],
          [
            87.277401,
            22.331943
          ],
          [
            87.277108,
            22.332034
          ],
          [
            87.276524,
            22.332339
          ],
          [
            87.276192,
            22.332546
          ],
          [
            87.275983,
            22.33265
          ],
          [
            87.275767,
            22.332721
          ],
          [
            87.275165,
            22.332885
          ],
          [
            87.275008,
            22.332912
          ],
          [
            87.274806,
            22.332933
          ],
          [
            87.27468,
            22.33294
          ],
          [
            87.274515,
            22.332942
          ],
          [
            87.274,
            22.332919
          ],
          [
            87.273468,
            22.33289
          ],
          [
            87.273235,
            22.332875
          ],
          [
            87.272736,
            22.33283
          ],
          [
            87.272254,
            22.332762
          ],
          [
            87.272055,
            22.332745
          ],
          [
            87.271615,
            22.332736
          ],
          [
            87.271465,
            22.332727
          ],
          [
            87.271277,
            22.332706
          ],
          [
            87.271048,
            22.332648
          ],
          [
            87.27078,
            22.332573
          ],
          [
            87.269838,
            22.332295
          ],
          [
            87.269479,
            22.332179
          ],
          [
            87.26915,
            22.332068
          ],
          [
            87.268965,
            22.331971
          ],
          [
            87.268847,
            22.331854
          ],
          [
            87.26859,
            22.331653
          ],
          [
            87.268412,
            22.331506
          ],
          [
            87.268218,
            22.331352
          ],
          [
            87.268002,
            22.331233
          ],
          [
            87.267754,
            22.331123
          ],
          [
            87.26733,
            22.330937
          ],
          [
            87.266823,
            22.330711
          ],
          [
            87.26654,
            22.33061
          ],
          [
            87.266259,
            22.330552
          ],
          [
            87.266008,
            22.33051
          ],
          [
            87.265312,
            22.330298
          ]
        ]
      },
      "properties": {
        "osm_id": 764365947,
        "name": "South Eastern Railway Howrah-Mumbai / Kharagpur Main Corridor",
        "infrastructure_type": "Railway",
        "district": "Paschim Medinipur",
        "state": "West Bengal",
        "statutory_authority": "NHAI / PWD / South Eastern Railway / I&WD"
      }
    },
    {
      "type": "Feature",
      "id": "pmed-infra-764365948",
      "geometry": {
        "type": "LineString",
        "coordinates": [
          [
            87.272736,
            22.33283
          ],
          [
            87.272349,
            22.332726
          ],
          [
            87.272159,
            22.332669
          ],
          [
            87.271494,
            22.332409
          ],
          [
            87.270982,
            22.332222
          ]
        ]
      },
      "properties": {
        "osm_id": 764365948,
        "name": "South Eastern Railway Howrah-Mumbai / Kharagpur Main Corridor",
        "infrastructure_type": "Railway",
        "district": "Paschim Medinipur",
        "state": "West Bengal",
        "statutory_authority": "NHAI / PWD / South Eastern Railway / I&WD"
      }
    },
    {
      "type": "Feature",
      "id": "pmed-infra-825823712",
      "geometry": {
        "type": "LineString",
        "coordinates": [
          [
            87.318523,
            22.339167
          ],
          [
            87.319018,
            22.339278
          ],
          [
            87.319147,
            22.339309
          ],
          [
            87.319525,
            22.3394
          ],
          [
            87.319817,
            22.339474
          ],
          [
            87.320256,
            22.339629
          ],
          [
            87.320484,
            22.339687
          ],
          [
            87.320771,
            22.339754
          ],
          [
            87.321043,
            22.339812
          ],
          [
            87.324686,
            22.340538
          ],
          [
            87.325256,
            22.340646
          ],
          [
            87.325418,
            22.340677
          ],
          [
            87.326834,
            22.340967
          ],
          [
            87.329262,
            22.341443
          ],
          [
            87.329549,
            22.341486
          ],
          [
            87.329746,
            22.341517
          ],
          [
            87.330291,
            22.341586
          ],
          [
            87.330878,
            22.341652
          ],
          [
            87.331203,
            22.34169
          ],
          [
            87.331244,
            22.341697
          ],
          [
            87.332011,
            22.341831
          ],
          [
            87.332379,
            22.341904
          ],
          [
            87.333855,
            22.342207
          ]
        ]
      },
      "properties": {
        "osm_id": 825823712,
        "name": "Mumbai\u2013Nagpur line",
        "infrastructure_type": "Railway",
        "district": "Paschim Medinipur",
        "state": "West Bengal",
        "statutory_authority": "NHAI / PWD / South Eastern Railway / I&WD"
      }
    },
    {
      "type": "Feature",
      "id": "pmed-infra-825823713",
      "geometry": {
        "type": "LineString",
        "coordinates": [
          [
            87.330939,
            22.34179
          ],
          [
            87.33136,
            22.341815
          ],
          [
            87.33159,
            22.341836
          ],
          [
            87.331998,
            22.341875
          ],
          [
            87.332369,
            22.341951
          ],
          [
            87.333088,
            22.342099
          ],
          [
            87.333659,
            22.342174
          ],
          [
            87.333855,
            22.342207
          ]
        ]
      },
      "properties": {
        "osm_id": 825823713,
        "name": "Howrah - Chennai Main Line",
        "infrastructure_type": "Railway",
        "district": "Paschim Medinipur",
        "state": "West Bengal",
        "statutory_authority": "NHAI / PWD / South Eastern Railway / I&WD"
      }
    },
    {
      "type": "Feature",
      "id": "pmed-infra-825823714",
      "geometry": {
        "type": "LineString",
        "coordinates": [
          [
            87.330192,
            22.341797
          ],
          [
            87.330942,
            22.341828
          ],
          [
            87.331226,
            22.341851
          ],
          [
            87.331656,
            22.34192
          ]
        ]
      },
      "properties": {
        "osm_id": 825823714,
        "name": "South Eastern Railway Howrah-Mumbai / Kharagpur Main Corridor",
        "infrastructure_type": "Railway",
        "district": "Paschim Medinipur",
        "state": "West Bengal",
        "statutory_authority": "NHAI / PWD / South Eastern Railway / I&WD"
      }
    },
    {
      "type": "Feature",
      "id": "pmed-infra-825823715",
      "geometry": {
        "type": "LineString",
        "coordinates": [
          [
            87.330192,
            22.341797
          ],
          [
            87.330939,
            22.34179
          ]
        ]
      },
      "properties": {
        "osm_id": 825823715,
        "name": "South Eastern Railway Howrah-Mumbai / Kharagpur Main Corridor",
        "infrastructure_type": "Railway",
        "district": "Paschim Medinipur",
        "state": "West Bengal",
        "statutory_authority": "NHAI / PWD / South Eastern Railway / I&WD"
      }
    },
    {
      "type": "Feature",
      "id": "pmed-infra-825823716",
      "geometry": {
        "type": "LineString",
        "coordinates": [
          [
            87.318855,
            22.339856
          ],
          [
            87.319242,
            22.339973
          ],
          [
            87.319464,
            22.340023
          ],
          [
            87.319783,
            22.340103
          ],
          [
            87.320162,
            22.340178
          ],
          [
            87.320714,
            22.340269
          ],
          [
            87.321465,
            22.34036
          ]
        ]
      },
      "properties": {
        "osm_id": 825823716,
        "name": "Howrah - Chennai Main Line",
        "infrastructure_type": "Railway",
        "district": "Paschim Medinipur",
        "state": "West Bengal",
        "statutory_authority": "NHAI / PWD / South Eastern Railway / I&WD"
      }
    },
    {
      "type": "Feature",
      "id": "pmed-infra-825823717",
      "geometry": {
        "type": "LineString",
        "coordinates": [
          [
            87.322199,
            22.340494
          ],
          [
            87.320726,
            22.340321
          ]
        ]
      },
      "properties": {
        "osm_id": 825823717,
        "name": "South Eastern Railway Howrah-Mumbai / Kharagpur Main Corridor",
        "infrastructure_type": "Railway",
        "district": "Paschim Medinipur",
        "state": "West Bengal",
        "statutory_authority": "NHAI / PWD / South Eastern Railway / I&WD"
      }
    },
    {
      "type": "Feature",
      "id": "pmed-infra-825823718",
      "geometry": {
        "type": "LineString",
        "coordinates": [
          [
            87.319465,
            22.34008
          ],
          [
            87.320159,
            22.340224
          ],
          [
            87.320726,
            22.340321
          ]
        ]
      },
      "properties": {
        "osm_id": 825823718,
        "name": "South Eastern Railway Howrah-Mumbai / Kharagpur Main Corridor",
        "infrastructure_type": "Railway",
        "district": "Paschim Medinipur",
        "state": "West Bengal",
        "statutory_authority": "NHAI / PWD / South Eastern Railway / I&WD"
      }
    },
    {
      "type": "Feature",
      "id": "pmed-infra-825823719",
      "geometry": {
        "type": "LineString",
        "coordinates": [
          [
            87.320726,
            22.340321
          ],
          [
            87.321626,
            22.340493
          ],
          [
            87.322709,
            22.340714
          ],
          [
            87.327953,
            22.341753
          ],
          [
            87.328252,
            22.341798
          ],
          [
            87.328468,
            22.341828
          ],
          [
            87.328724,
            22.341855
          ],
          [
            87.328958,
            22.341863
          ],
          [
            87.329213,
            22.341849
          ],
          [
            87.329778,
            22.34184
          ],
          [
            87.330536,
            22.341867
          ],
          [
            87.331656,
            22.34192
          ],
          [
            87.332275,
            22.342045
          ],
          [
            87.332551,
            22.342123
          ],
          [
            87.332839,
            22.342227
          ],
          [
            87.333501,
            22.342509
          ],
          [
            87.33368,
            22.342574
          ],
          [
            87.333865,
            22.34262
          ],
          [
            87.334338,
            22.342689
          ]
        ]
      },
      "properties": {
        "osm_id": 825823719,
        "name": "South Eastern Railway Howrah-Mumbai / Kharagpur Main Corridor",
        "infrastructure_type": "Railway",
        "district": "Paschim Medinipur",
        "state": "West Bengal",
        "statutory_authority": "NHAI / PWD / South Eastern Railway / I&WD"
      }
    },
    {
      "type": "Feature",
      "id": "pmed-infra-825823720",
      "geometry": {
        "type": "LineString",
        "coordinates": [
          [
            87.321465,
            22.34036
          ],
          [
            87.321851,
            22.340407
          ],
          [
            87.322046,
            22.340429
          ],
          [
            87.322623,
            22.340511
          ],
          [
            87.322876,
            22.340557
          ],
          [
            87.328065,
            22.341595
          ],
          [
            87.328443,
            22.341656
          ],
          [
            87.328757,
            22.34169
          ],
          [
            87.329945,
            22.34176
          ],
          [
            87.330939,
            22.34179
          ]
        ]
      },
      "properties": {
        "osm_id": 825823720,
        "name": "Howrah - Chennai Main Line",
        "infrastructure_type": "Railway",
        "district": "Paschim Medinipur",
        "state": "West Bengal",
        "statutory_authority": "NHAI / PWD / South Eastern Railway / I&WD"
      }
    },
    {
      "type": "Feature",
      "id": "pmed-infra-825823724",
      "geometry": {
        "type": "LineString",
        "coordinates": [
          [
            87.317458,
            22.33892
          ],
          [
            87.316716,
            22.338722
          ]
        ]
      },
      "properties": {
        "osm_id": 825823724,
        "name": "Howrah - Chennai Main Line",
        "infrastructure_type": "Railway",
        "district": "Paschim Medinipur",
        "state": "West Bengal",
        "statutory_authority": "NHAI / PWD / South Eastern Railway / I&WD"
      }
    },
    {
      "type": "Feature",
      "id": "pmed-infra-825823725",
      "geometry": {
        "type": "LineString",
        "coordinates": [
          [
            87.316716,
            22.338722
          ],
          [
            87.316176,
            22.338585
          ],
          [
            87.315362,
            22.338337
          ],
          [
            87.314955,
            22.338197
          ],
          [
            87.314628,
            22.338069
          ],
          [
            87.314252,
            22.337907
          ],
          [
            87.313786,
            22.337676
          ],
          [
            87.313388,
            22.337448
          ],
          [
            87.312838,
            22.337109
          ],
          [
            87.312726,
            22.337034
          ],
          [
            87.312141,
            22.336585
          ],
          [
            87.311663,
            22.336152
          ],
          [
            87.311055,
            22.335456
          ],
          [
            87.311009,
            22.335392
          ],
          [
            87.310925,
            22.335274
          ],
          [
            87.310699,
            22.334957
          ],
          [
            87.310514,
            22.334615
          ],
          [
            87.3102,
            22.334062
          ],
          [
            87.310027,
            22.333689
          ],
          [
            87.309833,
            22.333215
          ],
          [
            87.309679,
            22.332741
          ],
          [
            87.309598,
            22.332389
          ],
          [
            87.30953,
            22.332015
          ],
          [
            87.309467,
            22.331494
          ],
          [
            87.309452,
            22.33096
          ],
          [
            87.309482,
            22.330375
          ],
          [
            87.309539,
            22.329587
          ],
          [
            87.309637,
            22.329082
          ],
          [
            87.309765,
            22.328575
          ],
          [
            87.309885,
            22.328218
          ],
          [
            87.310029,
            22.327875
          ],
          [
            87.310232,
            22.327461
          ],
          [
            87.310439,
            22.327123
          ],
          [
            87.310736,
            22.326659
          ],
          [
            87.31107,
            22.326224
          ],
          [
            87.311435,
            22.325827
          ],
          [
            87.311676,
            22.325596
          ],
          [
            87.312061,
            22.325235
          ],
          [
            87.312389,
            22.324964
          ],
          [
            87.312857,
            22.324601
          ],
          [
            87.313214,
            22.324321
          ],
          [
            87.313674,
            22.323985
          ]
        ]
      },
      "properties": {
        "osm_id": 825823725,
        "name": "Howrah - Chennai Main Line",
        "infrastructure_type": "Railway",
        "district": "Paschim Medinipur",
        "state": "West Bengal",
        "statutory_authority": "NHAI / PWD / South Eastern Railway / I&WD"
      }
    },
    {
      "type": "Feature",
      "id": "pmed-infra-825859737",
      "geometry": {
        "type": "LineString",
        "coordinates": [
          [
            87.324711,
            22.340184
          ],
          [
            87.324146,
            22.340023
          ]
        ]
      },
      "properties": {
        "osm_id": 825859737,
        "name": "South Eastern Railway Howrah-Mumbai / Kharagpur Main Corridor",
        "infrastructure_type": "Railway",
        "district": "Paschim Medinipur",
        "state": "West Bengal",
        "statutory_authority": "NHAI / PWD / South Eastern Railway / I&WD"
      }
    },
    {
      "type": "Feature",
      "id": "pmed-infra-825859738",
      "geometry": {
        "type": "LineString",
        "coordinates": [
          [
            87.317686,
            22.338966
          ],
          [
            87.318132,
            22.339047
          ],
          [
            87.318514,
            22.339109
          ],
          [
            87.318767,
            22.339135
          ],
          [
            87.319258,
            22.339195
          ],
          [
            87.319453,
            22.339216
          ],
          [
            87.31992,
            22.339296
          ],
          [
            87.320081,
            22.339318
          ],
          [
            87.320409,
            22.339357
          ],
          [
            87.320491,
            22.339367
          ],
          [
            87.320731,
            22.339403
          ],
          [
            87.321016,
            22.339451
          ],
          [
            87.32131,
            22.339509
          ],
          [
            87.324711,
            22.340184
          ],
          [
            87.32478,
            22.340198
          ],
          [
            87.325319,
            22.340301
          ],
          [
            87.329448,
            22.341122
          ],
          [
            87.329674,
            22.341167
          ],
          [
            87.329949,
            22.341239
          ],
          [
            87.330251,
            22.341331
          ],
          [
            87.330502,
            22.341418
          ],
          [
            87.330761,
            22.341506
          ],
          [
            87.331238,
            22.341647
          ]
        ]
      },
      "properties": {
        "osm_id": 825859738,
        "name": "South Eastern Railway Howrah-Mumbai / Kharagpur Main Corridor",
        "infrastructure_type": "Railway",
        "district": "Paschim Medinipur",
        "state": "West Bengal",
        "statutory_authority": "NHAI / PWD / South Eastern Railway / I&WD"
      }
    },
    {
      "type": "Feature",
      "id": "pmed-infra-825859739",
      "geometry": {
        "type": "LineString",
        "coordinates": [
          [
            87.317686,
            22.338966
          ],
          [
            87.317458,
            22.33892
          ]
        ]
      },
      "properties": {
        "osm_id": 825859739,
        "name": "Howrah - Chennai Main Line",
        "infrastructure_type": "Railway",
        "district": "Paschim Medinipur",
        "state": "West Bengal",
        "statutory_authority": "NHAI / PWD / South Eastern Railway / I&WD"
      }
    },
    {
      "type": "Feature",
      "id": "pmed-infra-825859740",
      "geometry": {
        "type": "LineString",
        "coordinates": [
          [
            87.318304,
            22.339127
          ],
          [
            87.317702,
            22.339009
          ],
          [
            87.317403,
            22.33895
          ],
          [
            87.316778,
            22.338828
          ],
          [
            87.316344,
            22.338736
          ],
          [
            87.315337,
            22.338427
          ],
          [
            87.314898,
            22.338288
          ],
          [
            87.314585,
            22.33817
          ],
          [
            87.314215,
            22.338017
          ],
          [
            87.313646,
            22.33774
          ],
          [
            87.313308,
            22.337536
          ],
          [
            87.312612,
            22.337108
          ],
          [
            87.312046,
            22.336657
          ],
          [
            87.311595,
            22.336231
          ],
          [
            87.311369,
            22.335992
          ],
          [
            87.311134,
            22.335714
          ],
          [
            87.310886,
            22.335418
          ],
          [
            87.310607,
            22.335015
          ],
          [
            87.310319,
            22.334555
          ],
          [
            87.310133,
            22.334209
          ],
          [
            87.309954,
            22.333836
          ],
          [
            87.309838,
            22.333529
          ],
          [
            87.309708,
            22.33319
          ],
          [
            87.309578,
            22.332758
          ],
          [
            87.309484,
            22.332335
          ],
          [
            87.309416,
            22.331855
          ],
          [
            87.309352,
            22.331329
          ],
          [
            87.309278,
            22.330523
          ],
          [
            87.309205,
            22.329735
          ],
          [
            87.309121,
            22.329118
          ],
          [
            87.308997,
            22.328643
          ],
          [
            87.308657,
            22.3278
          ]
        ]
      },
      "properties": {
        "osm_id": 825859740,
        "name": "South Eastern Railway Howrah-Mumbai / Kharagpur Main Corridor",
        "infrastructure_type": "Railway",
        "district": "Paschim Medinipur",
        "state": "West Bengal",
        "statutory_authority": "NHAI / PWD / South Eastern Railway / I&WD"
      }
    },
    {
      "type": "Feature",
      "id": "pmed-infra-846930663",
      "geometry": {
        "type": "LineString",
        "coordinates": [
          [
            87.271895,
            22.333155
          ],
          [
            87.272176,
            22.3331
          ],
          [
            87.272679,
            22.332984
          ],
          [
            87.27294,
            22.332935
          ],
          [
            87.273172,
            22.33292
          ],
          [
            87.27332,
            22.332915
          ],
          [
            87.273481,
            22.332928
          ],
          [
            87.27382,
            22.33299
          ],
          [
            87.273978,
            22.333006
          ],
          [
            87.274279,
            22.33302
          ],
          [
            87.274414,
            22.333014
          ],
          [
            87.274674,
            22.332998
          ],
          [
            87.274895,
            22.332977
          ],
          [
            87.275099,
            22.332969
          ],
          [
            87.275293,
            22.332971
          ],
          [
            87.275664,
            22.332942
          ],
          [
            87.275865,
            22.332914
          ],
          [
            87.276116,
            22.332863
          ],
          [
            87.276327,
            22.332805
          ],
          [
            87.276589,
            22.33272
          ],
          [
            87.277168,
            22.332501
          ],
          [
            87.277713,
            22.332348
          ],
          [
            87.277996,
            22.332294
          ],
          [
            87.278302,
            22.332288
          ],
          [
            87.278556,
            22.33231
          ],
          [
            87.280117,
            22.332546
          ]
        ]
      },
      "properties": {
        "osm_id": 846930663,
        "name": "South Eastern Railway Howrah-Mumbai / Kharagpur Main Corridor",
        "infrastructure_type": "Railway",
        "district": "Paschim Medinipur",
        "state": "West Bengal",
        "statutory_authority": "NHAI / PWD / South Eastern Railway / I&WD"
      }
    },
    {
      "type": "Feature",
      "id": "pmed-infra-846930684",
      "geometry": {
        "type": "LineString",
        "coordinates": [
          [
            87.285659,
            22.335048
          ],
          [
            87.285611,
            22.335048
          ],
          [
            87.284951,
            22.335044
          ],
          [
            87.284418,
            22.33507
          ],
          [
            87.283955,
            22.335117
          ],
          [
            87.283689,
            22.335129
          ],
          [
            87.283337,
            22.335123
          ],
          [
            87.283064,
            22.335099
          ],
          [
            87.27726,
            22.334282
          ],
          [
            87.276917,
            22.334208
          ],
          [
            87.276621,
            22.334117
          ]
        ]
      },
      "properties": {
        "osm_id": 846930684,
        "name": "South Eastern Railway Howrah-Mumbai / Kharagpur Main Corridor",
        "infrastructure_type": "Railway",
        "district": "Paschim Medinipur",
        "state": "West Bengal",
        "statutory_authority": "NHAI / PWD / South Eastern Railway / I&WD"
      }
    },
    {
      "type": "Feature",
      "id": "pmed-infra-868003543",
      "geometry": {
        "type": "LineString",
        "coordinates": [
          [
            87.301294,
            22.335839
          ],
          [
            87.30048,
            22.335817
          ],
          [
            87.300017,
            22.335804
          ],
          [
            87.299793,
            22.335785
          ],
          [
            87.299461,
            22.335751
          ],
          [
            87.298466,
            22.335583
          ],
          [
            87.298277,
            22.335555
          ],
          [
            87.297915,
            22.335469
          ],
          [
            87.295354,
            22.335061
          ]
        ]
      },
      "properties": {
        "osm_id": 868003543,
        "name": "South Eastern Railway Howrah-Mumbai / Kharagpur Main Corridor",
        "infrastructure_type": "Railway",
        "district": "Paschim Medinipur",
        "state": "West Bengal",
        "statutory_authority": "NHAI / PWD / South Eastern Railway / I&WD"
      }
    },
    {
      "type": "Feature",
      "id": "pmed-infra-868003560",
      "geometry": {
        "type": "LineString",
        "coordinates": [
          [
            87.286829,
            22.334149
          ],
          [
            87.289813,
            22.334758
          ],
          [
            87.289957,
            22.334776
          ],
          [
            87.290278,
            22.334802
          ]
        ]
      },
      "properties": {
        "osm_id": 868003560,
        "name": "South Eastern Railway Howrah-Mumbai / Kharagpur Main Corridor",
        "infrastructure_type": "Railway",
        "district": "Paschim Medinipur",
        "state": "West Bengal",
        "statutory_authority": "NHAI / PWD / South Eastern Railway / I&WD"
      }
    },
    {
      "type": "Feature",
      "id": "pmed-infra-868003605",
      "geometry": {
        "type": "LineString",
        "coordinates": [
          [
            87.310792,
            22.335407
          ],
          [
            87.310327,
            22.335313
          ],
          [
            87.309546,
            22.335135
          ],
          [
            87.309441,
            22.335106
          ],
          [
            87.309197,
            22.335024
          ]
        ]
      },
      "properties": {
        "osm_id": 868003605,
        "name": "South Eastern Railway Howrah-Mumbai / Kharagpur Main Corridor",
        "infrastructure_type": "Railway",
        "district": "Paschim Medinipur",
        "state": "West Bengal",
        "statutory_authority": "NHAI / PWD / South Eastern Railway / I&WD"
      }
    },
    {
      "type": "Feature",
      "id": "pmed-infra-868003611",
      "geometry": {
        "type": "LineString",
        "coordinates": [
          [
            87.304635,
            22.332318
          ],
          [
            87.304057,
            22.33222
          ],
          [
            87.30385,
            22.332203
          ],
          [
            87.30364,
            22.332202
          ],
          [
            87.303358,
            22.332216
          ],
          [
            87.303155,
            22.332241
          ],
          [
            87.302522,
            22.332374
          ]
        ]
      },
      "properties": {
        "osm_id": 868003611,
        "name": "South Eastern Railway Howrah-Mumbai / Kharagpur Main Corridor",
        "infrastructure_type": "Railway",
        "district": "Paschim Medinipur",
        "state": "West Bengal",
        "statutory_authority": "NHAI / PWD / South Eastern Railway / I&WD"
      }
    },
    {
      "type": "Feature",
      "id": "pmed-infra-868003619",
      "geometry": {
        "type": "LineString",
        "coordinates": [
          [
            87.31131,
            22.335508
          ],
          [
            87.310792,
            22.335407
          ]
        ]
      },
      "properties": {
        "osm_id": 868003619,
        "name": "South Eastern Railway Howrah-Mumbai / Kharagpur Main Corridor",
        "infrastructure_type": "Railway",
        "district": "Paschim Medinipur",
        "state": "West Bengal",
        "statutory_authority": "NHAI / PWD / South Eastern Railway / I&WD"
      }
    },
    {
      "type": "Feature",
      "id": "pmed-infra-913235078",
      "geometry": {
        "type": "LineString",
        "coordinates": [
          [
            87.336982,
            22.342587
          ],
          [
            87.336989,
            22.342422
          ],
          [
            87.336951,
            22.342267
          ]
        ]
      },
      "properties": {
        "osm_id": 913235078,
        "name": "Kharagpur City Road",
        "infrastructure_type": "Road",
        "district": "Paschim Medinipur",
        "state": "West Bengal",
        "statutory_authority": "NHAI / PWD / South Eastern Railway / I&WD"
      }
    },
    {
      "type": "Feature",
      "id": "pmed-infra-913235079",
      "geometry": {
        "type": "LineString",
        "coordinates": [
          [
            87.336909,
            22.34296
          ],
          [
            87.336971,
            22.342674
          ],
          [
            87.336982,
            22.342587
          ]
        ]
      },
      "properties": {
        "osm_id": 913235079,
        "name": "Kharagpur City Road",
        "infrastructure_type": "Road",
        "district": "Paschim Medinipur",
        "state": "West Bengal",
        "statutory_authority": "NHAI / PWD / South Eastern Railway / I&WD"
      }
    },
    {
      "type": "Feature",
      "id": "pmed-infra-948269408",
      "geometry": {
        "type": "LineString",
        "coordinates": [
          [
            87.31317,
            22.33714
          ],
          [
            87.313307,
            22.336972
          ],
          [
            87.313399,
            22.336819
          ],
          [
            87.313424,
            22.336755
          ],
          [
            87.313448,
            22.33667
          ],
          [
            87.313455,
            22.336502
          ],
          [
            87.313435,
            22.336361
          ],
          [
            87.313395,
            22.336244
          ],
          [
            87.313332,
            22.336131
          ]
        ]
      },
      "properties": {
        "osm_id": 948269408,
        "name": "Nimpura Road",
        "infrastructure_type": "Road",
        "district": "Paschim Medinipur",
        "state": "West Bengal",
        "statutory_authority": "NHAI / PWD / South Eastern Railway / I&WD"
      }
    },
    {
      "type": "Feature",
      "id": "pmed-infra-948269409",
      "geometry": {
        "type": "LineString",
        "coordinates": [
          [
            87.312963,
            22.337411
          ],
          [
            87.31317,
            22.33714
          ]
        ]
      },
      "properties": {
        "osm_id": 948269409,
        "name": "Nimpura Road",
        "infrastructure_type": "Road",
        "district": "Paschim Medinipur",
        "state": "West Bengal",
        "statutory_authority": "NHAI / PWD / South Eastern Railway / I&WD"
      }
    },
    {
      "type": "Feature",
      "id": "pmed-infra-966765294",
      "geometry": {
        "type": "LineString",
        "coordinates": [
          [
            87.295206,
            22.372181
          ],
          [
            87.295185,
            22.372245
          ]
        ]
      },
      "properties": {
        "osm_id": 966765294,
        "name": "South Eastern Railway Howrah-Mumbai / Kharagpur Main Corridor",
        "infrastructure_type": "Railway",
        "district": "Paschim Medinipur",
        "state": "West Bengal",
        "statutory_authority": "NHAI / PWD / South Eastern Railway / I&WD"
      }
    },
    {
      "type": "Feature",
      "id": "pmed-infra-967103547",
      "geometry": {
        "type": "LineString",
        "coordinates": [
          [
            87.309307,
            22.326102
          ],
          [
            87.308774,
            22.326171
          ],
          [
            87.308331,
            22.326181
          ],
          [
            87.308011,
            22.32616
          ],
          [
            87.307713,
            22.326138
          ],
          [
            87.307,
            22.326047
          ],
          [
            87.300907,
            22.325464
          ],
          [
            87.299089,
            22.325288
          ],
          [
            87.298877,
            22.325269
          ],
          [
            87.297131,
            22.32511
          ],
          [
            87.295722,
            22.324972
          ],
          [
            87.29535,
            22.324918
          ],
          [
            87.295029,
            22.324847
          ],
          [
            87.294506,
            22.324705
          ],
          [
            87.293575,
            22.324432
          ],
          [
            87.293271,
            22.324348
          ],
          [
            87.291742,
            22.323849
          ],
          [
            87.291299,
            22.32374
          ],
          [
            87.290888,
            22.323667
          ],
          [
            87.290457,
            22.323622
          ],
          [
            87.289982,
            22.323622
          ],
          [
            87.289583,
            22.323642
          ],
          [
            87.289212,
            22.323679
          ],
          [
            87.288872,
            22.323727
          ],
          [
            87.288528,
            22.323791
          ],
          [
            87.288207,
            22.323864
          ],
          [
            87.287734,
            22.323998
          ],
          [
            87.287287,
            22.324163
          ],
          [
            87.286872,
            22.324367
          ],
          [
            87.286533,
            22.32455
          ],
          [
            87.286108,
            22.324818
          ],
          [
            87.285672,
            22.3252
          ],
          [
            87.285322,
            22.325576
          ],
          [
            87.285032,
            22.325915
          ],
          [
            87.284779,
            22.32626
          ],
          [
            87.284562,
            22.326638
          ],
          [
            87.284553,
            22.326655
          ],
          [
            87.284248,
            22.327252
          ],
          [
            87.283809,
            22.328235
          ],
          [
            87.283561,
            22.328852
          ],
          [
            87.283433,
            22.32935
          ],
          [
            87.283372,
            22.329795
          ],
          [
            87.283348,
            22.330222
          ],
          [
            87.283382,
            22.33071
          ],
          [
            87.283468,
            22.331108
          ],
          [
            87.283556,
            22.33142
          ],
          [
            87.283688,
            22.331773
          ],
          [
            87.283846,
            22.332118
          ],
          [
            87.284069,
            22.332486
          ],
          [
            87.284322,
            22.332826
          ],
          [
            87.28467,
            22.333225
          ],
          [
            87.285011,
            22.333534
          ],
          [
            87.285422,
            22.333828
          ],
          [
            87.286007,
            22.334167
          ],
          [
            87.286369,
            22.334316
          ],
          [
            87.286785,
            22.334458
          ],
          [
            87.287193,
            22.334563
          ],
          [
            87.287866,
            22.334698
          ],
          [
            87.292528,
            22.335531
          ],
          [
            87.292913,
            22.335588
          ],
          [
            87.293428,
            22.335633
          ],
          [
            87.294061,
            22.335649
          ],
          [
            87.296215,
            22.335636
          ],
          [
            87.296693,
            22.335648
          ],
          [
            87.297095,
            22.335665
          ],
          [
            87.297479,
            22.335698
          ],
          [
            87.299064,
            22.335838
          ],
          [
            87.29941,
            22.335869
          ],
          [
            87.299706,
            22.335874
          ],
          [
            87.301089,
            22.33591
          ],
          [
            87.301587,
            22.335934
          ],
          [
            87.302173,
            22.335969
          ],
          [
            87.302314,
            22.335984
          ],
          [
            87.302943,
            22.336049
          ],
          [
            87.303631,
            22.336155
          ],
          [
            87.304102,
            22.336242
          ],
          [
            87.306817,
            22.336768
          ],
          [
            87.310793,
            22.337534
          ],
          [
            87.313633,
            22.338135
          ],
          [
            87.314717,
            22.33836
          ],
          [
            87.315266,
            22.338509
          ],
          [
            87.315596,
            22.338582
          ],
          [
            87.315959,
            22.338658
          ],
          [
            87.316242,
            22.338772
          ],
          [
            87.31656,
            22.3389
          ],
          [
            87.316931,
            22.339053
          ],
          [
            87.317473,
            22.339257
          ],
          [
            87.318012,
            22.339497
          ],
          [
            87.318408,
            22.339678
          ],
          [
            87.318597,
            22.339759
          ],
          [
            87.318855,
            22.339856
          ]
        ]
      },
      "properties": {
        "osm_id": 967103547,
        "name": "South Eastern Railway Howrah-Mumbai / Kharagpur Main Corridor",
        "infrastructure_type": "Railway",
        "district": "Paschim Medinipur",
        "state": "West Bengal",
        "statutory_authority": "NHAI / PWD / South Eastern Railway / I&WD"
      }
    },
    {
      "type": "Feature",
      "id": "pmed-infra-975431580",
      "geometry": {
        "type": "LineString",
        "coordinates": [
          [
            87.300163,
            22.358904
          ],
          [
            87.299455,
            22.358706
          ]
        ]
      },
      "properties": {
        "osm_id": 975431580,
        "name": "NH-16 (National Highway 16 / Golden Quadrilateral)",
        "infrastructure_type": "Road",
        "district": "Paschim Medinipur",
        "state": "West Bengal",
        "statutory_authority": "NHAI / PWD / South Eastern Railway / I&WD"
      }
    },
    {
      "type": "Feature",
      "id": "pmed-infra-975431581",
      "geometry": {
        "type": "LineString",
        "coordinates": [
          [
            87.329189,
            22.366424
          ],
          [
            87.327634,
            22.366022
          ],
          [
            87.327455,
            22.365976
          ],
          [
            87.326272,
            22.365661
          ],
          [
            87.325357,
            22.365423
          ],
          [
            87.324959,
            22.365317
          ],
          [
            87.324547,
            22.365207
          ],
          [
            87.323673,
            22.364979
          ],
          [
            87.322665,
            22.364699
          ],
          [
            87.321525,
            22.364394
          ],
          [
            87.3205,
            22.364126
          ],
          [
            87.319939,
            22.363972
          ],
          [
            87.319776,
            22.363927
          ],
          [
            87.319113,
            22.363751
          ],
          [
            87.318091,
            22.363476
          ],
          [
            87.317086,
            22.363203
          ],
          [
            87.316031,
            22.362908
          ],
          [
            87.315106,
            22.362662
          ],
          [
            87.314969,
            22.362625
          ],
          [
            87.313811,
            22.36231
          ],
          [
            87.312875,
            22.362052
          ],
          [
            87.311887,
            22.361782
          ],
          [
            87.311498,
            22.361677
          ],
          [
            87.309457,
            22.361127
          ],
          [
            87.307917,
            22.360777
          ],
          [
            87.307722,
            22.360733
          ],
          [
            87.305992,
            22.360316
          ],
          [
            87.305291,
            22.360155
          ],
          [
            87.305093,
            22.36011
          ],
          [
            87.304629,
            22.360009
          ],
          [
            87.303975,
            22.359867
          ],
          [
            87.302347,
            22.359502
          ],
          [
            87.300163,
            22.358904
          ]
        ]
      },
      "properties": {
        "osm_id": 975431581,
        "name": "NH-16 (National Highway 16 / Golden Quadrilateral)",
        "infrastructure_type": "Road",
        "district": "Paschim Medinipur",
        "state": "West Bengal",
        "statutory_authority": "NHAI / PWD / South Eastern Railway / I&WD"
      }
    },
    {
      "type": "Feature",
      "id": "pmed-infra-975431587",
      "geometry": {
        "type": "LineString",
        "coordinates": [
          [
            87.25986,
            22.337184
          ],
          [
            87.25994,
            22.337316
          ],
          [
            87.259969,
            22.337364
          ],
          [
            87.260327,
            22.337925
          ],
          [
            87.260952,
            22.339078
          ],
          [
            87.261904,
            22.340664
          ],
          [
            87.262752,
            22.342192
          ],
          [
            87.262986,
            22.342605
          ],
          [
            87.263147,
            22.34289
          ],
          [
            87.263573,
            22.343641
          ],
          [
            87.264243,
            22.344771
          ],
          [
            87.264512,
            22.345223
          ],
          [
            87.264745,
            22.345625
          ],
          [
            87.264976,
            22.346037
          ],
          [
            87.265166,
            22.346332
          ],
          [
            87.265346,
            22.34661
          ],
          [
            87.265563,
            22.34691
          ],
          [
            87.265743,
            22.347111
          ],
          [
            87.265941,
            22.347317
          ],
          [
            87.266074,
            22.347433
          ],
          [
            87.266183,
            22.347528
          ],
          [
            87.266451,
            22.347754
          ],
          [
            87.26674,
            22.347967
          ],
          [
            87.266826,
            22.348022
          ],
          [
            87.266982,
            22.348121
          ],
          [
            87.267304,
            22.348329
          ],
          [
            87.267717,
            22.348513
          ],
          [
            87.268108,
            22.348684
          ],
          [
            87.269168,
            22.349153
          ],
          [
            87.269728,
            22.349421
          ],
          [
            87.270437,
            22.349743
          ],
          [
            87.270876,
            22.349944
          ],
          [
            87.271013,
            22.350006
          ],
          [
            87.272824,
            22.350862
          ],
          [
            87.274388,
            22.351569
          ],
          [
            87.274656,
            22.35169
          ],
          [
            87.275074,
            22.351882
          ],
          [
            87.27549,
            22.352074
          ],
          [
            87.275968,
            22.352294
          ],
          [
            87.276096,
            22.352353
          ],
          [
            87.276869,
            22.352693
          ],
          [
            87.276995,
            22.352749
          ],
          [
            87.277324,
            22.352889
          ],
          [
            87.278305,
            22.353313
          ],
          [
            87.279053,
            22.353607
          ],
          [
            87.279198,
            22.353582
          ]
        ]
      },
      "properties": {
        "osm_id": 975431587,
        "name": "NH-60 (Kharagpur - Balasore Arterial)",
        "infrastructure_type": "Road",
        "district": "Paschim Medinipur",
        "state": "West Bengal",
        "statutory_authority": "NHAI / PWD / South Eastern Railway / I&WD"
      }
    },
    {
      "type": "Feature",
      "id": "pmed-infra-1000598352",
      "geometry": {
        "type": "LineString",
        "coordinates": [
          [
            87.343076,
            22.398313
          ],
          [
            87.342922,
            22.398302
          ]
        ]
      },
      "properties": {
        "osm_id": 1000598352,
        "name": "NH-60 (Kharagpur - Balasore Arterial)",
        "infrastructure_type": "Road",
        "district": "Paschim Medinipur",
        "state": "West Bengal",
        "statutory_authority": "NHAI / PWD / South Eastern Railway / I&WD"
      }
    },
    {
      "type": "Feature",
      "id": "pmed-infra-1000598353",
      "geometry": {
        "type": "LineString",
        "coordinates": [
          [
            87.342922,
            22.398302
          ],
          [
            87.3428,
            22.398275
          ],
          [
            87.342687,
            22.398239
          ],
          [
            87.342584,
            22.398179
          ],
          [
            87.342476,
            22.398089
          ],
          [
            87.342387,
            22.397967
          ],
          [
            87.342321,
            22.397853
          ],
          [
            87.342296,
            22.39773
          ],
          [
            87.342291,
            22.397561
          ],
          [
            87.3423,
            22.397409
          ],
          [
            87.342364,
            22.397027
          ],
          [
            87.34237,
            22.396994
          ],
          [
            87.342403,
            22.396797
          ],
          [
            87.342415,
            22.396666
          ],
          [
            87.34242,
            22.39656
          ],
          [
            87.342421,
            22.396398
          ],
          [
            87.342406,
            22.396262
          ],
          [
            87.342324,
            22.395747
          ],
          [
            87.342307,
            22.395639
          ],
          [
            87.342304,
            22.395617
          ],
          [
            87.342276,
            22.395446
          ],
          [
            87.342195,
            22.394943
          ]
        ]
      },
      "properties": {
        "osm_id": 1000598353,
        "name": "NH-60 (Kharagpur - Balasore Arterial)",
        "infrastructure_type": "Road",
        "district": "Paschim Medinipur",
        "state": "West Bengal",
        "statutory_authority": "NHAI / PWD / South Eastern Railway / I&WD"
      }
    },
    {
      "type": "Feature",
      "id": "pmed-infra-1000655438",
      "geometry": {
        "type": "LineString",
        "coordinates": [
          [
            87.339629,
            22.369011
          ],
          [
            87.339483,
            22.369071
          ],
          [
            87.339367,
            22.369104
          ],
          [
            87.339235,
            22.369111
          ],
          [
            87.339082,
            22.369082
          ],
          [
            87.338857,
            22.369022
          ],
          [
            87.338586,
            22.36895
          ],
          [
            87.338294,
            22.368859
          ],
          [
            87.337999,
            22.368779
          ],
          [
            87.337559,
            22.36866
          ],
          [
            87.337348,
            22.368606
          ],
          [
            87.337202,
            22.368568
          ],
          [
            87.336743,
            22.368442
          ],
          [
            87.336344,
            22.36834
          ],
          [
            87.335939,
            22.368229
          ],
          [
            87.335703,
            22.368167
          ],
          [
            87.333463,
            22.367564
          ],
          [
            87.331326,
            22.366981
          ],
          [
            87.330843,
            22.36686
          ],
          [
            87.329189,
            22.366424
          ]
        ]
      },
      "properties": {
        "osm_id": 1000655438,
        "name": "NH-16 (National Highway 16 / Golden Quadrilateral)",
        "infrastructure_type": "Road",
        "district": "Paschim Medinipur",
        "state": "West Bengal",
        "statutory_authority": "NHAI / PWD / South Eastern Railway / I&WD"
      }
    },
    {
      "type": "Feature",
      "id": "pmed-infra-1019040459",
      "geometry": {
        "type": "LineString",
        "coordinates": [
          [
            87.341955,
            22.395537
          ],
          [
            87.342035,
            22.395509
          ],
          [
            87.342084,
            22.395499
          ],
          [
            87.342143,
            22.395499
          ],
          [
            87.342165,
            22.395507
          ],
          [
            87.3422,
            22.39552
          ],
          [
            87.342253,
            22.395557
          ],
          [
            87.342304,
            22.395617
          ]
        ]
      },
      "properties": {
        "osm_id": 1019040459,
        "name": "Medinipur Municipal Road #1019040459",
        "infrastructure_type": "Road",
        "district": "Paschim Medinipur",
        "state": "West Bengal",
        "statutory_authority": "NHAI / PWD / South Eastern Railway / I&WD"
      }
    },
    {
      "type": "Feature",
      "id": "pmed-infra-1020481468",
      "geometry": {
        "type": "LineString",
        "coordinates": [
          [
            87.338806,
            22.424398
          ],
          [
            87.338761,
            22.424481
          ],
          [
            87.338661,
            22.42501
          ],
          [
            87.33859,
            22.425386
          ]
        ]
      },
      "properties": {
        "osm_id": 1020481468,
        "name": "NH-16 (National Highway 16 / Golden Quadrilateral)",
        "infrastructure_type": "Road",
        "district": "Paschim Medinipur",
        "state": "West Bengal",
        "statutory_authority": "NHAI / PWD / South Eastern Railway / I&WD"
      }
    },
    {
      "type": "Feature",
      "id": "pmed-infra-1020481469",
      "geometry": {
        "type": "LineString",
        "coordinates": [
          [
            87.338649,
            22.425395
          ],
          [
            87.338712,
            22.425043
          ],
          [
            87.338764,
            22.424784
          ],
          [
            87.338794,
            22.424624
          ],
          [
            87.338818,
            22.424497
          ],
          [
            87.338806,
            22.424398
          ]
        ]
      },
      "properties": {
        "osm_id": 1020481469,
        "name": "NH-16 (National Highway 16 / Golden Quadrilateral)",
        "infrastructure_type": "Road",
        "district": "Paschim Medinipur",
        "state": "West Bengal",
        "statutory_authority": "NHAI / PWD / South Eastern Railway / I&WD"
      }
    },
    {
      "type": "Feature",
      "id": "pmed-infra-1020481470",
      "geometry": {
        "type": "LineString",
        "coordinates": [
          [
            87.338573,
            22.42544
          ],
          [
            87.338514,
            22.425719
          ],
          [
            87.338488,
            22.42595
          ]
        ]
      },
      "properties": {
        "osm_id": 1020481470,
        "name": "NH-16 (National Highway 16 / Golden Quadrilateral)",
        "infrastructure_type": "Road",
        "district": "Paschim Medinipur",
        "state": "West Bengal",
        "statutory_authority": "NHAI / PWD / South Eastern Railway / I&WD"
      }
    },
    {
      "type": "Feature",
      "id": "pmed-infra-1020481471",
      "geometry": {
        "type": "LineString",
        "coordinates": [
          [
            87.338488,
            22.42595
          ],
          [
            87.338579,
            22.425722
          ],
          [
            87.338629,
            22.425462
          ]
        ]
      },
      "properties": {
        "osm_id": 1020481471,
        "name": "NH-16 (National Highway 16 / Golden Quadrilateral)",
        "infrastructure_type": "Road",
        "district": "Paschim Medinipur",
        "state": "West Bengal",
        "statutory_authority": "NHAI / PWD / South Eastern Railway / I&WD"
      }
    },
    {
      "type": "Feature",
      "id": "pmed-infra-1020481472",
      "geometry": {
        "type": "LineString",
        "coordinates": [
          [
            87.338569,
            22.425426
          ],
          [
            87.338573,
            22.42544
          ],
          [
            87.338587,
            22.425456
          ],
          [
            87.338607,
            22.425464
          ],
          [
            87.338629,
            22.425462
          ],
          [
            87.338647,
            22.425451
          ],
          [
            87.338658,
            22.425434
          ],
          [
            87.338659,
            22.425414
          ],
          [
            87.338649,
            22.425395
          ],
          [
            87.338632,
            22.425383
          ],
          [
            87.33861,
            22.42538
          ],
          [
            87.33859,
            22.425386
          ],
          [
            87.338577,
            22.425397
          ],
          [
            87.33857,
            22.425411
          ],
          [
            87.338569,
            22.425426
          ]
        ]
      },
      "properties": {
        "osm_id": 1020481472,
        "name": "NH-16 (National Highway 16 / Golden Quadrilateral)",
        "infrastructure_type": "Road",
        "district": "Paschim Medinipur",
        "state": "West Bengal",
        "statutory_authority": "NHAI / PWD / South Eastern Railway / I&WD"
      }
    },
    {
      "type": "Feature",
      "id": "pmed-infra-1020481473",
      "geometry": {
        "type": "LineString",
        "coordinates": [
          [
            87.338806,
            22.424398
          ],
          [
            87.338844,
            22.424207
          ],
          [
            87.338907,
            22.42392
          ],
          [
            87.339035,
            22.423331
          ],
          [
            87.339036,
            22.423324
          ],
          [
            87.339129,
            22.422866
          ],
          [
            87.339392,
            22.421566
          ],
          [
            87.339444,
            22.42132
          ],
          [
            87.339678,
            22.420198
          ],
          [
            87.33972,
            22.419991
          ],
          [
            87.339741,
            22.419894
          ],
          [
            87.339798,
            22.419617
          ],
          [
            87.339876,
            22.41924
          ],
          [
            87.339887,
            22.419186
          ],
          [
            87.339972,
            22.418765
          ],
          [
            87.339978,
            22.418732
          ],
          [
            87.340043,
            22.418408
          ],
          [
            87.340078,
            22.418239
          ],
          [
            87.340158,
            22.417837
          ],
          [
            87.340287,
            22.417198
          ],
          [
            87.340307,
            22.417099
          ],
          [
            87.340333,
            22.41697
          ],
          [
            87.340367,
            22.416798
          ],
          [
            87.340453,
            22.416461
          ],
          [
            87.340539,
            22.416127
          ],
          [
            87.340624,
            22.415833
          ],
          [
            87.34066,
            22.41571
          ],
          [
            87.34085,
            22.41511
          ],
          [
            87.340885,
            22.414944
          ],
          [
            87.340893,
            22.414904
          ],
          [
            87.3409,
            22.414841
          ],
          [
            87.340914,
            22.414713
          ],
          [
            87.340937,
            22.414359
          ],
          [
            87.340941,
            22.414292
          ],
          [
            87.340943,
            22.414257
          ],
          [
            87.340973,
            22.413761
          ],
          [
            87.340981,
            22.413658
          ],
          [
            87.340987,
            22.413592
          ],
          [
            87.341001,
            22.413501
          ],
          [
            87.341014,
            22.413414
          ],
          [
            87.34107,
            22.413181
          ],
          [
            87.341117,
            22.413045
          ],
          [
            87.34122,
            22.412747
          ],
          [
            87.341413,
            22.412204
          ],
          [
            87.341442,
            22.412121
          ],
          [
            87.341483,
            22.412001
          ],
          [
            87.34149,
            22.41197
          ],
          [
            87.341539,
            22.411762
          ],
          [
            87.341541,
            22.411744
          ],
          [
            87.341561,
            22.411529
          ],
          [
            87.341566,
            22.411304
          ],
          [
            87.341574,
            22.411017
          ],
          [
            87.341557,
            22.410897
          ],
          [
            87.341531,
            22.410764
          ],
          [
            87.341494,
            22.410628
          ],
          [
            87.341435,
            22.410436
          ],
          [
            87.341397,
            22.4103
          ],
          [
            87.341377,
            22.41023
          ],
          [
            87.341306,
            22.409977
          ],
          [
            87.341245,
            22.409758
          ],
          [
            87.341239,
            22.409734
          ],
          [
            87.34118,
            22.409439
          ],
          [
            87.34117,
            22.409372
          ],
          [
            87.341129,
            22.409084
          ],
          [
            87.341117,
            22.408996
          ],
          [
            87.341059,
            22.408582
          ],
          [
            87.341054,
            22.408541
          ],
          [
            87.340989,
            22.40812
          ],
          [
            87.340924,
            22.407785
          ],
          [
            87.34085,
            22.407371
          ],
          [
            87.34074,
            22.406756
          ],
          [
            87.34059,
            22.405905
          ],
          [
            87.340539,
            22.405618
          ],
          [
            87.340407,
            22.404842
          ],
          [
            87.340338,
            22.404505
          ],
          [
            87.340268,
            22.404061
          ]
        ]
      },
      "properties": {
        "osm_id": 1020481473,
        "name": "NH-16 (National Highway 16 / Golden Quadrilateral)",
        "infrastructure_type": "Road",
        "district": "Paschim Medinipur",
        "state": "West Bengal",
        "statutory_authority": "NHAI / PWD / South Eastern Railway / I&WD"
      }
    },
    {
      "type": "Feature",
      "id": "pmed-infra-1020497111",
      "geometry": {
        "type": "LineString",
        "coordinates": [
          [
            87.349289,
            22.429723
          ],
          [
            87.349874,
            22.429996
          ],
          [
            87.350104,
            22.430103
          ],
          [
            87.35071,
            22.430376
          ],
          [
            87.351144,
            22.430562
          ],
          [
            87.351694,
            22.430792
          ],
          [
            87.351754,
            22.430819
          ],
          [
            87.352282,
            22.431055
          ],
          [
            87.352803,
            22.431275
          ],
          [
            87.352829,
            22.431286
          ],
          [
            87.353217,
            22.431451
          ],
          [
            87.353553,
            22.431593
          ],
          [
            87.35385,
            22.431722
          ],
          [
            87.354223,
            22.431883
          ],
          [
            87.354805,
            22.432126
          ],
          [
            87.35483,
            22.432136
          ],
          [
            87.355455,
            22.432396
          ],
          [
            87.356289,
            22.43273
          ],
          [
            87.356565,
            22.43284
          ],
          [
            87.357072,
            22.433038
          ],
          [
            87.357651,
            22.433264
          ],
          [
            87.358397,
            22.433529
          ],
          [
            87.358577,
            22.433591
          ],
          [
            87.359244,
            22.433817
          ],
          [
            87.359507,
            22.433906
          ],
          [
            87.359711,
            22.43397
          ],
          [
            87.360846,
            22.434325
          ],
          [
            87.3613,
            22.434456
          ],
          [
            87.361666,
            22.434562
          ],
          [
            87.362136,
            22.434697
          ],
          [
            87.36273,
            22.434853
          ],
          [
            87.362892,
            22.434895
          ],
          [
            87.363229,
            22.434991
          ],
          [
            87.363313,
            22.435014
          ],
          [
            87.3637,
            22.435133
          ],
          [
            87.364048,
            22.435242
          ],
          [
            87.364129,
            22.435267
          ],
          [
            87.364338,
            22.435342
          ],
          [
            87.364569,
            22.435428
          ],
          [
            87.364625,
            22.435454
          ],
          [
            87.365089,
            22.435671
          ]
        ]
      },
      "properties": {
        "osm_id": 1020497111,
        "name": "NH-16 (National Highway 16 / Golden Quadrilateral)",
        "infrastructure_type": "Road",
        "district": "Paschim Medinipur",
        "state": "West Bengal",
        "statutory_authority": "NHAI / PWD / South Eastern Railway / I&WD"
      }
    },
    {
      "type": "Feature",
      "id": "pmed-infra-1020729425",
      "geometry": {
        "type": "LineString",
        "coordinates": [
          [
            87.206482,
            22.430236
          ],
          [
            87.207155,
            22.430191
          ],
          [
            87.20862,
            22.429934
          ],
          [
            87.208729,
            22.429915
          ],
          [
            87.209829,
            22.429701
          ],
          [
            87.210267,
            22.429615
          ],
          [
            87.210412,
            22.429589
          ],
          [
            87.21049,
            22.429572
          ],
          [
            87.211778,
            22.429276
          ],
          [
            87.212097,
            22.429215
          ],
          [
            87.212281,
            22.429183
          ],
          [
            87.212559,
            22.429133
          ],
          [
            87.213702,
            22.428962
          ],
          [
            87.214223,
            22.428884
          ],
          [
            87.214813,
            22.428807
          ],
          [
            87.215496,
            22.428718
          ],
          [
            87.21561,
            22.428703
          ],
          [
            87.216205,
            22.428653
          ],
          [
            87.217026,
            22.428584
          ],
          [
            87.218965,
            22.428328
          ],
          [
            87.219267,
            22.428286
          ],
          [
            87.220364,
            22.428087
          ],
          [
            87.221068,
            22.427986
          ],
          [
            87.222262,
            22.42783
          ],
          [
            87.223533,
            22.427602
          ],
          [
            87.225207,
            22.427384
          ],
          [
            87.226124,
            22.427215
          ],
          [
            87.227119,
            22.427039
          ],
          [
            87.227336,
            22.42702
          ],
          [
            87.228251,
            22.426885
          ],
          [
            87.228416,
            22.42686
          ],
          [
            87.229388,
            22.426712
          ],
          [
            87.229466,
            22.4267
          ],
          [
            87.229911,
            22.426601
          ],
          [
            87.230072,
            22.426566
          ],
          [
            87.230979,
            22.426409
          ],
          [
            87.231219,
            22.42637
          ],
          [
            87.232332,
            22.426265
          ],
          [
            87.232862,
            22.426224
          ],
          [
            87.233434,
            22.426153
          ],
          [
            87.23371,
            22.426096
          ],
          [
            87.234254,
            22.426008
          ],
          [
            87.236411,
            22.425689
          ],
          [
            87.238062,
            22.425492
          ],
          [
            87.240587,
            22.425329
          ],
          [
            87.241409,
            22.425313
          ],
          [
            87.242453,
            22.425318
          ],
          [
            87.242545,
            22.425316
          ],
          [
            87.242807,
            22.425304
          ],
          [
            87.243123,
            22.425295
          ],
          [
            87.243741,
            22.425278
          ],
          [
            87.246624,
            22.425174
          ],
          [
            87.247599,
            22.425143
          ],
          [
            87.248463,
            22.425114
          ],
          [
            87.249353,
            22.425096
          ],
          [
            87.24977,
            22.425087
          ],
          [
            87.25018,
            22.425065
          ],
          [
            87.250422,
            22.425064
          ],
          [
            87.250657,
            22.425071
          ],
          [
            87.250941,
            22.425071
          ],
          [
            87.251204,
            22.425074
          ],
          [
            87.25149,
            22.425097
          ],
          [
            87.252099,
            22.425186
          ],
          [
            87.252703,
            22.425275
          ],
          [
            87.252992,
            22.425321
          ],
          [
            87.253645,
            22.425424
          ],
          [
            87.253987,
            22.425476
          ],
          [
            87.254332,
            22.42551
          ],
          [
            87.25467,
            22.425544
          ],
          [
            87.255068,
            22.425574
          ],
          [
            87.255399,
            22.425583
          ],
          [
            87.2558,
            22.425594
          ],
          [
            87.255993,
            22.425598
          ],
          [
            87.256871,
            22.425617
          ],
          [
            87.257717,
            22.425611
          ],
          [
            87.258038,
            22.425614
          ],
          [
            87.259101,
            22.425691
          ],
          [
            87.260357,
            22.425888
          ],
          [
            87.260672,
            22.425971
          ],
          [
            87.261175,
            22.426103
          ],
          [
            87.261775,
            22.426257
          ],
          [
            87.261884,
            22.426284
          ],
          [
            87.262108,
            22.426342
          ],
          [
            87.262644,
            22.426471
          ],
          [
            87.262738,
            22.426494
          ],
          [
            87.263321,
            22.426637
          ],
          [
            87.263445,
            22.426666
          ],
          [
            87.263872,
            22.426767
          ],
          [
            87.264133,
            22.42678
          ],
          [
            87.264412,
            22.426781
          ],
          [
            87.264875,
            22.426711
          ],
          [
            87.265453,
            22.426637
          ],
          [
            87.26576,
            22.426629
          ],
          [
            87.266019,
            22.42664
          ],
          [
            87.266188,
            22.42667
          ],
          [
            87.266577,
            22.426791
          ],
          [
            87.267575,
            22.427217
          ],
          [
            87.267833,
            22.427327
          ],
          [
            87.268135,
            22.427447
          ],
          [
            87.268372,
            22.427488
          ],
          [
            87.26848,
            22.427493
          ],
          [
            87.268618,
            22.427499
          ],
          [
            87.268767,
            22.427506
          ],
          [
            87.268962,
            22.427501
          ],
          [
            87.26932,
            22.427491
          ],
          [
            87.269713,
            22.427478
          ],
          [
            87.269956,
            22.427436
          ],
          [
            87.270243,
            22.427341
          ],
          [
            87.27052,
            22.427236
          ],
          [
            87.271085,
            22.426951
          ],
          [
            87.271441,
            22.426772
          ],
          [
            87.272212,
            22.426422
          ],
          [
            87.272846,
            22.426168
          ],
          [
            87.273364,
            22.4258
          ],
          [
            87.273561,
            22.425676
          ],
          [
            87.273769,
            22.425565
          ],
          [
            87.27405,
            22.425458
          ],
          [
            87.274345,
            22.425369
          ],
          [
            87.274721,
            22.425315
          ],
          [
            87.275373,
            22.425292
          ],
          [
            87.275937,
            22.425292
          ],
          [
            87.276127,
            22.425276
          ],
          [
            87.276277,
            22.425218
          ],
          [
            87.276384,
            22.425122
          ],
          [
            87.276483,
            22.424958
          ],
          [
            87.276563,
            22.424759
          ],
          [
            87.276648,
            22.424201
          ],
          [
            87.276698,
            22.423897
          ],
          [
            87.276705,
            22.423705
          ],
          [
            87.276701,
            22.423595
          ],
          [
            87.276667,
            22.423274
          ],
          [
            87.276667,
            22.423188
          ],
          [
            87.276675,
            22.423091
          ],
          [
            87.276696,
            22.42299
          ],
          [
            87.276732,
            22.422902
          ],
          [
            87.276779,
            22.422817
          ],
          [
            87.276863,
            22.422688
          ],
          [
            87.276922,
            22.422608
          ],
          [
            87.277011,
            22.422449
          ],
          [
            87.277078,
            22.422304
          ],
          [
            87.277122,
            22.422175
          ],
          [
            87.277212,
            22.421799
          ],
          [
            87.277261,
            22.421566
          ],
          [
            87.277286,
            22.421475
          ],
          [
            87.277322,
            22.421362
          ],
          [
            87.277361,
            22.421281
          ],
          [
            87.277461,
            22.421074
          ],
          [
            87.277492,
            22.421025
          ],
          [
            87.277539,
            22.420945
          ],
          [
            87.277676,
            22.420772
          ],
          [
            87.277793,
            22.420648
          ],
          [
            87.27787,
            22.420582
          ],
          [
            87.277998,
            22.420494
          ],
          [
            87.278058,
            22.420455
          ],
          [
            87.278189,
            22.420392
          ],
          [
            87.278369,
            22.420317
          ],
          [
            87.278639,
            22.420212
          ],
          [
            87.279016,
            22.420054
          ],
          [
            87.279273,
            22.419937
          ],
          [
            87.27942,
            22.419861
          ],
          [
            87.279558,
            22.419776
          ],
          [
            87.279675,
            22.419676
          ],
          [
            87.279787,
            22.419567
          ],
          [
            87.279858,
            22.41948
          ],
          [
            87.279964,
            22.41932
          ],
          [
            87.280106,
            22.419057
          ],
          [
            87.280237,
            22.418814
          ],
          [
            87.280573,
            22.418284
          ],
          [
            87.280821,
            22.417918
          ],
          [
            87.280915,
            22.417818
          ],
          [
            87.281035,
            22.41772
          ],
          [
            87.281246,
            22.417618
          ],
          [
            87.281751,
            22.417421
          ],
          [
            87.282238,
            22.417221
          ],
          [
            87.282527,
            22.417107
          ],
          [
            87.282916,
            22.41695
          ],
          [
            87.283361,
            22.416792
          ],
          [
            87.28364,
            22.416714
          ],
          [
            87.283945,
            22.416677
          ],
          [
            87.284235,
            22.416652
          ],
          [
            87.284377,
            22.416656
          ],
          [
            87.284559,
            22.416685
          ],
          [
            87.28546,
            22.416846
          ],
          [
            87.28558,
            22.416869
          ],
          [
            87.286181,
            22.416984
          ],
          [
            87.287259,
            22.417192
          ],
          [
            87.287572,
            22.417259
          ],
          [
            87.28783,
            22.417344
          ],
          [
            87.28815,
            22.417531
          ],
          [
            87.288927,
            22.417889
          ],
          [
            87.289236,
            22.418006
          ],
          [
            87.289688,
            22.41816
          ],
          [
            87.28994,
            22.418245
          ],
          [
            87.290508,
            22.418447
          ],
          [
            87.290677,
            22.418502
          ],
          [
            87.290914,
            22.418579
          ],
          [
            87.291161,
            22.41863
          ],
          [
            87.29143,
            22.418642
          ],
          [
            87.29164,
            22.418624
          ],
          [
            87.291836,
            22.41854
          ],
          [
            87.292083,
            22.418384
          ],
          [
            87.292187,
            22.418309
          ],
          [
            87.292364,
            22.418181
          ],
          [
            87.292779,
            22.417926
          ],
          [
            87.29301,
            22.417791
          ],
          [
            87.293125,
            22.417752
          ],
          [
            87.293218,
            22.41772
          ],
          [
            87.293295,
            22.417715
          ],
          [
            87.293368,
            22.41771
          ],
          [
            87.293518,
            22.41775
          ],
          [
            87.293593,
            22.417789
          ],
          [
            87.293895,
            22.417949
          ],
          [
            87.294181,
            22.418103
          ],
          [
            87.294427,
            22.418236
          ],
          [
            87.294591,
            22.418319
          ],
          [
            87.295035,
            22.418543
          ],
          [
            87.295271,
            22.418643
          ],
          [
            87.295462,
            22.418709
          ],
          [
            87.29621,
            22.418864
          ],
          [
            87.296456,
            22.41894
          ],
          [
            87.29664,
            22.419016
          ],
          [
            87.296809,
            22.419089
          ],
          [
            87.296892,
            22.419125
          ],
          [
            87.29727,
            22.419293
          ],
          [
            87.297468,
            22.419356
          ],
          [
            87.297659,
            22.419391
          ],
          [
            87.298803,
            22.419613
          ],
          [
            87.299028,
            22.419673
          ],
          [
            87.299232,
            22.419746
          ],
          [
            87.299461,
            22.41984
          ],
          [
            87.299592,
            22.4199
          ],
          [
            87.29998,
            22.420078
          ],
          [
            87.300241,
            22.420156
          ],
          [
            87.300538,
            22.420211
          ],
          [
            87.301405,
            22.420424
          ],
          [
            87.301831,
            22.420528
          ],
          [
            87.30242,
            22.42067
          ],
          [
            87.303006,
            22.420838
          ],
          [
            87.303646,
            22.421031
          ],
          [
            87.304263,
            22.421254
          ],
          [
            87.304314,
            22.421269
          ],
          [
            87.304391,
            22.421294
          ]
        ]
      },
      "properties": {
        "osm_id": 1020729425,
        "name": "OT Road (Orissa Trunk Road) / Midnapore Main Road",
        "infrastructure_type": "Road",
        "district": "Paschim Medinipur",
        "state": "West Bengal",
        "statutory_authority": "NHAI / PWD / South Eastern Railway / I&WD"
      }
    },
    {
      "type": "Feature",
      "id": "pmed-infra-1020834385",
      "geometry": {
        "type": "LineString",
        "coordinates": [
          [
            87.310795,
            22.334928
          ],
          [
            87.310933,
            22.334857
          ],
          [
            87.311059,
            22.33489
          ],
          [
            87.311211,
            22.335197
          ],
          [
            87.311322,
            22.335324
          ],
          [
            87.312747,
            22.335586
          ]
        ]
      },
      "properties": {
        "osm_id": 1020834385,
        "name": "NH-60 (Kharagpur - Balasore Arterial)",
        "infrastructure_type": "Road",
        "district": "Paschim Medinipur",
        "state": "West Bengal",
        "statutory_authority": "NHAI / PWD / South Eastern Railway / I&WD"
      }
    },
    {
      "type": "Feature",
      "id": "pmed-infra-1020834386",
      "geometry": {
        "type": "LineString",
        "coordinates": [
          [
            87.310547,
            22.335034
          ],
          [
            87.310795,
            22.334928
          ]
        ]
      },
      "properties": {
        "osm_id": 1020834386,
        "name": "NH-60 (Kharagpur - Balasore Arterial)",
        "infrastructure_type": "Road",
        "district": "Paschim Medinipur",
        "state": "West Bengal",
        "statutory_authority": "NHAI / PWD / South Eastern Railway / I&WD"
      }
    },
    {
      "type": "Feature",
      "id": "pmed-infra-1020834390",
      "geometry": {
        "type": "LineString",
        "coordinates": [
          [
            87.312747,
            22.335586
          ],
          [
            87.315055,
            22.336052
          ],
          [
            87.315219,
            22.336085
          ]
        ]
      },
      "properties": {
        "osm_id": 1020834390,
        "name": "Nimpura Road",
        "infrastructure_type": "Road",
        "district": "Paschim Medinipur",
        "state": "West Bengal",
        "statutory_authority": "NHAI / PWD / South Eastern Railway / I&WD"
      }
    },
    {
      "type": "Feature",
      "id": "pmed-infra-1021026706",
      "geometry": {
        "type": "LineString",
        "coordinates": [
          [
            87.325431,
            22.423993
          ],
          [
            87.325293,
            22.423989
          ],
          [
            87.325014,
            22.424018
          ],
          [
            87.324766,
            22.424039
          ],
          [
            87.324615,
            22.424054
          ],
          [
            87.324536,
            22.424063
          ],
          [
            87.324412,
            22.424077
          ],
          [
            87.324278,
            22.424114
          ]
        ]
      },
      "properties": {
        "osm_id": 1021026706,
        "name": "Keranitola-KshudiramStatue-PachhurChawk",
        "infrastructure_type": "Road",
        "district": "Paschim Medinipur",
        "state": "West Bengal",
        "statutory_authority": "NHAI / PWD / South Eastern Railway / I&WD"
      }
    },
    {
      "type": "Feature",
      "id": "pmed-infra-1021026707",
      "geometry": {
        "type": "LineString",
        "coordinates": [
          [
            87.325431,
            22.423993
          ],
          [
            87.325862,
            22.423959
          ],
          [
            87.326155,
            22.423929
          ],
          [
            87.3264,
            22.423895
          ]
        ]
      },
      "properties": {
        "osm_id": 1021026707,
        "name": "Keranitola-KshudiramStatue-PachhurChawk",
        "infrastructure_type": "Road",
        "district": "Paschim Medinipur",
        "state": "West Bengal",
        "statutory_authority": "NHAI / PWD / South Eastern Railway / I&WD"
      }
    },
    {
      "type": "Feature",
      "id": "pmed-infra-1021026708",
      "geometry": {
        "type": "LineString",
        "coordinates": [
          [
            87.324278,
            22.424114
          ],
          [
            87.324352,
            22.424117
          ],
          [
            87.324417,
            22.424119
          ],
          [
            87.324627,
            22.424109
          ],
          [
            87.325284,
            22.42404
          ],
          [
            87.325431,
            22.423993
          ]
        ]
      },
      "properties": {
        "osm_id": 1021026708,
        "name": "Keranitola-KshudiramStatue-PachhurChawk",
        "infrastructure_type": "Road",
        "district": "Paschim Medinipur",
        "state": "West Bengal",
        "statutory_authority": "NHAI / PWD / South Eastern Railway / I&WD"
      }
    },
    {
      "type": "Feature",
      "id": "pmed-infra-1021026709",
      "geometry": {
        "type": "LineString",
        "coordinates": [
          [
            87.322681,
            22.424546
          ],
          [
            87.322569,
            22.424565
          ],
          [
            87.32247,
            22.424599
          ],
          [
            87.322124,
            22.424715
          ],
          [
            87.321904,
            22.424781
          ],
          [
            87.321799,
            22.424808
          ],
          [
            87.321684,
            22.424838
          ]
        ]
      },
      "properties": {
        "osm_id": 1021026709,
        "name": "Keranitola-KshudiramStatue-PachhurChawk",
        "infrastructure_type": "Road",
        "district": "Paschim Medinipur",
        "state": "West Bengal",
        "statutory_authority": "NHAI / PWD / South Eastern Railway / I&WD"
      }
    },
    {
      "type": "Feature",
      "id": "pmed-infra-1021026710",
      "geometry": {
        "type": "LineString",
        "coordinates": [
          [
            87.321671,
            22.424896
          ],
          [
            87.322052,
            22.424787
          ],
          [
            87.322491,
            22.424649
          ],
          [
            87.322604,
            22.42461
          ],
          [
            87.322681,
            22.424546
          ]
        ]
      },
      "properties": {
        "osm_id": 1021026710,
        "name": "Keranitola-KshudiramStatue-PachhurChawk",
        "infrastructure_type": "Road",
        "district": "Paschim Medinipur",
        "state": "West Bengal",
        "statutory_authority": "NHAI / PWD / South Eastern Railway / I&WD"
      }
    },
    {
      "type": "Feature",
      "id": "pmed-infra-1021026711",
      "geometry": {
        "type": "LineString",
        "coordinates": [
          [
            87.321558,
            22.424873
          ],
          [
            87.321577,
            22.424902
          ],
          [
            87.32161,
            22.424916
          ],
          [
            87.321643,
            22.424914
          ],
          [
            87.321671,
            22.424896
          ],
          [
            87.321686,
            22.424868
          ],
          [
            87.321684,
            22.424838
          ],
          [
            87.321671,
            22.424817
          ],
          [
            87.32165,
            22.424802
          ],
          [
            87.321621,
            22.424796
          ],
          [
            87.321592,
            22.424802
          ],
          [
            87.321569,
            22.42482
          ],
          [
            87.321557,
            22.424845
          ],
          [
            87.321558,
            22.424873
          ]
        ]
      },
      "properties": {
        "osm_id": 1021026711,
        "name": "Keranitola-KshudiramStatue-PachhurChawk",
        "infrastructure_type": "Road",
        "district": "Paschim Medinipur",
        "state": "West Bengal",
        "statutory_authority": "NHAI / PWD / South Eastern Railway / I&WD"
      }
    },
    {
      "type": "Feature",
      "id": "pmed-infra-1021026712",
      "geometry": {
        "type": "LineString",
        "coordinates": [
          [
            87.320008,
            22.425668
          ],
          [
            87.320088,
            22.425584
          ],
          [
            87.320165,
            22.425499
          ],
          [
            87.320255,
            22.425433
          ],
          [
            87.320365,
            22.42538
          ],
          [
            87.320523,
            22.425322
          ],
          [
            87.32161,
            22.424916
          ]
        ]
      },
      "properties": {
        "osm_id": 1021026712,
        "name": "Keranitola-KshudiramStatue-PachhurChawk",
        "infrastructure_type": "Road",
        "district": "Paschim Medinipur",
        "state": "West Bengal",
        "statutory_authority": "NHAI / PWD / South Eastern Railway / I&WD"
      }
    },
    {
      "type": "Feature",
      "id": "pmed-infra-1021026713",
      "geometry": {
        "type": "LineString",
        "coordinates": [
          [
            87.321558,
            22.424873
          ],
          [
            87.321255,
            22.424987
          ],
          [
            87.320524,
            22.425262
          ],
          [
            87.320284,
            22.425359
          ],
          [
            87.319875,
            22.425557
          ]
        ]
      },
      "properties": {
        "osm_id": 1021026713,
        "name": "Keranitola-KshudiramStatue-PachhurChawk",
        "infrastructure_type": "Road",
        "district": "Paschim Medinipur",
        "state": "West Bengal",
        "statutory_authority": "NHAI / PWD / South Eastern Railway / I&WD"
      }
    },
    {
      "type": "Feature",
      "id": "pmed-infra-1021026714",
      "geometry": {
        "type": "LineString",
        "coordinates": [
          [
            87.320049,
            22.42586
          ],
          [
            87.320009,
            22.425681
          ]
        ]
      },
      "properties": {
        "osm_id": 1021026714,
        "name": "NH-60 (Kharagpur - Balasore Arterial)",
        "infrastructure_type": "Road",
        "district": "Paschim Medinipur",
        "state": "West Bengal",
        "statutory_authority": "NHAI / PWD / South Eastern Railway / I&WD"
      }
    },
    {
      "type": "Feature",
      "id": "pmed-infra-1021026715",
      "geometry": {
        "type": "LineString",
        "coordinates": [
          [
            87.319891,
            22.42577
          ],
          [
            87.320049,
            22.42586
          ]
        ]
      },
      "properties": {
        "osm_id": 1021026715,
        "name": "NH-60 (Kharagpur - Balasore Arterial)",
        "infrastructure_type": "Road",
        "district": "Paschim Medinipur",
        "state": "West Bengal",
        "statutory_authority": "NHAI / PWD / South Eastern Railway / I&WD"
      }
    },
    {
      "type": "Feature",
      "id": "pmed-infra-1021026716",
      "geometry": {
        "type": "LineString",
        "coordinates": [
          [
            87.31867,
            22.42623
          ],
          [
            87.319092,
            22.426017
          ],
          [
            87.319293,
            22.425918
          ],
          [
            87.319452,
            22.425837
          ],
          [
            87.319548,
            22.425795
          ],
          [
            87.319638,
            22.425776
          ],
          [
            87.319838,
            22.425756
          ]
        ]
      },
      "properties": {
        "osm_id": 1021026716,
        "name": "Keranitola-KshudiramStatue-PachhurChawk",
        "infrastructure_type": "Road",
        "district": "Paschim Medinipur",
        "state": "West Bengal",
        "statutory_authority": "NHAI / PWD / South Eastern Railway / I&WD"
      }
    },
    {
      "type": "Feature",
      "id": "pmed-infra-1021026717",
      "geometry": {
        "type": "LineString",
        "coordinates": [
          [
            87.31979,
            22.425616
          ],
          [
            87.319564,
            22.42573
          ],
          [
            87.319034,
            22.42599
          ],
          [
            87.318668,
            22.426165
          ]
        ]
      },
      "properties": {
        "osm_id": 1021026717,
        "name": "Keranitola-KshudiramStatue-PachhurChawk",
        "infrastructure_type": "Road",
        "district": "Paschim Medinipur",
        "state": "West Bengal",
        "statutory_authority": "NHAI / PWD / South Eastern Railway / I&WD"
      }
    },
    {
      "type": "Feature",
      "id": "pmed-infra-1021026718",
      "geometry": {
        "type": "LineString",
        "coordinates": [
          [
            87.318643,
            22.426141
          ],
          [
            87.318561,
            22.426016
          ],
          [
            87.318531,
            22.425967
          ],
          [
            87.318492,
            22.425932
          ]
        ]
      },
      "properties": {
        "osm_id": 1021026718,
        "name": "Keranitola-KshudiramStatue-PachhurChawk",
        "infrastructure_type": "Road",
        "district": "Paschim Medinipur",
        "state": "West Bengal",
        "statutory_authority": "NHAI / PWD / South Eastern Railway / I&WD"
      }
    },
    {
      "type": "Feature",
      "id": "pmed-infra-1021026719",
      "geometry": {
        "type": "LineString",
        "coordinates": [
          [
            87.318492,
            22.425932
          ],
          [
            87.318495,
            22.425988
          ],
          [
            87.318512,
            22.426039
          ],
          [
            87.318553,
            22.42615
          ]
        ]
      },
      "properties": {
        "osm_id": 1021026719,
        "name": "Keranitola-KshudiramStatue-PachhurChawk",
        "infrastructure_type": "Road",
        "district": "Paschim Medinipur",
        "state": "West Bengal",
        "statutory_authority": "NHAI / PWD / South Eastern Railway / I&WD"
      }
    },
    {
      "type": "Feature",
      "id": "pmed-infra-1021026720",
      "geometry": {
        "type": "LineString",
        "coordinates": [
          [
            87.318532,
            22.426212
          ],
          [
            87.318547,
            22.426242
          ],
          [
            87.318577,
            22.426262
          ],
          [
            87.318612,
            22.426267
          ],
          [
            87.318646,
            22.426255
          ],
          [
            87.31867,
            22.42623
          ],
          [
            87.318678,
            22.426197
          ],
          [
            87.318668,
            22.426165
          ],
          [
            87.318643,
            22.426141
          ],
          [
            87.318613,
            22.426132
          ],
          [
            87.31858,
            22.426135
          ],
          [
            87.318553,
            22.42615
          ],
          [
            87.318534,
            22.426179
          ],
          [
            87.318532,
            22.426212
          ]
        ]
      },
      "properties": {
        "osm_id": 1021026720,
        "name": "Keranitola-KshudiramStatue-PachhurChawk",
        "infrastructure_type": "Road",
        "district": "Paschim Medinipur",
        "state": "West Bengal",
        "statutory_authority": "NHAI / PWD / South Eastern Railway / I&WD"
      }
    },
    {
      "type": "Feature",
      "id": "pmed-infra-1021026721",
      "geometry": {
        "type": "LineString",
        "coordinates": [
          [
            87.316116,
            22.421032
          ],
          [
            87.316139,
            22.421073
          ],
          [
            87.316266,
            22.421286
          ],
          [
            87.316448,
            22.421592
          ],
          [
            87.31663,
            22.421956
          ],
          [
            87.316686,
            22.422056
          ],
          [
            87.316768,
            22.422208
          ],
          [
            87.316951,
            22.422519
          ],
          [
            87.317167,
            22.422951
          ],
          [
            87.317238,
            22.423091
          ],
          [
            87.317487,
            22.423531
          ],
          [
            87.317526,
            22.4236
          ],
          [
            87.317584,
            22.42372
          ],
          [
            87.317829,
            22.424226
          ],
          [
            87.317973,
            22.4247
          ],
          [
            87.317993,
            22.424778
          ],
          [
            87.318145,
            22.425101
          ],
          [
            87.318176,
            22.425174
          ],
          [
            87.318272,
            22.425442
          ],
          [
            87.318348,
            22.425612
          ],
          [
            87.318404,
            22.425726
          ],
          [
            87.318447,
            22.42582
          ],
          [
            87.318492,
            22.425932
          ]
        ]
      },
      "properties": {
        "osm_id": 1021026721,
        "name": "Keranitola-KshudiramStatue-PachhurChawk",
        "infrastructure_type": "Road",
        "district": "Paschim Medinipur",
        "state": "West Bengal",
        "statutory_authority": "NHAI / PWD / South Eastern Railway / I&WD"
      }
    },
    {
      "type": "Feature",
      "id": "pmed-infra-1021820692",
      "geometry": {
        "type": "LineString",
        "coordinates": [
          [
            87.408631,
            22.403057
          ],
          [
            87.408503,
            22.403141
          ],
          [
            87.408278,
            22.403233
          ],
          [
            87.4079,
            22.403376
          ],
          [
            87.407483,
            22.403562
          ],
          [
            87.407143,
            22.403749
          ],
          [
            87.407045,
            22.403804
          ],
          [
            87.406969,
            22.40385
          ],
          [
            87.406745,
            22.404007
          ],
          [
            87.406654,
            22.404058
          ],
          [
            87.406571,
            22.404099
          ],
          [
            87.406415,
            22.404165
          ],
          [
            87.405958,
            22.404356
          ],
          [
            87.405645,
            22.404486
          ],
          [
            87.405576,
            22.404524
          ],
          [
            87.405342,
            22.404635
          ],
          [
            87.404936,
            22.404818
          ],
          [
            87.404848,
            22.404855
          ],
          [
            87.404766,
            22.40488
          ],
          [
            87.40473,
            22.404885
          ],
          [
            87.404677,
            22.404878
          ],
          [
            87.404609,
            22.40485
          ],
          [
            87.404216,
            22.40457
          ],
          [
            87.403612,
            22.404152
          ],
          [
            87.403526,
            22.404076
          ],
          [
            87.403446,
            22.403994
          ],
          [
            87.403332,
            22.403854
          ],
          [
            87.402914,
            22.403295
          ],
          [
            87.402778,
            22.403115
          ],
          [
            87.402655,
            22.402946
          ],
          [
            87.402452,
            22.402667
          ],
          [
            87.402232,
            22.402368
          ],
          [
            87.402012,
            22.402098
          ],
          [
            87.40198,
            22.402051
          ],
          [
            87.401957,
            22.402009
          ],
          [
            87.401952,
            22.401958
          ],
          [
            87.401951,
            22.401835
          ],
          [
            87.401582,
            22.401761
          ],
          [
            87.401256,
            22.401718
          ],
          [
            87.400745,
            22.401673
          ],
          [
            87.40034,
            22.401629
          ],
          [
            87.39994,
            22.401575
          ],
          [
            87.399604,
            22.40152
          ],
          [
            87.399567,
            22.401514
          ],
          [
            87.399121,
            22.401443
          ],
          [
            87.398693,
            22.401391
          ],
          [
            87.398236,
            22.40133
          ],
          [
            87.397871,
            22.401276
          ],
          [
            87.39752,
            22.401219
          ],
          [
            87.397322,
            22.401191
          ],
          [
            87.397281,
            22.401186
          ],
          [
            87.396581,
            22.401102
          ],
          [
            87.396329,
            22.401071
          ],
          [
            87.395862,
            22.401013
          ],
          [
            87.395647,
            22.400984
          ],
          [
            87.395403,
            22.400961
          ],
          [
            87.395344,
            22.400956
          ],
          [
            87.394977,
            22.400925
          ],
          [
            87.394671,
            22.400896
          ],
          [
            87.394473,
            22.400864
          ],
          [
            87.394372,
            22.400842
          ],
          [
            87.394301,
            22.400827
          ],
          [
            87.394001,
            22.400758
          ],
          [
            87.393298,
            22.400616
          ],
          [
            87.393011,
            22.400569
          ],
          [
            87.392507,
            22.400487
          ],
          [
            87.392198,
            22.400433
          ],
          [
            87.391723,
            22.400353
          ],
          [
            87.391402,
            22.4003
          ],
          [
            87.391165,
            22.400262
          ],
          [
            87.390848,
            22.400242
          ],
          [
            87.390634,
            22.400232
          ],
          [
            87.390004,
            22.400237
          ],
          [
            87.389494,
            22.400227
          ],
          [
            87.389413,
            22.400229
          ],
          [
            87.389216,
            22.400224
          ],
          [
            87.388843,
            22.400219
          ],
          [
            87.388448,
            22.400212
          ],
          [
            87.388046,
            22.400202
          ],
          [
            87.387343,
            22.400234
          ],
          [
            87.386559,
            22.4003
          ],
          [
            87.386509,
            22.400306
          ],
          [
            87.385906,
            22.400366
          ],
          [
            87.385361,
            22.400423
          ],
          [
            87.384709,
            22.400482
          ],
          [
            87.384092,
            22.40056
          ],
          [
            87.383186,
            22.400638
          ],
          [
            87.382849,
            22.400656
          ],
          [
            87.382529,
            22.400663
          ],
          [
            87.382322,
            22.400656
          ],
          [
            87.381886,
            22.400647
          ],
          [
            87.38175,
            22.400641
          ],
          [
            87.381143,
            22.400614
          ],
          [
            87.380823,
            22.400601
          ],
          [
            87.380484,
            22.400584
          ],
          [
            87.380186,
            22.400569
          ],
          [
            87.379574,
            22.40057
          ],
          [
            87.379072,
            22.400559
          ],
          [
            87.378716,
            22.400528
          ],
          [
            87.378423,
            22.400511
          ],
          [
            87.378166,
            22.400504
          ],
          [
            87.377872,
            22.400543
          ],
          [
            87.377597,
            22.400618
          ],
          [
            87.377249,
            22.40074
          ],
          [
            87.376768,
            22.400912
          ],
          [
            87.375808,
            22.401274
          ],
          [
            87.375217,
            22.401484
          ],
          [
            87.374649,
            22.4017
          ],
          [
            87.374167,
            22.401878
          ],
          [
            87.373843,
            22.401975
          ],
          [
            87.373411,
            22.402113
          ],
          [
            87.37309,
            22.402221
          ],
          [
            87.372823,
            22.402311
          ],
          [
            87.372503,
            22.40241
          ],
          [
            87.372193,
            22.402495
          ],
          [
            87.371616,
            22.40263
          ],
          [
            87.371094,
            22.402761
          ],
          [
            87.370664,
            22.402886
          ],
          [
            87.370243,
            22.403015
          ],
          [
            87.369888,
            22.403099
          ],
          [
            87.369532,
            22.40317
          ],
          [
            87.369217,
            22.403222
          ],
          [
            87.369014,
            22.403249
          ],
          [
            87.368679,
            22.403294
          ],
          [
            87.368113,
            22.403375
          ],
          [
            87.367559,
            22.403479
          ],
          [
            87.367045,
            22.403578
          ],
          [
            87.366543,
            22.40369
          ],
          [
            87.366065,
            22.403798
          ],
          [
            87.365688,
            22.4039
          ],
          [
            87.365127,
            22.404087
          ],
          [
            87.365001,
            22.404129
          ],
          [
            87.364481,
            22.404336
          ],
          [
            87.363981,
            22.40456
          ],
          [
            87.363471,
            22.404793
          ],
          [
            87.363135,
            22.404947
          ],
          [
            87.36288,
            22.405051
          ],
          [
            87.362773,
            22.405095
          ],
          [
            87.362319,
            22.405269
          ],
          [
            87.362107,
            22.405337
          ],
          [
            87.361877,
            22.40541
          ],
          [
            87.361387,
            22.405566
          ],
          [
            87.360972,
            22.405678
          ],
          [
            87.360102,
            22.405931
          ],
          [
            87.359633,
            22.40605
          ],
          [
            87.359558,
            22.40607
          ],
          [
            87.359194,
            22.406161
          ],
          [
            87.358789,
            22.406263
          ],
          [
            87.358689,
            22.406288
          ],
          [
            87.357968,
            22.406449
          ],
          [
            87.357669,
            22.406504
          ],
          [
            87.357132,
            22.406604
          ],
          [
            87.357004,
            22.406628
          ],
          [
            87.356941,
            22.406641
          ],
          [
            87.35627,
            22.406778
          ],
          [
            87.355942,
            22.406853
          ],
          [
            87.355909,
            22.406862
          ],
          [
            87.355602,
            22.406944
          ],
          [
            87.355583,
            22.406949
          ],
          [
            87.35536,
            22.407009
          ],
          [
            87.354957,
            22.407116
          ],
          [
            87.354851,
            22.407144
          ],
          [
            87.354591,
            22.407207
          ],
          [
            87.354359,
            22.407221
          ],
          [
            87.354145,
            22.407196
          ],
          [
            87.353826,
            22.407143
          ],
          [
            87.35332,
            22.407017
          ],
          [
            87.352605,
            22.406797
          ],
          [
            87.351315,
            22.406423
          ],
          [
            87.350936,
            22.406327
          ],
          [
            87.350746,
            22.40628
          ],
          [
            87.350504,
            22.406226
          ],
          [
            87.349871,
            22.406087
          ],
          [
            87.349376,
            22.405938
          ],
          [
            87.348687,
            22.405738
          ],
          [
            87.347507,
            22.405394
          ],
          [
            87.347256,
            22.405321
          ],
          [
            87.346853,
            22.405209
          ],
          [
            87.346045,
            22.404984
          ],
          [
            87.345936,
            22.404954
          ],
          [
            87.345342,
            22.404794
          ],
          [
            87.345002,
            22.404702
          ],
          [
            87.344469,
            22.404558
          ],
          [
            87.344048,
            22.404435
          ],
          [
            87.343635,
            22.40433
          ],
          [
            87.343442,
            22.404281
          ],
          [
            87.343287,
            22.40423
          ],
          [
            87.343052,
            22.404153
          ],
          [
            87.342709,
            22.404051
          ],
          [
            87.342352,
            22.403979
          ],
          [
            87.341983,
            22.403931
          ],
          [
            87.341364,
            22.403909
          ],
          [
            87.340993,
            22.403896
          ]
        ]
      },
      "properties": {
        "osm_id": 1021820692,
        "name": "NH-60 (Kharagpur - Balasore Arterial)",
        "infrastructure_type": "Road",
        "district": "Paschim Medinipur",
        "state": "West Bengal",
        "statutory_authority": "NHAI / PWD / South Eastern Railway / I&WD"
      }
    },
    {
      "type": "Feature",
      "id": "pmed-infra-1023249393",
      "geometry": {
        "type": "LineString",
        "coordinates": [
          [
            87.303929,
            22.438389
          ],
          [
            87.303983,
            22.438462
          ]
        ]
      },
      "properties": {
        "osm_id": 1023249393,
        "name": "OT Road (Orissa Trunk Road) / Midnapore Main Road",
        "infrastructure_type": "Road",
        "district": "Paschim Medinipur",
        "state": "West Bengal",
        "statutory_authority": "NHAI / PWD / South Eastern Railway / I&WD"
      }
    },
    {
      "type": "Feature",
      "id": "pmed-infra-1023249394",
      "geometry": {
        "type": "LineString",
        "coordinates": [
          [
            87.303983,
            22.438462
          ],
          [
            87.30403,
            22.438513
          ],
          [
            87.304362,
            22.438867
          ],
          [
            87.305012,
            22.439451
          ],
          [
            87.305247,
            22.439657
          ],
          [
            87.305612,
            22.439967
          ],
          [
            87.305725,
            22.440075
          ],
          [
            87.305868,
            22.440213
          ],
          [
            87.306156,
            22.440483
          ],
          [
            87.306299,
            22.440608
          ],
          [
            87.306349,
            22.440654
          ],
          [
            87.306463,
            22.440758
          ],
          [
            87.306911,
            22.441168
          ],
          [
            87.307043,
            22.441289
          ],
          [
            87.307204,
            22.44144
          ],
          [
            87.307266,
            22.441498
          ],
          [
            87.307433,
            22.441653
          ],
          [
            87.307637,
            22.441841
          ],
          [
            87.307813,
            22.44201
          ],
          [
            87.307988,
            22.442179
          ],
          [
            87.308208,
            22.44239
          ],
          [
            87.308392,
            22.442567
          ],
          [
            87.308488,
            22.442659
          ],
          [
            87.308643,
            22.442806
          ],
          [
            87.308682,
            22.442843
          ],
          [
            87.309035,
            22.44318
          ],
          [
            87.309411,
            22.443533
          ],
          [
            87.309634,
            22.443776
          ],
          [
            87.309669,
            22.443809
          ],
          [
            87.309687,
            22.443819
          ],
          [
            87.309705,
            22.443827
          ],
          [
            87.309725,
            22.443829
          ],
          [
            87.30975,
            22.443828
          ],
          [
            87.309798,
            22.443818
          ],
          [
            87.310059,
            22.44376
          ],
          [
            87.31076,
            22.443563
          ],
          [
            87.311003,
            22.443495
          ],
          [
            87.311262,
            22.443422
          ],
          [
            87.311586,
            22.443332
          ],
          [
            87.311907,
            22.443242
          ],
          [
            87.312107,
            22.443185
          ],
          [
            87.312169,
            22.443168
          ],
          [
            87.312222,
            22.443155
          ],
          [
            87.312233,
            22.443153
          ]
        ]
      },
      "properties": {
        "osm_id": 1023249394,
        "name": "OT Road (Orissa Trunk Road) / Midnapore Main Road",
        "infrastructure_type": "Road",
        "district": "Paschim Medinipur",
        "state": "West Bengal",
        "statutory_authority": "NHAI / PWD / South Eastern Railway / I&WD"
      }
    },
    {
      "type": "Feature",
      "id": "pmed-infra-1023289865",
      "geometry": {
        "type": "LineString",
        "coordinates": [
          [
            87.340392,
            22.426485
          ],
          [
            87.340089,
            22.427078
          ],
          [
            87.339096,
            22.42904
          ],
          [
            87.338431,
            22.430355
          ],
          [
            87.338151,
            22.43141
          ],
          [
            87.337806,
            22.432855
          ],
          [
            87.337794,
            22.432928
          ],
          [
            87.337546,
            22.434466
          ],
          [
            87.337524,
            22.43461
          ],
          [
            87.337514,
            22.434669
          ],
          [
            87.337381,
            22.435588
          ],
          [
            87.336826,
            22.439393
          ],
          [
            87.336756,
            22.439798
          ],
          [
            87.336495,
            22.440809
          ],
          [
            87.336472,
            22.440904
          ],
          [
            87.336369,
            22.441152
          ],
          [
            87.335622,
            22.443867
          ],
          [
            87.335544,
            22.444216
          ],
          [
            87.334878,
            22.446678
          ],
          [
            87.334781,
            22.446815
          ],
          [
            87.334259,
            22.447385
          ],
          [
            87.333958,
            22.447691
          ],
          [
            87.332078,
            22.449648
          ],
          [
            87.331638,
            22.450119
          ],
          [
            87.331093,
            22.450277
          ],
          [
            87.330529,
            22.450296
          ],
          [
            87.330121,
            22.450137
          ]
        ]
      },
      "properties": {
        "osm_id": 1023289865,
        "name": "Kangsabati River (Kasai River Drainage Basin)",
        "infrastructure_type": "Waterway",
        "district": "Paschim Medinipur",
        "state": "West Bengal",
        "statutory_authority": "NHAI / PWD / South Eastern Railway / I&WD"
      }
    },
    {
      "type": "Feature",
      "id": "pmed-infra-1023289866",
      "geometry": {
        "type": "LineString",
        "coordinates": [
          [
            87.340473,
            22.426327
          ],
          [
            87.340392,
            22.426485
          ]
        ]
      },
      "properties": {
        "osm_id": 1023289866,
        "name": "Kangsabati River (Kasai River Drainage Basin)",
        "infrastructure_type": "Waterway",
        "district": "Paschim Medinipur",
        "state": "West Bengal",
        "statutory_authority": "NHAI / PWD / South Eastern Railway / I&WD"
      }
    },
    {
      "type": "Feature",
      "id": "pmed-infra-1023289867",
      "geometry": {
        "type": "LineString",
        "coordinates": [
          [
            87.340605,
            22.426059
          ],
          [
            87.340529,
            22.426204
          ]
        ]
      },
      "properties": {
        "osm_id": 1023289867,
        "name": "Kangsabati River (Kasai River Drainage Basin)",
        "infrastructure_type": "Waterway",
        "district": "Paschim Medinipur",
        "state": "West Bengal",
        "statutory_authority": "NHAI / PWD / South Eastern Railway / I&WD"
      }
    },
    {
      "type": "Feature",
      "id": "pmed-infra-1023289868",
      "geometry": {
        "type": "LineString",
        "coordinates": [
          [
            87.340529,
            22.426204
          ],
          [
            87.340473,
            22.426327
          ]
        ]
      },
      "properties": {
        "osm_id": 1023289868,
        "name": "Kangsabati River (Kasai River Drainage Basin)",
        "infrastructure_type": "Waterway",
        "district": "Paschim Medinipur",
        "state": "West Bengal",
        "statutory_authority": "NHAI / PWD / South Eastern Railway / I&WD"
      }
    },
    {
      "type": "Feature",
      "id": "pmed-infra-1024192971",
      "geometry": {
        "type": "LineString",
        "coordinates": [
          [
            87.271228,
            22.350006
          ],
          [
            87.272689,
            22.350693
          ],
          [
            87.273818,
            22.351205
          ],
          [
            87.274411,
            22.351481
          ],
          [
            87.276785,
            22.352546
          ],
          [
            87.278183,
            22.353159
          ],
          [
            87.278826,
            22.353437
          ]
        ]
      },
      "properties": {
        "osm_id": 1024192971,
        "name": "Flyover",
        "infrastructure_type": "Road",
        "district": "Paschim Medinipur",
        "state": "West Bengal",
        "statutory_authority": "NHAI / PWD / South Eastern Railway / I&WD"
      }
    },
    {
      "type": "Feature",
      "id": "pmed-infra-1024192973",
      "geometry": {
        "type": "LineString",
        "coordinates": [
          [
            87.278893,
            22.353297
          ],
          [
            87.277193,
            22.352537
          ],
          [
            87.276737,
            22.352332
          ],
          [
            87.274141,
            22.351167
          ],
          [
            87.273054,
            22.350681
          ],
          [
            87.27218,
            22.350282
          ],
          [
            87.271547,
            22.349981
          ],
          [
            87.27124,
            22.349839
          ]
        ]
      },
      "properties": {
        "osm_id": 1024192973,
        "name": "Flyover",
        "infrastructure_type": "Road",
        "district": "Paschim Medinipur",
        "state": "West Bengal",
        "statutory_authority": "NHAI / PWD / South Eastern Railway / I&WD"
      }
    },
    {
      "type": "Feature",
      "id": "pmed-infra-1024422564",
      "geometry": {
        "type": "LineString",
        "coordinates": [
          [
            87.316314,
            22.42074
          ],
          [
            87.317131,
            22.420523
          ],
          [
            87.318072,
            22.420307
          ],
          [
            87.318875,
            22.420133
          ],
          [
            87.31939,
            22.420022
          ],
          [
            87.319429,
            22.420015
          ],
          [
            87.319574,
            22.419987
          ],
          [
            87.321201,
            22.419602
          ],
          [
            87.322255,
            22.41924
          ],
          [
            87.322636,
            22.419067
          ],
          [
            87.322951,
            22.418906
          ],
          [
            87.32314,
            22.418685
          ],
          [
            87.323404,
            22.418382
          ],
          [
            87.323514,
            22.418233
          ]
        ]
      },
      "properties": {
        "osm_id": 1024422564,
        "name": "OT Road (Orissa Trunk Road) / Midnapore Main Road",
        "infrastructure_type": "Road",
        "district": "Paschim Medinipur",
        "state": "West Bengal",
        "statutory_authority": "NHAI / PWD / South Eastern Railway / I&WD"
      }
    },
    {
      "type": "Feature",
      "id": "pmed-infra-1024422565",
      "geometry": {
        "type": "LineString",
        "coordinates": [
          [
            87.304391,
            22.421294
          ],
          [
            87.305323,
            22.421566
          ],
          [
            87.305743,
            22.421668
          ],
          [
            87.306068,
            22.421753
          ],
          [
            87.306467,
            22.421879
          ],
          [
            87.30663,
            22.421911
          ],
          [
            87.306776,
            22.421919
          ],
          [
            87.307204,
            22.421924
          ],
          [
            87.307378,
            22.421946
          ],
          [
            87.307567,
            22.421989
          ],
          [
            87.307821,
            22.422077
          ],
          [
            87.308211,
            22.422209
          ],
          [
            87.308425,
            22.422258
          ],
          [
            87.30867,
            22.422284
          ],
          [
            87.308923,
            22.422283
          ],
          [
            87.309183,
            22.422258
          ],
          [
            87.309438,
            22.422209
          ],
          [
            87.309674,
            22.422167
          ],
          [
            87.310198,
            22.42207
          ],
          [
            87.31044,
            22.422022
          ],
          [
            87.310847,
            22.421937
          ],
          [
            87.311041,
            22.421903
          ]
        ]
      },
      "properties": {
        "osm_id": 1024422565,
        "name": "OT Road (Orissa Trunk Road) / Midnapore Main Road",
        "infrastructure_type": "Road",
        "district": "Paschim Medinipur",
        "state": "West Bengal",
        "statutory_authority": "NHAI / PWD / South Eastern Railway / I&WD"
      }
    },
    {
      "type": "Feature",
      "id": "pmed-infra-1025176315",
      "geometry": {
        "type": "LineString",
        "coordinates": [
          [
            87.334771,
            22.441059
          ],
          [
            87.334802,
            22.440977
          ],
          [
            87.334884,
            22.440756
          ],
          [
            87.335137,
            22.440082
          ],
          [
            87.335329,
            22.439596
          ],
          [
            87.335383,
            22.439451
          ],
          [
            87.335461,
            22.439227
          ],
          [
            87.335528,
            22.438993
          ],
          [
            87.335642,
            22.438471
          ],
          [
            87.33577,
            22.437883
          ],
          [
            87.335831,
            22.437611
          ],
          [
            87.335921,
            22.437218
          ],
          [
            87.336024,
            22.436762
          ],
          [
            87.336467,
            22.434806
          ],
          [
            87.336505,
            22.434645
          ],
          [
            87.336641,
            22.434058
          ],
          [
            87.336729,
            22.433681
          ],
          [
            87.336848,
            22.43317
          ],
          [
            87.336901,
            22.432947
          ],
          [
            87.337166,
            22.431798
          ],
          [
            87.337263,
            22.431375
          ],
          [
            87.337535,
            22.430187
          ],
          [
            87.337616,
            22.429844
          ],
          [
            87.337704,
            22.42947
          ],
          [
            87.337857,
            22.428829
          ],
          [
            87.338061,
            22.427847
          ],
          [
            87.338081,
            22.427755
          ],
          [
            87.338102,
            22.427665
          ],
          [
            87.338398,
            22.426393
          ],
          [
            87.338457,
            22.426124
          ],
          [
            87.338488,
            22.42595
          ]
        ]
      },
      "properties": {
        "osm_id": 1025176315,
        "name": "NH-16 (National Highway 16 / Golden Quadrilateral)",
        "infrastructure_type": "Road",
        "district": "Paschim Medinipur",
        "state": "West Bengal",
        "statutory_authority": "NHAI / PWD / South Eastern Railway / I&WD"
      }
    },
    {
      "type": "Feature",
      "id": "pmed-infra-1026600681",
      "geometry": {
        "type": "LineString",
        "coordinates": [
          [
            87.336521,
            22.342942
          ],
          [
            87.336497,
            22.343327
          ],
          [
            87.336476,
            22.343403
          ],
          [
            87.336433,
            22.343437
          ],
          [
            87.336368,
            22.343468
          ],
          [
            87.336284,
            22.343487
          ],
          [
            87.336209,
            22.343492
          ],
          [
            87.335751,
            22.343502
          ],
          [
            87.335335,
            22.343506
          ],
          [
            87.335099,
            22.343505
          ],
          [
            87.334924,
            22.343543
          ],
          [
            87.334851,
            22.343584
          ],
          [
            87.33481,
            22.343637
          ],
          [
            87.334756,
            22.343782
          ],
          [
            87.334632,
            22.344147
          ],
          [
            87.334541,
            22.344471
          ],
          [
            87.334419,
            22.344857
          ],
          [
            87.334301,
            22.345225
          ],
          [
            87.334276,
            22.345333
          ],
          [
            87.334216,
            22.345593
          ],
          [
            87.334176,
            22.345764
          ],
          [
            87.33412,
            22.346013
          ],
          [
            87.334108,
            22.346068
          ],
          [
            87.334098,
            22.346153
          ],
          [
            87.334108,
            22.346304
          ]
        ]
      },
      "properties": {
        "osm_id": 1026600681,
        "name": "Kharagpur City Road",
        "infrastructure_type": "Road",
        "district": "Paschim Medinipur",
        "state": "West Bengal",
        "statutory_authority": "NHAI / PWD / South Eastern Railway / I&WD"
      }
    },
    {
      "type": "Feature",
      "id": "pmed-infra-1026600682",
      "geometry": {
        "type": "LineString",
        "coordinates": [
          [
            87.336614,
            22.343436
          ],
          [
            87.336705,
            22.343369
          ],
          [
            87.336833,
            22.34315
          ],
          [
            87.336862,
            22.343102
          ],
          [
            87.336877,
            22.343056
          ],
          [
            87.336909,
            22.34296
          ]
        ]
      },
      "properties": {
        "osm_id": 1026600682,
        "name": "Kharagpur City Road",
        "infrastructure_type": "Road",
        "district": "Paschim Medinipur",
        "state": "West Bengal",
        "statutory_authority": "NHAI / PWD / South Eastern Railway / I&WD"
      }
    },
    {
      "type": "Feature",
      "id": "pmed-infra-1026600683",
      "geometry": {
        "type": "LineString",
        "coordinates": [
          [
            87.334108,
            22.346304
          ],
          [
            87.334151,
            22.346203
          ],
          [
            87.334176,
            22.346082
          ],
          [
            87.334199,
            22.345981
          ],
          [
            87.334306,
            22.345592
          ],
          [
            87.334367,
            22.345347
          ],
          [
            87.334375,
            22.345306
          ],
          [
            87.33439,
            22.345239
          ],
          [
            87.334407,
            22.345182
          ],
          [
            87.334446,
            22.345047
          ],
          [
            87.334529,
            22.344762
          ],
          [
            87.334585,
            22.34457
          ],
          [
            87.334602,
            22.344514
          ],
          [
            87.334675,
            22.344275
          ],
          [
            87.334705,
            22.344178
          ],
          [
            87.334804,
            22.343858
          ],
          [
            87.334871,
            22.343709
          ],
          [
            87.334914,
            22.343657
          ],
          [
            87.334965,
            22.34362
          ],
          [
            87.335048,
            22.3436
          ],
          [
            87.335166,
            22.343593
          ],
          [
            87.336263,
            22.343583
          ],
          [
            87.336459,
            22.343535
          ],
          [
            87.336614,
            22.343436
          ]
        ]
      },
      "properties": {
        "osm_id": 1026600683,
        "name": "Kharagpur City Road",
        "infrastructure_type": "Road",
        "district": "Paschim Medinipur",
        "state": "West Bengal",
        "statutory_authority": "NHAI / PWD / South Eastern Railway / I&WD"
      }
    },
    {
      "type": "Feature",
      "id": "pmed-infra-1026600684",
      "geometry": {
        "type": "LineString",
        "coordinates": [
          [
            87.333827,
            22.345188
          ],
          [
            87.33404,
            22.345274
          ],
          [
            87.334204,
            22.345323
          ],
          [
            87.334276,
            22.345333
          ],
          [
            87.334367,
            22.345347
          ]
        ]
      },
      "properties": {
        "osm_id": 1026600684,
        "name": "Malancha Road",
        "infrastructure_type": "Road",
        "district": "Paschim Medinipur",
        "state": "West Bengal",
        "statutory_authority": "NHAI / PWD / South Eastern Railway / I&WD"
      }
    },
    {
      "type": "Feature",
      "id": "pmed-infra-1026600685",
      "geometry": {
        "type": "LineString",
        "coordinates": [
          [
            87.333827,
            22.345188
          ],
          [
            87.333667,
            22.345159
          ],
          [
            87.332796,
            22.344991
          ],
          [
            87.332677,
            22.344968
          ],
          [
            87.331754,
            22.344779
          ],
          [
            87.331678,
            22.344764
          ],
          [
            87.331125,
            22.344651
          ],
          [
            87.329878,
            22.344402
          ],
          [
            87.32934,
            22.344289
          ],
          [
            87.328787,
            22.344172
          ],
          [
            87.328186,
            22.344053
          ],
          [
            87.327615,
            22.343939
          ],
          [
            87.327044,
            22.343825
          ],
          [
            87.326814,
            22.343778
          ],
          [
            87.326615,
            22.343739
          ],
          [
            87.326197,
            22.34368
          ],
          [
            87.326068,
            22.343673
          ],
          [
            87.325845,
            22.34366
          ],
          [
            87.325709,
            22.343652
          ],
          [
            87.324931,
            22.343566
          ],
          [
            87.32472,
            22.343549
          ],
          [
            87.324664,
            22.343545
          ],
          [
            87.324421,
            22.343525
          ],
          [
            87.324186,
            22.343525
          ],
          [
            87.324141,
            22.343525
          ],
          [
            87.324069,
            22.343525
          ],
          [
            87.323628,
            22.343569
          ],
          [
            87.322906,
            22.343641
          ],
          [
            87.322613,
            22.343666
          ],
          [
            87.322429,
            22.343681
          ],
          [
            87.322241,
            22.343698
          ],
          [
            87.322068,
            22.343712
          ],
          [
            87.322012,
            22.343717
          ],
          [
            87.321901,
            22.343729
          ],
          [
            87.321476,
            22.343777
          ],
          [
            87.320916,
            22.343828
          ],
          [
            87.320435,
            22.343871
          ],
          [
            87.320271,
            22.343886
          ],
          [
            87.320124,
            22.343899
          ],
          [
            87.319961,
            22.343913
          ],
          [
            87.319799,
            22.343923
          ],
          [
            87.319544,
            22.343937
          ],
          [
            87.319159,
            22.343919
          ],
          [
            87.318985,
            22.343904
          ],
          [
            87.318841,
            22.343893
          ],
          [
            87.318618,
            22.343875
          ],
          [
            87.318356,
            22.343852
          ],
          [
            87.318078,
            22.343828
          ],
          [
            87.317823,
            22.343805
          ],
          [
            87.317595,
            22.343785
          ],
          [
            87.317562,
            22.343782
          ],
          [
            87.317494,
            22.343775
          ],
          [
            87.317158,
            22.343737
          ],
          [
            87.316847,
            22.343703
          ],
          [
            87.316614,
            22.343665
          ],
          [
            87.316337,
            22.343621
          ],
          [
            87.316022,
            22.343592
          ],
          [
            87.315613,
            22.343564
          ],
          [
            87.315329,
            22.343506
          ],
          [
            87.315268,
            22.343493
          ],
          [
            87.314701,
            22.343376
          ],
          [
            87.314602,
            22.343355
          ],
          [
            87.314498,
            22.343335
          ],
          [
            87.313292,
            22.343093
          ],
          [
            87.31217,
            22.342868
          ],
          [
            87.311678,
            22.34277
          ],
          [
            87.311573,
            22.342749
          ],
          [
            87.311027,
            22.342539
          ],
          [
            87.310074,
            22.342361
          ],
          [
            87.309804,
            22.342302
          ],
          [
            87.307736,
            22.341941
          ]
        ]
      },
      "properties": {
        "osm_id": 1026600685,
        "name": "Malancha Road",
        "infrastructure_type": "Road",
        "district": "Paschim Medinipur",
        "state": "West Bengal",
        "statutory_authority": "NHAI / PWD / South Eastern Railway / I&WD"
      }
    },
    {
      "type": "Feature",
      "id": "pmed-infra-1026632754",
      "geometry": {
        "type": "LineString",
        "coordinates": [
          [
            87.335422,
            22.341845
          ],
          [
            87.335415,
            22.341828
          ],
          [
            87.335401,
            22.341813
          ],
          [
            87.335384,
            22.341803
          ],
          [
            87.335364,
            22.341799
          ],
          [
            87.335343,
            22.341801
          ],
          [
            87.335324,
            22.341808
          ],
          [
            87.335309,
            22.341821
          ],
          [
            87.335298,
            22.341837
          ],
          [
            87.335294,
            22.341856
          ],
          [
            87.335296,
            22.341876
          ],
          [
            87.335307,
            22.341895
          ]
        ]
      },
      "properties": {
        "osm_id": 1026632754,
        "name": "NH-60 (Kharagpur - Balasore Arterial)",
        "infrastructure_type": "Road",
        "district": "Paschim Medinipur",
        "state": "West Bengal",
        "statutory_authority": "NHAI / PWD / South Eastern Railway / I&WD"
      }
    },
    {
      "type": "Feature",
      "id": "pmed-infra-1026632755",
      "geometry": {
        "type": "LineString",
        "coordinates": [
          [
            87.335057,
            22.341768
          ],
          [
            87.334932,
            22.341718
          ],
          [
            87.33485,
            22.34168
          ],
          [
            87.334617,
            22.341519
          ],
          [
            87.334412,
            22.341361
          ],
          [
            87.334275,
            22.341279
          ],
          [
            87.334168,
            22.341242
          ],
          [
            87.334047,
            22.34122
          ],
          [
            87.332974,
            22.341008
          ],
          [
            87.330369,
            22.340492
          ],
          [
            87.327796,
            22.340047
          ],
          [
            87.326852,
            22.339837
          ],
          [
            87.326563,
            22.339773
          ],
          [
            87.325263,
            22.339485
          ],
          [
            87.324112,
            22.339253
          ],
          [
            87.322753,
            22.338977
          ],
          [
            87.322707,
            22.338947
          ],
          [
            87.322699,
            22.338887
          ],
          [
            87.322801,
            22.338401
          ],
          [
            87.322904,
            22.337904
          ],
          [
            87.322893,
            22.337851
          ],
          [
            87.322844,
            22.337825
          ],
          [
            87.320409,
            22.337339
          ]
        ]
      },
      "properties": {
        "osm_id": 1026632755,
        "name": "Station Road",
        "infrastructure_type": "Road",
        "district": "Paschim Medinipur",
        "state": "West Bengal",
        "statutory_authority": "NHAI / PWD / South Eastern Railway / I&WD"
      }
    },
    {
      "type": "Feature",
      "id": "pmed-infra-1026632756",
      "geometry": {
        "type": "LineString",
        "coordinates": [
          [
            87.335309,
            22.341821
          ],
          [
            87.335143,
            22.341773
          ],
          [
            87.335057,
            22.341768
          ]
        ]
      },
      "properties": {
        "osm_id": 1026632756,
        "name": "Station Road",
        "infrastructure_type": "Road",
        "district": "Paschim Medinipur",
        "state": "West Bengal",
        "statutory_authority": "NHAI / PWD / South Eastern Railway / I&WD"
      }
    },
    {
      "type": "Feature",
      "id": "pmed-infra-1026632757",
      "geometry": {
        "type": "LineString",
        "coordinates": [
          [
            87.335387,
            22.341914
          ],
          [
            87.335584,
            22.341963
          ],
          [
            87.335724,
            22.341989
          ],
          [
            87.336175,
            22.342042
          ],
          [
            87.336534,
            22.342094
          ]
        ]
      },
      "properties": {
        "osm_id": 1026632757,
        "name": "Kharagpur City Road",
        "infrastructure_type": "Road",
        "district": "Paschim Medinipur",
        "state": "West Bengal",
        "statutory_authority": "NHAI / PWD / South Eastern Railway / I&WD"
      }
    },
    {
      "type": "Feature",
      "id": "pmed-infra-1026632758",
      "geometry": {
        "type": "LineString",
        "coordinates": [
          [
            87.336951,
            22.342267
          ],
          [
            87.336918,
            22.342181
          ],
          [
            87.336872,
            22.342131
          ],
          [
            87.336777,
            22.342081
          ],
          [
            87.336553,
            22.342039
          ],
          [
            87.336362,
            22.342008
          ],
          [
            87.336127,
            22.341981
          ],
          [
            87.335879,
            22.341957
          ],
          [
            87.335724,
            22.341937
          ],
          [
            87.335672,
            22.341929
          ],
          [
            87.335422,
            22.341845
          ]
        ]
      },
      "properties": {
        "osm_id": 1026632758,
        "name": "Kharagpur City Road",
        "infrastructure_type": "Road",
        "district": "Paschim Medinipur",
        "state": "West Bengal",
        "statutory_authority": "NHAI / PWD / South Eastern Railway / I&WD"
      }
    },
    {
      "type": "Feature",
      "id": "pmed-infra-1026655918",
      "geometry": {
        "type": "LineString",
        "coordinates": [
          [
            87.320368,
            22.337258
          ],
          [
            87.320343,
            22.337251
          ],
          [
            87.320317,
            22.337253
          ],
          [
            87.320293,
            22.337263
          ],
          [
            87.320274,
            22.337279
          ],
          [
            87.320263,
            22.337301
          ],
          [
            87.32026,
            22.337325
          ],
          [
            87.320265,
            22.337346
          ],
          [
            87.320277,
            22.337365
          ],
          [
            87.320294,
            22.33738
          ],
          [
            87.320316,
            22.337389
          ]
        ]
      },
      "properties": {
        "osm_id": 1026655918,
        "name": "OT Road (Orissa Trunk Road) / Midnapore Main Road",
        "infrastructure_type": "Road",
        "district": "Paschim Medinipur",
        "state": "West Bengal",
        "statutory_authority": "NHAI / PWD / South Eastern Railway / I&WD"
      }
    },
    {
      "type": "Feature",
      "id": "pmed-infra-1026664923",
      "geometry": {
        "type": "LineString",
        "coordinates": [
          [
            87.320316,
            22.337389
          ],
          [
            87.32034,
            22.337391
          ],
          [
            87.320363,
            22.337387
          ],
          [
            87.320383,
            22.337376
          ],
          [
            87.320399,
            22.337359
          ],
          [
            87.320409,
            22.337339
          ],
          [
            87.320411,
            22.337315
          ],
          [
            87.320405,
            22.337292
          ],
          [
            87.32039,
            22.337272
          ],
          [
            87.320368,
            22.337258
          ]
        ]
      },
      "properties": {
        "osm_id": 1026664923,
        "name": "OT Road (Orissa Trunk Road) / Midnapore Main Road",
        "infrastructure_type": "Road",
        "district": "Paschim Medinipur",
        "state": "West Bengal",
        "statutory_authority": "NHAI / PWD / South Eastern Railway / I&WD"
      }
    },
    {
      "type": "Feature",
      "id": "pmed-infra-1026664924",
      "geometry": {
        "type": "LineString",
        "coordinates": [
          [
            87.335307,
            22.341895
          ],
          [
            87.335323,
            22.341909
          ],
          [
            87.335343,
            22.341918
          ],
          [
            87.335365,
            22.341919
          ],
          [
            87.335387,
            22.341914
          ],
          [
            87.335405,
            22.341901
          ],
          [
            87.335418,
            22.341884
          ],
          [
            87.335424,
            22.341864
          ],
          [
            87.335422,
            22.341845
          ]
        ]
      },
      "properties": {
        "osm_id": 1026664924,
        "name": "NH-60 (Kharagpur - Balasore Arterial)",
        "infrastructure_type": "Road",
        "district": "Paschim Medinipur",
        "state": "West Bengal",
        "statutory_authority": "NHAI / PWD / South Eastern Railway / I&WD"
      }
    },
    {
      "type": "Feature",
      "id": "pmed-infra-1056816315",
      "geometry": {
        "type": "LineString",
        "coordinates": [
          [
            87.298277,
            22.335555
          ],
          [
            87.297985,
            22.335519
          ],
          [
            87.29534,
            22.3351
          ]
        ]
      },
      "properties": {
        "osm_id": 1056816315,
        "name": "South Eastern Railway Howrah-Mumbai / Kharagpur Main Corridor",
        "infrastructure_type": "Railway",
        "district": "Paschim Medinipur",
        "state": "West Bengal",
        "statutory_authority": "NHAI / PWD / South Eastern Railway / I&WD"
      }
    },
    {
      "type": "Feature",
      "id": "pmed-infra-1056816316",
      "geometry": {
        "type": "LineString",
        "coordinates": [
          [
            87.297985,
            22.335519
          ],
          [
            87.297667,
            22.335508
          ],
          [
            87.295581,
            22.335186
          ]
        ]
      },
      "properties": {
        "osm_id": 1056816316,
        "name": "South Eastern Railway Howrah-Mumbai / Kharagpur Main Corridor",
        "infrastructure_type": "Railway",
        "district": "Paschim Medinipur",
        "state": "West Bengal",
        "statutory_authority": "NHAI / PWD / South Eastern Railway / I&WD"
      }
    },
    {
      "type": "Feature",
      "id": "pmed-infra-1056816317",
      "geometry": {
        "type": "LineString",
        "coordinates": [
          [
            87.297667,
            22.335508
          ],
          [
            87.297395,
            22.335507
          ],
          [
            87.295366,
            22.335211
          ]
        ]
      },
      "properties": {
        "osm_id": 1056816317,
        "name": "South Eastern Railway Howrah-Mumbai / Kharagpur Main Corridor",
        "infrastructure_type": "Railway",
        "district": "Paschim Medinipur",
        "state": "West Bengal",
        "statutory_authority": "NHAI / PWD / South Eastern Railway / I&WD"
      }
    },
    {
      "type": "Feature",
      "id": "pmed-infra-1056816318",
      "geometry": {
        "type": "LineString",
        "coordinates": [
          [
            87.296733,
            22.335452
          ],
          [
            87.296379,
            22.335434
          ],
          [
            87.296205,
            22.335411
          ],
          [
            87.295663,
            22.335337
          ],
          [
            87.295384,
            22.335322
          ],
          [
            87.295161,
            22.335325
          ],
          [
            87.294729,
            22.335342
          ],
          [
            87.294526,
            22.335345
          ],
          [
            87.292801,
            22.335287
          ]
        ]
      },
      "properties": {
        "osm_id": 1056816318,
        "name": "South Eastern Railway Howrah-Mumbai / Kharagpur Main Corridor",
        "infrastructure_type": "Railway",
        "district": "Paschim Medinipur",
        "state": "West Bengal",
        "statutory_authority": "NHAI / PWD / South Eastern Railway / I&WD"
      }
    },
    {
      "type": "Feature",
      "id": "pmed-infra-1056816319",
      "geometry": {
        "type": "LineString",
        "coordinates": [
          [
            87.302394,
            22.333997
          ],
          [
            87.301479,
            22.333806
          ],
          [
            87.301334,
            22.333769
          ],
          [
            87.301053,
            22.333667
          ]
        ]
      },
      "properties": {
        "osm_id": 1056816319,
        "name": "South Eastern Railway Howrah-Mumbai / Kharagpur Main Corridor",
        "infrastructure_type": "Railway",
        "district": "Paschim Medinipur",
        "state": "West Bengal",
        "statutory_authority": "NHAI / PWD / South Eastern Railway / I&WD"
      }
    },
    {
      "type": "Feature",
      "id": "pmed-infra-1056816320",
      "geometry": {
        "type": "LineString",
        "coordinates": [
          [
            87.302223,
            22.33384
          ],
          [
            87.301353,
            22.333667
          ],
          [
            87.301172,
            22.333644
          ],
          [
            87.300791,
            22.333618
          ]
        ]
      },
      "properties": {
        "osm_id": 1056816320,
        "name": "South Eastern Railway Howrah-Mumbai / Kharagpur Main Corridor",
        "infrastructure_type": "Railway",
        "district": "Paschim Medinipur",
        "state": "West Bengal",
        "statutory_authority": "NHAI / PWD / South Eastern Railway / I&WD"
      }
    },
    {
      "type": "Feature",
      "id": "pmed-infra-1056816321",
      "geometry": {
        "type": "LineString",
        "coordinates": [
          [
            87.302339,
            22.333924
          ],
          [
            87.301053,
            22.333667
          ],
          [
            87.300791,
            22.333618
          ],
          [
            87.300325,
            22.333533
          ],
          [
            87.299407,
            22.333357
          ],
          [
            87.299201,
            22.3333
          ],
          [
            87.29868,
            22.333126
          ],
          [
            87.296714,
            22.332796
          ]
        ]
      },
      "properties": {
        "osm_id": 1056816321,
        "name": "South Eastern Railway Howrah-Mumbai / Kharagpur Main Corridor",
        "infrastructure_type": "Railway",
        "district": "Paschim Medinipur",
        "state": "West Bengal",
        "statutory_authority": "NHAI / PWD / South Eastern Railway / I&WD"
      }
    },
    {
      "type": "Feature",
      "id": "pmed-infra-1056816322",
      "geometry": {
        "type": "LineString",
        "coordinates": [
          [
            87.30199,
            22.334221
          ],
          [
            87.301784,
            22.334149
          ],
          [
            87.301304,
            22.333938
          ],
          [
            87.301129,
            22.333861
          ],
          [
            87.300703,
            22.333665
          ],
          [
            87.300325,
            22.333533
          ]
        ]
      },
      "properties": {
        "osm_id": 1056816322,
        "name": "South Eastern Railway Howrah-Mumbai / Kharagpur Main Corridor",
        "infrastructure_type": "Railway",
        "district": "Paschim Medinipur",
        "state": "West Bengal",
        "statutory_authority": "NHAI / PWD / South Eastern Railway / I&WD"
      }
    },
    {
      "type": "Feature",
      "id": "pmed-infra-1056816323",
      "geometry": {
        "type": "LineString",
        "coordinates": [
          [
            87.300335,
            22.333168
          ],
          [
            87.300648,
            22.333012
          ],
          [
            87.301409,
            22.332745
          ],
          [
            87.301611,
            22.332715
          ],
          [
            87.301814,
            22.332693
          ],
          [
            87.302019,
            22.33268
          ],
          [
            87.302223,
            22.332675
          ],
          [
            87.302439,
            22.33268
          ],
          [
            87.302654,
            22.332694
          ],
          [
            87.30471,
            22.333045
          ]
        ]
      },
      "properties": {
        "osm_id": 1056816323,
        "name": "South Eastern Railway Howrah-Mumbai / Kharagpur Main Corridor",
        "infrastructure_type": "Railway",
        "district": "Paschim Medinipur",
        "state": "West Bengal",
        "statutory_authority": "NHAI / PWD / South Eastern Railway / I&WD"
      }
    },
    {
      "type": "Feature",
      "id": "pmed-infra-1056816324",
      "geometry": {
        "type": "LineString",
        "coordinates": [
          [
            87.301067,
            22.332794
          ],
          [
            87.301421,
            22.332603
          ],
          [
            87.30182,
            22.332434
          ],
          [
            87.302214,
            22.332279
          ],
          [
            87.302636,
            22.332132
          ],
          [
            87.302893,
            22.332052
          ],
          [
            87.303919,
            22.331797
          ],
          [
            87.304057,
            22.331773
          ],
          [
            87.304624,
            22.331721
          ],
          [
            87.305855,
            22.331705
          ],
          [
            87.306219,
            22.331758
          ]
        ]
      },
      "properties": {
        "osm_id": 1056816324,
        "name": "South Eastern Railway Howrah-Mumbai / Kharagpur Main Corridor",
        "infrastructure_type": "Railway",
        "district": "Paschim Medinipur",
        "state": "West Bengal",
        "statutory_authority": "NHAI / PWD / South Eastern Railway / I&WD"
      }
    },
    {
      "type": "Feature",
      "id": "pmed-infra-1056816325",
      "geometry": {
        "type": "LineString",
        "coordinates": [
          [
            87.300648,
            22.333012
          ],
          [
            87.301067,
            22.332794
          ],
          [
            87.301324,
            22.332679
          ],
          [
            87.301582,
            22.33261
          ],
          [
            87.302257,
            22.332437
          ],
          [
            87.302522,
            22.332374
          ],
          [
            87.30301,
            22.332301
          ],
          [
            87.303188,
            22.332277
          ],
          [
            87.303384,
            22.332267
          ],
          [
            87.303593,
            22.332262
          ],
          [
            87.303803,
            22.332265
          ],
          [
            87.304012,
            22.332274
          ],
          [
            87.30422,
            22.33229
          ],
          [
            87.304974,
            22.332445
          ]
        ]
      },
      "properties": {
        "osm_id": 1056816325,
        "name": "South Eastern Railway Howrah-Mumbai / Kharagpur Main Corridor",
        "infrastructure_type": "Railway",
        "district": "Paschim Medinipur",
        "state": "West Bengal",
        "statutory_authority": "NHAI / PWD / South Eastern Railway / I&WD"
      }
    },
    {
      "type": "Feature",
      "id": "pmed-infra-1056816326",
      "geometry": {
        "type": "LineString",
        "coordinates": [
          [
            87.301409,
            22.332745
          ],
          [
            87.301548,
            22.33269
          ],
          [
            87.30169,
            22.332642
          ],
          [
            87.301834,
            22.332602
          ],
          [
            87.301981,
            22.332568
          ],
          [
            87.30214,
            22.332541
          ],
          [
            87.302301,
            22.332521
          ],
          [
            87.302463,
            22.332511
          ],
          [
            87.302625,
            22.332509
          ],
          [
            87.302787,
            22.332516
          ],
          [
            87.302949,
            22.332531
          ],
          [
            87.303756,
            22.332661
          ]
        ]
      },
      "properties": {
        "osm_id": 1056816326,
        "name": "South Eastern Railway Howrah-Mumbai / Kharagpur Main Corridor",
        "infrastructure_type": "Railway",
        "district": "Paschim Medinipur",
        "state": "West Bengal",
        "statutory_authority": "NHAI / PWD / South Eastern Railway / I&WD"
      }
    },
    {
      "type": "Feature",
      "id": "pmed-infra-1056816327",
      "geometry": {
        "type": "LineString",
        "coordinates": [
          [
            87.301582,
            22.33261
          ],
          [
            87.301971,
            22.332458
          ],
          [
            87.302317,
            22.332355
          ],
          [
            87.302615,
            22.332294
          ],
          [
            87.302998,
            22.332231
          ],
          [
            87.303395,
            22.332173
          ],
          [
            87.303685,
            22.332158
          ],
          [
            87.303923,
            22.332165
          ],
          [
            87.30424,
            22.332206
          ],
          [
            87.30489,
            22.33232
          ]
        ]
      },
      "properties": {
        "osm_id": 1056816327,
        "name": "South Eastern Railway Howrah-Mumbai / Kharagpur Main Corridor",
        "infrastructure_type": "Railway",
        "district": "Paschim Medinipur",
        "state": "West Bengal",
        "statutory_authority": "NHAI / PWD / South Eastern Railway / I&WD"
      }
    },
    {
      "type": "Feature",
      "id": "pmed-infra-1056816328",
      "geometry": {
        "type": "LineString",
        "coordinates": [
          [
            87.302303,
            22.332978
          ],
          [
            87.302867,
            22.332952
          ],
          [
            87.303068,
            22.332963
          ],
          [
            87.303264,
            22.332986
          ],
          [
            87.304667,
            22.333241
          ]
        ]
      },
      "properties": {
        "osm_id": 1056816328,
        "name": "South Eastern Railway Howrah-Mumbai / Kharagpur Main Corridor",
        "infrastructure_type": "Railway",
        "district": "Paschim Medinipur",
        "state": "West Bengal",
        "statutory_authority": "NHAI / PWD / South Eastern Railway / I&WD"
      }
    },
    {
      "type": "Feature",
      "id": "pmed-infra-1056816329",
      "geometry": {
        "type": "LineString",
        "coordinates": [
          [
            87.299684,
            22.333268
          ],
          [
            87.299893,
            22.333248
          ],
          [
            87.300078,
            22.333217
          ],
          [
            87.300335,
            22.333168
          ],
          [
            87.300693,
            22.333098
          ],
          [
            87.300945,
            22.333061
          ],
          [
            87.301234,
            22.332991
          ],
          [
            87.301592,
            22.332954
          ],
          [
            87.301936,
            22.332952
          ],
          [
            87.302303,
            22.332978
          ],
          [
            87.302869,
            22.333055
          ],
          [
            87.303459,
            22.33316
          ],
          [
            87.304597,
            22.33337
          ]
        ]
      },
      "properties": {
        "osm_id": 1056816329,
        "name": "South Eastern Railway Howrah-Mumbai / Kharagpur Main Corridor",
        "infrastructure_type": "Railway",
        "district": "Paschim Medinipur",
        "state": "West Bengal",
        "statutory_authority": "NHAI / PWD / South Eastern Railway / I&WD"
      }
    },
    {
      "type": "Feature",
      "id": "pmed-infra-1056816330",
      "geometry": {
        "type": "LineString",
        "coordinates": [
          [
            87.299208,
            22.333239
          ],
          [
            87.299459,
            22.333244
          ],
          [
            87.299684,
            22.333268
          ],
          [
            87.299972,
            22.333275
          ],
          [
            87.300233,
            22.333236
          ],
          [
            87.300457,
            22.333198
          ],
          [
            87.300673,
            22.333149
          ],
          [
            87.300919,
            22.333107
          ],
          [
            87.301097,
            22.333082
          ]
        ]
      },
      "properties": {
        "osm_id": 1056816330,
        "name": "South Eastern Railway Howrah-Mumbai / Kharagpur Main Corridor",
        "infrastructure_type": "Railway",
        "district": "Paschim Medinipur",
        "state": "West Bengal",
        "statutory_authority": "NHAI / PWD / South Eastern Railway / I&WD"
      }
    },
    {
      "type": "Feature",
      "id": "pmed-infra-1056816331",
      "geometry": {
        "type": "LineString",
        "coordinates": [
          [
            87.299972,
            22.333275
          ],
          [
            87.300194,
            22.333284
          ],
          [
            87.300416,
            22.333284
          ],
          [
            87.300734,
            22.33325
          ],
          [
            87.301035,
            22.333205
          ]
        ]
      },
      "properties": {
        "osm_id": 1056816331,
        "name": "South Eastern Railway Howrah-Mumbai / Kharagpur Main Corridor",
        "infrastructure_type": "Railway",
        "district": "Paschim Medinipur",
        "state": "West Bengal",
        "statutory_authority": "NHAI / PWD / South Eastern Railway / I&WD"
      }
    },
    {
      "type": "Feature",
      "id": "pmed-infra-1056816332",
      "geometry": {
        "type": "LineString",
        "coordinates": [
          [
            87.307188,
            22.334419
          ],
          [
            87.306884,
            22.334353
          ],
          [
            87.306036,
            22.334175
          ]
        ]
      },
      "properties": {
        "osm_id": 1056816332,
        "name": "South Eastern Railway Howrah-Mumbai / Kharagpur Main Corridor",
        "infrastructure_type": "Railway",
        "district": "Paschim Medinipur",
        "state": "West Bengal",
        "statutory_authority": "NHAI / PWD / South Eastern Railway / I&WD"
      }
    },
    {
      "type": "Feature",
      "id": "pmed-infra-1056816333",
      "geometry": {
        "type": "LineString",
        "coordinates": [
          [
            87.309613,
            22.334695
          ],
          [
            87.308512,
            22.334484
          ],
          [
            87.308358,
            22.334472
          ],
          [
            87.30822,
            22.33447
          ],
          [
            87.307788,
            22.33449
          ],
          [
            87.307698,
            22.334489
          ],
          [
            87.30758,
            22.334489
          ],
          [
            87.307436,
            22.33447
          ],
          [
            87.307188,
            22.334419
          ],
          [
            87.306962,
            22.33434
          ],
          [
            87.306827,
            22.334299
          ],
          [
            87.306345,
            22.334193
          ]
        ]
      },
      "properties": {
        "osm_id": 1056816333,
        "name": "South Eastern Railway Howrah-Mumbai / Kharagpur Main Corridor",
        "infrastructure_type": "Railway",
        "district": "Paschim Medinipur",
        "state": "West Bengal",
        "statutory_authority": "NHAI / PWD / South Eastern Railway / I&WD"
      }
    },
    {
      "type": "Feature",
      "id": "pmed-infra-1056816334",
      "geometry": {
        "type": "LineString",
        "coordinates": [
          [
            87.307239,
            22.334481
          ],
          [
            87.306884,
            22.334353
          ]
        ]
      },
      "properties": {
        "osm_id": 1056816334,
        "name": "South Eastern Railway Howrah-Mumbai / Kharagpur Main Corridor",
        "infrastructure_type": "Railway",
        "district": "Paschim Medinipur",
        "state": "West Bengal",
        "statutory_authority": "NHAI / PWD / South Eastern Railway / I&WD"
      }
    },
    {
      "type": "Feature",
      "id": "pmed-infra-1056816335",
      "geometry": {
        "type": "LineString",
        "coordinates": [
          [
            87.30804,
            22.334703
          ],
          [
            87.307663,
            22.334629
          ],
          [
            87.305343,
            22.33414
          ]
        ]
      },
      "properties": {
        "osm_id": 1056816335,
        "name": "South Eastern Railway Howrah-Mumbai / Kharagpur Main Corridor",
        "infrastructure_type": "Railway",
        "district": "Paschim Medinipur",
        "state": "West Bengal",
        "statutory_authority": "NHAI / PWD / South Eastern Railway / I&WD"
      }
    },
    {
      "type": "Feature",
      "id": "pmed-infra-1056816336",
      "geometry": {
        "type": "LineString",
        "coordinates": [
          [
            87.310001,
            22.335147
          ],
          [
            87.308406,
            22.334827
          ],
          [
            87.307882,
            22.334726
          ],
          [
            87.307641,
            22.334718
          ],
          [
            87.30736,
            22.334738
          ],
          [
            87.307204,
            22.334773
          ],
          [
            87.307043,
            22.334812
          ],
          [
            87.306619,
            22.335022
          ],
          [
            87.306307,
            22.335186
          ],
          [
            87.306152,
            22.335248
          ],
          [
            87.305849,
            22.335276
          ],
          [
            87.305725,
            22.335274
          ],
          [
            87.305442,
            22.335268
          ],
          [
            87.304202,
            22.335023
          ],
          [
            87.303609,
            22.334894
          ],
          [
            87.303156,
            22.334789
          ],
          [
            87.303031,
            22.334747
          ],
          [
            87.301955,
            22.334286
          ],
          [
            87.301304,
            22.333938
          ]
        ]
      },
      "properties": {
        "osm_id": 1056816336,
        "name": "South Eastern Railway Howrah-Mumbai / Kharagpur Main Corridor",
        "infrastructure_type": "Railway",
        "district": "Paschim Medinipur",
        "state": "West Bengal",
        "statutory_authority": "NHAI / PWD / South Eastern Railway / I&WD"
      }
    },
    {
      "type": "Feature",
      "id": "pmed-infra-1056816337",
      "geometry": {
        "type": "LineString",
        "coordinates": [
          [
            87.310628,
            22.33528
          ],
          [
            87.310523,
            22.335264
          ],
          [
            87.310001,
            22.335147
          ],
          [
            87.309576,
            22.335012
          ],
          [
            87.309462,
            22.334982
          ],
          [
            87.308611,
            22.334816
          ],
          [
            87.30804,
            22.334703
          ],
          [
            87.307675,
            22.334581
          ],
          [
            87.307538,
            22.334546
          ],
          [
            87.307239,
            22.334481
          ],
          [
            87.306026,
            22.334229
          ]
        ]
      },
      "properties": {
        "osm_id": 1056816337,
        "name": "South Eastern Railway Howrah-Mumbai / Kharagpur Main Corridor",
        "infrastructure_type": "Railway",
        "district": "Paschim Medinipur",
        "state": "West Bengal",
        "statutory_authority": "NHAI / PWD / South Eastern Railway / I&WD"
      }
    },
    {
      "type": "Feature",
      "id": "pmed-infra-1056816338",
      "geometry": {
        "type": "LineString",
        "coordinates": [
          [
            87.30961,
            22.335216
          ],
          [
            87.309219,
            22.335078
          ],
          [
            87.308763,
            22.334939
          ],
          [
            87.308406,
            22.334827
          ]
        ]
      },
      "properties": {
        "osm_id": 1056816338,
        "name": "South Eastern Railway Howrah-Mumbai / Kharagpur Main Corridor",
        "infrastructure_type": "Railway",
        "district": "Paschim Medinipur",
        "state": "West Bengal",
        "statutory_authority": "NHAI / PWD / South Eastern Railway / I&WD"
      }
    },
    {
      "type": "Feature",
      "id": "pmed-infra-1056816339",
      "geometry": {
        "type": "LineString",
        "coordinates": [
          [
            87.310523,
            22.335264
          ],
          [
            87.310154,
            22.335228
          ],
          [
            87.309197,
            22.335024
          ],
          [
            87.309027,
            22.334988
          ],
          [
            87.308763,
            22.334939
          ]
        ]
      },
      "properties": {
        "osm_id": 1056816339,
        "name": "South Eastern Railway Howrah-Mumbai / Kharagpur Main Corridor",
        "infrastructure_type": "Railway",
        "district": "Paschim Medinipur",
        "state": "West Bengal",
        "statutory_authority": "NHAI / PWD / South Eastern Railway / I&WD"
      }
    },
    {
      "type": "Feature",
      "id": "pmed-infra-1056816340",
      "geometry": {
        "type": "LineString",
        "coordinates": [
          [
            87.301834,
            22.332602
          ],
          [
            87.301994,
            22.332555
          ],
          [
            87.302156,
            22.332514
          ],
          [
            87.30232,
            22.332481
          ],
          [
            87.302485,
            22.332454
          ],
          [
            87.302652,
            22.332434
          ],
          [
            87.302819,
            22.332421
          ],
          [
            87.302985,
            22.332414
          ],
          [
            87.303151,
            22.332415
          ],
          [
            87.303316,
            22.332423
          ],
          [
            87.303481,
            22.332437
          ],
          [
            87.303818,
            22.332476
          ],
          [
            87.304895,
            22.332682
          ]
        ]
      },
      "properties": {
        "osm_id": 1056816340,
        "name": "South Eastern Railway Howrah-Mumbai / Kharagpur Main Corridor",
        "infrastructure_type": "Railway",
        "district": "Paschim Medinipur",
        "state": "West Bengal",
        "statutory_authority": "NHAI / PWD / South Eastern Railway / I&WD"
      }
    },
    {
      "type": "Feature",
      "id": "pmed-infra-1057086508",
      "geometry": {
        "type": "LineString",
        "coordinates": [
          [
            87.258381,
            22.331346
          ],
          [
            87.260638,
            22.331663
          ],
          [
            87.261009,
            22.331711
          ],
          [
            87.261316,
            22.331746
          ],
          [
            87.261587,
            22.331791
          ],
          [
            87.268469,
            22.332762
          ],
          [
            87.269835,
            22.332951
          ],
          [
            87.270556,
            22.33306
          ],
          [
            87.270899,
            22.333114
          ],
          [
            87.271146,
            22.333125
          ],
          [
            87.271468,
            22.333109
          ],
          [
            87.271919,
            22.333081
          ],
          [
            87.27259,
            22.332958
          ],
          [
            87.272921,
            22.332899
          ],
          [
            87.273235,
            22.332875
          ]
        ]
      },
      "properties": {
        "osm_id": 1057086508,
        "name": "South Eastern Railway Howrah-Mumbai / Kharagpur Main Corridor",
        "infrastructure_type": "Railway",
        "district": "Paschim Medinipur",
        "state": "West Bengal",
        "statutory_authority": "NHAI / PWD / South Eastern Railway / I&WD"
      }
    },
    {
      "type": "Feature",
      "id": "pmed-infra-1057086509",
      "geometry": {
        "type": "LineString",
        "coordinates": [
          [
            87.270388,
            22.333149
          ],
          [
            87.269384,
            22.333163
          ],
          [
            87.261862,
            22.332114
          ],
          [
            87.261705,
            22.332077
          ],
          [
            87.260655,
            22.331765
          ]
        ]
      },
      "properties": {
        "osm_id": 1057086509,
        "name": "South Eastern Railway Howrah-Mumbai / Kharagpur Main Corridor",
        "infrastructure_type": "Railway",
        "district": "Paschim Medinipur",
        "state": "West Bengal",
        "statutory_authority": "NHAI / PWD / South Eastern Railway / I&WD"
      }
    },
    {
      "type": "Feature",
      "id": "pmed-infra-1057086512",
      "geometry": {
        "type": "LineString",
        "coordinates": [
          [
            87.270962,
            22.333171
          ],
          [
            87.270553,
            22.333156
          ],
          [
            87.270388,
            22.333149
          ]
        ]
      },
      "properties": {
        "osm_id": 1057086512,
        "name": "South Eastern Railway Howrah-Mumbai / Kharagpur Main Corridor",
        "infrastructure_type": "Railway",
        "district": "Paschim Medinipur",
        "state": "West Bengal",
        "statutory_authority": "NHAI / PWD / South Eastern Railway / I&WD"
      }
    },
    {
      "type": "Feature",
      "id": "pmed-infra-1057086513",
      "geometry": {
        "type": "LineString",
        "coordinates": [
          [
            87.284951,
            22.335044
          ],
          [
            87.284177,
            22.335144
          ],
          [
            87.283844,
            22.33516
          ],
          [
            87.283634,
            22.335166
          ],
          [
            87.283333,
            22.335163
          ],
          [
            87.28303,
            22.335136
          ],
          [
            87.277244,
            22.334317
          ],
          [
            87.276923,
            22.334247
          ]
        ]
      },
      "properties": {
        "osm_id": 1057086513,
        "name": "South Eastern Railway Howrah-Mumbai / Kharagpur Main Corridor",
        "infrastructure_type": "Railway",
        "district": "Paschim Medinipur",
        "state": "West Bengal",
        "statutory_authority": "NHAI / PWD / South Eastern Railway / I&WD"
      }
    },
    {
      "type": "Feature",
      "id": "pmed-infra-1057086514",
      "geometry": {
        "type": "LineString",
        "coordinates": [
          [
            87.285893,
            22.33503
          ],
          [
            87.285608,
            22.335055
          ],
          [
            87.285362,
            22.335079
          ],
          [
            87.284877,
            22.335146
          ],
          [
            87.284391,
            22.335258
          ],
          [
            87.284056,
            22.335303
          ],
          [
            87.283723,
            22.335325
          ],
          [
            87.28341,
            22.33532
          ],
          [
            87.283058,
            22.335295
          ],
          [
            87.277444,
            22.334526
          ],
          [
            87.277251,
            22.334484
          ],
          [
            87.277023,
            22.334412
          ],
          [
            87.27683,
            22.334323
          ],
          [
            87.276374,
            22.334
          ]
        ]
      },
      "properties": {
        "osm_id": 1057086514,
        "name": "South Eastern Railway Howrah-Mumbai / Kharagpur Main Corridor",
        "infrastructure_type": "Railway",
        "district": "Paschim Medinipur",
        "state": "West Bengal",
        "statutory_authority": "NHAI / PWD / South Eastern Railway / I&WD"
      }
    },
    {
      "type": "Feature",
      "id": "pmed-infra-1057086515",
      "geometry": {
        "type": "LineString",
        "coordinates": [
          [
            87.284497,
            22.334769
          ],
          [
            87.277379,
            22.333749
          ],
          [
            87.276753,
            22.33365
          ],
          [
            87.27637,
            22.33359
          ],
          [
            87.276045,
            22.333551
          ],
          [
            87.274973,
            22.333386
          ]
        ]
      },
      "properties": {
        "osm_id": 1057086515,
        "name": "South Eastern Railway Howrah-Mumbai / Kharagpur Main Corridor",
        "infrastructure_type": "Railway",
        "district": "Paschim Medinipur",
        "state": "West Bengal",
        "statutory_authority": "NHAI / PWD / South Eastern Railway / I&WD"
      }
    },
    {
      "type": "Feature",
      "id": "pmed-infra-1057086516",
      "geometry": {
        "type": "LineString",
        "coordinates": [
          [
            87.285045,
            22.334889
          ],
          [
            87.277367,
            22.333801
          ],
          [
            87.27669,
            22.333683
          ],
          [
            87.27637,
            22.33359
          ]
        ]
      },
      "properties": {
        "osm_id": 1057086516,
        "name": "South Eastern Railway Howrah-Mumbai / Kharagpur Main Corridor",
        "infrastructure_type": "Railway",
        "district": "Paschim Medinipur",
        "state": "West Bengal",
        "statutory_authority": "NHAI / PWD / South Eastern Railway / I&WD"
      }
    },
    {
      "type": "Feature",
      "id": "pmed-infra-1057086517",
      "geometry": {
        "type": "LineString",
        "coordinates": [
          [
            87.278556,
            22.33231
          ],
          [
            87.278941,
            22.332314
          ],
          [
            87.279265,
            22.332303
          ],
          [
            87.280056,
            22.332329
          ],
          [
            87.280283,
            22.332345
          ],
          [
            87.280868,
            22.332418
          ]
        ]
      },
      "properties": {
        "osm_id": 1057086517,
        "name": "South Eastern Railway Howrah-Mumbai / Kharagpur Main Corridor",
        "infrastructure_type": "Railway",
        "district": "Paschim Medinipur",
        "state": "West Bengal",
        "statutory_authority": "NHAI / PWD / South Eastern Railway / I&WD"
      }
    },
    {
      "type": "Feature",
      "id": "pmed-infra-1057086518",
      "geometry": {
        "type": "LineString",
        "coordinates": [
          [
            87.276589,
            22.33272
          ],
          [
            87.277143,
            22.33257
          ],
          [
            87.277334,
            22.332546
          ],
          [
            87.277581,
            22.332535
          ],
          [
            87.277862,
            22.332545
          ],
          [
            87.27833,
            22.332607
          ],
          [
            87.279339,
            22.332745
          ]
        ]
      },
      "properties": {
        "osm_id": 1057086518,
        "name": "South Eastern Railway Howrah-Mumbai / Kharagpur Main Corridor",
        "infrastructure_type": "Railway",
        "district": "Paschim Medinipur",
        "state": "West Bengal",
        "statutory_authority": "NHAI / PWD / South Eastern Railway / I&WD"
      }
    },
    {
      "type": "Feature",
      "id": "pmed-infra-1057086519",
      "geometry": {
        "type": "LineString",
        "coordinates": [
          [
            87.275293,
            22.332971
          ],
          [
            87.275876,
            22.332995
          ],
          [
            87.276115,
            22.332979
          ],
          [
            87.276532,
            22.332905
          ]
        ]
      },
      "properties": {
        "osm_id": 1057086519,
        "name": "South Eastern Railway Howrah-Mumbai / Kharagpur Main Corridor",
        "infrastructure_type": "Railway",
        "district": "Paschim Medinipur",
        "state": "West Bengal",
        "statutory_authority": "NHAI / PWD / South Eastern Railway / I&WD"
      }
    },
    {
      "type": "Feature",
      "id": "pmed-infra-1057086520",
      "geometry": {
        "type": "LineString",
        "coordinates": [
          [
            87.275597,
            22.333189
          ],
          [
            87.275942,
            22.333062
          ],
          [
            87.276532,
            22.332905
          ],
          [
            87.27664,
            22.332876
          ],
          [
            87.276914,
            22.33277
          ],
          [
            87.277203,
            22.33266
          ],
          [
            87.27741,
            22.332615
          ],
          [
            87.277602,
            22.332601
          ],
          [
            87.277878,
            22.332609
          ]
        ]
      },
      "properties": {
        "osm_id": 1057086520,
        "name": "South Eastern Railway Howrah-Mumbai / Kharagpur Main Corridor",
        "infrastructure_type": "Railway",
        "district": "Paschim Medinipur",
        "state": "West Bengal",
        "statutory_authority": "NHAI / PWD / South Eastern Railway / I&WD"
      }
    },
    {
      "type": "Feature",
      "id": "pmed-infra-1057086521",
      "geometry": {
        "type": "LineString",
        "coordinates": [
          [
            87.298403,
            22.335931
          ],
          [
            87.29798,
            22.335895
          ],
          [
            87.293496,
            22.335893
          ],
          [
            87.29305,
            22.335868
          ],
          [
            87.292648,
            22.335828
          ],
          [
            87.292243,
            22.335766
          ],
          [
            87.290172,
            22.335419
          ],
          [
            87.289974,
            22.335397
          ],
          [
            87.289746,
            22.335382
          ]
        ]
      },
      "properties": {
        "osm_id": 1057086521,
        "name": "South Eastern Railway Howrah-Mumbai / Kharagpur Main Corridor",
        "infrastructure_type": "Railway",
        "district": "Paschim Medinipur",
        "state": "West Bengal",
        "statutory_authority": "NHAI / PWD / South Eastern Railway / I&WD"
      }
    },
    {
      "type": "Feature",
      "id": "pmed-infra-1057086522",
      "geometry": {
        "type": "LineString",
        "coordinates": [
          [
            87.298809,
            22.335947
          ],
          [
            87.298403,
            22.335931
          ],
          [
            87.293487,
            22.335932
          ],
          [
            87.29304,
            22.335913
          ],
          [
            87.292626,
            22.335868
          ],
          [
            87.292232,
            22.335813
          ],
          [
            87.289746,
            22.335382
          ],
          [
            87.289451,
            22.335387
          ]
        ]
      },
      "properties": {
        "osm_id": 1057086522,
        "name": "South Eastern Railway Howrah-Mumbai / Kharagpur Main Corridor",
        "infrastructure_type": "Railway",
        "district": "Paschim Medinipur",
        "state": "West Bengal",
        "statutory_authority": "NHAI / PWD / South Eastern Railway / I&WD"
      }
    }
  ]
}