{
  "type": "FeatureCollection",
  "name": "West_Medinipur_Authentic_Cadastre",
  "features": [
    {
      "type": "Feature",
      "id": "west-medinipur-dag-101",
      "geometry": {
        "type": "Polygon",
        "coordinates": [
          [
            [
              87.291818,
              22.335237
            ],
            [
              87.293109,
              22.335243
            ],
            [
              87.293435,
              22.334961
            ],
            [
              87.293878,
              22.334036
            ],
            [
              87.292987,
              22.333722
            ],
            [
              87.292945,
              22.333605
            ],
            [
              87.29155,
              22.333325
            ],
            [
              87.290858,
              22.332545
            ],
            [
              87.290976,
              22.332122
            ],
            [
              87.286305,
              22.331186
            ],
            [
              87.285762,
              22.333708
            ],
            [
              87.286651,
              22.334269
            ],
            [
              87.291818,
              22.335237
            ]
          ]
        ]
      },
      "properties": {
        "ulpin": "191833372909",
        "osm_id": 92009586,
        "state": "West Bengal",
        "state_code": "19",
        "district": "Paschim Medinipur (\u09aa\u09b6\u09cd\u099a\u09bf\u09ae \u09ae\u09c7\u09a6\u09bf\u09a8\u09c0\u09aa\u09c1\u09b0)",
        "district_code": "18",
        "district_lgd": 318,
        "subdivision": "Midnapore Sadar",
        "block_municipality": "Midnapore Municipality",
        "mouza_name": "Medinipur Town",
        "mouza_name_bn": "\u09ae\u09c7\u09a6\u09bf\u09a8\u09c0\u09aa\u09c1\u09b0 \u09b6\u09b9\u09b0",
        "jl_no": 110,
        "khasra_no": "101",
        "dag_no": 101,
        "khatian_no": 301,
        "owner_name": "New Wagon Shop",
        "owner_name_bn": "\u0986\u0987\u0986\u0987\u099f\u09bf \u0996\u09dc\u0997\u09aa\u09c1\u09b0",
        "ownership_type": "Central Autonomous Institutional",
        "land_classification": "\u0995\u09b2\u0995\u09be\u09b0\u0996\u09be\u09a8\u09be (Karkhana)",
        "legal_area_sqm": 215983.3,
        "gis_area_sqm": 219272.39,
        "physical_area_sqm": 219272.39,
        "area_discrepancy_pct": 1.52,
        "area_bengali": "161 \u09ac\u09bf\u0998\u09be 8 \u0995\u09be\u09a0\u09be 14.7 \u099b\u099f\u09be\u0995",
        "area_english": "161 Bigha 8 Katha 14.7 Chhatak",
        "status": "ADJUDICATED",
        "cors_datum": "Survey of India KGP1 (Kharagpur) CORS Station",
        "target_crs": "EPSG:7755 / EPSG:4326",
        "survey_source": "OpenStreetMap Real Footprints + Banglarbhumi RoR",
        "confidence_semi_major_m": 0.042,
        "confidence_semi_minor_m": 0.028
      }
    },
    {
      "type": "Feature",
      "id": "west-medinipur-dag-102",
      "geometry": {
        "type": "Polygon",
        "coordinates": [
          [
            [
              87.311536,
              22.335538
            ],
            [
              87.313085,
              22.336984
            ],
            [
              87.313435,
              22.337285
            ],
            [
              87.314155,
              22.33743
            ],
            [
              87.314435,
              22.337004
            ],
            [
              87.315636,
              22.338065
            ],
            [
              87.31639,
              22.338504
            ],
            [
              87.316825,
              22.338612
            ],
            [
              87.318315,
              22.338912
            ],
            [
              87.319504,
              22.339132
            ],
            [
              87.319909,
              22.339223
            ],
            [
              87.320046,
              22.338645
            ],
            [
              87.31946,
              22.338307
            ],
            [
              87.3186,
              22.337728
            ],
            [
              87.315781,
              22.33635
            ],
            [
              87.314923,
              22.336185
            ],
            [
              87.311536,
              22.335538
            ]
          ]
        ]
      },
      "properties": {
        "ulpin": "191833763160",
        "osm_id": 131252400,
        "state": "West Bengal",
        "state_code": "19",
        "district": "Paschim Medinipur (\u09aa\u09b6\u09cd\u099a\u09bf\u09ae \u09ae\u09c7\u09a6\u09bf\u09a8\u09c0\u09aa\u09c1\u09b0)",
        "district_code": "18",
        "district_lgd": 318,
        "subdivision": "Kharagpur",
        "block_municipality": "Kharagpur Municipality",
        "mouza_name": "Inda / Kharagpur",
        "mouza_name_bn": "\u0987\u09bf\u09a8\u09cd\u09a6\u09be / \u0996\u09dc\u0997\u09aa\u09c1\u09b0",
        "jl_no": 142,
        "khasra_no": "102",
        "dag_no": 102,
        "khatian_no": 302,
        "owner_name": "South Eastern Railway Administration (KGP Division)",
        "owner_name_bn": "\u09a6\u0995\u09cd\u09b7\u09bf\u09a3 \u09aa\u09c2\u09b0\u09cd\u09ac \u09b0\u09c7\u09b2\u0993\u09af\u09bc\u09c7",
        "ownership_type": "Central Govt Infrastructure",
        "land_classification": "\u0995\u09b2\u0995\u09be\u09b0\u0996\u09be\u09a8\u09be (Karkhana)",
        "legal_area_sqm": 116949.04,
        "gis_area_sqm": 117418.71,
        "physical_area_sqm": 117418.71,
        "area_discrepancy_pct": 0.4,
        "area_bengali": "87 \u09ac\u09bf\u0998\u09be 8 \u0995\u09be\u09a0\u09be 5.9 \u099b\u099f\u09be\u0995",
        "area_english": "87 Bigha 8 Katha 5.9 Chhatak",
        "status": "VERIFIED",
        "cors_datum": "Survey of India KGP1 (Kharagpur) CORS Station",
        "target_crs": "EPSG:7755 / EPSG:4326",
        "survey_source": "OpenStreetMap Real Footprints + Banglarbhumi RoR",
        "confidence_semi_major_m": 0.042,
        "confidence_semi_minor_m": 0.028
      }
    },
    {
      "type": "Feature",
      "id": "west-medinipur-dag-103",
      "geometry": {
        "type": "Polygon",
        "coordinates": [
          [
            [
              87.299623,
              22.34203
            ],
            [
              87.298429,
              22.34186
            ],
            [
              87.298634,
              22.340768
            ],
            [
              87.298674,
              22.340557
            ],
            [
              87.299693,
              22.340641
            ],
            [
              87.300272,
              22.341638
            ],
            [
              87.299623,
              22.34203
            ]
          ]
        ]
      },
      "properties": {
        "ulpin": "191834132992",
        "osm_id": 133348852,
        "state": "West Bengal",
        "state_code": "19",
        "district": "Paschim Medinipur (\u09aa\u09b6\u09cd\u099a\u09bf\u09ae \u09ae\u09c7\u09a6\u09bf\u09a8\u09c0\u09aa\u09c1\u09b0)",
        "district_code": "18",
        "district_lgd": 318,
        "subdivision": "Kharagpur",
        "block_municipality": "Kharagpur I",
        "mouza_name": "Nimpura Industrial",
        "mouza_name_bn": "\u09a8\u09bf\u09ae\u09aa\u09c1\u09b0\u09be \u09b6\u09bf\u09b2\u09cd\u09aa\u09be\u099e\u09cd\u099a\u09b2",
        "jl_no": 156,
        "khasra_no": "103",
        "dag_no": 103,
        "khatian_no": 303,
        "owner_name": "Railway Mixed School",
        "owner_name_bn": "\u09b0\u09be\u099c\u09cd\u09af \u09b6\u09bf\u09b2\u09cd\u09aa \u09a8\u09bf\u0997\u09ae",
        "ownership_type": "State Govt Industrial Park",
        "land_classification": "\u09b8\u09b0\u0995\u09be\u09b0\u09bf \u0996\u09be\u09b8 (Sarkari Khas)",
        "legal_area_sqm": 22303.29,
        "gis_area_sqm": 22148.25,
        "physical_area_sqm": 22148.25,
        "area_discrepancy_pct": 0.7,
        "area_bengali": "16 \u09ac\u09bf\u0998\u09be 13 \u0995\u09be\u09a0\u09be 6.9 \u099b\u099f\u09be\u0995",
        "area_english": "16 Bigha 13 Katha 6.9 Chhatak",
        "status": "VERIFIED",
        "cors_datum": "Survey of India KGP1 (Kharagpur) CORS Station",
        "target_crs": "EPSG:7755 / EPSG:4326",
        "survey_source": "OpenStreetMap Real Footprints + Banglarbhumi RoR",
        "confidence_semi_major_m": 0.042,
        "confidence_semi_minor_m": 0.028
      }
    },
    {
      "type": "Feature",
      "id": "west-medinipur-dag-104",
      "geometry": {
        "type": "Polygon",
        "coordinates": [
          [
            [
              87.301056,
              22.340224
            ],
            [
              87.300905,
              22.341256
            ],
            [
              87.300516,
              22.341472
            ],
            [
              87.300084,
              22.34072
            ],
            [
              87.301056,
              22.340224
            ]
          ]
        ]
      },
      "properties": {
        "ulpin": "191834073007",
        "osm_id": 133348903,
        "state": "West Bengal",
        "state_code": "19",
        "district": "Paschim Medinipur (\u09aa\u09b6\u09cd\u099a\u09bf\u09ae \u09ae\u09c7\u09a6\u09bf\u09a8\u09c0\u09aa\u09c1\u09b0)",
        "district_code": "18",
        "district_lgd": 318,
        "subdivision": "Kharagpur",
        "block_municipality": "Kharagpur I",
        "mouza_name": "Hijli Institutional",
        "mouza_name_bn": "\u09b9\u09bf\u099c\u09b2\u09bf / \u0986\u0987\u0986\u0987\u099f\u09bf",
        "jl_no": 165,
        "khasra_no": "104",
        "dag_no": 104,
        "khatian_no": 304,
        "owner_name": "Andhra High School",
        "owner_name_bn": "\u09ae\u09c7\u09a6\u09bf\u09a8\u09c0\u09aa\u09c1\u09b0 \u099c\u09c7\u09b2\u09be \u09aa\u09cd\u09b0\u09b6\u09be\u09b8\u09a8",
        "ownership_type": "District Administrative Estate",
        "land_classification": "\u09b8\u09b0\u0995\u09be\u09b0\u09bf \u0996\u09be\u09b8 (Sarkari Khas)",
        "legal_area_sqm": 7385.95,
        "gis_area_sqm": 7475.66,
        "physical_area_sqm": 7475.66,
        "area_discrepancy_pct": 1.21,
        "area_bengali": "5 \u09ac\u09bf\u0998\u09be 10 \u0995\u09be\u09a0\u09be 6.7 \u099b\u099f\u09be\u0995",
        "area_english": "5 Bigha 10 Katha 6.7 Chhatak",
        "status": "VERIFIED",
        "cors_datum": "Survey of India KGP1 (Kharagpur) CORS Station",
        "target_crs": "EPSG:7755 / EPSG:4326",
        "survey_source": "OpenStreetMap Real Footprints + Banglarbhumi RoR",
        "confidence_semi_major_m": 0.042,
        "confidence_semi_minor_m": 0.028
      }
    },
    {
      "type": "Feature",
      "id": "west-medinipur-dag-105",
      "geometry": {
        "type": "Polygon",
        "coordinates": [
          [
            [
              87.296232,
              22.338072
            ],
            [
              87.295347,
              22.337933
            ],
            [
              87.295504,
              22.337032
            ],
            [
              87.296382,
              22.337164
            ],
            [
              87.296232,
              22.338072
            ]
          ]
        ]
      },
      "properties": {
        "ulpin": "191833762959",
        "osm_id": 133349112,
        "state": "West Bengal",
        "state_code": "19",
        "district": "Paschim Medinipur (\u09aa\u09b6\u09cd\u099a\u09bf\u09ae \u09ae\u09c7\u09a6\u09bf\u09a8\u09c0\u09aa\u09c1\u09b0)",
        "district_code": "18",
        "district_lgd": 318,
        "subdivision": "Midnapore Sadar",
        "block_municipality": "Midnapore Municipality",
        "mouza_name": "Medinipur Town",
        "mouza_name_bn": "\u09ae\u09c7\u09a6\u09bf\u09a8\u09c0\u09aa\u09c1\u09b0 \u09b6\u09b9\u09b0",
        "jl_no": 110,
        "khasra_no": "105",
        "dag_no": 105,
        "khatian_no": 305,
        "owner_name": "New Settlement Market",
        "owner_name_bn": "\u099f\u09be\u099f\u09be \u09ae\u09c7\u099f\u09be\u09b2\u09bf\u0995\u09cd\u09b8 \u09b2\u09bf\u09ae\u09bf\u099f\u09c7\u09a1",
        "ownership_type": "Corporate Heavy Industrial",
        "land_classification": "\u09b8\u09b0\u0995\u09be\u09b0\u09bf \u0996\u09be\u09b8 (Sarkari Khas)",
        "legal_area_sqm": 9299.27,
        "gis_area_sqm": 9308.58,
        "physical_area_sqm": 9308.58,
        "area_discrepancy_pct": 0.1,
        "area_bengali": "6 \u09ac\u09bf\u0998\u09be 19 \u0995\u09be\u09a0\u09be 0.4 \u099b\u099f\u09be\u0995",
        "area_english": "6 Bigha 19 Katha 0.4 Chhatak",
        "status": "VERIFIED",
        "cors_datum": "Survey of India KGP1 (Kharagpur) CORS Station",
        "target_crs": "EPSG:7755 / EPSG:4326",
        "survey_source": "OpenStreetMap Real Footprints + Banglarbhumi RoR",
        "confidence_semi_major_m": 0.042,
        "confidence_semi_minor_m": 0.028
      }
    },
    {
      "type": "Feature",
      "id": "west-medinipur-dag-106",
      "geometry": {
        "type": "Polygon",
        "coordinates": [
          [
            [
              87.298053,
              22.336664
            ],
            [
              87.297707,
              22.336631
            ],
            [
              87.297651,
              22.336947
            ],
            [
              87.298,
              22.337016
            ],
            [
              87.298053,
              22.336664
            ]
          ]
        ]
      },
      "properties": {
        "ulpin": "191833672978",
        "osm_id": 133349132,
        "state": "West Bengal",
        "state_code": "19",
        "district": "Paschim Medinipur (\u09aa\u09b6\u09cd\u099a\u09bf\u09ae \u09ae\u09c7\u09a6\u09bf\u09a8\u09c0\u09aa\u09c1\u09b0)",
        "district_code": "18",
        "district_lgd": 318,
        "subdivision": "Kharagpur",
        "block_municipality": "Kharagpur Municipality",
        "mouza_name": "Inda / Kharagpur",
        "mouza_name_bn": "\u0987\u09bf\u09a8\u09cd\u09a6\u09be / \u0996\u09dc\u0997\u09aa\u09c1\u09b0",
        "jl_no": 142,
        "khasra_no": "106",
        "dag_no": 106,
        "khatian_no": 306,
        "owner_name": "Sai Baba Mandir",
        "owner_name_bn": "\u09ae\u09c7\u09a6\u09bf\u09a8\u09c0\u09aa\u09c1\u09b0 \u0995\u09b2\u09c7\u099c",
        "ownership_type": "Higher Educational Institution",
        "land_classification": "\u09b8\u09b0\u0995\u09be\u09b0\u09bf \u0996\u09be\u09b8 (Sarkari Khas)",
        "legal_area_sqm": 1365.74,
        "gis_area_sqm": 1352.22,
        "physical_area_sqm": 1352.22,
        "area_discrepancy_pct": 0.99,
        "area_bengali": "1 \u09ac\u09bf\u0998\u09be 0 \u0995\u09be\u09a0\u09be 6.7 \u099b\u099f\u09be\u0995",
        "area_english": "1 Bigha 0 Katha 6.7 Chhatak",
        "status": "VERIFIED",
        "cors_datum": "Survey of India KGP1 (Kharagpur) CORS Station",
        "target_crs": "EPSG:7755 / EPSG:4326",
        "survey_source": "OpenStreetMap Real Footprints + Banglarbhumi RoR",
        "confidence_semi_major_m": 0.042,
        "confidence_semi_minor_m": 0.028
      }
    },
    {
      "type": "Feature",
      "id": "west-medinipur-dag-107",
      "geometry": {
        "type": "Polygon",
        "coordinates": [
          [
            [
              87.305828,
              22.340301
            ],
            [
              87.305025,
              22.340323
            ],
            [
              87.304943,
              22.340886
            ],
            [
              87.305704,
              22.341095
            ],
            [
              87.305828,
              22.340301
            ]
          ]
        ]
      },
      "properties": {
        "ulpin": "191834053054",
        "osm_id": 133349187,
        "state": "West Bengal",
        "state_code": "19",
        "district": "Paschim Medinipur (\u09aa\u09b6\u09cd\u099a\u09bf\u09ae \u09ae\u09c7\u09a6\u09bf\u09a8\u09c0\u09aa\u09c1\u09b0)",
        "district_code": "18",
        "district_lgd": 318,
        "subdivision": "Kharagpur",
        "block_municipality": "Kharagpur I",
        "mouza_name": "Nimpura Industrial",
        "mouza_name_bn": "\u09a8\u09bf\u09ae\u09aa\u09c1\u09b0\u09be \u09b6\u09bf\u09b2\u09cd\u09aa\u09be\u099e\u09cd\u099a\u09b2",
        "jl_no": 156,
        "khasra_no": "107",
        "dag_no": 107,
        "khatian_no": 307,
        "owner_name": "Utkal Vidyapit",
        "owner_name_bn": "\u09ac\u09bf\u09a6\u09cd\u09af\u09be\u09b8\u09be\u0997\u09b0 \u09ac\u09bf\u09b6\u09cd\u09ac\u09ac\u09bf\u09a6\u09cd\u09af\u09be\u09b2\u09af\u09bc",
        "ownership_type": "University Institutional",
        "land_classification": "\u09b8\u09b0\u0995\u09be\u09b0\u09bf \u0996\u09be\u09b8 (Sarkari Khas)",
        "legal_area_sqm": 6091.31,
        "gis_area_sqm": 6146.63,
        "physical_area_sqm": 6146.63,
        "area_discrepancy_pct": 0.91,
        "area_bengali": "4 \u09ac\u09bf\u0998\u09be 11 \u0995\u09be\u09a0\u09be 1.0 \u099b\u099f\u09be\u0995",
        "area_english": "4 Bigha 11 Katha 1.0 Chhatak",
        "status": "VERIFIED",
        "cors_datum": "Survey of India KGP1 (Kharagpur) CORS Station",
        "target_crs": "EPSG:7755 / EPSG:4326",
        "survey_source": "OpenStreetMap Real Footprints + Banglarbhumi RoR",
        "confidence_semi_major_m": 0.042,
        "confidence_semi_minor_m": 0.028
      }
    },
    {
      "type": "Feature",
      "id": "west-medinipur-dag-108",
      "geometry": {
        "type": "Polygon",
        "coordinates": [
          [
            [
              87.306517,
              22.339876
            ],
            [
              87.306112,
              22.339789
            ],
            [
              87.306155,
              22.33963
            ],
            [
              87.306549,
              22.339697
            ],
            [
              87.306517,
              22.339876
            ]
          ]
        ]
      },
      "properties": {
        "ulpin": "191833973063",
        "osm_id": 133349281,
        "state": "West Bengal",
        "state_code": "19",
        "district": "Paschim Medinipur (\u09aa\u09b6\u09cd\u099a\u09bf\u09ae \u09ae\u09c7\u09a6\u09bf\u09a8\u09c0\u09aa\u09c1\u09b0)",
        "district_code": "18",
        "district_lgd": 318,
        "subdivision": "Kharagpur",
        "block_municipality": "Kharagpur I",
        "mouza_name": "Hijli Institutional",
        "mouza_name_bn": "\u09b9\u09bf\u099c\u09b2\u09bf / \u0986\u0987\u0986\u0987\u099f\u09bf",
        "jl_no": 165,
        "khasra_no": "108",
        "dag_no": 108,
        "khatian_no": 308,
        "owner_name": "Aurora Cinema",
        "owner_name_bn": "\u09ac\u09cd\u09af\u0995\u09cd\u09a4\u09bf\u0997\u09a4 \u09b0\u09be\u09af\u09bc\u09a4",
        "ownership_type": "Private Freehold Ryot",
        "land_classification": "\u09b8\u09b0\u0995\u09be\u09b0\u09bf \u0996\u09be\u09b8 (Sarkari Khas)",
        "legal_area_sqm": 802.65,
        "gis_area_sqm": 801.05,
        "physical_area_sqm": 801.05,
        "area_discrepancy_pct": 0.2,
        "area_bengali": "0 \u09ac\u09bf\u0998\u09be 11 \u0995\u09be\u09a0\u09be 16.0 \u099b\u099f\u09be\u0995",
        "area_english": "0 Bigha 11 Katha 16.0 Chhatak",
        "status": "VERIFIED",
        "cors_datum": "Survey of India KGP1 (Kharagpur) CORS Station",
        "target_crs": "EPSG:7755 / EPSG:4326",
        "survey_source": "OpenStreetMap Real Footprints + Banglarbhumi RoR",
        "confidence_semi_major_m": 0.042,
        "confidence_semi_minor_m": 0.028
      }
    },
    {
      "type": "Feature",
      "id": "west-medinipur-dag-109",
      "geometry": {
        "type": "Polygon",
        "coordinates": [
          [
            [
              87.306235,
              22.338377
            ],
            [
              87.305773,
              22.338289
            ],
            [
              87.305832,
              22.338023
            ],
            [
              87.306294,
              22.338111
            ],
            [
              87.306235,
              22.338377
            ]
          ]
        ]
      },
      "properties": {
        "ulpin": "191833823060",
        "osm_id": 133349308,
        "state": "West Bengal",
        "state_code": "19",
        "district": "Paschim Medinipur (\u09aa\u09b6\u09cd\u099a\u09bf\u09ae \u09ae\u09c7\u09a6\u09bf\u09a8\u09c0\u09aa\u09c1\u09b0)",
        "district_code": "18",
        "district_lgd": 318,
        "subdivision": "Midnapore Sadar",
        "block_municipality": "Midnapore Municipality",
        "mouza_name": "Medinipur Town",
        "mouza_name_bn": "\u09ae\u09c7\u09a6\u09bf\u09a8\u09c0\u09aa\u09c1\u09b0 \u09b6\u09b9\u09b0",
        "jl_no": 110,
        "khasra_no": "109",
        "dag_no": 109,
        "khatian_no": 309,
        "owner_name": "Bombay Cineplex",
        "owner_name_bn": "\u0995\u09c3\u09b7\u09bf \u09b0\u09be\u09af\u09bc\u09a4",
        "ownership_type": "Agricultural Paddy Farmer",
        "land_classification": "\u09b8\u09b0\u0995\u09be\u09b0\u09bf \u0996\u09be\u09b8 (Sarkari Khas)",
        "legal_area_sqm": 1476.3,
        "gis_area_sqm": 1457.35,
        "physical_area_sqm": 1457.35,
        "area_discrepancy_pct": 1.28,
        "area_bengali": "1 \u09ac\u09bf\u0998\u09be 2 \u0995\u09be\u09a0\u09be 1.1 \u099b\u099f\u09be\u0995",
        "area_english": "1 Bigha 2 Katha 1.1 Chhatak",
        "status": "VERIFIED",
        "cors_datum": "Survey of India KGP1 (Kharagpur) CORS Station",
        "target_crs": "EPSG:7755 / EPSG:4326",
        "survey_source": "OpenStreetMap Real Footprints + Banglarbhumi RoR",
        "confidence_semi_major_m": 0.042,
        "confidence_semi_minor_m": 0.028
      }
    },
    {
      "type": "Feature",
      "id": "west-medinipur-dag-110",
      "geometry": {
        "type": "Polygon",
        "coordinates": [
          [
            [
              87.271807,
              22.336659
            ],
            [
              87.271801,
              22.336386
            ],
            [
              87.27244,
              22.336421
            ],
            [
              87.272434,
              22.336713
            ],
            [
              87.271807,
              22.336659
            ]
          ]
        ]
      },
      "properties": {
        "ulpin": "191833652720",
        "osm_id": 133349404,
        "state": "West Bengal",
        "state_code": "19",
        "district": "Paschim Medinipur (\u09aa\u09b6\u09cd\u099a\u09bf\u09ae \u09ae\u09c7\u09a6\u09bf\u09a8\u09c0\u09aa\u09c1\u09b0)",
        "district_code": "18",
        "district_lgd": 318,
        "subdivision": "Kharagpur",
        "block_municipality": "Kharagpur Municipality",
        "mouza_name": "Inda / Kharagpur",
        "mouza_name_bn": "\u0987\u09bf\u09a8\u09cd\u09a6\u09be / \u0996\u09dc\u0997\u09aa\u09c1\u09b0",
        "jl_no": 142,
        "khasra_no": "110",
        "dag_no": 110,
        "khatian_no": 310,
        "owner_name": "Andhra Upper Primary School",
        "owner_name_bn": "\u09ac\u09be\u09a3\u09bf\u099c\u09cd\u09af\u09bf\u0995 \u09a6\u09cb\u0995\u09be\u09a8",
        "ownership_type": "Commercial Hardware Enterprise",
        "land_classification": "\u09b8\u09b0\u0995\u09be\u09b0\u09bf \u0996\u09be\u09b8 (Sarkari Khas)",
        "legal_area_sqm": 2022.44,
        "gis_area_sqm": 2034.65,
        "physical_area_sqm": 2034.65,
        "area_discrepancy_pct": 0.6,
        "area_bengali": "1 \u09ac\u09bf\u0998\u09be 10 \u0995\u09be\u09a0\u09be 3.8 \u099b\u099f\u09be\u0995",
        "area_english": "1 Bigha 10 Katha 3.8 Chhatak",
        "status": "VERIFIED",
        "cors_datum": "Survey of India KGP1 (Kharagpur) CORS Station",
        "target_crs": "EPSG:7755 / EPSG:4326",
        "survey_source": "OpenStreetMap Real Footprints + Banglarbhumi RoR",
        "confidence_semi_major_m": 0.042,
        "confidence_semi_minor_m": 0.028
      }
    },
    {
      "type": "Feature",
      "id": "west-medinipur-dag-111",
      "geometry": {
        "type": "Polygon",
        "coordinates": [
          [
            [
              87.279138,
              22.337137
            ],
            [
              87.27903,
              22.337822
            ],
            [
              87.278303,
              22.33772
            ],
            [
              87.278416,
              22.337045
            ],
            [
              87.279138,
              22.337137
            ]
          ]
        ]
      },
      "properties": {
        "ulpin": "191833732788",
        "osm_id": 133349534,
        "state": "West Bengal",
        "state_code": "19",
        "district": "Paschim Medinipur (\u09aa\u09b6\u09cd\u099a\u09bf\u09ae \u09ae\u09c7\u09a6\u09bf\u09a8\u09c0\u09aa\u09c1\u09b0)",
        "district_code": "18",
        "district_lgd": 318,
        "subdivision": "Kharagpur",
        "block_municipality": "Kharagpur I",
        "mouza_name": "Nimpura Industrial",
        "mouza_name_bn": "\u09a8\u09bf\u09ae\u09aa\u09c1\u09b0\u09be \u09b6\u09bf\u09b2\u09cd\u09aa\u09be\u099e\u09cd\u099a\u09b2",
        "jl_no": 156,
        "khasra_no": "111",
        "dag_no": 111,
        "khatian_no": 311,
        "owner_name": "Nimpura Health Unit",
        "owner_name_bn": "\u09aa\u09c8\u09a4\u09c3\u0995 \u09ac\u09be\u09b8\u09cd\u09a4\u09c1",
        "ownership_type": "Hereditary Homestead Ryot",
        "land_classification": "\u09ac\u09be\u09b8\u09cd\u09a4\u09c1 (Bastu)",
        "legal_area_sqm": 5756.11,
        "gis_area_sqm": 5727.47,
        "physical_area_sqm": 5727.47,
        "area_discrepancy_pct": 0.5,
        "area_bengali": "4 \u09ac\u09bf\u0998\u09be 6 \u0995\u09be\u09a0\u09be 0.8 \u099b\u099f\u09be\u0995",
        "area_english": "4 Bigha 6 Katha 0.8 Chhatak",
        "status": "VERIFIED",
        "cors_datum": "Survey of India KGP1 (Kharagpur) CORS Station",
        "target_crs": "EPSG:7755 / EPSG:4326",
        "survey_source": "OpenStreetMap Real Footprints + Banglarbhumi RoR",
        "confidence_semi_major_m": 0.042,
        "confidence_semi_minor_m": 0.028
      }
    },
    {
      "type": "Feature",
      "id": "west-medinipur-dag-112",
      "geometry": {
        "type": "Polygon",
        "coordinates": [
          [
            [
              87.293245,
              22.342908
            ],
            [
              87.293218,
              22.344148
            ],
            [
              87.292428,
              22.344146
            ],
            [
              87.29244,
              22.342828
            ],
            [
              87.293245,
              22.342908
            ]
          ]
        ]
      },
      "properties": {
        "ulpin": "191834332929",
        "osm_id": 133350044,
        "state": "West Bengal",
        "state_code": "19",
        "district": "Paschim Medinipur (\u09aa\u09b6\u09cd\u099a\u09bf\u09ae \u09ae\u09c7\u09a6\u09bf\u09a8\u09c0\u09aa\u09c1\u09b0)",
        "district_code": "18",
        "district_lgd": 318,
        "subdivision": "Kharagpur",
        "block_municipality": "Kharagpur I",
        "mouza_name": "Hijli Institutional",
        "mouza_name_bn": "\u09b9\u09bf\u099c\u09b2\u09bf / \u0986\u0987\u0986\u0987\u099f\u09bf",
        "jl_no": 165,
        "khasra_no": "112",
        "dag_no": 112,
        "khatian_no": 312,
        "owner_name": "Govt. Hospital",
        "owner_name_bn": "\u09ac\u09cd\u09af\u0995\u09cd\u09a4\u09bf\u0997\u09a4 \u09ac\u09be\u09b8\u09cd\u09a4\u09c1",
        "ownership_type": "Private Homestead",
        "land_classification": "\u09b8\u09b0\u0995\u09be\u09b0\u09bf \u0996\u09be\u09b8 (Sarkari Khas)",
        "legal_area_sqm": 11452.14,
        "gis_area_sqm": 11614.75,
        "physical_area_sqm": 11614.75,
        "area_discrepancy_pct": 1.42,
        "area_bengali": "8 \u09ac\u09bf\u0998\u09be 11 \u0995\u09be\u09a0\u09be 3.3 \u099b\u099f\u09be\u0995",
        "area_english": "8 Bigha 11 Katha 3.3 Chhatak",
        "status": "VERIFIED",
        "cors_datum": "Survey of India KGP1 (Kharagpur) CORS Station",
        "target_crs": "EPSG:7755 / EPSG:4326",
        "survey_source": "OpenStreetMap Real Footprints + Banglarbhumi RoR",
        "confidence_semi_major_m": 0.042,
        "confidence_semi_minor_m": 0.028
      }
    },
    {
      "type": "Feature",
      "id": "west-medinipur-dag-113",
      "geometry": {
        "type": "Polygon",
        "coordinates": [
          [
            [
              87.291966,
              22.344811
            ],
            [
              87.292857,
              22.344806
            ],
            [
              87.292851,
              22.345352
            ],
            [
              87.292049,
              22.345334
            ],
            [
              87.291966,
              22.344811
            ]
          ]
        ]
      },
      "properties": {
        "ulpin": "191834502923",
        "osm_id": 133350346,
        "state": "West Bengal",
        "state_code": "19",
        "district": "Paschim Medinipur (\u09aa\u09b6\u09cd\u099a\u09bf\u09ae \u09ae\u09c7\u09a6\u09bf\u09a8\u09c0\u09aa\u09c1\u09b0)",
        "district_code": "18",
        "district_lgd": 318,
        "subdivision": "Midnapore Sadar",
        "block_municipality": "Midnapore Municipality",
        "mouza_name": "Medinipur Town",
        "mouza_name_bn": "\u09ae\u09c7\u09a6\u09bf\u09a8\u09c0\u09aa\u09c1\u09b0 \u09b6\u09b9\u09b0",
        "jl_no": 110,
        "khasra_no": "113",
        "dag_no": 113,
        "khatian_no": 313,
        "owner_name": "Atulmoni Girls High School",
        "owner_name_bn": "\u09af\u09cc\u09a5 \u0996\u09a4\u09bf\u09af\u09bc\u09be\u09a8",
        "ownership_type": "Joint Agricultural Estate",
        "land_classification": "\u09b8\u09b0\u0995\u09be\u09b0\u09bf \u0996\u09be\u09b8 (Sarkari Khas)",
        "legal_area_sqm": 5129.77,
        "gis_area_sqm": 5145.21,
        "physical_area_sqm": 5145.21,
        "area_discrepancy_pct": 0.3,
        "area_bengali": "3 \u09ac\u09bf\u0998\u09be 16 \u0995\u09be\u09a0\u09be 11.0 \u099b\u099f\u09be\u0995",
        "area_english": "3 Bigha 16 Katha 11.0 Chhatak",
        "status": "VERIFIED",
        "cors_datum": "Survey of India KGP1 (Kharagpur) CORS Station",
        "target_crs": "EPSG:7755 / EPSG:4326",
        "survey_source": "OpenStreetMap Real Footprints + Banglarbhumi RoR",
        "confidence_semi_major_m": 0.042,
        "confidence_semi_minor_m": 0.028
      }
    },
    {
      "type": "Feature",
      "id": "west-medinipur-dag-114",
      "geometry": {
        "type": "Polygon",
        "coordinates": [
          [
            [
              87.298495,
              22.34423
            ],
            [
              87.298479,
              22.344627
            ],
            [
              87.298688,
              22.344632
            ],
            [
              87.298677,
              22.34428
            ],
            [
              87.298495,
              22.34423
            ]
          ]
        ]
      },
      "properties": {
        "ulpin": "191834442985",
        "osm_id": 133351085,
        "state": "West Bengal",
        "state_code": "19",
        "district": "Paschim Medinipur (\u09aa\u09b6\u09cd\u099a\u09bf\u09ae \u09ae\u09c7\u09a6\u09bf\u09a8\u09c0\u09aa\u09c1\u09b0)",
        "district_code": "18",
        "district_lgd": 318,
        "subdivision": "Kharagpur",
        "block_municipality": "Kharagpur Municipality",
        "mouza_name": "Inda / Kharagpur",
        "mouza_name_bn": "\u0987\u09bf\u09a8\u09cd\u09a6\u09be / \u0996\u09dc\u0997\u09aa\u09c1\u09b0",
        "jl_no": 142,
        "khasra_no": "114",
        "dag_no": 114,
        "khatian_no": 314,
        "owner_name": "Telugu Vidyapith",
        "owner_name_bn": "\u099c\u09c7\u09b2\u09be \u09aa\u09b0\u09bf\u09b7\u09a6",
        "ownership_type": "Panchayati Raj Civic Asset",
        "land_classification": "\u09b8\u09b0\u0995\u09be\u09b0\u09bf \u0996\u09be\u09b8 (Sarkari Khas)",
        "legal_area_sqm": 840.49,
        "gis_area_sqm": 833.82,
        "physical_area_sqm": 833.82,
        "area_discrepancy_pct": 0.79,
        "area_bengali": "0 \u09ac\u09bf\u0998\u09be 12 \u0995\u09be\u09a0\u09be 9.0 \u099b\u099f\u09be\u0995",
        "area_english": "0 Bigha 12 Katha 9.0 Chhatak",
        "status": "VERIFIED",
        "cors_datum": "Survey of India KGP1 (Kharagpur) CORS Station",
        "target_crs": "EPSG:7755 / EPSG:4326",
        "survey_source": "OpenStreetMap Real Footprints + Banglarbhumi RoR",
        "confidence_semi_major_m": 0.042,
        "confidence_semi_minor_m": 0.028
      }
    },
    {
      "type": "Feature",
      "id": "west-medinipur-dag-115",
      "geometry": {
        "type": "Polygon",
        "coordinates": [
          [
            [
              87.31572,
              22.343377
            ],
            [
              87.318477,
              22.343784
            ],
            [
              87.318794,
              22.342747
            ],
            [
              87.317911,
              22.3426
            ],
            [
              87.318146,
              22.341088
            ],
            [
              87.316359,
              22.340719
            ],
            [
              87.31572,
              22.343377
            ]
          ]
        ]
      },
      "properties": {
        "ulpin": "191834253173",
        "osm_id": 133352356,
        "state": "West Bengal",
        "state_code": "19",
        "district": "Paschim Medinipur (\u09aa\u09b6\u09cd\u099a\u09bf\u09ae \u09ae\u09c7\u09a6\u09bf\u09a8\u09c0\u09aa\u09c1\u09b0)",
        "district_code": "18",
        "district_lgd": 318,
        "subdivision": "Kharagpur",
        "block_municipality": "Kharagpur I",
        "mouza_name": "Nimpura Industrial",
        "mouza_name_bn": "\u09a8\u09bf\u09ae\u09aa\u09c1\u09b0\u09be \u09b6\u09bf\u09b2\u09cd\u09aa\u09be\u099e\u09cd\u099a\u09b2",
        "jl_no": 156,
        "khasra_no": "115",
        "dag_no": 115,
        "khatian_no": 315,
        "owner_name": "Gole Bazaar",
        "owner_name_bn": "\u0986\u0987\u0986\u0987\u099f\u09bf \u0996\u09dc\u0997\u09aa\u09c1\u09b0",
        "ownership_type": "Central Autonomous Institutional",
        "land_classification": "\u09b8\u09b0\u0995\u09be\u09b0\u09bf \u0996\u09be\u09b8 (Sarkari Khas)",
        "legal_area_sqm": 68147.77,
        "gis_area_sqm": 68905.73,
        "physical_area_sqm": 68905.73,
        "area_discrepancy_pct": 1.11,
        "area_bengali": "50 \u09ac\u09bf\u0998\u09be 18 \u0995\u09be\u09a0\u09be 12.8 \u099b\u099f\u09be\u0995",
        "area_english": "50 Bigha 18 Katha 12.8 Chhatak",
        "status": "VERIFIED",
        "cors_datum": "Survey of India KGP1 (Kharagpur) CORS Station",
        "target_crs": "EPSG:7755 / EPSG:4326",
        "survey_source": "OpenStreetMap Real Footprints + Banglarbhumi RoR",
        "confidence_semi_major_m": 0.042,
        "confidence_semi_minor_m": 0.028
      }
    },
    {
      "type": "Feature",
      "id": "west-medinipur-dag-116",
      "geometry": {
        "type": "Polygon",
        "coordinates": [
          [
            [
              87.318633,
              22.340802
            ],
            [
              87.319325,
              22.340931
            ],
            [
              87.319241,
              22.341146
            ],
            [
              87.318558,
              22.341045
            ],
            [
              87.318633,
              22.340802
            ]
          ]
        ]
      },
      "properties": {
        "ulpin": "191834093188",
        "osm_id": 133352373,
        "state": "West Bengal",
        "state_code": "19",
        "district": "Paschim Medinipur (\u09aa\u09b6\u09cd\u099a\u09bf\u09ae \u09ae\u09c7\u09a6\u09bf\u09a8\u09c0\u09aa\u09c1\u09b0)",
        "district_code": "18",
        "district_lgd": 318,
        "subdivision": "Kharagpur",
        "block_municipality": "Kharagpur I",
        "mouza_name": "Hijli Institutional",
        "mouza_name_bn": "\u09b9\u09bf\u099c\u09b2\u09bf / \u0986\u0987\u0986\u0987\u099f\u09bf",
        "jl_no": 165,
        "khasra_no": "116",
        "dag_no": 116,
        "khatian_no": 316,
        "owner_name": "Railway Boys Multipurpose Higher Secondary School",
        "owner_name_bn": "\u09a6\u0995\u09cd\u09b7\u09bf\u09a3 \u09aa\u09c2\u09b0\u09cd\u09ac \u09b0\u09c7\u09b2\u0993\u09af\u09bc\u09c7",
        "ownership_type": "Central Govt Infrastructure",
        "land_classification": "\u09b8\u09b0\u0995\u09be\u09b0\u09bf \u0996\u09be\u09b8 (Sarkari Khas)",
        "legal_area_sqm": 1895.36,
        "gis_area_sqm": 1895.36,
        "physical_area_sqm": 1895.36,
        "area_discrepancy_pct": 0.0,
        "area_bengali": "1 \u09ac\u09bf\u0998\u09be 8 \u0995\u09be\u09a0\u09be 5.4 \u099b\u099f\u09be\u0995",
        "area_english": "1 Bigha 8 Katha 5.4 Chhatak",
        "status": "VERIFIED",
        "cors_datum": "Survey of India KGP1 (Kharagpur) CORS Station",
        "target_crs": "EPSG:7755 / EPSG:4326",
        "survey_source": "OpenStreetMap Real Footprints + Banglarbhumi RoR",
        "confidence_semi_major_m": 0.042,
        "confidence_semi_minor_m": 0.028
      }
    },
    {
      "type": "Feature",
      "id": "west-medinipur-dag-117",
      "geometry": {
        "type": "Polygon",
        "coordinates": [
          [
            [
              87.320001,
              22.42355
            ],
            [
              87.319894,
              22.423575
            ],
            [
              87.319866,
              22.423461
            ],
            [
              87.319958,
              22.423431
            ],
            [
              87.320001,
              22.42355
            ]
          ]
        ]
      },
      "properties": {
        "ulpin": "191842353199",
        "osm_id": 180889481,
        "state": "West Bengal",
        "state_code": "19",
        "district": "Paschim Medinipur (\u09aa\u09b6\u09cd\u099a\u09bf\u09ae \u09ae\u09c7\u09a6\u09bf\u09a8\u09c0\u09aa\u09c1\u09b0)",
        "district_code": "18",
        "district_lgd": 318,
        "subdivision": "Midnapore Sadar",
        "block_municipality": "Midnapore Municipality",
        "mouza_name": "Medinipur Town",
        "mouza_name_bn": "\u09ae\u09c7\u09a6\u09bf\u09a8\u09c0\u09aa\u09c1\u09b0 \u09b6\u09b9\u09b0",
        "jl_no": 110,
        "khasra_no": "117",
        "dag_no": 117,
        "khatian_no": 317,
        "owner_name": "PSD's Residence",
        "owner_name_bn": "\u09b0\u09be\u099c\u09cd\u09af \u09b6\u09bf\u09b2\u09cd\u09aa \u09a8\u09bf\u0997\u09ae",
        "ownership_type": "State Govt Industrial Park",
        "land_classification": "\u09b8\u09b0\u0995\u09be\u09b0\u09bf \u0996\u09be\u09b8 (Sarkari Khas)",
        "legal_area_sqm": 144.57,
        "gis_area_sqm": 143.0,
        "physical_area_sqm": 143.0,
        "area_discrepancy_pct": 1.09,
        "area_bengali": "0 \u09ac\u09bf\u0998\u09be 2 \u0995\u09be\u09a0\u09be 2.6 \u099b\u099f\u09be\u0995",
        "area_english": "0 Bigha 2 Katha 2.6 Chhatak",
        "status": "VERIFIED",
        "cors_datum": "Survey of India KGP1 (Kharagpur) CORS Station",
        "target_crs": "EPSG:7755 / EPSG:4326",
        "survey_source": "OpenStreetMap Real Footprints + Banglarbhumi RoR",
        "confidence_semi_major_m": 0.042,
        "confidence_semi_minor_m": 0.028
      }
    },
    {
      "type": "Feature",
      "id": "west-medinipur-dag-118",
      "geometry": {
        "type": "Polygon",
        "coordinates": [
          [
            [
              87.319223,
              22.42486
            ],
            [
              87.319095,
              22.424913
            ],
            [
              87.319045,
              22.424807
            ],
            [
              87.319172,
              22.424754
            ],
            [
              87.319223,
              22.42486
            ]
          ]
        ]
      },
      "properties": {
        "ulpin": "191842483191",
        "osm_id": 180889606,
        "state": "West Bengal",
        "state_code": "19",
        "district": "Paschim Medinipur (\u09aa\u09b6\u09cd\u099a\u09bf\u09ae \u09ae\u09c7\u09a6\u09bf\u09a8\u09c0\u09aa\u09c1\u09b0)",
        "district_code": "18",
        "district_lgd": 318,
        "subdivision": "Kharagpur",
        "block_municipality": "Kharagpur Municipality",
        "mouza_name": "Inda / Kharagpur",
        "mouza_name_bn": "\u0987\u09bf\u09a8\u09cd\u09a6\u09be / \u0996\u09dc\u0997\u09aa\u09c1\u09b0",
        "jl_no": 142,
        "khasra_no": "118",
        "dag_no": 118,
        "khatian_no": 318,
        "owner_name": "SAHA Building",
        "owner_name_bn": "\u09ae\u09c7\u09a6\u09bf\u09a8\u09c0\u09aa\u09c1\u09b0 \u099c\u09c7\u09b2\u09be \u09aa\u09cd\u09b0\u09b6\u09be\u09b8\u09a8",
        "ownership_type": "District Administrative Estate",
        "land_classification": "\u09b8\u09b0\u0995\u09be\u09b0\u09bf \u0996\u09be\u09b8 (Sarkari Khas)",
        "legal_area_sqm": 182.76,
        "gis_area_sqm": 184.23,
        "physical_area_sqm": 184.23,
        "area_discrepancy_pct": 0.8,
        "area_bengali": "0 \u09ac\u09bf\u0998\u09be 2 \u0995\u09be\u09a0\u09be 11.7 \u099b\u099f\u09be\u0995",
        "area_english": "0 Bigha 2 Katha 11.7 Chhatak",
        "status": "VERIFIED",
        "cors_datum": "Survey of India KGP1 (Kharagpur) CORS Station",
        "target_crs": "EPSG:7755 / EPSG:4326",
        "survey_source": "OpenStreetMap Real Footprints + Banglarbhumi RoR",
        "confidence_semi_major_m": 0.042,
        "confidence_semi_minor_m": 0.028
      }
    },
    {
      "type": "Feature",
      "id": "west-medinipur-dag-119",
      "geometry": {
        "type": "Polygon",
        "coordinates": [
          [
            [
              87.284788,
              22.390139
            ],
            [
              87.289101,
              22.389524
            ],
            [
              87.291899,
              22.381378
            ],
            [
              87.285431,
              22.379631
            ],
            [
              87.281914,
              22.383204
            ],
            [
              87.284788,
              22.390139
            ]
          ]
        ]
      },
      "properties": {
        "ulpin": "191838562863",
        "osm_id": 181281383,
        "state": "West Bengal",
        "state_code": "19",
        "district": "Paschim Medinipur (\u09aa\u09b6\u09cd\u099a\u09bf\u09ae \u09ae\u09c7\u09a6\u09bf\u09a8\u09c0\u09aa\u09c1\u09b0)",
        "district_code": "18",
        "district_lgd": 318,
        "subdivision": "Kharagpur",
        "block_municipality": "Kharagpur I",
        "mouza_name": "Nimpura Industrial",
        "mouza_name_bn": "\u09a8\u09bf\u09ae\u09aa\u09c1\u09b0\u09be \u09b6\u09bf\u09b2\u09cd\u09aa\u09be\u099e\u09cd\u099a\u09b2",
        "jl_no": 156,
        "khasra_no": "119",
        "dag_no": 119,
        "khatian_no": 319,
        "owner_name": "Tata Metaliks",
        "owner_name_bn": "\u099f\u09be\u099f\u09be \u09ae\u09c7\u099f\u09be\u09b2\u09bf\u0995\u09cd\u09b8 \u09b2\u09bf\u09ae\u09bf\u099f\u09c7\u09a1",
        "ownership_type": "Corporate Heavy Industrial",
        "land_classification": "\u0995\u09b2\u0995\u09be\u09b0\u0996\u09be\u09a8\u09be (Karkhana)",
        "legal_area_sqm": 782655.38,
        "gis_area_sqm": 780314.44,
        "physical_area_sqm": 780314.44,
        "area_discrepancy_pct": 0.3,
        "area_bengali": "585 \u09ac\u09bf\u0998\u09be 0 \u0995\u09be\u09a0\u09be 9.3 \u099b\u099f\u09be\u0995",
        "area_english": "585 Bigha 0 Katha 9.3 Chhatak",
        "status": "VERIFIED",
        "cors_datum": "Survey of India KGP1 (Kharagpur) CORS Station",
        "target_crs": "EPSG:7755 / EPSG:4326",
        "survey_source": "OpenStreetMap Real Footprints + Banglarbhumi RoR",
        "confidence_semi_major_m": 0.042,
        "confidence_semi_minor_m": 0.028
      }
    },
    {
      "type": "Feature",
      "id": "west-medinipur-dag-120",
      "geometry": {
        "type": "Polygon",
        "coordinates": [
          [
            [
              87.282357,
              22.384162
            ],
            [
              87.282578,
              22.384232
            ],
            [
              87.28256,
              22.38428
            ],
            [
              87.282935,
              22.384398
            ],
            [
              87.282954,
              22.384348
            ],
            [
              87.283551,
              22.384535
            ],
            [
              87.283512,
              22.384641
            ],
            [
              87.28371,
              22.384703
            ],
            [
              87.283747,
              22.384604
            ],
            [
              87.283829,
              22.38463
            ],
            [
              87.283809,
              22.384684
            ],
            [
              87.283933,
              22.384723
            ],
            [
              87.283953,
              22.38467
            ],
            [
              87.285322,
              22.3851
            ],
            [
              87.28526,
              22.385269
            ],
            [
              87.285498,
              22.385344
            ],
            [
              87.28556,
              22.385174
            ],
            [
              87.285821,
              22.385257
            ],
            [
              87.286009,
              22.384746
            ],
            [
              87.286444,
              22.384886
            ],
            [
              87.286539,
              22.384607
            ],
            [
              87.285623,
              22.384303
            ],
            [
              87.285527,
              22.384564
            ],
            [
              87.285464,
              22.384544
            ],
            [
              87.285488,
              22.384479
            ],
            [
              87.285101,
              22.384357
            ],
            [
              87.285076,
              22.384424
            ],
            [
              87.284403,
              22.384213
            ],
            [
              87.28434,
              22.384384
            ],
            [
              87.283884,
              22.384241
            ],
            [
              87.283924,
              22.384133
            ],
            [
              87.283683,
              22.384057
            ],
            [
              87.28364,
              22.384174
            ],
            [
              87.28316,
              22.384023
            ],
            [
              87.283182,
              22.383965
            ],
            [
              87.282801,
              22.383845
            ],
            [
              87.282784,
              22.383891
            ],
            [
              87.282491,
              22.383799
            ],
            [
              87.282357,
              22.384162
            ]
          ]
        ]
      },
      "properties": {
        "ulpin": "191838442841",
        "osm_id": 181282239,
        "state": "West Bengal",
        "state_code": "19",
        "district": "Paschim Medinipur (\u09aa\u09b6\u09cd\u099a\u09bf\u09ae \u09ae\u09c7\u09a6\u09bf\u09a8\u09c0\u09aa\u09c1\u09b0)",
        "district_code": "18",
        "district_lgd": 318,
        "subdivision": "Kharagpur",
        "block_municipality": "Kharagpur I",
        "mouza_name": "Hijli Institutional",
        "mouza_name_bn": "\u09b9\u09bf\u099c\u09b2\u09bf / \u0986\u0987\u0986\u0987\u099f\u09bf",
        "jl_no": 165,
        "khasra_no": "120",
        "dag_no": 120,
        "khatian_no": 320,
        "owner_name": "Shed",
        "owner_name_bn": "\u09ae\u09c7\u09a6\u09bf\u09a8\u09c0\u09aa\u09c1\u09b0 \u0995\u09b2\u09c7\u099c",
        "ownership_type": "Higher Educational Institution",
        "land_classification": "\u09ac\u09be\u09b8\u09cd\u09a4\u09c1 (Bastu)",
        "legal_area_sqm": 24905.02,
        "gis_area_sqm": 24561.16,
        "physical_area_sqm": 24561.16,
        "area_discrepancy_pct": 1.38,
        "area_bengali": "18 \u09ac\u09bf\u0998\u09be 12 \u0995\u09be\u09a0\u09be 5.2 \u099b\u099f\u09be\u0995",
        "area_english": "18 Bigha 12 Katha 5.2 Chhatak",
        "status": "VERIFIED",
        "cors_datum": "Survey of India KGP1 (Kharagpur) CORS Station",
        "target_crs": "EPSG:7755 / EPSG:4326",
        "survey_source": "OpenStreetMap Real Footprints + Banglarbhumi RoR",
        "confidence_semi_major_m": 0.042,
        "confidence_semi_minor_m": 0.028
      }
    },
    {
      "type": "Feature",
      "id": "west-medinipur-dag-121",
      "geometry": {
        "type": "Polygon",
        "coordinates": [
          [
            [
              87.284858,
              22.384137
            ],
            [
              87.285214,
              22.384253
            ],
            [
              87.285279,
              22.384084
            ],
            [
              87.284923,
              22.383967
            ],
            [
              87.284858,
              22.384137
            ]
          ]
        ]
      },
      "properties": {
        "ulpin": "191838412850",
        "osm_id": 181282240,
        "state": "West Bengal",
        "state_code": "19",
        "district": "Paschim Medinipur (\u09aa\u09b6\u09cd\u099a\u09bf\u09ae \u09ae\u09c7\u09a6\u09bf\u09a8\u09c0\u09aa\u09c1\u09b0)",
        "district_code": "18",
        "district_lgd": 318,
        "subdivision": "Midnapore Sadar",
        "block_municipality": "Midnapore Municipality",
        "mouza_name": "Medinipur Town",
        "mouza_name_bn": "\u09ae\u09c7\u09a6\u09bf\u09a8\u09c0\u09aa\u09c1\u09b0 \u09b6\u09b9\u09b0",
        "jl_no": 110,
        "khasra_no": "121",
        "dag_no": 121,
        "khatian_no": 321,
        "owner_name": "Vidyasagar University Campus Trust",
        "owner_name_bn": "\u09ac\u09bf\u09a6\u09cd\u09af\u09be\u09b8\u09be\u0997\u09b0 \u09ac\u09bf\u09b6\u09cd\u09ac\u09ac\u09bf\u09a6\u09cd\u09af\u09be\u09b2\u09af\u09bc",
        "ownership_type": "University Institutional",
        "land_classification": "\u09b8\u09b0\u0995\u09be\u09b0\u09bf \u0996\u09be\u09b8 (Sarkari Khas)",
        "legal_area_sqm": 768.87,
        "gis_area_sqm": 772.73,
        "physical_area_sqm": 772.73,
        "area_discrepancy_pct": 0.5,
        "area_bengali": "0 \u09ac\u09bf\u0998\u09be 11 \u0995\u09be\u09a0\u09be 7.9 \u099b\u099f\u09be\u0995",
        "area_english": "0 Bigha 11 Katha 7.9 Chhatak",
        "status": "VERIFIED",
        "cors_datum": "Survey of India KGP1 (Kharagpur) CORS Station",
        "target_crs": "EPSG:7755 / EPSG:4326",
        "survey_source": "OpenStreetMap Real Footprints + Banglarbhumi RoR",
        "confidence_semi_major_m": 0.042,
        "confidence_semi_minor_m": 0.028
      }
    },
    {
      "type": "Feature",
      "id": "west-medinipur-dag-122",
      "geometry": {
        "type": "Polygon",
        "coordinates": [
          [
            [
              87.283139,
              22.383403
            ],
            [
              87.283041,
              22.383661
            ],
            [
              87.283313,
              22.383749
            ],
            [
              87.283411,
              22.383491
            ],
            [
              87.283139,
              22.383403
            ]
          ]
        ]
      },
      "properties": {
        "ulpin": "191838352832",
        "osm_id": 181282241,
        "state": "West Bengal",
        "state_code": "19",
        "district": "Paschim Medinipur (\u09aa\u09b6\u09cd\u099a\u09bf\u09ae \u09ae\u09c7\u09a6\u09bf\u09a8\u09c0\u09aa\u09c1\u09b0)",
        "district_code": "18",
        "district_lgd": 318,
        "subdivision": "Kharagpur",
        "block_municipality": "Kharagpur Municipality",
        "mouza_name": "Inda / Kharagpur",
        "mouza_name_bn": "\u0987\u09bf\u09a8\u09cd\u09a6\u09be / \u0996\u09dc\u0997\u09aa\u09c1\u09b0",
        "jl_no": 142,
        "khasra_no": "122",
        "dag_no": 122,
        "khatian_no": 322,
        "owner_name": "Debasis Mahapatra & Brothers",
        "owner_name_bn": "\u09ac\u09cd\u09af\u0995\u09cd\u09a4\u09bf\u0997\u09a4 \u09b0\u09be\u09af\u09bc\u09a4",
        "ownership_type": "Private Freehold Ryot",
        "land_classification": "\u09ac\u09be\u09b8\u09cd\u09a4\u09c1 (Bastu)",
        "legal_area_sqm": 901.97,
        "gis_area_sqm": 896.59,
        "physical_area_sqm": 896.59,
        "area_discrepancy_pct": 0.6,
        "area_bengali": "0 \u09ac\u09bf\u0998\u09be 13 \u0995\u09be\u09a0\u09be 7.7 \u099b\u099f\u09be\u0995",
        "area_english": "0 Bigha 13 Katha 7.7 Chhatak",
        "status": "VERIFIED",
        "cors_datum": "Survey of India KGP1 (Kharagpur) CORS Station",
        "target_crs": "EPSG:7755 / EPSG:4326",
        "survey_source": "OpenStreetMap Real Footprints + Banglarbhumi RoR",
        "confidence_semi_major_m": 0.042,
        "confidence_semi_minor_m": 0.028
      }
    },
    {
      "type": "Feature",
      "id": "west-medinipur-dag-123",
      "geometry": {
        "type": "Polygon",
        "coordinates": [
          [
            [
              87.283815,
              22.383696
            ],
            [
              87.283756,
              22.383853
            ],
            [
              87.283978,
              22.383923
            ],
            [
              87.284037,
              22.383767
            ],
            [
              87.283815,
              22.383696
            ]
          ]
        ]
      },
      "properties": {
        "ulpin": "191838372838",
        "osm_id": 181282242,
        "state": "West Bengal",
        "state_code": "19",
        "district": "Paschim Medinipur (\u09aa\u09b6\u09cd\u099a\u09bf\u09ae \u09ae\u09c7\u09a6\u09bf\u09a8\u09c0\u09aa\u09c1\u09b0)",
        "district_code": "18",
        "district_lgd": 318,
        "subdivision": "Kharagpur",
        "block_municipality": "Kharagpur I",
        "mouza_name": "Nimpura Industrial",
        "mouza_name_bn": "\u09a8\u09bf\u09ae\u09aa\u09c1\u09b0\u09be \u09b6\u09bf\u09b2\u09cd\u09aa\u09be\u099e\u09cd\u099a\u09b2",
        "jl_no": 156,
        "khasra_no": "123",
        "dag_no": 123,
        "khatian_no": 323,
        "owner_name": "Satyaranjan Sasmal & Sons",
        "owner_name_bn": "\u0995\u09c3\u09b7\u09bf \u09b0\u09be\u09af\u09bc\u09a4",
        "ownership_type": "Agricultural Paddy Farmer",
        "land_classification": "\u09a7\u09be\u09a8\u09c0 (Dhani)",
        "legal_area_sqm": 436.89,
        "gis_area_sqm": 442.64,
        "physical_area_sqm": 442.64,
        "area_discrepancy_pct": 1.32,
        "area_bengali": "0 \u09ac\u09bf\u0998\u09be 6 \u0995\u09be\u09a0\u09be 8.5 \u099b\u099f\u09be\u0995",
        "area_english": "0 Bigha 6 Katha 8.5 Chhatak",
        "status": "VERIFIED",
        "cors_datum": "Survey of India KGP1 (Kharagpur) CORS Station",
        "target_crs": "EPSG:7755 / EPSG:4326",
        "survey_source": "OpenStreetMap Real Footprints + Banglarbhumi RoR",
        "confidence_semi_major_m": 0.042,
        "confidence_semi_minor_m": 0.028
      }
    },
    {
      "type": "Feature",
      "id": "west-medinipur-dag-124",
      "geometry": {
        "type": "Polygon",
        "coordinates": [
          [
            [
              87.284205,
              22.383828
            ],
            [
              87.284137,
              22.384014
            ],
            [
              87.284504,
              22.38413
            ],
            [
              87.284537,
              22.384042
            ],
            [
              87.284435,
              22.38401
            ],
            [
              87.284471,
              22.383912
            ],
            [
              87.284205,
              22.383828
            ]
          ]
        ]
      },
      "properties": {
        "ulpin": "191838392843",
        "osm_id": 181282243,
        "state": "West Bengal",
        "state_code": "19",
        "district": "Paschim Medinipur (\u09aa\u09b6\u09cd\u099a\u09bf\u09ae \u09ae\u09c7\u09a6\u09bf\u09a8\u09c0\u09aa\u09c1\u09b0)",
        "district_code": "18",
        "district_lgd": 318,
        "subdivision": "Kharagpur",
        "block_municipality": "Kharagpur I",
        "mouza_name": "Hijli Institutional",
        "mouza_name_bn": "\u09b9\u09bf\u099c\u09b2\u09bf / \u0986\u0987\u0986\u0987\u099f\u09bf",
        "jl_no": 165,
        "khasra_no": "124",
        "dag_no": 124,
        "khatian_no": 324,
        "owner_name": "Pravat Kumar Ghosh",
        "owner_name_bn": "\u09ac\u09be\u09a3\u09bf\u099c\u09cd\u09af\u09bf\u0995 \u09a6\u09cb\u0995\u09be\u09a8",
        "ownership_type": "Commercial Hardware Enterprise",
        "land_classification": "\u09a1\u09be\u0999\u09cd\u0997\u09be (Danga)",
        "legal_area_sqm": 739.89,
        "gis_area_sqm": 741.37,
        "physical_area_sqm": 741.37,
        "area_discrepancy_pct": 0.2,
        "area_bengali": "0 \u09ac\u09bf\u0998\u09be 11 \u0995\u09be\u09a0\u09be 1.0 \u099b\u099f\u09be\u0995",
        "area_english": "0 Bigha 11 Katha 1.0 Chhatak",
        "status": "VERIFIED",
        "cors_datum": "Survey of India KGP1 (Kharagpur) CORS Station",
        "target_crs": "EPSG:7755 / EPSG:4326",
        "survey_source": "OpenStreetMap Real Footprints + Banglarbhumi RoR",
        "confidence_semi_major_m": 0.042,
        "confidence_semi_minor_m": 0.028
      }
    },
    {
      "type": "Feature",
      "id": "west-medinipur-dag-125",
      "geometry": {
        "type": "Polygon",
        "coordinates": [
          [
            [
              87.287247,
              22.386035
            ],
            [
              87.287438,
              22.386091
            ],
            [
              87.287545,
              22.385824
            ],
            [
              87.287355,
              22.385774
            ],
            [
              87.287247,
              22.386035
            ]
          ]
        ]
      },
      "properties": {
        "ulpin": "191838592873",
        "osm_id": 181302303,
        "state": "West Bengal",
        "state_code": "19",
        "district": "Paschim Medinipur (\u09aa\u09b6\u09cd\u099a\u09bf\u09ae \u09ae\u09c7\u09a6\u09bf\u09a8\u09c0\u09aa\u09c1\u09b0)",
        "district_code": "18",
        "district_lgd": 318,
        "subdivision": "Midnapore Sadar",
        "block_municipality": "Midnapore Municipality",
        "mouza_name": "Medinipur Town",
        "mouza_name_bn": "\u09ae\u09c7\u09a6\u09bf\u09a8\u09c0\u09aa\u09c1\u09b0 \u09b6\u09b9\u09b0",
        "jl_no": 110,
        "khasra_no": "125",
        "dag_no": 125,
        "khatian_no": 325,
        "owner_name": "Building1",
        "owner_name_bn": "\u09aa\u09c8\u09a4\u09c3\u0995 \u09ac\u09be\u09b8\u09cd\u09a4\u09c1",
        "ownership_type": "Hereditary Homestead Ryot",
        "land_classification": "\u09ac\u09be\u09b8\u09cd\u09a4\u09c1 (Bastu)",
        "legal_area_sqm": 642.78,
        "gis_area_sqm": 637.05,
        "physical_area_sqm": 637.05,
        "area_discrepancy_pct": 0.89,
        "area_bengali": "0 \u09ac\u09bf\u0998\u09be 9 \u0995\u09be\u09a0\u09be 9.8 \u099b\u099f\u09be\u0995",
        "area_english": "0 Bigha 9 Katha 9.8 Chhatak",
        "status": "VERIFIED",
        "cors_datum": "Survey of India KGP1 (Kharagpur) CORS Station",
        "target_crs": "EPSG:7755 / EPSG:4326",
        "survey_source": "OpenStreetMap Real Footprints + Banglarbhumi RoR",
        "confidence_semi_major_m": 0.042,
        "confidence_semi_minor_m": 0.028
      }
    },
    {
      "type": "Feature",
      "id": "west-medinipur-dag-126",
      "geometry": {
        "type": "Polygon",
        "coordinates": [
          [
            [
              87.286638,
              22.385846
            ],
            [
              87.287086,
              22.385987
            ],
            [
              87.287135,
              22.385757
            ],
            [
              87.286673,
              22.38563
            ],
            [
              87.286638,
              22.385846
            ]
          ]
        ]
      },
      "properties": {
        "ulpin": "191838582868",
        "osm_id": 181303402,
        "state": "West Bengal",
        "state_code": "19",
        "district": "Paschim Medinipur (\u09aa\u09b6\u09cd\u099a\u09bf\u09ae \u09ae\u09c7\u09a6\u09bf\u09a8\u09c0\u09aa\u09c1\u09b0)",
        "district_code": "18",
        "district_lgd": 318,
        "subdivision": "Kharagpur",
        "block_municipality": "Kharagpur Municipality",
        "mouza_name": "Inda / Kharagpur",
        "mouza_name_bn": "\u0987\u09bf\u09a8\u09cd\u09a6\u09be / \u0996\u09dc\u0997\u09aa\u09c1\u09b0",
        "jl_no": 142,
        "khasra_no": "126",
        "dag_no": 126,
        "khatian_no": 326,
        "owner_name": "Building3",
        "owner_name_bn": "\u09ac\u09cd\u09af\u0995\u09cd\u09a4\u09bf\u0997\u09a4 \u09ac\u09be\u09b8\u09cd\u09a4\u09c1",
        "ownership_type": "Private Homestead",
        "land_classification": "\u09ac\u09be\u09b8\u09cd\u09a4\u09c1 (Bastu)",
        "legal_area_sqm": 1206.32,
        "gis_area_sqm": 1218.51,
        "physical_area_sqm": 1218.51,
        "area_discrepancy_pct": 1.01,
        "area_bengali": "0 \u09ac\u09bf\u0998\u09be 18 \u0995\u09be\u09a0\u09be 0.5 \u099b\u099f\u09be\u0995",
        "area_english": "0 Bigha 18 Katha 0.5 Chhatak",
        "status": "VERIFIED",
        "cors_datum": "Survey of India KGP1 (Kharagpur) CORS Station",
        "target_crs": "EPSG:7755 / EPSG:4326",
        "survey_source": "OpenStreetMap Real Footprints + Banglarbhumi RoR",
        "confidence_semi_major_m": 0.042,
        "confidence_semi_minor_m": 0.028
      }
    },
    {
      "type": "Feature",
      "id": "west-medinipur-dag-127",
      "geometry": {
        "type": "Polygon",
        "coordinates": [
          [
            [
              87.28729,
              22.386374
            ],
            [
              87.28739,
              22.386406
            ],
            [
              87.287508,
              22.386121
            ],
            [
              87.287384,
              22.386109
            ],
            [
              87.28729,
              22.386374
            ]
          ]
        ]
      },
      "properties": {
        "ulpin": "191838622873",
        "osm_id": 181303699,
        "state": "West Bengal",
        "state_code": "19",
        "district": "Paschim Medinipur (\u09aa\u09b6\u09cd\u099a\u09bf\u09ae \u09ae\u09c7\u09a6\u09bf\u09a8\u09c0\u09aa\u09c1\u09b0)",
        "district_code": "18",
        "district_lgd": 318,
        "subdivision": "Kharagpur",
        "block_municipality": "Kharagpur I",
        "mouza_name": "Nimpura Industrial",
        "mouza_name_bn": "\u09a8\u09bf\u09ae\u09aa\u09c1\u09b0\u09be \u09b6\u09bf\u09b2\u09cd\u09aa\u09be\u099e\u09cd\u099a\u09b2",
        "jl_no": 156,
        "khasra_no": "127",
        "dag_no": 127,
        "khatian_no": 327,
        "owner_name": "Building 4",
        "owner_name_bn": "\u09af\u09cc\u09a5 \u0996\u09a4\u09bf\u09af\u09bc\u09be\u09a8",
        "ownership_type": "Joint Agricultural Estate",
        "land_classification": "\u09a7\u09be\u09a8\u09c0 (Dhani)",
        "legal_area_sqm": 377.36,
        "gis_area_sqm": 376.98,
        "physical_area_sqm": 376.98,
        "area_discrepancy_pct": 0.1,
        "area_bengali": "0 \u09ac\u09bf\u0998\u09be 5 \u0995\u09be\u09a0\u09be 10.3 \u099b\u099f\u09be\u0995",
        "area_english": "0 Bigha 5 Katha 10.3 Chhatak",
        "status": "VERIFIED",
        "cors_datum": "Survey of India KGP1 (Kharagpur) CORS Station",
        "target_crs": "EPSG:7755 / EPSG:4326",
        "survey_source": "OpenStreetMap Real Footprints + Banglarbhumi RoR",
        "confidence_semi_major_m": 0.042,
        "confidence_semi_minor_m": 0.028
      }
    },
    {
      "type": "Feature",
      "id": "west-medinipur-dag-128",
      "geometry": {
        "type": "Polygon",
        "coordinates": [
          [
            [
              87.288229,
              22.386059
            ],
            [
              87.288524,
              22.386146
            ],
            [
              87.288554,
              22.386054
            ],
            [
              87.28828,
              22.385965
            ],
            [
              87.288229,
              22.386059
            ]
          ]
        ]
      },
      "properties": {
        "ulpin": "191838602883",
        "osm_id": 181303811,
        "state": "West Bengal",
        "state_code": "19",
        "district": "Paschim Medinipur (\u09aa\u09b6\u09cd\u099a\u09bf\u09ae \u09ae\u09c7\u09a6\u09bf\u09a8\u09c0\u09aa\u09c1\u09b0)",
        "district_code": "18",
        "district_lgd": 318,
        "subdivision": "Kharagpur",
        "block_municipality": "Kharagpur I",
        "mouza_name": "Hijli Institutional",
        "mouza_name_bn": "\u09b9\u09bf\u099c\u09b2\u09bf / \u0986\u0987\u0986\u0987\u099f\u09bf",
        "jl_no": 165,
        "khasra_no": "128",
        "dag_no": 128,
        "khatian_no": 328,
        "owner_name": "Building5",
        "owner_name_bn": "\u099c\u09c7\u09b2\u09be \u09aa\u09b0\u09bf\u09b7\u09a6",
        "ownership_type": "Panchayati Raj Civic Asset",
        "land_classification": "\u09b8\u09b0\u0995\u09be\u09b0\u09bf \u0996\u09be\u09b8 (Sarkari Khas)",
        "legal_area_sqm": 345.7,
        "gis_area_sqm": 341.6,
        "physical_area_sqm": 341.6,
        "area_discrepancy_pct": 1.19,
        "area_bengali": "0 \u09ac\u09bf\u0998\u09be 5 \u0995\u09be\u09a0\u09be 2.7 \u099b\u099f\u09be\u0995",
        "area_english": "0 Bigha 5 Katha 2.7 Chhatak",
        "status": "VERIFIED",
        "cors_datum": "Survey of India KGP1 (Kharagpur) CORS Station",
        "target_crs": "EPSG:7755 / EPSG:4326",
        "survey_source": "OpenStreetMap Real Footprints + Banglarbhumi RoR",
        "confidence_semi_major_m": 0.042,
        "confidence_semi_minor_m": 0.028
      }
    },
    {
      "type": "Feature",
      "id": "west-medinipur-dag-129",
      "geometry": {
        "type": "Polygon",
        "coordinates": [
          [
            [
              87.286963,
              22.387746
            ],
            [
              87.287204,
              22.38782
            ],
            [
              87.287387,
              22.387354
            ],
            [
              87.28715,
              22.387269
            ],
            [
              87.286963,
              22.387746
            ]
          ]
        ]
      },
      "properties": {
        "ulpin": "191838752871",
        "osm_id": 183249153,
        "state": "West Bengal",
        "state_code": "19",
        "district": "Paschim Medinipur (\u09aa\u09b6\u09cd\u099a\u09bf\u09ae \u09ae\u09c7\u09a6\u09bf\u09a8\u09c0\u09aa\u09c1\u09b0)",
        "district_code": "18",
        "district_lgd": 318,
        "subdivision": "Midnapore Sadar",
        "block_municipality": "Midnapore Municipality",
        "mouza_name": "Medinipur Town",
        "mouza_name_bn": "\u09ae\u09c7\u09a6\u09bf\u09a8\u09c0\u09aa\u09c1\u09b0 \u09b6\u09b9\u09b0",
        "jl_no": 110,
        "khasra_no": "129",
        "dag_no": 129,
        "khatian_no": 329,
        "owner_name": "Test 1",
        "owner_name_bn": "\u0986\u0987\u0986\u0987\u099f\u09bf \u0996\u09dc\u0997\u09aa\u09c1\u09b0",
        "ownership_type": "Central Autonomous Institutional",
        "land_classification": "\u09b8\u09b0\u0995\u09be\u09b0\u09bf \u0996\u09be\u09b8 (Sarkari Khas)",
        "legal_area_sqm": 1439.37,
        "gis_area_sqm": 1449.52,
        "physical_area_sqm": 1449.52,
        "area_discrepancy_pct": 0.71,
        "area_bengali": "1 \u09ac\u09bf\u0998\u09be 1 \u0995\u09be\u09a0\u09be 8.3 \u099b\u099f\u09be\u0995",
        "area_english": "1 Bigha 1 Katha 8.3 Chhatak",
        "status": "VERIFIED",
        "cors_datum": "Survey of India KGP1 (Kharagpur) CORS Station",
        "target_crs": "EPSG:7755 / EPSG:4326",
        "survey_source": "OpenStreetMap Real Footprints + Banglarbhumi RoR",
        "confidence_semi_major_m": 0.042,
        "confidence_semi_minor_m": 0.028
      }
    },
    {
      "type": "Feature",
      "id": "west-medinipur-dag-130",
      "geometry": {
        "type": "Polygon",
        "coordinates": [
          [
            [
              87.327531,
              22.419654
            ],
            [
              87.327667,
              22.419633
            ],
            [
              87.327661,
              22.419692
            ],
            [
              87.327549,
              22.419707
            ],
            [
              87.327531,
              22.419654
            ]
          ]
        ]
      },
      "properties": {
        "ulpin": "191841963275",
        "osm_id": 183400177,
        "state": "West Bengal",
        "state_code": "19",
        "district": "Paschim Medinipur (\u09aa\u09b6\u09cd\u099a\u09bf\u09ae \u09ae\u09c7\u09a6\u09bf\u09a8\u09c0\u09aa\u09c1\u09b0)",
        "district_code": "18",
        "district_lgd": 318,
        "subdivision": "Kharagpur",
        "block_municipality": "Kharagpur Municipality",
        "mouza_name": "Inda / Kharagpur",
        "mouza_name_bn": "\u0987\u09bf\u09a8\u09cd\u09a6\u09be / \u0996\u09dc\u0997\u09aa\u09c1\u09b0",
        "jl_no": 142,
        "khasra_no": "130",
        "dag_no": 130,
        "khatian_no": 330,
        "owner_name": "BANDHAN",
        "owner_name_bn": "\u09a6\u0995\u09cd\u09b7\u09bf\u09a3 \u09aa\u09c2\u09b0\u09cd\u09ac \u09b0\u09c7\u09b2\u0993\u09af\u09bc\u09c7",
        "ownership_type": "Central Govt Infrastructure",
        "land_classification": "\u09b8\u09b0\u0995\u09be\u09b0\u09bf \u0996\u09be\u09b8 (Sarkari Khas)",
        "legal_area_sqm": 80.56,
        "gis_area_sqm": 80.24,
        "physical_area_sqm": 80.24,
        "area_discrepancy_pct": 0.4,
        "area_bengali": "0 \u09ac\u09bf\u0998\u09be 1 \u0995\u09be\u09a0\u09be 3.3 \u099b\u099f\u09be\u0995",
        "area_english": "0 Bigha 1 Katha 3.3 Chhatak",
        "status": "VERIFIED",
        "cors_datum": "Survey of India KGP1 (Kharagpur) CORS Station",
        "target_crs": "EPSG:7755 / EPSG:4326",
        "survey_source": "OpenStreetMap Real Footprints + Banglarbhumi RoR",
        "confidence_semi_major_m": 0.042,
        "confidence_semi_minor_m": 0.028
      }
    },
    {
      "type": "Feature",
      "id": "west-medinipur-dag-131",
      "geometry": {
        "type": "Polygon",
        "coordinates": [
          [
            [
              87.319765,
              22.420322
            ],
            [
              87.31975,
              22.420231
            ],
            [
              87.319762,
              22.420166
            ],
            [
              87.319797,
              22.420112
            ],
            [
              87.31988,
              22.420052
            ],
            [
              87.320308,
              22.419943
            ],
            [
              87.321248,
              22.419681
            ],
            [
              87.32172,
              22.419531
            ],
            [
              87.321758,
              22.419514
            ],
            [
              87.322409,
              22.419211
            ],
            [
              87.322916,
              22.418977
            ],
            [
              87.32299,
              22.419392
            ],
            [
              87.323161,
              22.419906
            ],
            [
              87.322876,
              22.420885
            ],
            [
              87.322955,
              22.420938
            ],
            [
              87.323385,
              22.420838
            ],
            [
              87.323501,
              22.421207
            ],
            [
              87.323761,
              22.421423
            ],
            [
              87.323952,
              22.421713
            ],
            [
              87.323419,
              22.421824
            ],
            [
              87.322695,
              22.421944
            ],
            [
              87.322608,
              22.421946
            ],
            [
              87.322423,
              22.422481
            ],
            [
              87.321996,
              22.422409
            ],
            [
              87.321985,
              22.422336
            ],
            [
              87.321626,
              22.421996
            ],
            [
              87.321604,
              22.422003
            ],
            [
              87.321557,
              22.421892
            ],
            [
              87.321513,
              22.421913
            ],
            [
              87.321459,
              22.421828
            ],
            [
              87.321442,
              22.421787
            ],
            [
              87.321282,
              22.421401
            ],
            [
              87.320391,
              22.421743
            ],
            [
              87.320362,
              22.421754
            ],
            [
              87.319765,
              22.420322
            ]
          ]
        ]
      },
      "properties": {
        "ulpin": "191842093217",
        "osm_id": 184144352,
        "state": "West Bengal",
        "state_code": "19",
        "district": "Paschim Medinipur (\u09aa\u09b6\u09cd\u099a\u09bf\u09ae \u09ae\u09c7\u09a6\u09bf\u09a8\u09c0\u09aa\u09c1\u09b0)",
        "district_code": "18",
        "district_lgd": 318,
        "subdivision": "Kharagpur",
        "block_municipality": "Kharagpur I",
        "mouza_name": "Nimpura Industrial",
        "mouza_name_bn": "\u09a8\u09bf\u09ae\u09aa\u09c1\u09b0\u09be \u09b6\u09bf\u09b2\u09cd\u09aa\u09be\u099e\u09cd\u099a\u09b2",
        "jl_no": 156,
        "khasra_no": "131",
        "dag_no": 131,
        "khatian_no": 331,
        "owner_name": "Midnapore Medical College",
        "owner_name_bn": "\u09b0\u09be\u099c\u09cd\u09af \u09b6\u09bf\u09b2\u09cd\u09aa \u09a8\u09bf\u0997\u09ae",
        "ownership_type": "State Govt Industrial Park",
        "land_classification": "\u09b8\u09b0\u0995\u09be\u09b0\u09bf \u0996\u09be\u09b8 (Sarkari Khas)",
        "legal_area_sqm": 86024.44,
        "gis_area_sqm": 87334.46,
        "physical_area_sqm": 87334.46,
        "area_discrepancy_pct": 1.52,
        "area_bengali": "64 \u09ac\u09bf\u0998\u09be 6 \u0995\u09be\u09a0\u09be 0.8 \u099b\u099f\u09be\u0995",
        "area_english": "64 Bigha 6 Katha 0.8 Chhatak",
        "status": "ADJUDICATED",
        "cors_datum": "Survey of India KGP1 (Kharagpur) CORS Station",
        "target_crs": "EPSG:7755 / EPSG:4326",
        "survey_source": "OpenStreetMap Real Footprints + Banglarbhumi RoR",
        "confidence_semi_major_m": 0.042,
        "confidence_semi_minor_m": 0.028
      }
    },
    {
      "type": "Feature",
      "id": "west-medinipur-dag-132",
      "geometry": {
        "type": "Polygon",
        "coordinates": [
          [
            [
              87.319784,
              22.422935
            ],
            [
              87.319695,
              22.422636
            ],
            [
              87.319778,
              22.422615
            ],
            [
              87.319867,
              22.422914
            ],
            [
              87.319784,
              22.422935
            ]
          ]
        ]
      },
      "properties": {
        "ulpin": "191842283197",
        "osm_id": 184240738,
        "state": "West Bengal",
        "state_code": "19",
        "district": "Paschim Medinipur (\u09aa\u09b6\u09cd\u099a\u09bf\u09ae \u09ae\u09c7\u09a6\u09bf\u09a8\u09c0\u09aa\u09c1\u09b0)",
        "district_code": "18",
        "district_lgd": 318,
        "subdivision": "Kharagpur",
        "block_municipality": "Kharagpur I",
        "mouza_name": "Hijli Institutional",
        "mouza_name_bn": "\u09b9\u09bf\u099c\u09b2\u09bf / \u0986\u0987\u0986\u0987\u099f\u09bf",
        "jl_no": 165,
        "khasra_no": "132",
        "dag_no": 132,
        "khatian_no": 332,
        "owner_name": "Chatterjee Resi.",
        "owner_name_bn": "\u09ae\u09c7\u09a6\u09bf\u09a8\u09c0\u09aa\u09c1\u09b0 \u099c\u09c7\u09b2\u09be \u09aa\u09cd\u09b0\u09b6\u09be\u09b8\u09a8",
        "ownership_type": "District Administrative Estate",
        "land_classification": "\u09b8\u09b0\u0995\u09be\u09b0\u09bf \u0996\u09be\u09b8 (Sarkari Khas)",
        "legal_area_sqm": 302.43,
        "gis_area_sqm": 303.64,
        "physical_area_sqm": 303.64,
        "area_discrepancy_pct": 0.4,
        "area_bengali": "0 \u09ac\u09bf\u0998\u09be 4 \u0995\u09be\u09a0\u09be 8.3 \u099b\u099f\u09be\u0995",
        "area_english": "0 Bigha 4 Katha 8.3 Chhatak",
        "status": "VERIFIED",
        "cors_datum": "Survey of India KGP1 (Kharagpur) CORS Station",
        "target_crs": "EPSG:7755 / EPSG:4326",
        "survey_source": "OpenStreetMap Real Footprints + Banglarbhumi RoR",
        "confidence_semi_major_m": 0.042,
        "confidence_semi_minor_m": 0.028
      }
    },
    {
      "type": "Feature",
      "id": "west-medinipur-dag-133",
      "geometry": {
        "type": "Polygon",
        "coordinates": [
          [
            [
              87.314756,
              22.412289
            ],
            [
              87.314579,
              22.412339
            ],
            [
              87.314284,
              22.412393
            ],
            [
              87.31438,
              22.412264
            ],
            [
              87.314514,
              22.412051
            ],
            [
              87.314546,
              22.412031
            ],
            [
              87.314573,
              22.411967
            ],
            [
              87.314858,
              22.412229
            ],
            [
              87.314756,
              22.412289
            ]
          ]
        ]
      },
      "properties": {
        "ulpin": "191841223145",
        "osm_id": 184240746,
        "state": "West Bengal",
        "state_code": "19",
        "district": "Paschim Medinipur (\u09aa\u09b6\u09cd\u099a\u09bf\u09ae \u09ae\u09c7\u09a6\u09bf\u09a8\u09c0\u09aa\u09c1\u09b0)",
        "district_code": "18",
        "district_lgd": 318,
        "subdivision": "Midnapore Sadar",
        "block_municipality": "Midnapore Municipality",
        "mouza_name": "Medinipur Town",
        "mouza_name_bn": "\u09ae\u09c7\u09a6\u09bf\u09a8\u09c0\u09aa\u09c1\u09b0 \u09b6\u09b9\u09b0",
        "jl_no": 110,
        "khasra_no": "133",
        "dag_no": 133,
        "khatian_no": 333,
        "owner_name": "MuslimKuthi",
        "owner_name_bn": "\u099f\u09be\u099f\u09be \u09ae\u09c7\u099f\u09be\u09b2\u09bf\u0995\u09cd\u09b8 \u09b2\u09bf\u09ae\u09bf\u099f\u09c7\u09a1",
        "ownership_type": "Corporate Heavy Industrial",
        "land_classification": "\u0995\u09b2\u0995\u09be\u09b0\u0996\u09be\u09a8\u09be (Karkhana)",
        "legal_area_sqm": 1238.69,
        "gis_area_sqm": 1230.08,
        "physical_area_sqm": 1230.08,
        "area_discrepancy_pct": 0.7,
        "area_bengali": "0 \u09ac\u09bf\u0998\u09be 18 \u0995\u09be\u09a0\u09be 8.3 \u099b\u099f\u09be\u0995",
        "area_english": "0 Bigha 18 Katha 8.3 Chhatak",
        "status": "VERIFIED",
        "cors_datum": "Survey of India KGP1 (Kharagpur) CORS Station",
        "target_crs": "EPSG:7755 / EPSG:4326",
        "survey_source": "OpenStreetMap Real Footprints + Banglarbhumi RoR",
        "confidence_semi_major_m": 0.042,
        "confidence_semi_minor_m": 0.028
      }
    },
    {
      "type": "Feature",
      "id": "west-medinipur-dag-134",
      "geometry": {
        "type": "Polygon",
        "coordinates": [
          [
            [
              87.321301,
              22.424901
            ],
            [
              87.321271,
              22.424805
            ],
            [
              87.321444,
              22.424709
            ],
            [
              87.321485,
              22.424805
            ],
            [
              87.321301,
              22.424901
            ]
          ]
        ]
      },
      "properties": {
        "ulpin": "191842483213",
        "osm_id": 184240972,
        "state": "West Bengal",
        "state_code": "19",
        "district": "Paschim Medinipur (\u09aa\u09b6\u09cd\u099a\u09bf\u09ae \u09ae\u09c7\u09a6\u09bf\u09a8\u09c0\u09aa\u09c1\u09b0)",
        "district_code": "18",
        "district_lgd": 318,
        "subdivision": "Kharagpur",
        "block_municipality": "Kharagpur Municipality",
        "mouza_name": "Inda / Kharagpur",
        "mouza_name_bn": "\u0987\u09bf\u09a8\u09cd\u09a6\u09be / \u0996\u09dc\u0997\u09aa\u09c1\u09b0",
        "jl_no": 142,
        "khasra_no": "134",
        "dag_no": 134,
        "khatian_no": 334,
        "owner_name": "Midnapore College (Autonomous)",
        "owner_name_bn": "\u09ae\u09c7\u09a6\u09bf\u09a8\u09c0\u09aa\u09c1\u09b0 \u0995\u09b2\u09c7\u099c",
        "ownership_type": "Higher Educational Institution",
        "land_classification": "\u09ac\u09be\u09b8\u09cd\u09a4\u09c1 (Bastu)",
        "legal_area_sqm": 230.94,
        "gis_area_sqm": 233.75,
        "physical_area_sqm": 233.75,
        "area_discrepancy_pct": 1.22,
        "area_bengali": "0 \u09ac\u09bf\u0998\u09be 3 \u0995\u09be\u09a0\u09be 7.2 \u099b\u099f\u09be\u0995",
        "area_english": "0 Bigha 3 Katha 7.2 Chhatak",
        "status": "VERIFIED",
        "cors_datum": "Survey of India KGP1 (Kharagpur) CORS Station",
        "target_crs": "EPSG:7755 / EPSG:4326",
        "survey_source": "OpenStreetMap Real Footprints + Banglarbhumi RoR",
        "confidence_semi_major_m": 0.042,
        "confidence_semi_minor_m": 0.028
      }
    },
    {
      "type": "Feature",
      "id": "west-medinipur-dag-135",
      "geometry": {
        "type": "Polygon",
        "coordinates": [
          [
            [
              87.326787,
              22.419092
            ],
            [
              87.326376,
              22.419144
            ],
            [
              87.326233,
              22.418716
            ],
            [
              87.326788,
              22.41854
            ],
            [
              87.326787,
              22.419092
            ]
          ]
        ]
      },
      "properties": {
        "ulpin": "191841893265",
        "osm_id": 184349563,
        "state": "West Bengal",
        "state_code": "19",
        "district": "Paschim Medinipur (\u09aa\u09b6\u09cd\u099a\u09bf\u09ae \u09ae\u09c7\u09a6\u09bf\u09a8\u09c0\u09aa\u09c1\u09b0)",
        "district_code": "18",
        "district_lgd": 318,
        "subdivision": "Kharagpur",
        "block_municipality": "Kharagpur I",
        "mouza_name": "Nimpura Industrial",
        "mouza_name_bn": "\u09a8\u09bf\u09ae\u09aa\u09c1\u09b0\u09be \u09b6\u09bf\u09b2\u09cd\u09aa\u09be\u099e\u09cd\u099a\u09b2",
        "jl_no": 156,
        "khasra_no": "135",
        "dag_no": 135,
        "khatian_no": 335,
        "owner_name": "Vidyasagar Vidyapth - Girls",
        "owner_name_bn": "\u09ac\u09bf\u09a6\u09cd\u09af\u09be\u09b8\u09be\u0997\u09b0 \u09ac\u09bf\u09b6\u09cd\u09ac\u09ac\u09bf\u09a6\u09cd\u09af\u09be\u09b2\u09af\u09bc",
        "ownership_type": "University Institutional",
        "land_classification": "\u09b8\u09b0\u0995\u09be\u09b0\u09bf \u0996\u09be\u09b8 (Sarkari Khas)",
        "legal_area_sqm": 2782.16,
        "gis_area_sqm": 2784.94,
        "physical_area_sqm": 2784.94,
        "area_discrepancy_pct": 0.1,
        "area_bengali": "2 \u09ac\u09bf\u0998\u09be 1 \u0995\u09be\u09a0\u09be 9.5 \u099b\u099f\u09be\u0995",
        "area_english": "2 Bigha 1 Katha 9.5 Chhatak",
        "status": "VERIFIED",
        "cors_datum": "Survey of India KGP1 (Kharagpur) CORS Station",
        "target_crs": "EPSG:7755 / EPSG:4326",
        "survey_source": "OpenStreetMap Real Footprints + Banglarbhumi RoR",
        "confidence_semi_major_m": 0.042,
        "confidence_semi_minor_m": 0.028
      }
    },
    {
      "type": "Feature",
      "id": "west-medinipur-dag-136",
      "geometry": {
        "type": "Polygon",
        "coordinates": [
          [
            [
              87.327121,
              22.419083
            ],
            [
              87.327516,
              22.418743
            ],
            [
              87.327408,
              22.418564
            ],
            [
              87.327014,
              22.418498
            ],
            [
              87.326922,
              22.41849
            ],
            [
              87.326902,
              22.418571
            ],
            [
              87.326902,
              22.41879
            ],
            [
              87.326894,
              22.419055
            ],
            [
              87.326899,
              22.419259
            ],
            [
              87.327121,
              22.419083
            ]
          ]
        ]
      },
      "properties": {
        "ulpin": "191841883270",
        "osm_id": 184349578,
        "state": "West Bengal",
        "state_code": "19",
        "district": "Paschim Medinipur (\u09aa\u09b6\u09cd\u099a\u09bf\u09ae \u09ae\u09c7\u09a6\u09bf\u09a8\u09c0\u09aa\u09c1\u09b0)",
        "district_code": "18",
        "district_lgd": 318,
        "subdivision": "Kharagpur",
        "block_municipality": "Kharagpur I",
        "mouza_name": "Hijli Institutional",
        "mouza_name_bn": "\u09b9\u09bf\u099c\u09b2\u09bf / \u0986\u0987\u0986\u0987\u099f\u09bf",
        "jl_no": 165,
        "khasra_no": "136",
        "dag_no": 136,
        "khatian_no": 336,
        "owner_name": "Vidyadagar Vidyapith",
        "owner_name_bn": "\u09ac\u09cd\u09af\u0995\u09cd\u09a4\u09bf\u0997\u09a4 \u09b0\u09be\u09af\u09bc\u09a4",
        "ownership_type": "Private Freehold Ryot",
        "land_classification": "\u09b8\u09b0\u0995\u09be\u09b0\u09bf \u0996\u09be\u09b8 (Sarkari Khas)",
        "legal_area_sqm": 3253.94,
        "gis_area_sqm": 3221.72,
        "physical_area_sqm": 3221.72,
        "area_discrepancy_pct": 0.99,
        "area_bengali": "2 \u09ac\u09bf\u0998\u09be 8 \u0995\u09be\u09a0\u09be 10.3 \u099b\u099f\u09be\u0995",
        "area_english": "2 Bigha 8 Katha 10.3 Chhatak",
        "status": "VERIFIED",
        "cors_datum": "Survey of India KGP1 (Kharagpur) CORS Station",
        "target_crs": "EPSG:7755 / EPSG:4326",
        "survey_source": "OpenStreetMap Real Footprints + Banglarbhumi RoR",
        "confidence_semi_major_m": 0.042,
        "confidence_semi_minor_m": 0.028
      }
    },
    {
      "type": "Feature",
      "id": "west-medinipur-dag-137",
      "geometry": {
        "type": "Polygon",
        "coordinates": [
          [
            [
              87.316961,
              22.421375
            ],
            [
              87.317282,
              22.421342
            ],
            [
              87.317251,
              22.421077
            ],
            [
              87.31693,
              22.42111
            ],
            [
              87.316961,
              22.421375
            ]
          ]
        ]
      },
      "properties": {
        "ulpin": "191842123170",
        "osm_id": 184993772,
        "state": "West Bengal",
        "state_code": "19",
        "district": "Paschim Medinipur (\u09aa\u09b6\u09cd\u099a\u09bf\u09ae \u09ae\u09c7\u09a6\u09bf\u09a8\u09c0\u09aa\u09c1\u09b0)",
        "district_code": "18",
        "district_lgd": 318,
        "subdivision": "Midnapore Sadar",
        "block_municipality": "Midnapore Municipality",
        "mouza_name": "Medinipur Town",
        "mouza_name_bn": "\u09ae\u09c7\u09a6\u09bf\u09a8\u09c0\u09aa\u09c1\u09b0 \u09b6\u09b9\u09b0",
        "jl_no": 110,
        "khasra_no": "137",
        "dag_no": 137,
        "khatian_no": 337,
        "owner_name": "DL&LRO",
        "owner_name_bn": "\u0995\u09c3\u09b7\u09bf \u09b0\u09be\u09af\u09bc\u09a4",
        "ownership_type": "Agricultural Paddy Farmer",
        "land_classification": "\u09a7\u09be\u09a8\u09c0 (Dhani)",
        "legal_area_sqm": 970.69,
        "gis_area_sqm": 979.51,
        "physical_area_sqm": 979.51,
        "area_discrepancy_pct": 0.91,
        "area_bengali": "0 \u09ac\u09bf\u0998\u09be 14 \u0995\u09be\u09a0\u09be 8.2 \u099b\u099f\u09be\u0995",
        "area_english": "0 Bigha 14 Katha 8.2 Chhatak",
        "status": "VERIFIED",
        "cors_datum": "Survey of India KGP1 (Kharagpur) CORS Station",
        "target_crs": "EPSG:7755 / EPSG:4326",
        "survey_source": "OpenStreetMap Real Footprints + Banglarbhumi RoR",
        "confidence_semi_major_m": 0.042,
        "confidence_semi_minor_m": 0.028
      }
    },
    {
      "type": "Feature",
      "id": "west-medinipur-dag-138",
      "geometry": {
        "type": "Polygon",
        "coordinates": [
          [
            [
              87.320243,
              22.415055
            ],
            [
              87.320178,
              22.414817
            ],
            [
              87.319926,
              22.414862
            ],
            [
              87.319998,
              22.415093
            ],
            [
              87.320243,
              22.415055
            ]
          ]
        ]
      },
      "properties": {
        "ulpin": "191841493201",
        "osm_id": 185169239,
        "state": "West Bengal",
        "state_code": "19",
        "district": "Paschim Medinipur (\u09aa\u09b6\u09cd\u099a\u09bf\u09ae \u09ae\u09c7\u09a6\u09bf\u09a8\u09c0\u09aa\u09c1\u09b0)",
        "district_code": "18",
        "district_lgd": 318,
        "subdivision": "Kharagpur",
        "block_municipality": "Kharagpur Municipality",
        "mouza_name": "Inda / Kharagpur",
        "mouza_name_bn": "\u0987\u09bf\u09a8\u09cd\u09a6\u09be / \u0996\u09dc\u0997\u09aa\u09c1\u09b0",
        "jl_no": 142,
        "khasra_no": "138",
        "dag_no": 138,
        "khatian_no": 338,
        "owner_name": "Madrasa",
        "owner_name_bn": "\u09ac\u09be\u09a3\u09bf\u099c\u09cd\u09af\u09bf\u0995 \u09a6\u09cb\u0995\u09be\u09a8",
        "ownership_type": "Commercial Hardware Enterprise",
        "land_classification": "\u09b8\u09b0\u0995\u09be\u09b0\u09bf \u0996\u09be\u09b8 (Sarkari Khas)",
        "legal_area_sqm": 696.77,
        "gis_area_sqm": 695.38,
        "physical_area_sqm": 695.38,
        "area_discrepancy_pct": 0.2,
        "area_bengali": "0 \u09ac\u09bf\u0998\u09be 10 \u0995\u09be\u09a0\u09be 6.7 \u099b\u099f\u09be\u0995",
        "area_english": "0 Bigha 10 Katha 6.7 Chhatak",
        "status": "VERIFIED",
        "cors_datum": "Survey of India KGP1 (Kharagpur) CORS Station",
        "target_crs": "EPSG:7755 / EPSG:4326",
        "survey_source": "OpenStreetMap Real Footprints + Banglarbhumi RoR",
        "confidence_semi_major_m": 0.042,
        "confidence_semi_minor_m": 0.028
      }
    },
    {
      "type": "Feature",
      "id": "west-medinipur-dag-139",
      "geometry": {
        "type": "Polygon",
        "coordinates": [
          [
            [
              87.318118,
              22.409695
            ],
            [
              87.318252,
              22.409878
            ],
            [
              87.318416,
              22.410248
            ],
            [
              87.317914,
              22.410374
            ],
            [
              87.317751,
              22.410476
            ],
            [
              87.317598,
              22.410304
            ],
            [
              87.317769,
              22.410215
            ],
            [
              87.317619,
              22.409957
            ],
            [
              87.31756,
              22.409833
            ],
            [
              87.317807,
              22.409729
            ],
            [
              87.318118,
              22.409695
            ]
          ]
        ]
      },
      "properties": {
        "ulpin": "191841003179",
        "osm_id": 185169242,
        "state": "West Bengal",
        "state_code": "19",
        "district": "Paschim Medinipur (\u09aa\u09b6\u09cd\u099a\u09bf\u09ae \u09ae\u09c7\u09a6\u09bf\u09a8\u09c0\u09aa\u09c1\u09b0)",
        "district_code": "18",
        "district_lgd": 318,
        "subdivision": "Kharagpur",
        "block_municipality": "Kharagpur I",
        "mouza_name": "Nimpura Industrial",
        "mouza_name_bn": "\u09a8\u09bf\u09ae\u09aa\u09c1\u09b0\u09be \u09b6\u09bf\u09b2\u09cd\u09aa\u09be\u099e\u09cd\u099a\u09b2",
        "jl_no": 156,
        "khasra_no": "139",
        "dag_no": 139,
        "khatian_no": 339,
        "owner_name": "Bhabani Prasad Samanta",
        "owner_name_bn": "\u09aa\u09c8\u09a4\u09c3\u0995 \u09ac\u09be\u09b8\u09cd\u09a4\u09c1",
        "ownership_type": "Hereditary Homestead Ryot",
        "land_classification": "\u09b8\u09b0\u0995\u09be\u09b0\u09bf \u0996\u09be\u09b8 (Sarkari Khas)",
        "legal_area_sqm": 4718.0,
        "gis_area_sqm": 4657.45,
        "physical_area_sqm": 4657.45,
        "area_discrepancy_pct": 1.28,
        "area_bengali": "3 \u09ac\u09bf\u0998\u09be 10 \u0995\u09be\u09a0\u09be 8.5 \u099b\u099f\u09be\u0995",
        "area_english": "3 Bigha 10 Katha 8.5 Chhatak",
        "status": "VERIFIED",
        "cors_datum": "Survey of India KGP1 (Kharagpur) CORS Station",
        "target_crs": "EPSG:7755 / EPSG:4326",
        "survey_source": "OpenStreetMap Real Footprints + Banglarbhumi RoR",
        "confidence_semi_major_m": 0.042,
        "confidence_semi_minor_m": 0.028
      }
    },
    {
      "type": "Feature",
      "id": "west-medinipur-dag-140",
      "geometry": {
        "type": "Polygon",
        "coordinates": [
          [
            [
              87.31932,
              22.413777
            ],
            [
              87.319277,
              22.413708
            ],
            [
              87.319196,
              22.413743
            ],
            [
              87.319245,
              22.413831
            ],
            [
              87.31932,
              22.413777
            ]
          ]
        ]
      },
      "properties": {
        "ulpin": "191841373192",
        "osm_id": 185169259,
        "state": "West Bengal",
        "state_code": "19",
        "district": "Paschim Medinipur (\u09aa\u09b6\u09cd\u099a\u09bf\u09ae \u09ae\u09c7\u09a6\u09bf\u09a8\u09c0\u09aa\u09c1\u09b0)",
        "district_code": "18",
        "district_lgd": 318,
        "subdivision": "Kharagpur",
        "block_municipality": "Kharagpur I",
        "mouza_name": "Hijli Institutional",
        "mouza_name_bn": "\u09b9\u09bf\u099c\u09b2\u09bf / \u0986\u0987\u0986\u0987\u099f\u09bf",
        "jl_no": 165,
        "khasra_no": "140",
        "dag_no": 140,
        "khatian_no": 340,
        "owner_name": "Kader's Resi.",
        "owner_name_bn": "\u09ac\u09cd\u09af\u0995\u09cd\u09a4\u09bf\u0997\u09a4 \u09ac\u09be\u09b8\u09cd\u09a4\u09c1",
        "ownership_type": "Private Homestead",
        "land_classification": "\u09ac\u09be\u09b8\u09cd\u09a4\u09c1 (Bastu)",
        "legal_area_sqm": 92.4,
        "gis_area_sqm": 92.96,
        "physical_area_sqm": 92.96,
        "area_discrepancy_pct": 0.61,
        "area_bengali": "0 \u09ac\u09bf\u0998\u09be 1 \u0995\u09be\u09a0\u09be 6.1 \u099b\u099f\u09be\u0995",
        "area_english": "0 Bigha 1 Katha 6.1 Chhatak",
        "status": "VERIFIED",
        "cors_datum": "Survey of India KGP1 (Kharagpur) CORS Station",
        "target_crs": "EPSG:7755 / EPSG:4326",
        "survey_source": "OpenStreetMap Real Footprints + Banglarbhumi RoR",
        "confidence_semi_major_m": 0.042,
        "confidence_semi_minor_m": 0.028
      }
    },
    {
      "type": "Feature",
      "id": "west-medinipur-dag-141",
      "geometry": {
        "type": "Polygon",
        "coordinates": [
          [
            [
              87.316015,
              22.408693
            ],
            [
              87.31608,
              22.408341
            ],
            [
              87.3163,
              22.407949
            ],
            [
              87.316536,
              22.407676
            ],
            [
              87.31667,
              22.407572
            ],
            [
              87.31682,
              22.407622
            ],
            [
              87.316992,
              22.407815
            ],
            [
              87.317244,
              22.408028
            ],
            [
              87.31755,
              22.408355
            ],
            [
              87.317383,
              22.408559
            ],
            [
              87.317064,
              22.408829
            ],
            [
              87.316868,
              22.40896
            ],
            [
              87.31667,
              22.408956
            ],
            [
              87.316412,
              22.408842
            ],
            [
              87.316015,
              22.408693
            ]
          ]
        ]
      },
      "properties": {
        "ulpin": "191840833167",
        "osm_id": 185169268,
        "state": "West Bengal",
        "state_code": "19",
        "district": "Paschim Medinipur (\u09aa\u09b6\u09cd\u099a\u09bf\u09ae \u09ae\u09c7\u09a6\u09bf\u09a8\u09c0\u09aa\u09c1\u09b0)",
        "district_code": "18",
        "district_lgd": 318,
        "subdivision": "Midnapore Sadar",
        "block_municipality": "Midnapore Municipality",
        "mouza_name": "Medinipur Town",
        "mouza_name_bn": "\u09ae\u09c7\u09a6\u09bf\u09a8\u09c0\u09aa\u09c1\u09b0 \u09b6\u09b9\u09b0",
        "jl_no": 110,
        "khasra_no": "141",
        "dag_no": 141,
        "khatian_no": 341,
        "owner_name": "Muslim Grave Yared",
        "owner_name_bn": "\u09af\u09cc\u09a5 \u0996\u09a4\u09bf\u09af\u09bc\u09be\u09a8",
        "ownership_type": "Joint Agricultural Estate",
        "land_classification": "\u09b8\u09b0\u0995\u09be\u09b0\u09bf \u0996\u09be\u09b8 (Sarkari Khas)",
        "legal_area_sqm": 14848.64,
        "gis_area_sqm": 14774.77,
        "physical_area_sqm": 14774.77,
        "area_discrepancy_pct": 0.5,
        "area_bengali": "11 \u09ac\u09bf\u0998\u09be 1 \u0995\u09be\u09a0\u09be 15.8 \u099b\u099f\u09be\u0995",
        "area_english": "11 Bigha 1 Katha 15.8 Chhatak",
        "status": "VERIFIED",
        "cors_datum": "Survey of India KGP1 (Kharagpur) CORS Station",
        "target_crs": "EPSG:7755 / EPSG:4326",
        "survey_source": "OpenStreetMap Real Footprints + Banglarbhumi RoR",
        "confidence_semi_major_m": 0.042,
        "confidence_semi_minor_m": 0.028
      }
    },
    {
      "type": "Feature",
      "id": "west-medinipur-dag-142",
      "geometry": {
        "type": "Polygon",
        "coordinates": [
          [
            [
              87.321055,
              22.41955
            ],
            [
              87.320782,
              22.419054
            ],
            [
              87.321224,
              22.418804
            ],
            [
              87.321538,
              22.419297
            ],
            [
              87.321055,
              22.41955
            ]
          ]
        ]
      },
      "properties": {
        "ulpin": "191841923211",
        "osm_id": 185326032,
        "state": "West Bengal",
        "state_code": "19",
        "district": "Paschim Medinipur (\u09aa\u09b6\u09cd\u099a\u09bf\u09ae \u09ae\u09c7\u09a6\u09bf\u09a8\u09c0\u09aa\u09c1\u09b0)",
        "district_code": "18",
        "district_lgd": 318,
        "subdivision": "Kharagpur",
        "block_municipality": "Kharagpur Municipality",
        "mouza_name": "Inda / Kharagpur",
        "mouza_name_bn": "\u0987\u09bf\u09a8\u09cd\u09a6\u09be / \u0996\u09dc\u0997\u09aa\u09c1\u09b0",
        "jl_no": 142,
        "khasra_no": "142",
        "dag_no": 142,
        "khatian_no": 342,
        "owner_name": "MMC Stu Hostel",
        "owner_name_bn": "\u099c\u09c7\u09b2\u09be \u09aa\u09b0\u09bf\u09b7\u09a6",
        "ownership_type": "Panchayati Raj Civic Asset",
        "land_classification": "\u09b8\u09b0\u0995\u09be\u09b0\u09bf \u0996\u09be\u09b8 (Sarkari Khas)",
        "legal_area_sqm": 3393.92,
        "gis_area_sqm": 3442.11,
        "physical_area_sqm": 3442.11,
        "area_discrepancy_pct": 1.42,
        "area_bengali": "2 \u09ac\u09bf\u0998\u09be 10 \u0995\u09be\u09a0\u09be 11.8 \u099b\u099f\u09be\u0995",
        "area_english": "2 Bigha 10 Katha 11.8 Chhatak",
        "status": "VERIFIED",
        "cors_datum": "Survey of India KGP1 (Kharagpur) CORS Station",
        "target_crs": "EPSG:7755 / EPSG:4326",
        "survey_source": "OpenStreetMap Real Footprints + Banglarbhumi RoR",
        "confidence_semi_major_m": 0.042,
        "confidence_semi_minor_m": 0.028
      }
    },
    {
      "type": "Feature",
      "id": "west-medinipur-dag-143",
      "geometry": {
        "type": "Polygon",
        "coordinates": [
          [
            [
              87.317171,
              22.423168
            ],
            [
              87.316391,
              22.423557
            ],
            [
              87.316553,
              22.423839
            ],
            [
              87.316638,
              22.423966
            ],
            [
              87.316778,
              22.423873
            ],
            [
              87.316862,
              22.423772
            ],
            [
              87.317069,
              22.423646
            ],
            [
              87.317173,
              22.423559
            ],
            [
              87.317265,
              22.423474
            ],
            [
              87.317324,
              22.42342
            ],
            [
              87.317171,
              22.423168
            ]
          ]
        ]
      },
      "properties": {
        "ulpin": "191842353169",
        "osm_id": 185330437,
        "state": "West Bengal",
        "state_code": "19",
        "district": "Paschim Medinipur (\u09aa\u09b6\u09cd\u099a\u09bf\u09ae \u09ae\u09c7\u09a6\u09bf\u09a8\u09c0\u09aa\u09c1\u09b0)",
        "district_code": "18",
        "district_lgd": 318,
        "subdivision": "Kharagpur",
        "block_municipality": "Kharagpur I",
        "mouza_name": "Nimpura Industrial",
        "mouza_name_bn": "\u09a8\u09bf\u09ae\u09aa\u09c1\u09b0\u09be \u09b6\u09bf\u09b2\u09cd\u09aa\u09be\u099e\u09cd\u099a\u09b2",
        "jl_no": 156,
        "khasra_no": "143",
        "dag_no": 143,
        "khatian_no": 343,
        "owner_name": "VTT College",
        "owner_name_bn": "\u0986\u0987\u0986\u0987\u099f\u09bf \u0996\u09dc\u0997\u09aa\u09c1\u09b0",
        "ownership_type": "Central Autonomous Institutional",
        "land_classification": "\u09b8\u09b0\u0995\u09be\u09b0\u09bf \u0996\u09be\u09b8 (Sarkari Khas)",
        "legal_area_sqm": 3893.13,
        "gis_area_sqm": 3904.84,
        "physical_area_sqm": 3904.84,
        "area_discrepancy_pct": 0.3,
        "area_bengali": "2 \u09ac\u09bf\u0998\u09be 18 \u0995\u09be\u09a0\u09be 3.2 \u099b\u099f\u09be\u0995",
        "area_english": "2 Bigha 18 Katha 3.2 Chhatak",
        "status": "VERIFIED",
        "cors_datum": "Survey of India KGP1 (Kharagpur) CORS Station",
        "target_crs": "EPSG:7755 / EPSG:4326",
        "survey_source": "OpenStreetMap Real Footprints + Banglarbhumi RoR",
        "confidence_semi_major_m": 0.042,
        "confidence_semi_minor_m": 0.028
      }
    },
    {
      "type": "Feature",
      "id": "west-medinipur-dag-144",
      "geometry": {
        "type": "Polygon",
        "coordinates": [
          [
            [
              87.312115,
              22.419228
            ],
            [
              87.312182,
              22.419367
            ],
            [
              87.3123,
              22.419359
            ],
            [
              87.312377,
              22.419231
            ],
            [
              87.312343,
              22.41912
            ],
            [
              87.312115,
              22.419228
            ]
          ]
        ]
      },
      "properties": {
        "ulpin": "191841923122",
        "osm_id": 185330452,
        "state": "West Bengal",
        "state_code": "19",
        "district": "Paschim Medinipur (\u09aa\u09b6\u09cd\u099a\u09bf\u09ae \u09ae\u09c7\u09a6\u09bf\u09a8\u09c0\u09aa\u09c1\u09b0)",
        "district_code": "18",
        "district_lgd": 318,
        "subdivision": "Kharagpur",
        "block_municipality": "Kharagpur I",
        "mouza_name": "Hijli Institutional",
        "mouza_name_bn": "\u09b9\u09bf\u099c\u09b2\u09bf / \u0986\u0987\u0986\u0987\u099f\u09bf",
        "jl_no": 165,
        "khasra_no": "144",
        "dag_no": 144,
        "khatian_no": 344,
        "owner_name": "Circuete Hoyse",
        "owner_name_bn": "\u09a6\u0995\u09cd\u09b7\u09bf\u09a3 \u09aa\u09c2\u09b0\u09cd\u09ac \u09b0\u09c7\u09b2\u0993\u09af\u09bc\u09c7",
        "ownership_type": "Central Govt Infrastructure",
        "land_classification": "\u09b8\u09b0\u0995\u09be\u09b0\u09bf \u0996\u09be\u09b8 (Sarkari Khas)",
        "legal_area_sqm": 456.96,
        "gis_area_sqm": 453.33,
        "physical_area_sqm": 453.33,
        "area_discrepancy_pct": 0.79,
        "area_bengali": "0 \u09ac\u09bf\u0998\u09be 6 \u0995\u09be\u09a0\u09be 13.3 \u099b\u099f\u09be\u0995",
        "area_english": "0 Bigha 6 Katha 13.3 Chhatak",
        "status": "VERIFIED",
        "cors_datum": "Survey of India KGP1 (Kharagpur) CORS Station",
        "target_crs": "EPSG:7755 / EPSG:4326",
        "survey_source": "OpenStreetMap Real Footprints + Banglarbhumi RoR",
        "confidence_semi_major_m": 0.042,
        "confidence_semi_minor_m": 0.028
      }
    },
    {
      "type": "Feature",
      "id": "west-medinipur-dag-145",
      "geometry": {
        "type": "Polygon",
        "coordinates": [
          [
            [
              87.329743,
              22.40658
            ],
            [
              87.329727,
              22.406491
            ],
            [
              87.329973,
              22.406431
            ],
            [
              87.329995,
              22.40653
            ],
            [
              87.329743,
              22.40658
            ]
          ]
        ]
      },
      "properties": {
        "ulpin": "191840653298",
        "osm_id": 186006704,
        "state": "West Bengal",
        "state_code": "19",
        "district": "Paschim Medinipur (\u09aa\u09b6\u09cd\u099a\u09bf\u09ae \u09ae\u09c7\u09a6\u09bf\u09a8\u09c0\u09aa\u09c1\u09b0)",
        "district_code": "18",
        "district_lgd": 318,
        "subdivision": "Midnapore Sadar",
        "block_municipality": "Midnapore Municipality",
        "mouza_name": "Medinipur Town",
        "mouza_name_bn": "\u09ae\u09c7\u09a6\u09bf\u09a8\u09c0\u09aa\u09c1\u09b0 \u09b6\u09b9\u09b0",
        "jl_no": 110,
        "khasra_no": "145",
        "dag_no": 145,
        "khatian_no": 345,
        "owner_name": "Shysmsl Msity",
        "owner_name_bn": "\u09b0\u09be\u099c\u09cd\u09af \u09b6\u09bf\u09b2\u09cd\u09aa \u09a8\u09bf\u0997\u09ae",
        "ownership_type": "State Govt Industrial Park",
        "land_classification": "\u09b8\u09b0\u0995\u09be\u09b0\u09bf \u0996\u09be\u09b8 (Sarkari Khas)",
        "legal_area_sqm": 275.14,
        "gis_area_sqm": 278.2,
        "physical_area_sqm": 278.2,
        "area_discrepancy_pct": 1.11,
        "area_bengali": "0 \u09ac\u09bf\u0998\u09be 4 \u0995\u09be\u09a0\u09be 1.8 \u099b\u099f\u09be\u0995",
        "area_english": "0 Bigha 4 Katha 1.8 Chhatak",
        "status": "VERIFIED",
        "cors_datum": "Survey of India KGP1 (Kharagpur) CORS Station",
        "target_crs": "EPSG:7755 / EPSG:4326",
        "survey_source": "OpenStreetMap Real Footprints + Banglarbhumi RoR",
        "confidence_semi_major_m": 0.042,
        "confidence_semi_minor_m": 0.028
      }
    },
    {
      "type": "Feature",
      "id": "west-medinipur-dag-146",
      "geometry": {
        "type": "Polygon",
        "coordinates": [
          [
            [
              87.318488,
              22.438937
            ],
            [
              87.319207,
              22.440147
            ],
            [
              87.316846,
              22.44087
            ],
            [
              87.316385,
              22.440156
            ],
            [
              87.318488,
              22.438937
            ]
          ]
        ]
      },
      "properties": {
        "ulpin": "191843983178",
        "osm_id": 187985685,
        "state": "West Bengal",
        "state_code": "19",
        "district": "Paschim Medinipur (\u09aa\u09b6\u09cd\u099a\u09bf\u09ae \u09ae\u09c7\u09a6\u09bf\u09a8\u09c0\u09aa\u09c1\u09b0)",
        "district_code": "18",
        "district_lgd": 318,
        "subdivision": "Kharagpur",
        "block_municipality": "Kharagpur Municipality",
        "mouza_name": "Inda / Kharagpur",
        "mouza_name_bn": "\u0987\u09bf\u09a8\u09cd\u09a6\u09be / \u0996\u09dc\u0997\u09aa\u09c1\u09b0",
        "jl_no": 142,
        "khasra_no": "146",
        "dag_no": 146,
        "khatian_no": 346,
        "owner_name": "Midnapore District Collectorate & Court Estate",
        "owner_name_bn": "\u09ae\u09c7\u09a6\u09bf\u09a8\u09c0\u09aa\u09c1\u09b0 \u099c\u09c7\u09b2\u09be \u09aa\u09cd\u09b0\u09b6\u09be\u09b8\u09a8",
        "ownership_type": "District Administrative Estate",
        "land_classification": "\u09b8\u09b0\u0995\u09be\u09b0\u09bf \u0996\u09be\u09b8 (Sarkari Khas)",
        "legal_area_sqm": 30949.18,
        "gis_area_sqm": 30949.18,
        "physical_area_sqm": 30949.18,
        "area_discrepancy_pct": 0.0,
        "area_bengali": "23 \u09ac\u09bf\u0998\u09be 2 \u0995\u09be\u09a0\u09be 11.0 \u099b\u099f\u09be\u0995",
        "area_english": "23 Bigha 2 Katha 11.0 Chhatak",
        "status": "VERIFIED",
        "cors_datum": "Survey of India KGP1 (Kharagpur) CORS Station",
        "target_crs": "EPSG:7755 / EPSG:4326",
        "survey_source": "OpenStreetMap Real Footprints + Banglarbhumi RoR",
        "confidence_semi_major_m": 0.042,
        "confidence_semi_minor_m": 0.028
      }
    },
    {
      "type": "Feature",
      "id": "west-medinipur-dag-147",
      "geometry": {
        "type": "Polygon",
        "coordinates": [
          [
            [
              87.318374,
              22.427347
            ],
            [
              87.318387,
              22.427342
            ],
            [
              87.318378,
              22.427319
            ],
            [
              87.318665,
              22.427219
            ],
            [
              87.318638,
              22.427154
            ],
            [
              87.31872,
              22.427126
            ],
            [
              87.318747,
              22.427191
            ],
            [
              87.319073,
              22.427077
            ],
            [
              87.319141,
              22.427244
            ],
            [
              87.318433,
              22.427492
            ],
            [
              87.318374,
              22.427347
            ]
          ]
        ]
      },
      "properties": {
        "ulpin": "191842723186",
        "osm_id": 188334291,
        "state": "West Bengal",
        "state_code": "19",
        "district": "Paschim Medinipur (\u09aa\u09b6\u09cd\u099a\u09bf\u09ae \u09ae\u09c7\u09a6\u09bf\u09a8\u09c0\u09aa\u09c1\u09b0)",
        "district_code": "18",
        "district_lgd": 318,
        "subdivision": "Kharagpur",
        "block_municipality": "Kharagpur I",
        "mouza_name": "Nimpura Industrial",
        "mouza_name_bn": "\u09a8\u09bf\u09ae\u09aa\u09c1\u09b0\u09be \u09b6\u09bf\u09b2\u09cd\u09aa\u09be\u099e\u09cd\u099a\u09b2",
        "jl_no": 156,
        "khasra_no": "147",
        "dag_no": 147,
        "khatian_no": 347,
        "owner_name": "Tata Metaliks Limited (Kharagpur Plant)",
        "owner_name_bn": "\u099f\u09be\u099f\u09be \u09ae\u09c7\u099f\u09be\u09b2\u09bf\u0995\u09cd\u09b8 \u09b2\u09bf\u09ae\u09bf\u099f\u09c7\u09a1",
        "ownership_type": "Corporate Heavy Industrial",
        "land_classification": "\u0995\u09b2\u0995\u09be\u09b0\u0996\u09be\u09a8\u09be (Karkhana)",
        "legal_area_sqm": 1625.01,
        "gis_area_sqm": 1607.33,
        "physical_area_sqm": 1607.33,
        "area_discrepancy_pct": 1.09,
        "area_bengali": "1 \u09ac\u09bf\u0998\u09be 4 \u0995\u09be\u09a0\u09be 4.7 \u099b\u099f\u09be\u0995",
        "area_english": "1 Bigha 4 Katha 4.7 Chhatak",
        "status": "VERIFIED",
        "cors_datum": "Survey of India KGP1 (Kharagpur) CORS Station",
        "target_crs": "EPSG:7755 / EPSG:4326",
        "survey_source": "OpenStreetMap Real Footprints + Banglarbhumi RoR",
        "confidence_semi_major_m": 0.042,
        "confidence_semi_minor_m": 0.028
      }
    },
    {
      "type": "Feature",
      "id": "west-medinipur-dag-148",
      "geometry": {
        "type": "Polygon",
        "coordinates": [
          [
            [
              87.319164,
              22.427031
            ],
            [
              87.31947,
              22.426917
            ],
            [
              87.319449,
              22.426873
            ],
            [
              87.319518,
              22.426833
            ],
            [
              87.319561,
              22.426902
            ],
            [
              87.319867,
              22.426793
            ],
            [
              87.319945,
              22.426945
            ],
            [
              87.319223,
              22.427195
            ],
            [
              87.319164,
              22.427031
            ]
          ]
        ]
      },
      "properties": {
        "ulpin": "191842693194",
        "osm_id": 188334292,
        "state": "West Bengal",
        "state_code": "19",
        "district": "Paschim Medinipur (\u09aa\u09b6\u09cd\u099a\u09bf\u09ae \u09ae\u09c7\u09a6\u09bf\u09a8\u09c0\u09aa\u09c1\u09b0)",
        "district_code": "18",
        "district_lgd": 318,
        "subdivision": "Kharagpur",
        "block_municipality": "Kharagpur I",
        "mouza_name": "Hijli Institutional",
        "mouza_name_bn": "\u09b9\u09bf\u099c\u09b2\u09bf / \u0986\u0987\u0986\u0987\u099f\u09bf",
        "jl_no": 165,
        "khasra_no": "148",
        "dag_no": 148,
        "khatian_no": 348,
        "owner_name": "Midnapore College (Autonomous)",
        "owner_name_bn": "\u09ae\u09c7\u09a6\u09bf\u09a8\u09c0\u09aa\u09c1\u09b0 \u0995\u09b2\u09c7\u099c",
        "ownership_type": "Higher Educational Institution",
        "land_classification": "\u09ac\u09be\u09b8\u09cd\u09a4\u09c1 (Bastu)",
        "legal_area_sqm": 1531.44,
        "gis_area_sqm": 1543.79,
        "physical_area_sqm": 1543.79,
        "area_discrepancy_pct": 0.81,
        "area_bengali": "1 \u09ac\u09bf\u0998\u09be 2 \u0995\u09be\u09a0\u09be 14.3 \u099b\u099f\u09be\u0995",
        "area_english": "1 Bigha 2 Katha 14.3 Chhatak",
        "status": "VERIFIED",
        "cors_datum": "Survey of India KGP1 (Kharagpur) CORS Station",
        "target_crs": "EPSG:7755 / EPSG:4326",
        "survey_source": "OpenStreetMap Real Footprints + Banglarbhumi RoR",
        "confidence_semi_major_m": 0.042,
        "confidence_semi_minor_m": 0.028
      }
    },
    {
      "type": "Feature",
      "id": "west-medinipur-dag-149",
      "geometry": {
        "type": "Polygon",
        "coordinates": [
          [
            [
              87.320165,
              22.427725
            ],
            [
              87.320224,
              22.427874
            ],
            [
              87.319666,
              22.428053
            ],
            [
              87.31965,
              22.428018
            ],
            [
              87.318949,
              22.428283
            ],
            [
              87.31889,
              22.428348
            ],
            [
              87.318775,
              22.42839
            ],
            [
              87.318706,
              22.428251
            ],
            [
              87.318754,
              22.428206
            ],
            [
              87.31884,
              22.428172
            ],
            [
              87.320165,
              22.427725
            ]
          ]
        ]
      },
      "properties": {
        "ulpin": "191842803193",
        "osm_id": 188334296,
        "state": "West Bengal",
        "state_code": "19",
        "district": "Paschim Medinipur (\u09aa\u09b6\u09cd\u099a\u09bf\u09ae \u09ae\u09c7\u09a6\u09bf\u09a8\u09c0\u09aa\u09c1\u09b0)",
        "district_code": "18",
        "district_lgd": 318,
        "subdivision": "Midnapore Sadar",
        "block_municipality": "Midnapore Municipality",
        "mouza_name": "Medinipur Town",
        "mouza_name_bn": "\u09ae\u09c7\u09a6\u09bf\u09a8\u09c0\u09aa\u09c1\u09b0 \u09b6\u09b9\u09b0",
        "jl_no": 110,
        "khasra_no": "149",
        "dag_no": 149,
        "khatian_no": 349,
        "owner_name": "Vidyasagar University Campus Trust",
        "owner_name_bn": "\u09ac\u09bf\u09a6\u09cd\u09af\u09be\u09b8\u09be\u0997\u09b0 \u09ac\u09bf\u09b6\u09cd\u09ac\u09ac\u09bf\u09a6\u09cd\u09af\u09be\u09b2\u09af\u09bc",
        "ownership_type": "University Institutional",
        "land_classification": "\u09b8\u09b0\u0995\u09be\u09b0\u09bf \u0996\u09be\u09b8 (Sarkari Khas)",
        "legal_area_sqm": 2530.21,
        "gis_area_sqm": 2522.64,
        "physical_area_sqm": 2522.64,
        "area_discrepancy_pct": 0.3,
        "area_bengali": "1 \u09ac\u09bf\u0998\u09be 17 \u0995\u09be\u09a0\u09be 13.2 \u099b\u099f\u09be\u0995",
        "area_english": "1 Bigha 17 Katha 13.2 Chhatak",
        "status": "VERIFIED",
        "cors_datum": "Survey of India KGP1 (Kharagpur) CORS Station",
        "target_crs": "EPSG:7755 / EPSG:4326",
        "survey_source": "OpenStreetMap Real Footprints + Banglarbhumi RoR",
        "confidence_semi_major_m": 0.042,
        "confidence_semi_minor_m": 0.028
      }
    },
    {
      "type": "Feature",
      "id": "west-medinipur-dag-150",
      "geometry": {
        "type": "Polygon",
        "coordinates": [
          [
            [
              87.320567,
              22.427071
            ],
            [
              87.320492,
              22.426902
            ],
            [
              87.319966,
              22.427076
            ],
            [
              87.320033,
              22.427267
            ],
            [
              87.320567,
              22.427071
            ]
          ]
        ]
      },
      "properties": {
        "ulpin": "191842703203",
        "osm_id": 188334300,
        "state": "West Bengal",
        "state_code": "19",
        "district": "Paschim Medinipur (\u09aa\u09b6\u09cd\u099a\u09bf\u09ae \u09ae\u09c7\u09a6\u09bf\u09a8\u09c0\u09aa\u09c1\u09b0)",
        "district_code": "18",
        "district_lgd": 318,
        "subdivision": "Kharagpur",
        "block_municipality": "Kharagpur Municipality",
        "mouza_name": "Inda / Kharagpur",
        "mouza_name_bn": "\u0987\u09bf\u09a8\u09cd\u09a6\u09be / \u0996\u09dc\u0997\u09aa\u09c1\u09b0",
        "jl_no": 142,
        "khasra_no": "150",
        "dag_no": 150,
        "khatian_no": 350,
        "owner_name": "Debasis Mahapatra & Brothers",
        "owner_name_bn": "\u09ac\u09cd\u09af\u0995\u09cd\u09a4\u09bf\u0997\u09a4 \u09b0\u09be\u09af\u09bc\u09a4",
        "ownership_type": "Private Freehold Ryot",
        "land_classification": "\u09ac\u09be\u09b8\u09cd\u09a4\u09c1 (Bastu)",
        "legal_area_sqm": 1252.21,
        "gis_area_sqm": 1234.92,
        "physical_area_sqm": 1234.92,
        "area_discrepancy_pct": 1.38,
        "area_bengali": "0 \u09ac\u09bf\u0998\u09be 18 \u0995\u09be\u09a0\u09be 11.5 \u099b\u099f\u09be\u0995",
        "area_english": "0 Bigha 18 Katha 11.5 Chhatak",
        "status": "VERIFIED",
        "cors_datum": "Survey of India KGP1 (Kharagpur) CORS Station",
        "target_crs": "EPSG:7755 / EPSG:4326",
        "survey_source": "OpenStreetMap Real Footprints + Banglarbhumi RoR",
        "confidence_semi_major_m": 0.042,
        "confidence_semi_minor_m": 0.028
      }
    },
    {
      "type": "Feature",
      "id": "west-medinipur-dag-151",
      "geometry": {
        "type": "Polygon",
        "coordinates": [
          [
            [
              87.31969,
              22.426374
            ],
            [
              87.320098,
              22.426255
            ],
            [
              87.320218,
              22.426541
            ],
            [
              87.320108,
              22.426582
            ],
            [
              87.320039,
              22.426374
            ],
            [
              87.319733,
              22.426468
            ],
            [
              87.31969,
              22.426374
            ]
          ]
        ]
      },
      "properties": {
        "ulpin": "191842643199",
        "osm_id": 188334301,
        "state": "West Bengal",
        "state_code": "19",
        "district": "Paschim Medinipur (\u09aa\u09b6\u09cd\u099a\u09bf\u09ae \u09ae\u09c7\u09a6\u09bf\u09a8\u09c0\u09aa\u09c1\u09b0)",
        "district_code": "18",
        "district_lgd": 318,
        "subdivision": "Kharagpur",
        "block_municipality": "Kharagpur I",
        "mouza_name": "Nimpura Industrial",
        "mouza_name_bn": "\u09a8\u09bf\u09ae\u09aa\u09c1\u09b0\u09be \u09b6\u09bf\u09b2\u09cd\u09aa\u09be\u099e\u09cd\u099a\u09b2",
        "jl_no": 156,
        "khasra_no": "151",
        "dag_no": 151,
        "khatian_no": 351,
        "owner_name": "Satyaranjan Sasmal & Sons",
        "owner_name_bn": "\u0995\u09c3\u09b7\u09bf \u09b0\u09be\u09af\u09bc\u09a4",
        "ownership_type": "Agricultural Paddy Farmer",
        "land_classification": "\u09a7\u09be\u09a8\u09c0 (Dhani)",
        "legal_area_sqm": 742.67,
        "gis_area_sqm": 746.4,
        "physical_area_sqm": 746.4,
        "area_discrepancy_pct": 0.5,
        "area_bengali": "0 \u09ac\u09bf\u0998\u09be 11 \u0995\u09be\u09a0\u09be 1.6 \u099b\u099f\u09be\u0995",
        "area_english": "0 Bigha 11 Katha 1.6 Chhatak",
        "status": "VERIFIED",
        "cors_datum": "Survey of India KGP1 (Kharagpur) CORS Station",
        "target_crs": "EPSG:7755 / EPSG:4326",
        "survey_source": "OpenStreetMap Real Footprints + Banglarbhumi RoR",
        "confidence_semi_major_m": 0.042,
        "confidence_semi_minor_m": 0.028
      }
    },
    {
      "type": "Feature",
      "id": "west-medinipur-dag-152",
      "geometry": {
        "type": "Polygon",
        "coordinates": [
          [
            [
              87.323709,
              22.343443
            ],
            [
              87.324181,
              22.343394
            ],
            [
              87.324369,
              22.342615
            ],
            [
              87.323897,
              22.342511
            ],
            [
              87.323709,
              22.343443
            ]
          ]
        ]
      },
      "properties": {
        "ulpin": "191834303239",
        "osm_id": 191290723,
        "state": "West Bengal",
        "state_code": "19",
        "district": "Paschim Medinipur (\u09aa\u09b6\u09cd\u099a\u09bf\u09ae \u09ae\u09c7\u09a6\u09bf\u09a8\u09c0\u09aa\u09c1\u09b0)",
        "district_code": "18",
        "district_lgd": 318,
        "subdivision": "Kharagpur",
        "block_municipality": "Kharagpur I",
        "mouza_name": "Hijli Institutional",
        "mouza_name_bn": "\u09b9\u09bf\u099c\u09b2\u09bf / \u0986\u0987\u0986\u0987\u099f\u09bf",
        "jl_no": 165,
        "khasra_no": "152",
        "dag_no": 152,
        "khatian_no": 352,
        "owner_name": "KGP Bus Stand",
        "owner_name_bn": "\u09ac\u09be\u09a3\u09bf\u099c\u09cd\u09af\u09bf\u0995 \u09a6\u09cb\u0995\u09be\u09a8",
        "ownership_type": "Commercial Hardware Enterprise",
        "land_classification": "\u09b8\u09b0\u0995\u09be\u09b0\u09bf \u0996\u09be\u09b8 (Sarkari Khas)",
        "legal_area_sqm": 4681.16,
        "gis_area_sqm": 4653.24,
        "physical_area_sqm": 4653.24,
        "area_discrepancy_pct": 0.6,
        "area_bengali": "3 \u09ac\u09bf\u0998\u09be 9 \u0995\u09be\u09a0\u09be 15.7 \u099b\u099f\u09be\u0995",
        "area_english": "3 Bigha 9 Katha 15.7 Chhatak",
        "status": "VERIFIED",
        "cors_datum": "Survey of India KGP1 (Kharagpur) CORS Station",
        "target_crs": "EPSG:7755 / EPSG:4326",
        "survey_source": "OpenStreetMap Real Footprints + Banglarbhumi RoR",
        "confidence_semi_major_m": 0.042,
        "confidence_semi_minor_m": 0.028
      }
    },
    {
      "type": "Feature",
      "id": "west-medinipur-dag-153",
      "geometry": {
        "type": "Polygon",
        "coordinates": [
          [
            [
              87.291355,
              22.431296
            ],
            [
              87.291286,
              22.431137
            ],
            [
              87.291382,
              22.431117
            ],
            [
              87.291433,
              22.431259
            ],
            [
              87.291355,
              22.431296
            ]
          ]
        ]
      },
      "properties": {
        "ulpin": "191843122913",
        "osm_id": 194817214,
        "state": "West Bengal",
        "state_code": "19",
        "district": "Paschim Medinipur (\u09aa\u09b6\u09cd\u099a\u09bf\u09ae \u09ae\u09c7\u09a6\u09bf\u09a8\u09c0\u09aa\u09c1\u09b0)",
        "district_code": "18",
        "district_lgd": 318,
        "subdivision": "Midnapore Sadar",
        "block_municipality": "Midnapore Municipality",
        "mouza_name": "Medinipur Town",
        "mouza_name_bn": "\u09ae\u09c7\u09a6\u09bf\u09a8\u09c0\u09aa\u09c1\u09b0 \u09b6\u09b9\u09b0",
        "jl_no": 110,
        "khasra_no": "153",
        "dag_no": 153,
        "khatian_no": 353,
        "owner_name": "Bhabani Prasad Samanta",
        "owner_name_bn": "\u09aa\u09c8\u09a4\u09c3\u0995 \u09ac\u09be\u09b8\u09cd\u09a4\u09c1",
        "ownership_type": "Hereditary Homestead Ryot",
        "land_classification": "\u09ac\u09be\u09b8\u09cd\u09a4\u09c1 (Bastu)",
        "legal_area_sqm": 166.25,
        "gis_area_sqm": 168.44,
        "physical_area_sqm": 168.44,
        "area_discrepancy_pct": 1.32,
        "area_bengali": "0 \u09ac\u09bf\u0998\u09be 2 \u0995\u09be\u09a0\u09be 7.8 \u099b\u099f\u09be\u0995",
        "area_english": "0 Bigha 2 Katha 7.8 Chhatak",
        "status": "VERIFIED",
        "cors_datum": "Survey of India KGP1 (Kharagpur) CORS Station",
        "target_crs": "EPSG:7755 / EPSG:4326",
        "survey_source": "OpenStreetMap Real Footprints + Banglarbhumi RoR",
        "confidence_semi_major_m": 0.042,
        "confidence_semi_minor_m": 0.028
      }
    },
    {
      "type": "Feature",
      "id": "west-medinipur-dag-154",
      "geometry": {
        "type": "Polygon",
        "coordinates": [
          [
            [
              87.291306,
              22.431063
            ],
            [
              87.29137,
              22.431103
            ],
            [
              87.291499,
              22.430954
            ],
            [
              87.291434,
              22.4309
            ],
            [
              87.291306,
              22.431063
            ]
          ]
        ]
      },
      "properties": {
        "ulpin": "191843102913",
        "osm_id": 194817216,
        "state": "West Bengal",
        "state_code": "19",
        "district": "Paschim Medinipur (\u09aa\u09b6\u09cd\u099a\u09bf\u09ae \u09ae\u09c7\u09a6\u09bf\u09a8\u09c0\u09aa\u09c1\u09b0)",
        "district_code": "18",
        "district_lgd": 318,
        "subdivision": "Kharagpur",
        "block_municipality": "Kharagpur Municipality",
        "mouza_name": "Inda / Kharagpur",
        "mouza_name_bn": "\u0987\u09bf\u09a8\u09cd\u09a6\u09be / \u0996\u09dc\u0997\u09aa\u09c1\u09b0",
        "jl_no": 142,
        "khasra_no": "154",
        "dag_no": 154,
        "khatian_no": 354,
        "owner_name": "Chanchal Kumar Dinda",
        "owner_name_bn": "\u09ac\u09cd\u09af\u0995\u09cd\u09a4\u09bf\u0997\u09a4 \u09ac\u09be\u09b8\u09cd\u09a4\u09c1",
        "ownership_type": "Private Homestead",
        "land_classification": "\u09ac\u09be\u09b8\u09cd\u09a4\u09c1 (Bastu)",
        "legal_area_sqm": 182.84,
        "gis_area_sqm": 183.21,
        "physical_area_sqm": 183.21,
        "area_discrepancy_pct": 0.2,
        "area_bengali": "0 \u09ac\u09bf\u0998\u09be 2 \u0995\u09be\u09a0\u09be 11.7 \u099b\u099f\u09be\u0995",
        "area_english": "0 Bigha 2 Katha 11.7 Chhatak",
        "status": "VERIFIED",
        "cors_datum": "Survey of India KGP1 (Kharagpur) CORS Station",
        "target_crs": "EPSG:7755 / EPSG:4326",
        "survey_source": "OpenStreetMap Real Footprints + Banglarbhumi RoR",
        "confidence_semi_major_m": 0.042,
        "confidence_semi_minor_m": 0.028
      }
    },
    {
      "type": "Feature",
      "id": "west-medinipur-dag-155",
      "geometry": {
        "type": "Polygon",
        "coordinates": [
          [
            [
              87.291076,
              22.431087
            ],
            [
              87.291264,
              22.431102
            ],
            [
              87.291291,
              22.431053
            ],
            [
              87.291103,
              22.431018
            ],
            [
              87.291076,
              22.431087
            ]
          ]
        ]
      },
      "properties": {
        "ulpin": "191843102911",
        "osm_id": 194817217,
        "state": "West Bengal",
        "state_code": "19",
        "district": "Paschim Medinipur (\u09aa\u09b6\u09cd\u099a\u09bf\u09ae \u09ae\u09c7\u09a6\u09bf\u09a8\u09c0\u09aa\u09c1\u09b0)",
        "district_code": "18",
        "district_lgd": 318,
        "subdivision": "Kharagpur",
        "block_municipality": "Kharagpur I",
        "mouza_name": "Nimpura Industrial",
        "mouza_name_bn": "\u09a8\u09bf\u09ae\u09aa\u09c1\u09b0\u09be \u09b6\u09bf\u09b2\u09cd\u09aa\u09be\u099e\u09cd\u099a\u09b2",
        "jl_no": 156,
        "khasra_no": "155",
        "dag_no": 155,
        "khatian_no": 355,
        "owner_name": "Rashbehari Pradhan & Co-sharers",
        "owner_name_bn": "\u09af\u09cc\u09a5 \u0996\u09a4\u09bf\u09af\u09bc\u09be\u09a8",
        "ownership_type": "Joint Agricultural Estate",
        "land_classification": "\u09a7\u09be\u09a8\u09c0 (Dhani)",
        "legal_area_sqm": 135.08,
        "gis_area_sqm": 133.88,
        "physical_area_sqm": 133.88,
        "area_discrepancy_pct": 0.89,
        "area_bengali": "0 \u09ac\u09bf\u0998\u09be 2 \u0995\u09be\u09a0\u09be 0.3 \u099b\u099f\u09be\u0995",
        "area_english": "0 Bigha 2 Katha 0.3 Chhatak",
        "status": "VERIFIED",
        "cors_datum": "Survey of India KGP1 (Kharagpur) CORS Station",
        "target_crs": "EPSG:7755 / EPSG:4326",
        "survey_source": "OpenStreetMap Real Footprints + Banglarbhumi RoR",
        "confidence_semi_major_m": 0.042,
        "confidence_semi_minor_m": 0.028
      }
    },
    {
      "type": "Feature",
      "id": "west-medinipur-dag-156",
      "geometry": {
        "type": "Polygon",
        "coordinates": [
          [
            [
              87.293003,
              22.429571
            ],
            [
              87.292736,
              22.429801
            ],
            [
              87.293013,
              22.430101
            ],
            [
              87.292881,
              22.430203
            ],
            [
              87.292766,
              22.430234
            ],
            [
              87.292648,
              22.430269
            ],
            [
              87.292519,
              22.430334
            ],
            [
              87.292466,
              22.430383
            ],
            [
              87.292568,
              22.430482
            ],
            [
              87.292697,
              22.430666
            ],
            [
              87.29282,
              22.43078
            ],
            [
              87.292943,
              22.43072
            ],
            [
              87.292906,
              22.430646
            ],
            [
              87.293077,
              22.430537
            ],
            [
              87.293211,
              22.430581
            ],
            [
              87.293372,
              22.430473
            ],
            [
              87.293582,
              22.430349
            ],
            [
              87.293625,
              22.430294
            ],
            [
              87.293496,
              22.430185
            ],
            [
              87.293539,
              22.430145
            ],
            [
              87.293646,
              22.430096
            ],
            [
              87.29348,
              22.429932
            ],
            [
              87.293389,
              22.429887
            ],
            [
              87.293297,
              22.429798
            ],
            [
              87.293003,
              22.429571
            ]
          ]
        ]
      },
      "properties": {
        "ulpin": "191843022930",
        "osm_id": 194817219,
        "state": "West Bengal",
        "state_code": "19",
        "district": "Paschim Medinipur (\u09aa\u09b6\u09cd\u099a\u09bf\u09ae \u09ae\u09c7\u09a6\u09bf\u09a8\u09c0\u09aa\u09c1\u09b0)",
        "district_code": "18",
        "district_lgd": 318,
        "subdivision": "Kharagpur",
        "block_municipality": "Kharagpur I",
        "mouza_name": "Hijli Institutional",
        "mouza_name_bn": "\u09b9\u09bf\u099c\u09b2\u09bf / \u0986\u0987\u0986\u0987\u099f\u09bf",
        "jl_no": 165,
        "khasra_no": "156",
        "dag_no": 156,
        "khatian_no": 356,
        "owner_name": "Paschim Medinipur Zilla Parishad",
        "owner_name_bn": "\u099c\u09c7\u09b2\u09be \u09aa\u09b0\u09bf\u09b7\u09a6",
        "ownership_type": "Panchayati Raj Civic Asset",
        "land_classification": "\u09b8\u09b0\u0995\u09be\u09b0\u09bf \u0996\u09be\u09b8 (Sarkari Khas)",
        "legal_area_sqm": 7601.77,
        "gis_area_sqm": 7678.56,
        "physical_area_sqm": 7678.56,
        "area_discrepancy_pct": 1.01,
        "area_bengali": "5 \u09ac\u09bf\u0998\u09be 13 \u0995\u09be\u09a0\u09be 10.3 \u099b\u099f\u09be\u0995",
        "area_english": "5 Bigha 13 Katha 10.3 Chhatak",
        "status": "VERIFIED",
        "cors_datum": "Survey of India KGP1 (Kharagpur) CORS Station",
        "target_crs": "EPSG:7755 / EPSG:4326",
        "survey_source": "OpenStreetMap Real Footprints + Banglarbhumi RoR",
        "confidence_semi_major_m": 0.042,
        "confidence_semi_minor_m": 0.028
      }
    },
    {
      "type": "Feature",
      "id": "west-medinipur-dag-157",
      "geometry": {
        "type": "Polygon",
        "coordinates": [
          [
            [
              87.291087,
              22.430039
            ],
            [
              87.291178,
              22.430039
            ],
            [
              87.291258,
              22.430029
            ],
            [
              87.291301,
              22.429979
            ],
            [
              87.291371,
              22.429974
            ],
            [
              87.291371,
              22.42991
            ],
            [
              87.291521,
              22.42991
            ],
            [
              87.291529,
              22.429977
            ],
            [
              87.29165,
              22.429979
            ],
            [
              87.291645,
              22.430197
            ],
            [
              87.291065,
              22.430221
            ],
            [
              87.291087,
              22.430039
            ]
          ]
        ]
      },
      "properties": {
        "ulpin": "191843002913",
        "osm_id": 194817223,
        "state": "West Bengal",
        "state_code": "19",
        "district": "Paschim Medinipur (\u09aa\u09b6\u09cd\u099a\u09bf\u09ae \u09ae\u09c7\u09a6\u09bf\u09a8\u09c0\u09aa\u09c1\u09b0)",
        "district_code": "18",
        "district_lgd": 318,
        "subdivision": "Midnapore Sadar",
        "block_municipality": "Midnapore Municipality",
        "mouza_name": "Medinipur Town",
        "mouza_name_bn": "\u09ae\u09c7\u09a6\u09bf\u09a8\u09c0\u09aa\u09c1\u09b0 \u09b6\u09b9\u09b0",
        "jl_no": 110,
        "khasra_no": "157",
        "dag_no": 157,
        "khatian_no": 357,
        "owner_name": "Indian Institute of Technology (IIT) Kharagpur",
        "owner_name_bn": "\u0986\u0987\u0986\u0987\u099f\u09bf \u0996\u09dc\u0997\u09aa\u09c1\u09b0",
        "ownership_type": "Central Autonomous Institutional",
        "land_classification": "\u09b8\u09b0\u0995\u09be\u09b0\u09bf \u0996\u09be\u09b8 (Sarkari Khas)",
        "legal_area_sqm": 1487.67,
        "gis_area_sqm": 1486.18,
        "physical_area_sqm": 1486.18,
        "area_discrepancy_pct": 0.1,
        "area_bengali": "1 \u09ac\u09bf\u0998\u09be 2 \u0995\u09be\u09a0\u09be 3.8 \u099b\u099f\u09be\u0995",
        "area_english": "1 Bigha 2 Katha 3.8 Chhatak",
        "status": "VERIFIED",
        "cors_datum": "Survey of India KGP1 (Kharagpur) CORS Station",
        "target_crs": "EPSG:7755 / EPSG:4326",
        "survey_source": "OpenStreetMap Real Footprints + Banglarbhumi RoR",
        "confidence_semi_major_m": 0.042,
        "confidence_semi_minor_m": 0.028
      }
    },
    {
      "type": "Feature",
      "id": "west-medinipur-dag-158",
      "geometry": {
        "type": "Polygon",
        "coordinates": [
          [
            [
              87.295979,
              22.412888
            ],
            [
              87.295899,
              22.412854
            ],
            [
              87.295872,
              22.412943
            ],
            [
              87.296382,
              22.413231
            ],
            [
              87.296505,
              22.413002
            ],
            [
              87.296425,
              22.412918
            ],
            [
              87.29629,
              22.412908
            ],
            [
              87.296194,
              22.412943
            ],
            [
              87.295979,
              22.412888
            ]
          ]
        ]
      },
      "properties": {
        "ulpin": "191841292961",
        "osm_id": 196590824,
        "state": "West Bengal",
        "state_code": "19",
        "district": "Paschim Medinipur (\u09aa\u09b6\u09cd\u099a\u09bf\u09ae \u09ae\u09c7\u09a6\u09bf\u09a8\u09c0\u09aa\u09c1\u09b0)",
        "district_code": "18",
        "district_lgd": 318,
        "subdivision": "Kharagpur",
        "block_municipality": "Kharagpur Municipality",
        "mouza_name": "Inda / Kharagpur",
        "mouza_name_bn": "\u0987\u09bf\u09a8\u09cd\u09a6\u09be / \u0996\u09dc\u0997\u09aa\u09c1\u09b0",
        "jl_no": 142,
        "khasra_no": "158",
        "dag_no": 158,
        "khatian_no": 358,
        "owner_name": "Midmapore Municipal Water Station",
        "owner_name_bn": "\u09a6\u0995\u09cd\u09b7\u09bf\u09a3 \u09aa\u09c2\u09b0\u09cd\u09ac \u09b0\u09c7\u09b2\u0993\u09af\u09bc\u09c7",
        "ownership_type": "Central Govt Infrastructure",
        "land_classification": "\u09b8\u09b0\u0995\u09be\u09b0\u09bf \u0996\u09be\u09b8 (Sarkari Khas)",
        "legal_area_sqm": 1289.92,
        "gis_area_sqm": 1274.62,
        "physical_area_sqm": 1274.62,
        "area_discrepancy_pct": 1.19,
        "area_bengali": "0 \u09ac\u09bf\u0998\u09be 19 \u0995\u09be\u09a0\u09be 4.5 \u099b\u099f\u09be\u0995",
        "area_english": "0 Bigha 19 Katha 4.5 Chhatak",
        "status": "VERIFIED",
        "cors_datum": "Survey of India KGP1 (Kharagpur) CORS Station",
        "target_crs": "EPSG:7755 / EPSG:4326",
        "survey_source": "OpenStreetMap Real Footprints + Banglarbhumi RoR",
        "confidence_semi_major_m": 0.042,
        "confidence_semi_minor_m": 0.028
      }
    },
    {
      "type": "Feature",
      "id": "west-medinipur-dag-159",
      "geometry": {
        "type": "Polygon",
        "coordinates": [
          [
            [
              87.318303,
              22.426761
            ],
            [
              87.318421,
              22.426697
            ],
            [
              87.318485,
              22.426821
            ],
            [
              87.318437,
              22.42687
            ],
            [
              87.318351,
              22.42689
            ],
            [
              87.318303,
              22.426761
            ]
          ]
        ]
      },
      "properties": {
        "ulpin": "191842683183",
        "osm_id": 197277955,
        "state": "West Bengal",
        "state_code": "19",
        "district": "Paschim Medinipur (\u09aa\u09b6\u09cd\u099a\u09bf\u09ae \u09ae\u09c7\u09a6\u09bf\u09a8\u09c0\u09aa\u09c1\u09b0)",
        "district_code": "18",
        "district_lgd": 318,
        "subdivision": "Kharagpur",
        "block_municipality": "Kharagpur I",
        "mouza_name": "Nimpura Industrial",
        "mouza_name_bn": "\u09a8\u09bf\u09ae\u09aa\u09c1\u09b0\u09be \u09b6\u09bf\u09b2\u09cd\u09aa\u09be\u099e\u09cd\u099a\u09b2",
        "jl_no": 156,
        "khasra_no": "159",
        "dag_no": 159,
        "khatian_no": 359,
        "owner_name": "West Bengal Industrial Development Corporation (WBIDC Nimpura)",
        "owner_name_bn": "\u09b0\u09be\u099c\u09cd\u09af \u09b6\u09bf\u09b2\u09cd\u09aa \u09a8\u09bf\u0997\u09ae",
        "ownership_type": "State Govt Industrial Park",
        "land_classification": "\u0995\u09b2\u0995\u09be\u09b0\u0996\u09be\u09a8\u09be (Karkhana)",
        "legal_area_sqm": 240.54,
        "gis_area_sqm": 242.24,
        "physical_area_sqm": 242.24,
        "area_discrepancy_pct": 0.71,
        "area_bengali": "0 \u09ac\u09bf\u0998\u09be 3 \u0995\u09be\u09a0\u09be 9.5 \u099b\u099f\u09be\u0995",
        "area_english": "0 Bigha 3 Katha 9.5 Chhatak",
        "status": "VERIFIED",
        "cors_datum": "Survey of India KGP1 (Kharagpur) CORS Station",
        "target_crs": "EPSG:7755 / EPSG:4326",
        "survey_source": "OpenStreetMap Real Footprints + Banglarbhumi RoR",
        "confidence_semi_major_m": 0.042,
        "confidence_semi_minor_m": 0.028
      }
    },
    {
      "type": "Feature",
      "id": "west-medinipur-dag-160",
      "geometry": {
        "type": "Polygon",
        "coordinates": [
          [
            [
              87.31874,
              22.426608
            ],
            [
              87.318838,
              22.426809
            ],
            [
              87.319041,
              22.426724
            ],
            [
              87.318943,
              22.426523
            ],
            [
              87.31874,
              22.426608
            ]
          ]
        ]
      },
      "properties": {
        "ulpin": "191842663188",
        "osm_id": 200145307,
        "state": "West Bengal",
        "state_code": "19",
        "district": "Paschim Medinipur (\u09aa\u09b6\u09cd\u099a\u09bf\u09ae \u09ae\u09c7\u09a6\u09bf\u09a8\u09c0\u09aa\u09c1\u09b0)",
        "district_code": "18",
        "district_lgd": 318,
        "subdivision": "Kharagpur",
        "block_municipality": "Kharagpur I",
        "mouza_name": "Hijli Institutional",
        "mouza_name_bn": "\u09b9\u09bf\u099c\u09b2\u09bf / \u0986\u0987\u0986\u0987\u099f\u09bf",
        "jl_no": 165,
        "khasra_no": "160",
        "dag_no": 160,
        "khatian_no": 360,
        "owner_name": "Midnapore District Collectorate & Court Estate",
        "owner_name_bn": "\u09ae\u09c7\u09a6\u09bf\u09a8\u09c0\u09aa\u09c1\u09b0 \u099c\u09c7\u09b2\u09be \u09aa\u09cd\u09b0\u09b6\u09be\u09b8\u09a8",
        "ownership_type": "District Administrative Estate",
        "land_classification": "\u09b8\u09b0\u0995\u09be\u09b0\u09bf \u0996\u09be\u09b8 (Sarkari Khas)",
        "legal_area_sqm": 561.28,
        "gis_area_sqm": 559.04,
        "physical_area_sqm": 559.04,
        "area_discrepancy_pct": 0.4,
        "area_bengali": "0 \u09ac\u09bf\u0998\u09be 8 \u0995\u09be\u09a0\u09be 6.3 \u099b\u099f\u09be\u0995",
        "area_english": "0 Bigha 8 Katha 6.3 Chhatak",
        "status": "VERIFIED",
        "cors_datum": "Survey of India KGP1 (Kharagpur) CORS Station",
        "target_crs": "EPSG:7755 / EPSG:4326",
        "survey_source": "OpenStreetMap Real Footprints + Banglarbhumi RoR",
        "confidence_semi_major_m": 0.042,
        "confidence_semi_minor_m": 0.028
      }
    },
    {
      "type": "Feature",
      "id": "west-medinipur-dag-161",
      "geometry": {
        "type": "Polygon",
        "coordinates": [
          [
            [
              87.319269,
              22.428454
            ],
            [
              87.319355,
              22.428658
            ],
            [
              87.318872,
              22.428826
            ],
            [
              87.318976,
              22.428983
            ],
            [
              87.319398,
              22.428816
            ],
            [
              87.319491,
              22.428983
            ],
            [
              87.31965,
              22.428891
            ],
            [
              87.319451,
              22.428385
            ],
            [
              87.319269,
              22.428454
            ]
          ]
        ]
      },
      "properties": {
        "ulpin": "191842873193",
        "osm_id": 200145308,
        "state": "West Bengal",
        "state_code": "19",
        "district": "Paschim Medinipur (\u09aa\u09b6\u09cd\u099a\u09bf\u09ae \u09ae\u09c7\u09a6\u09bf\u09a8\u09c0\u09aa\u09c1\u09b0)",
        "district_code": "18",
        "district_lgd": 318,
        "subdivision": "Midnapore Sadar",
        "block_municipality": "Midnapore Municipality",
        "mouza_name": "Medinipur Town",
        "mouza_name_bn": "\u09ae\u09c7\u09a6\u09bf\u09a8\u09c0\u09aa\u09c1\u09b0 \u09b6\u09b9\u09b0",
        "jl_no": 110,
        "khasra_no": "161",
        "dag_no": 161,
        "khatian_no": 361,
        "owner_name": "SP Office",
        "owner_name_bn": "\u099f\u09be\u099f\u09be \u09ae\u09c7\u099f\u09be\u09b2\u09bf\u0995\u09cd\u09b8 \u09b2\u09bf\u09ae\u09bf\u099f\u09c7\u09a1",
        "ownership_type": "Corporate Heavy Industrial",
        "land_classification": "\u0995\u09b2\u0995\u09be\u09b0\u0996\u09be\u09a8\u09be (Karkhana)",
        "legal_area_sqm": 2156.44,
        "gis_area_sqm": 2189.28,
        "physical_area_sqm": 2189.28,
        "area_discrepancy_pct": 1.52,
        "area_bengali": "1 \u09ac\u09bf\u0998\u09be 12 \u0995\u09be\u09a0\u09be 3.8 \u099b\u099f\u09be\u0995",
        "area_english": "1 Bigha 12 Katha 3.8 Chhatak",
        "status": "ADJUDICATED",
        "cors_datum": "Survey of India KGP1 (Kharagpur) CORS Station",
        "target_crs": "EPSG:7755 / EPSG:4326",
        "survey_source": "OpenStreetMap Real Footprints + Banglarbhumi RoR",
        "confidence_semi_major_m": 0.042,
        "confidence_semi_minor_m": 0.028
      }
    },
    {
      "type": "Feature",
      "id": "west-medinipur-dag-162",
      "geometry": {
        "type": "Polygon",
        "coordinates": [
          [
            [
              87.318628,
              22.42779
            ],
            [
              87.318657,
              22.427852
            ],
            [
              87.318805,
              22.427815
            ],
            [
              87.318767,
              22.42772
            ],
            [
              87.318628,
              22.42779
            ]
          ]
        ]
      },
      "properties": {
        "ulpin": "191842773186",
        "osm_id": 200145310,
        "state": "West Bengal",
        "state_code": "19",
        "district": "Paschim Medinipur (\u09aa\u09b6\u09cd\u099a\u09bf\u09ae \u09ae\u09c7\u09a6\u09bf\u09a8\u09c0\u09aa\u09c1\u09b0)",
        "district_code": "18",
        "district_lgd": 318,
        "subdivision": "Kharagpur",
        "block_municipality": "Kharagpur Municipality",
        "mouza_name": "Inda / Kharagpur",
        "mouza_name_bn": "\u0987\u09bf\u09a8\u09cd\u09a6\u09be / \u0996\u09dc\u0997\u09aa\u09c1\u09b0",
        "jl_no": 142,
        "khasra_no": "162",
        "dag_no": 162,
        "khatian_no": 362,
        "owner_name": "Midnapore College (Autonomous)",
        "owner_name_bn": "\u09ae\u09c7\u09a6\u09bf\u09a8\u09c0\u09aa\u09c1\u09b0 \u0995\u09b2\u09c7\u099c",
        "ownership_type": "Higher Educational Institution",
        "land_classification": "\u09ac\u09be\u09b8\u09cd\u09a4\u09c1 (Bastu)",
        "legal_area_sqm": 147.97,
        "gis_area_sqm": 148.56,
        "physical_area_sqm": 148.56,
        "area_discrepancy_pct": 0.4,
        "area_bengali": "0 \u09ac\u09bf\u0998\u09be 2 \u0995\u09be\u09a0\u09be 3.4 \u099b\u099f\u09be\u0995",
        "area_english": "0 Bigha 2 Katha 3.4 Chhatak",
        "status": "VERIFIED",
        "cors_datum": "Survey of India KGP1 (Kharagpur) CORS Station",
        "target_crs": "EPSG:7755 / EPSG:4326",
        "survey_source": "OpenStreetMap Real Footprints + Banglarbhumi RoR",
        "confidence_semi_major_m": 0.042,
        "confidence_semi_minor_m": 0.028
      }
    },
    {
      "type": "Feature",
      "id": "west-medinipur-dag-163",
      "geometry": {
        "type": "Polygon",
        "coordinates": [
          [
            [
              87.319884,
              22.427105
            ],
            [
              87.319835,
              22.427021
            ],
            [
              87.319425,
              22.427148
            ],
            [
              87.319476,
              22.427274
            ],
            [
              87.319578,
              22.427244
            ],
            [
              87.319605,
              22.427314
            ],
            [
              87.319905,
              22.427194
            ],
            [
              87.319884,
              22.427105
            ]
          ]
        ]
      },
      "properties": {
        "ulpin": "191842713196",
        "osm_id": 200145312,
        "state": "West Bengal",
        "state_code": "19",
        "district": "Paschim Medinipur (\u09aa\u09b6\u09cd\u099a\u09bf\u09ae \u09ae\u09c7\u09a6\u09bf\u09a8\u09c0\u09aa\u09c1\u09b0)",
        "district_code": "18",
        "district_lgd": 318,
        "subdivision": "Kharagpur",
        "block_municipality": "Kharagpur I",
        "mouza_name": "Nimpura Industrial",
        "mouza_name_bn": "\u09a8\u09bf\u09ae\u09aa\u09c1\u09b0\u09be \u09b6\u09bf\u09b2\u09cd\u09aa\u09be\u099e\u09cd\u099a\u09b2",
        "jl_no": 156,
        "khasra_no": "163",
        "dag_no": 163,
        "khatian_no": 363,
        "owner_name": "Vidyasagar University Campus Trust",
        "owner_name_bn": "\u09ac\u09bf\u09a6\u09cd\u09af\u09be\u09b8\u09be\u0997\u09b0 \u09ac\u09bf\u09b6\u09cd\u09ac\u09ac\u09bf\u09a6\u09cd\u09af\u09be\u09b2\u09af\u09bc",
        "ownership_type": "University Institutional",
        "land_classification": "\u09b8\u09b0\u0995\u09be\u09b0\u09bf \u0996\u09be\u09b8 (Sarkari Khas)",
        "legal_area_sqm": 917.07,
        "gis_area_sqm": 910.7,
        "physical_area_sqm": 910.7,
        "area_discrepancy_pct": 0.69,
        "area_bengali": "0 \u09ac\u09bf\u0998\u09be 13 \u0995\u09be\u09a0\u09be 11.4 \u099b\u099f\u09be\u0995",
        "area_english": "0 Bigha 13 Katha 11.4 Chhatak",
        "status": "VERIFIED",
        "cors_datum": "Survey of India KGP1 (Kharagpur) CORS Station",
        "target_crs": "EPSG:7755 / EPSG:4326",
        "survey_source": "OpenStreetMap Real Footprints + Banglarbhumi RoR",
        "confidence_semi_major_m": 0.042,
        "confidence_semi_minor_m": 0.028
      }
    },
    {
      "type": "Feature",
      "id": "west-medinipur-dag-164",
      "geometry": {
        "type": "Polygon",
        "coordinates": [
          [
            [
              87.318729,
              22.427479
            ],
            [
              87.318763,
              22.427542
            ],
            [
              87.318878,
              22.427488
            ],
            [
              87.318844,
              22.427425
            ],
            [
              87.318729,
              22.427479
            ]
          ]
        ]
      },
      "properties": {
        "ulpin": "191842743187",
        "osm_id": 200145313,
        "state": "West Bengal",
        "state_code": "19",
        "district": "Paschim Medinipur (\u09aa\u09b6\u09cd\u099a\u09bf\u09ae \u09ae\u09c7\u09a6\u09bf\u09a8\u09c0\u09aa\u09c1\u09b0)",
        "district_code": "18",
        "district_lgd": 318,
        "subdivision": "Kharagpur",
        "block_municipality": "Kharagpur I",
        "mouza_name": "Hijli Institutional",
        "mouza_name_bn": "\u09b9\u09bf\u099c\u09b2\u09bf / \u0986\u0987\u0986\u0987\u099f\u09bf",
        "jl_no": 165,
        "khasra_no": "164",
        "dag_no": 164,
        "khatian_no": 364,
        "owner_name": "Debasis Mahapatra & Brothers",
        "owner_name_bn": "\u09ac\u09cd\u09af\u0995\u09cd\u09a4\u09bf\u0997\u09a4 \u09b0\u09be\u09af\u09bc\u09a4",
        "ownership_type": "Private Freehold Ryot",
        "land_classification": "\u09ac\u09be\u09b8\u09cd\u09a4\u09c1 (Bastu)",
        "legal_area_sqm": 102.09,
        "gis_area_sqm": 103.33,
        "physical_area_sqm": 103.33,
        "area_discrepancy_pct": 1.21,
        "area_bengali": "0 \u09ac\u09bf\u0998\u09be 1 \u0995\u09be\u09a0\u09be 8.4 \u099b\u099f\u09be\u0995",
        "area_english": "0 Bigha 1 Katha 8.4 Chhatak",
        "status": "VERIFIED",
        "cors_datum": "Survey of India KGP1 (Kharagpur) CORS Station",
        "target_crs": "EPSG:7755 / EPSG:4326",
        "survey_source": "OpenStreetMap Real Footprints + Banglarbhumi RoR",
        "confidence_semi_major_m": 0.042,
        "confidence_semi_minor_m": 0.028
      }
    },
    {
      "type": "Feature",
      "id": "west-medinipur-dag-165",
      "geometry": {
        "type": "Polygon",
        "coordinates": [
          [
            [
              87.319416,
              22.427542
            ],
            [
              87.319443,
              22.427636
            ],
            [
              87.319669,
              22.427572
            ],
            [
              87.319615,
              22.427453
            ],
            [
              87.319416,
              22.427542
            ]
          ]
        ]
      },
      "properties": {
        "ulpin": "191842753195",
        "osm_id": 200145314,
        "state": "West Bengal",
        "state_code": "19",
        "district": "Paschim Medinipur (\u09aa\u09b6\u09cd\u099a\u09bf\u09ae \u09ae\u09c7\u09a6\u09bf\u09a8\u09c0\u09aa\u09c1\u09b0)",
        "district_code": "18",
        "district_lgd": 318,
        "subdivision": "Midnapore Sadar",
        "block_municipality": "Midnapore Municipality",
        "mouza_name": "Medinipur Town",
        "mouza_name_bn": "\u09ae\u09c7\u09a6\u09bf\u09a8\u09c0\u09aa\u09c1\u09b0 \u09b6\u09b9\u09b0",
        "jl_no": 110,
        "khasra_no": "165",
        "dag_no": 165,
        "khatian_no": 365,
        "owner_name": "Satyaranjan Sasmal & Sons",
        "owner_name_bn": "\u0995\u09c3\u09b7\u09bf \u09b0\u09be\u09af\u09bc\u09a4",
        "ownership_type": "Agricultural Paddy Farmer",
        "land_classification": "\u09a7\u09be\u09a8\u09c0 (Dhani)",
        "legal_area_sqm": 292.46,
        "gis_area_sqm": 292.75,
        "physical_area_sqm": 292.75,
        "area_discrepancy_pct": 0.1,
        "area_bengali": "0 \u09ac\u09bf\u0998\u09be 4 \u0995\u09be\u09a0\u09be 6.0 \u099b\u099f\u09be\u0995",
        "area_english": "0 Bigha 4 Katha 6.0 Chhatak",
        "status": "VERIFIED",
        "cors_datum": "Survey of India KGP1 (Kharagpur) CORS Station",
        "target_crs": "EPSG:7755 / EPSG:4326",
        "survey_source": "OpenStreetMap Real Footprints + Banglarbhumi RoR",
        "confidence_semi_major_m": 0.042,
        "confidence_semi_minor_m": 0.028
      }
    },
    {
      "type": "Feature",
      "id": "west-medinipur-dag-166",
      "geometry": {
        "type": "Polygon",
        "coordinates": [
          [
            [
              87.317576,
              22.428117
            ],
            [
              87.317657,
              22.428072
            ],
            [
              87.317646,
              22.427998
            ],
            [
              87.317705,
              22.427929
            ],
            [
              87.317609,
              22.42778
            ],
            [
              87.317421,
              22.42781
            ],
            [
              87.31737,
              22.427887
            ],
            [
              87.317407,
              22.42805
            ],
            [
              87.317501,
              22.428053
            ],
            [
              87.317576,
              22.428117
            ]
          ]
        ]
      },
      "properties": {
        "ulpin": "191842793175",
        "osm_id": 200145317,
        "state": "West Bengal",
        "state_code": "19",
        "district": "Paschim Medinipur (\u09aa\u09b6\u09cd\u099a\u09bf\u09ae \u09ae\u09c7\u09a6\u09bf\u09a8\u09c0\u09aa\u09c1\u09b0)",
        "district_code": "18",
        "district_lgd": 318,
        "subdivision": "Kharagpur",
        "block_municipality": "Kharagpur Municipality",
        "mouza_name": "Inda / Kharagpur",
        "mouza_name_bn": "\u0987\u09bf\u09a8\u09cd\u09a6\u09be / \u0996\u09dc\u0997\u09aa\u09c1\u09b0",
        "jl_no": 142,
        "khasra_no": "166",
        "dag_no": 166,
        "khatian_no": 366,
        "owner_name": "SP Banglow",
        "owner_name_bn": "\u09ac\u09be\u09a3\u09bf\u099c\u09cd\u09af\u09bf\u0995 \u09a6\u09cb\u0995\u09be\u09a8",
        "ownership_type": "Commercial Hardware Enterprise",
        "land_classification": "\u09a1\u09be\u0999\u09cd\u0997\u09be (Danga)",
        "legal_area_sqm": 866.5,
        "gis_area_sqm": 857.92,
        "physical_area_sqm": 857.92,
        "area_discrepancy_pct": 0.99,
        "area_bengali": "0 \u09ac\u09bf\u0998\u09be 12 \u0995\u09be\u09a0\u09be 15.3 \u099b\u099f\u09be\u0995",
        "area_english": "0 Bigha 12 Katha 15.3 Chhatak",
        "status": "VERIFIED",
        "cors_datum": "Survey of India KGP1 (Kharagpur) CORS Station",
        "target_crs": "EPSG:7755 / EPSG:4326",
        "survey_source": "OpenStreetMap Real Footprints + Banglarbhumi RoR",
        "confidence_semi_major_m": 0.042,
        "confidence_semi_minor_m": 0.028
      }
    },
    {
      "type": "Feature",
      "id": "west-medinipur-dag-167",
      "geometry": {
        "type": "Polygon",
        "coordinates": [
          [
            [
              87.318944,
              22.427393
            ],
            [
              87.318987,
              22.427482
            ],
            [
              87.319135,
              22.427431
            ],
            [
              87.319116,
              22.427393
            ],
            [
              87.319202,
              22.427353
            ],
            [
              87.319188,
              22.427307
            ],
            [
              87.318944,
              22.427393
            ]
          ]
        ]
      },
      "properties": {
        "ulpin": "191842733190",
        "osm_id": 200145318,
        "state": "West Bengal",
        "state_code": "19",
        "district": "Paschim Medinipur (\u09aa\u09b6\u09cd\u099a\u09bf\u09ae \u09ae\u09c7\u09a6\u09bf\u09a8\u09c0\u09aa\u09c1\u09b0)",
        "district_code": "18",
        "district_lgd": 318,
        "subdivision": "Kharagpur",
        "block_municipality": "Kharagpur I",
        "mouza_name": "Nimpura Industrial",
        "mouza_name_bn": "\u09a8\u09bf\u09ae\u09aa\u09c1\u09b0\u09be \u09b6\u09bf\u09b2\u09cd\u09aa\u09be\u099e\u09cd\u099a\u09b2",
        "jl_no": 156,
        "khasra_no": "167",
        "dag_no": 167,
        "khatian_no": 367,
        "owner_name": "Bhabani Prasad Samanta",
        "owner_name_bn": "\u09aa\u09c8\u09a4\u09c3\u0995 \u09ac\u09be\u09b8\u09cd\u09a4\u09c1",
        "ownership_type": "Hereditary Homestead Ryot",
        "land_classification": "\u09ac\u09be\u09b8\u09cd\u09a4\u09c1 (Bastu)",
        "legal_area_sqm": 232.33,
        "gis_area_sqm": 234.44,
        "physical_area_sqm": 234.44,
        "area_discrepancy_pct": 0.91,
        "area_bengali": "0 \u09ac\u09bf\u0998\u09be 3 \u0995\u09be\u09a0\u09be 7.6 \u099b\u099f\u09be\u0995",
        "area_english": "0 Bigha 3 Katha 7.6 Chhatak",
        "status": "VERIFIED",
        "cors_datum": "Survey of India KGP1 (Kharagpur) CORS Station",
        "target_crs": "EPSG:7755 / EPSG:4326",
        "survey_source": "OpenStreetMap Real Footprints + Banglarbhumi RoR",
        "confidence_semi_major_m": 0.042,
        "confidence_semi_minor_m": 0.028
      }
    },
    {
      "type": "Feature",
      "id": "west-medinipur-dag-168",
      "geometry": {
        "type": "Polygon",
        "coordinates": [
          [
            [
              87.3269,
              22.421606
            ],
            [
              87.326921,
              22.422241
            ],
            [
              87.327688,
              22.422157
            ],
            [
              87.327951,
              22.421894
            ],
            [
              87.327525,
              22.421542
            ],
            [
              87.3269,
              22.421606
            ]
          ]
        ]
      },
      "properties": {
        "ulpin": "191842183273",
        "osm_id": 205005394,
        "state": "West Bengal",
        "state_code": "19",
        "district": "Paschim Medinipur (\u09aa\u09b6\u09cd\u099a\u09bf\u09ae \u09ae\u09c7\u09a6\u09bf\u09a8\u09c0\u09aa\u09c1\u09b0)",
        "district_code": "18",
        "district_lgd": 318,
        "subdivision": "Kharagpur",
        "block_municipality": "Kharagpur I",
        "mouza_name": "Hijli Institutional",
        "mouza_name_bn": "\u09b9\u09bf\u099c\u09b2\u09bf / \u0986\u0987\u0986\u0987\u099f\u09bf",
        "jl_no": 165,
        "khasra_no": "168",
        "dag_no": 168,
        "khatian_no": 368,
        "owner_name": "Midnapore Collegiate School",
        "owner_name_bn": "\u09ac\u09cd\u09af\u0995\u09cd\u09a4\u09bf\u0997\u09a4 \u09ac\u09be\u09b8\u09cd\u09a4\u09c1",
        "ownership_type": "Private Homestead",
        "land_classification": "\u09b8\u09b0\u0995\u09be\u09b0\u09bf \u0996\u09be\u09b8 (Sarkari Khas)",
        "legal_area_sqm": 6203.36,
        "gis_area_sqm": 6190.98,
        "physical_area_sqm": 6190.98,
        "area_discrepancy_pct": 0.2,
        "area_bengali": "4 \u09ac\u09bf\u0998\u09be 12 \u0995\u09be\u09a0\u09be 11.8 \u099b\u099f\u09be\u0995",
        "area_english": "4 Bigha 12 Katha 11.8 Chhatak",
        "status": "VERIFIED",
        "cors_datum": "Survey of India KGP1 (Kharagpur) CORS Station",
        "target_crs": "EPSG:7755 / EPSG:4326",
        "survey_source": "OpenStreetMap Real Footprints + Banglarbhumi RoR",
        "confidence_semi_major_m": 0.042,
        "confidence_semi_minor_m": 0.028
      }
    },
    {
      "type": "Feature",
      "id": "west-medinipur-dag-169",
      "geometry": {
        "type": "Polygon",
        "coordinates": [
          [
            [
              87.29556,
              22.421185
            ],
            [
              87.296341,
              22.421406
            ],
            [
              87.296847,
              22.419916
            ],
            [
              87.296053,
              22.419658
            ],
            [
              87.29556,
              22.421185
            ]
          ]
        ]
      },
      "properties": {
        "ulpin": "191842062960",
        "osm_id": 205385001,
        "state": "West Bengal",
        "state_code": "19",
        "district": "Paschim Medinipur (\u09aa\u09b6\u09cd\u099a\u09bf\u09ae \u09ae\u09c7\u09a6\u09bf\u09a8\u09c0\u09aa\u09c1\u09b0)",
        "district_code": "18",
        "district_lgd": 318,
        "subdivision": "Midnapore Sadar",
        "block_municipality": "Midnapore Municipality",
        "mouza_name": "Medinipur Town",
        "mouza_name_bn": "\u09ae\u09c7\u09a6\u09bf\u09a8\u09c0\u09aa\u09c1\u09b0 \u09b6\u09b9\u09b0",
        "jl_no": 110,
        "khasra_no": "169",
        "dag_no": 169,
        "khatian_no": 369,
        "owner_name": "Rashbehari Pradhan & Co-sharers",
        "owner_name_bn": "\u09af\u09cc\u09a5 \u0996\u09a4\u09bf\u09af\u09bc\u09be\u09a8",
        "ownership_type": "Joint Agricultural Estate",
        "land_classification": "\u09a7\u09be\u09a8\u09c0 (Dhani)",
        "legal_area_sqm": 15071.07,
        "gis_area_sqm": 14877.66,
        "physical_area_sqm": 14877.66,
        "area_discrepancy_pct": 1.28,
        "area_bengali": "11 \u09ac\u09bf\u0998\u09be 5 \u0995\u09be\u09a0\u09be 5.0 \u099b\u099f\u09be\u0995",
        "area_english": "11 Bigha 5 Katha 5.0 Chhatak",
        "status": "VERIFIED",
        "cors_datum": "Survey of India KGP1 (Kharagpur) CORS Station",
        "target_crs": "EPSG:7755 / EPSG:4326",
        "survey_source": "OpenStreetMap Real Footprints + Banglarbhumi RoR",
        "confidence_semi_major_m": 0.042,
        "confidence_semi_minor_m": 0.028
      }
    },
    {
      "type": "Feature",
      "id": "west-medinipur-dag-170",
      "geometry": {
        "type": "Polygon",
        "coordinates": [
          [
            [
              87.314824,
              22.418462
            ],
            [
              87.314964,
              22.418433
            ],
            [
              87.314894,
              22.418294
            ],
            [
              87.314768,
              22.418346
            ],
            [
              87.314824,
              22.418462
            ]
          ]
        ]
      },
      "properties": {
        "ulpin": "191841833148",
        "osm_id": 206881858,
        "state": "West Bengal",
        "state_code": "19",
        "district": "Paschim Medinipur (\u09aa\u09b6\u09cd\u099a\u09bf\u09ae \u09ae\u09c7\u09a6\u09bf\u09a8\u09c0\u09aa\u09c1\u09b0)",
        "district_code": "18",
        "district_lgd": 318,
        "subdivision": "Kharagpur",
        "block_municipality": "Kharagpur Municipality",
        "mouza_name": "Inda / Kharagpur",
        "mouza_name_bn": "\u0987\u09bf\u09a8\u09cd\u09a6\u09be / \u0996\u09dc\u0997\u09aa\u09c1\u09b0",
        "jl_no": 142,
        "khasra_no": "170",
        "dag_no": 170,
        "khatian_no": 370,
        "owner_name": "Swastik",
        "owner_name_bn": "\u099c\u09c7\u09b2\u09be \u09aa\u09b0\u09bf\u09b7\u09a6",
        "ownership_type": "Panchayati Raj Civic Asset",
        "land_classification": "\u09b8\u09b0\u0995\u09be\u09b0\u09bf \u0996\u09be\u09b8 (Sarkari Khas)",
        "legal_area_sqm": 220.65,
        "gis_area_sqm": 221.98,
        "physical_area_sqm": 221.98,
        "area_discrepancy_pct": 0.6,
        "area_bengali": "0 \u09ac\u09bf\u0998\u09be 3 \u0995\u09be\u09a0\u09be 4.8 \u099b\u099f\u09be\u0995",
        "area_english": "0 Bigha 3 Katha 4.8 Chhatak",
        "status": "VERIFIED",
        "cors_datum": "Survey of India KGP1 (Kharagpur) CORS Station",
        "target_crs": "EPSG:7755 / EPSG:4326",
        "survey_source": "OpenStreetMap Real Footprints + Banglarbhumi RoR",
        "confidence_semi_major_m": 0.042,
        "confidence_semi_minor_m": 0.028
      }
    },
    {
      "type": "Feature",
      "id": "west-medinipur-dag-171",
      "geometry": {
        "type": "Polygon",
        "coordinates": [
          [
            [
              87.316588,
              22.421734
            ],
            [
              87.316518,
              22.421527
            ],
            [
              87.316975,
              22.421397
            ],
            [
              87.31705,
              22.421608
            ],
            [
              87.316588,
              22.421734
            ]
          ]
        ]
      },
      "properties": {
        "ulpin": "191842163167",
        "osm_id": 208098905,
        "state": "West Bengal",
        "state_code": "19",
        "district": "Paschim Medinipur (\u09aa\u09b6\u09cd\u099a\u09bf\u09ae \u09ae\u09c7\u09a6\u09bf\u09a8\u09c0\u09aa\u09c1\u09b0)",
        "district_code": "18",
        "district_lgd": 318,
        "subdivision": "Kharagpur",
        "block_municipality": "Kharagpur I",
        "mouza_name": "Nimpura Industrial",
        "mouza_name_bn": "\u09a8\u09bf\u09ae\u09aa\u09c1\u09b0\u09be \u09b6\u09bf\u09b2\u09cd\u09aa\u09be\u099e\u09cd\u099a\u09b2",
        "jl_no": 156,
        "khasra_no": "171",
        "dag_no": 171,
        "khatian_no": 371,
        "owner_name": "work strated",
        "owner_name_bn": "\u0986\u0987\u0986\u0987\u099f\u09bf \u0996\u09dc\u0997\u09aa\u09c1\u09b0",
        "ownership_type": "Central Autonomous Institutional",
        "land_classification": "\u09b8\u09b0\u0995\u09be\u09b0\u09bf \u0996\u09be\u09b8 (Sarkari Khas)",
        "legal_area_sqm": 1204.28,
        "gis_area_sqm": 1198.29,
        "physical_area_sqm": 1198.29,
        "area_discrepancy_pct": 0.5,
        "area_bengali": "0 \u09ac\u09bf\u0998\u09be 18 \u0995\u09be\u09a0\u09be 0.1 \u099b\u099f\u09be\u0995",
        "area_english": "0 Bigha 18 Katha 0.1 Chhatak",
        "status": "VERIFIED",
        "cors_datum": "Survey of India KGP1 (Kharagpur) CORS Station",
        "target_crs": "EPSG:7755 / EPSG:4326",
        "survey_source": "OpenStreetMap Real Footprints + Banglarbhumi RoR",
        "confidence_semi_major_m": 0.042,
        "confidence_semi_minor_m": 0.028
      }
    },
    {
      "type": "Feature",
      "id": "west-medinipur-dag-172",
      "geometry": {
        "type": "Polygon",
        "coordinates": [
          [
            [
              87.316669,
              22.42357
            ],
            [
              87.316727,
              22.423672
            ],
            [
              87.316558,
              22.423769
            ],
            [
              87.316457,
              22.423616
            ],
            [
              87.316609,
              22.423544
            ],
            [
              87.316625,
              22.423589
            ],
            [
              87.316669,
              22.42357
            ]
          ]
        ]
      },
      "properties": {
        "ulpin": "191842363166",
        "osm_id": 208270544,
        "state": "West Bengal",
        "state_code": "19",
        "district": "Paschim Medinipur (\u09aa\u09b6\u09cd\u099a\u09bf\u09ae \u09ae\u09c7\u09a6\u09bf\u09a8\u09c0\u09aa\u09c1\u09b0)",
        "district_code": "18",
        "district_lgd": 318,
        "subdivision": "Kharagpur",
        "block_municipality": "Kharagpur I",
        "mouza_name": "Hijli Institutional",
        "mouza_name_bn": "\u09b9\u09bf\u099c\u09b2\u09bf / \u0986\u0987\u0986\u0987\u099f\u09bf",
        "jl_no": 165,
        "khasra_no": "172",
        "dag_no": 172,
        "khatian_no": 372,
        "owner_name": "South Eastern Railway Administration (KGP Division)",
        "owner_name_bn": "\u09a6\u0995\u09cd\u09b7\u09bf\u09a3 \u09aa\u09c2\u09b0\u09cd\u09ac \u09b0\u09c7\u09b2\u0993\u09af\u09bc\u09c7",
        "ownership_type": "Central Govt Infrastructure",
        "land_classification": "\u09b8\u09b0\u0995\u09be\u09b0\u09bf \u0996\u09be\u09b8 (Sarkari Khas)",
        "legal_area_sqm": 369.85,
        "gis_area_sqm": 375.1,
        "physical_area_sqm": 375.1,
        "area_discrepancy_pct": 1.42,
        "area_bengali": "0 \u09ac\u09bf\u0998\u09be 5 \u0995\u09be\u09a0\u09be 8.5 \u099b\u099f\u09be\u0995",
        "area_english": "0 Bigha 5 Katha 8.5 Chhatak",
        "status": "VERIFIED",
        "cors_datum": "Survey of India KGP1 (Kharagpur) CORS Station",
        "target_crs": "EPSG:7755 / EPSG:4326",
        "survey_source": "OpenStreetMap Real Footprints + Banglarbhumi RoR",
        "confidence_semi_major_m": 0.042,
        "confidence_semi_minor_m": 0.028
      }
    },
    {
      "type": "Feature",
      "id": "west-medinipur-dag-173",
      "geometry": {
        "type": "Polygon",
        "coordinates": [
          [
            [
              87.319406,
              22.429332
            ],
            [
              87.319647,
              22.429243
            ],
            [
              87.319706,
              22.429411
            ],
            [
              87.319486,
              22.429496
            ],
            [
              87.319406,
              22.429332
            ]
          ]
        ]
      },
      "properties": {
        "ulpin": "191842933195",
        "osm_id": 208271799,
        "state": "West Bengal",
        "state_code": "19",
        "district": "Paschim Medinipur (\u09aa\u09b6\u09cd\u099a\u09bf\u09ae \u09ae\u09c7\u09a6\u09bf\u09a8\u09c0\u09aa\u09c1\u09b0)",
        "district_code": "18",
        "district_lgd": 318,
        "subdivision": "Midnapore Sadar",
        "block_municipality": "Midnapore Municipality",
        "mouza_name": "Medinipur Town",
        "mouza_name_bn": "\u09ae\u09c7\u09a6\u09bf\u09a8\u09c0\u09aa\u09c1\u09b0 \u09b6\u09b9\u09b0",
        "jl_no": 110,
        "khasra_no": "173",
        "dag_no": 173,
        "khatian_no": 373,
        "owner_name": "West Bengal Industrial Development Corporation (WBIDC Nimpura)",
        "owner_name_bn": "\u09b0\u09be\u099c\u09cd\u09af \u09b6\u09bf\u09b2\u09cd\u09aa \u09a8\u09bf\u0997\u09ae",
        "ownership_type": "State Govt Industrial Park",
        "land_classification": "\u0995\u09b2\u0995\u09be\u09b0\u0996\u09be\u09a8\u09be (Karkhana)",
        "legal_area_sqm": 502.65,
        "gis_area_sqm": 504.16,
        "physical_area_sqm": 504.16,
        "area_discrepancy_pct": 0.3,
        "area_bengali": "0 \u09ac\u09bf\u0998\u09be 7 \u0995\u09be\u09a0\u09be 8.2 \u099b\u099f\u09be\u0995",
        "area_english": "0 Bigha 7 Katha 8.2 Chhatak",
        "status": "VERIFIED",
        "cors_datum": "Survey of India KGP1 (Kharagpur) CORS Station",
        "target_crs": "EPSG:7755 / EPSG:4326",
        "survey_source": "OpenStreetMap Real Footprints + Banglarbhumi RoR",
        "confidence_semi_major_m": 0.042,
        "confidence_semi_minor_m": 0.028
      }
    },
    {
      "type": "Feature",
      "id": "west-medinipur-dag-174",
      "geometry": {
        "type": "Polygon",
        "coordinates": [
          [
            [
              87.281774,
              22.418507
            ],
            [
              87.281678,
              22.418328
            ],
            [
              87.281925,
              22.41819
            ],
            [
              87.282056,
              22.418356
            ],
            [
              87.281774,
              22.418507
            ]
          ]
        ]
      },
      "properties": {
        "ulpin": "191841832818",
        "osm_id": 208410188,
        "state": "West Bengal",
        "state_code": "19",
        "district": "Paschim Medinipur (\u09aa\u09b6\u09cd\u099a\u09bf\u09ae \u09ae\u09c7\u09a6\u09bf\u09a8\u09c0\u09aa\u09c1\u09b0)",
        "district_code": "18",
        "district_lgd": 318,
        "subdivision": "Kharagpur",
        "block_municipality": "Kharagpur Municipality",
        "mouza_name": "Inda / Kharagpur",
        "mouza_name_bn": "\u0987\u09bf\u09a8\u09cd\u09a6\u09be / \u0996\u09dc\u0997\u09aa\u09c1\u09b0",
        "jl_no": 142,
        "khasra_no": "174",
        "dag_no": 174,
        "khatian_no": 374,
        "owner_name": "Midnapore District Collectorate & Court Estate",
        "owner_name_bn": "\u09ae\u09c7\u09a6\u09bf\u09a8\u09c0\u09aa\u09c1\u09b0 \u099c\u09c7\u09b2\u09be \u09aa\u09cd\u09b0\u09b6\u09be\u09b8\u09a8",
        "ownership_type": "District Administrative Estate",
        "land_classification": "\u09b8\u09b0\u0995\u09be\u09b0\u09bf \u0996\u09be\u09b8 (Sarkari Khas)",
        "legal_area_sqm": 711.4,
        "gis_area_sqm": 705.75,
        "physical_area_sqm": 705.75,
        "area_discrepancy_pct": 0.79,
        "area_bengali": "0 \u09ac\u09bf\u0998\u09be 10 \u0995\u09be\u09a0\u09be 10.2 \u099b\u099f\u09be\u0995",
        "area_english": "0 Bigha 10 Katha 10.2 Chhatak",
        "status": "VERIFIED",
        "cors_datum": "Survey of India KGP1 (Kharagpur) CORS Station",
        "target_crs": "EPSG:7755 / EPSG:4326",
        "survey_source": "OpenStreetMap Real Footprints + Banglarbhumi RoR",
        "confidence_semi_major_m": 0.042,
        "confidence_semi_minor_m": 0.028
      }
    },
    {
      "type": "Feature",
      "id": "west-medinipur-dag-175",
      "geometry": {
        "type": "Polygon",
        "coordinates": [
          [
            [
              87.31029,
              22.425931
            ],
            [
              87.310474,
              22.426392
            ],
            [
              87.310833,
              22.426268
            ],
            [
              87.310628,
              22.425777
            ],
            [
              87.310898,
              22.425661
            ],
            [
              87.311193,
              22.426659
            ],
            [
              87.309803,
              22.42722
            ],
            [
              87.309491,
              22.426279
            ],
            [
              87.31029,
              22.425931
            ]
          ]
        ]
      },
      "properties": {
        "ulpin": "191842623104",
        "osm_id": 208916444,
        "state": "West Bengal",
        "state_code": "19",
        "district": "Paschim Medinipur (\u09aa\u09b6\u09cd\u099a\u09bf\u09ae \u09ae\u09c7\u09a6\u09bf\u09a8\u09c0\u09aa\u09c1\u09b0)",
        "district_code": "18",
        "district_lgd": 318,
        "subdivision": "Kharagpur",
        "block_municipality": "Kharagpur I",
        "mouza_name": "Nimpura Industrial",
        "mouza_name_bn": "\u09a8\u09bf\u09ae\u09aa\u09c1\u09b0\u09be \u09b6\u09bf\u09b2\u09cd\u09aa\u09be\u099e\u09cd\u099a\u09b2",
        "jl_no": 156,
        "khasra_no": "175",
        "dag_no": 175,
        "khatian_no": 375,
        "owner_name": "Tata Metaliks Limited (Kharagpur Plant)",
        "owner_name_bn": "\u099f\u09be\u099f\u09be \u09ae\u09c7\u099f\u09be\u09b2\u09bf\u0995\u09cd\u09b8 \u09b2\u09bf\u09ae\u09bf\u099f\u09c7\u09a1",
        "ownership_type": "Corporate Heavy Industrial",
        "land_classification": "\u09b8\u09b0\u0995\u09be\u09b0\u09bf \u0996\u09be\u09b8 (Sarkari Khas)",
        "legal_area_sqm": 15089.59,
        "gis_area_sqm": 15257.42,
        "physical_area_sqm": 15257.42,
        "area_discrepancy_pct": 1.11,
        "area_bengali": "11 \u09ac\u09bf\u0998\u09be 5 \u0995\u09be\u09a0\u09be 9.4 \u099b\u099f\u09be\u0995",
        "area_english": "11 Bigha 5 Katha 9.4 Chhatak",
        "status": "VERIFIED",
        "cors_datum": "Survey of India KGP1 (Kharagpur) CORS Station",
        "target_crs": "EPSG:7755 / EPSG:4326",
        "survey_source": "OpenStreetMap Real Footprints + Banglarbhumi RoR",
        "confidence_semi_major_m": 0.042,
        "confidence_semi_minor_m": 0.028
      }
    },
    {
      "type": "Feature",
      "id": "west-medinipur-dag-176",
      "geometry": {
        "type": "Polygon",
        "coordinates": [
          [
            [
              87.323974,
              22.418194
            ],
            [
              87.324001,
              22.418248
            ],
            [
              87.324092,
              22.418209
            ],
            [
              87.324066,
              22.418155
            ],
            [
              87.323974,
              22.418194
            ]
          ]
        ]
      },
      "properties": {
        "ulpin": "191841823240",
        "osm_id": 208916445,
        "state": "West Bengal",
        "state_code": "19",
        "district": "Paschim Medinipur (\u09aa\u09b6\u09cd\u099a\u09bf\u09ae \u09ae\u09c7\u09a6\u09bf\u09a8\u09c0\u09aa\u09c1\u09b0)",
        "district_code": "18",
        "district_lgd": 318,
        "subdivision": "Kharagpur",
        "block_municipality": "Kharagpur I",
        "mouza_name": "Hijli Institutional",
        "mouza_name_bn": "\u09b9\u09bf\u099c\u09b2\u09bf / \u0986\u0987\u0986\u0987\u099f\u09bf",
        "jl_no": 165,
        "khasra_no": "176",
        "dag_no": 176,
        "khatian_no": 376,
        "owner_name": "BattataclChawk Kali Mondir",
        "owner_name_bn": "\u09ae\u09c7\u09a6\u09bf\u09a8\u09c0\u09aa\u09c1\u09b0 \u0995\u09b2\u09c7\u099c",
        "ownership_type": "Higher Educational Institution",
        "land_classification": "\u09b8\u09b0\u0995\u09be\u09b0\u09bf \u0996\u09be\u09b8 (Sarkari Khas)",
        "legal_area_sqm": 67.98,
        "gis_area_sqm": 67.98,
        "physical_area_sqm": 67.98,
        "area_discrepancy_pct": 0.0,
        "area_bengali": "0 \u09ac\u09bf\u0998\u09be 1 \u0995\u09be\u09a0\u09be 0.3 \u099b\u099f\u09be\u0995",
        "area_english": "0 Bigha 1 Katha 0.3 Chhatak",
        "status": "VERIFIED",
        "cors_datum": "Survey of India KGP1 (Kharagpur) CORS Station",
        "target_crs": "EPSG:7755 / EPSG:4326",
        "survey_source": "OpenStreetMap Real Footprints + Banglarbhumi RoR",
        "confidence_semi_major_m": 0.042,
        "confidence_semi_minor_m": 0.028
      }
    },
    {
      "type": "Feature",
      "id": "west-medinipur-dag-177",
      "geometry": {
        "type": "Polygon",
        "coordinates": [
          [
            [
              87.312877,
              22.414093
            ],
            [
              87.312925,
              22.414203
            ],
            [
              87.313027,
              22.414143
            ],
            [
              87.312974,
              22.414039
            ],
            [
              87.312877,
              22.414093
            ]
          ]
        ]
      },
      "properties": {
        "ulpin": "191841413129",
        "osm_id": 208916447,
        "state": "West Bengal",
        "state_code": "19",
        "district": "Paschim Medinipur (\u09aa\u09b6\u09cd\u099a\u09bf\u09ae \u09ae\u09c7\u09a6\u09bf\u09a8\u09c0\u09aa\u09c1\u09b0)",
        "district_code": "18",
        "district_lgd": 318,
        "subdivision": "Midnapore Sadar",
        "block_municipality": "Midnapore Municipality",
        "mouza_name": "Medinipur Town",
        "mouza_name_bn": "\u09ae\u09c7\u09a6\u09bf\u09a8\u09c0\u09aa\u09c1\u09b0 \u09b6\u09b9\u09b0",
        "jl_no": 110,
        "khasra_no": "177",
        "dag_no": 177,
        "khatian_no": 377,
        "owner_name": "Maa Abhya Kali",
        "owner_name_bn": "\u09ac\u09bf\u09a6\u09cd\u09af\u09be\u09b8\u09be\u0997\u09b0 \u09ac\u09bf\u09b6\u09cd\u09ac\u09ac\u09bf\u09a6\u09cd\u09af\u09be\u09b2\u09af\u09bc",
        "ownership_type": "University Institutional",
        "land_classification": "\u09b8\u09b0\u0995\u09be\u09b0\u09bf \u0996\u09be\u09b8 (Sarkari Khas)",
        "legal_area_sqm": 155.58,
        "gis_area_sqm": 153.89,
        "physical_area_sqm": 153.89,
        "area_discrepancy_pct": 1.09,
        "area_bengali": "0 \u09ac\u09bf\u0998\u09be 2 \u0995\u09be\u09a0\u09be 5.2 \u099b\u099f\u09be\u0995",
        "area_english": "0 Bigha 2 Katha 5.2 Chhatak",
        "status": "VERIFIED",
        "cors_datum": "Survey of India KGP1 (Kharagpur) CORS Station",
        "target_crs": "EPSG:7755 / EPSG:4326",
        "survey_source": "OpenStreetMap Real Footprints + Banglarbhumi RoR",
        "confidence_semi_major_m": 0.042,
        "confidence_semi_minor_m": 0.028
      }
    },
    {
      "type": "Feature",
      "id": "west-medinipur-dag-178",
      "geometry": {
        "type": "Polygon",
        "coordinates": [
          [
            [
              87.310458,
              22.426154
            ],
            [
              87.310501,
              22.426243
            ],
            [
              87.310763,
              22.426148
            ],
            [
              87.310731,
              22.426069
            ],
            [
              87.310458,
              22.426154
            ]
          ]
        ]
      },
      "properties": {
        "ulpin": "191842613105",
        "osm_id": 208916449,
        "state": "West Bengal",
        "state_code": "19",
        "district": "Paschim Medinipur (\u09aa\u09b6\u09cd\u099a\u09bf\u09ae \u09ae\u09c7\u09a6\u09bf\u09a8\u09c0\u09aa\u09c1\u09b0)",
        "district_code": "18",
        "district_lgd": 318,
        "subdivision": "Kharagpur",
        "block_municipality": "Kharagpur Municipality",
        "mouza_name": "Inda / Kharagpur",
        "mouza_name_bn": "\u0987\u09bf\u09a8\u09cd\u09a6\u09be / \u0996\u09dc\u0997\u09aa\u09c1\u09b0",
        "jl_no": 142,
        "khasra_no": "178",
        "dag_no": 178,
        "khatian_no": 378,
        "owner_name": "Puritan Charch",
        "owner_name_bn": "\u09ac\u09cd\u09af\u0995\u09cd\u09a4\u09bf\u0997\u09a4 \u09b0\u09be\u09af\u09bc\u09a4",
        "ownership_type": "Private Freehold Ryot",
        "land_classification": "\u09b8\u09b0\u0995\u09be\u09b0\u09bf \u0996\u09be\u09b8 (Sarkari Khas)",
        "legal_area_sqm": 291.72,
        "gis_area_sqm": 294.07,
        "physical_area_sqm": 294.07,
        "area_discrepancy_pct": 0.81,
        "area_bengali": "0 \u09ac\u09bf\u0998\u09be 4 \u0995\u09be\u09a0\u09be 5.8 \u099b\u099f\u09be\u0995",
        "area_english": "0 Bigha 4 Katha 5.8 Chhatak",
        "status": "VERIFIED",
        "cors_datum": "Survey of India KGP1 (Kharagpur) CORS Station",
        "target_crs": "EPSG:7755 / EPSG:4326",
        "survey_source": "OpenStreetMap Real Footprints + Banglarbhumi RoR",
        "confidence_semi_major_m": 0.042,
        "confidence_semi_minor_m": 0.028
      }
    },
    {
      "type": "Feature",
      "id": "west-medinipur-dag-179",
      "geometry": {
        "type": "Polygon",
        "coordinates": [
          [
            [
              87.29791,
              22.417436
            ],
            [
              87.298376,
              22.41735
            ],
            [
              87.298354,
              22.417174
            ],
            [
              87.297891,
              22.417166
            ],
            [
              87.29791,
              22.417436
            ]
          ]
        ]
      },
      "properties": {
        "ulpin": "191841732980",
        "osm_id": 208918255,
        "state": "West Bengal",
        "state_code": "19",
        "district": "Paschim Medinipur (\u09aa\u09b6\u09cd\u099a\u09bf\u09ae \u09ae\u09c7\u09a6\u09bf\u09a8\u09c0\u09aa\u09c1\u09b0)",
        "district_code": "18",
        "district_lgd": 318,
        "subdivision": "Kharagpur",
        "block_municipality": "Kharagpur I",
        "mouza_name": "Nimpura Industrial",
        "mouza_name_bn": "\u09a8\u09bf\u09ae\u09aa\u09c1\u09b0\u09be \u09b6\u09bf\u09b2\u09cd\u09aa\u09be\u099e\u09cd\u099a\u09b2",
        "jl_no": 156,
        "khasra_no": "179",
        "dag_no": 179,
        "khatian_no": 379,
        "owner_name": "Vidyasagar Institute of Health",
        "owner_name_bn": "\u0995\u09c3\u09b7\u09bf \u09b0\u09be\u09af\u09bc\u09a4",
        "ownership_type": "Agricultural Paddy Farmer",
        "land_classification": "\u09b8\u09b0\u0995\u09be\u09b0\u09bf \u0996\u09be\u09b8 (Sarkari Khas)",
        "legal_area_sqm": 1191.24,
        "gis_area_sqm": 1187.68,
        "physical_area_sqm": 1187.68,
        "area_discrepancy_pct": 0.3,
        "area_bengali": "0 \u09ac\u09bf\u0998\u09be 17 \u0995\u09be\u09a0\u09be 12.9 \u099b\u099f\u09be\u0995",
        "area_english": "0 Bigha 17 Katha 12.9 Chhatak",
        "status": "VERIFIED",
        "cors_datum": "Survey of India KGP1 (Kharagpur) CORS Station",
        "target_crs": "EPSG:7755 / EPSG:4326",
        "survey_source": "OpenStreetMap Real Footprints + Banglarbhumi RoR",
        "confidence_semi_major_m": 0.042,
        "confidence_semi_minor_m": 0.028
      }
    },
    {
      "type": "Feature",
      "id": "west-medinipur-dag-180",
      "geometry": {
        "type": "Polygon",
        "coordinates": [
          [
            [
              87.310431,
              22.422697
            ],
            [
              87.310602,
              22.422672
            ],
            [
              87.310592,
              22.422553
            ],
            [
              87.310415,
              22.422578
            ],
            [
              87.310431,
              22.422697
            ]
          ]
        ]
      },
      "properties": {
        "ulpin": "191842263104",
        "osm_id": 208918256,
        "state": "West Bengal",
        "state_code": "19",
        "district": "Paschim Medinipur (\u09aa\u09b6\u09cd\u099a\u09bf\u09ae \u09ae\u09c7\u09a6\u09bf\u09a8\u09c0\u09aa\u09c1\u09b0)",
        "district_code": "18",
        "district_lgd": 318,
        "subdivision": "Kharagpur",
        "block_municipality": "Kharagpur I",
        "mouza_name": "Hijli Institutional",
        "mouza_name_bn": "\u09b9\u09bf\u099c\u09b2\u09bf / \u0986\u0987\u0986\u0987\u099f\u09bf",
        "jl_no": 165,
        "khasra_no": "180",
        "dag_no": 180,
        "khatian_no": 380,
        "owner_name": "Shiv",
        "owner_name_bn": "\u09ac\u09be\u09a3\u09bf\u099c\u09cd\u09af\u09bf\u0995 \u09a6\u09cb\u0995\u09be\u09a8",
        "ownership_type": "Commercial Hardware Enterprise",
        "land_classification": "\u09b8\u09b0\u0995\u09be\u09b0\u09bf \u0996\u09be\u09b8 (Sarkari Khas)",
        "legal_area_sqm": 242.64,
        "gis_area_sqm": 239.29,
        "physical_area_sqm": 239.29,
        "area_discrepancy_pct": 1.38,
        "area_bengali": "0 \u09ac\u09bf\u0998\u09be 3 \u0995\u09be\u09a0\u09be 10.0 \u099b\u099f\u09be\u0995",
        "area_english": "0 Bigha 3 Katha 10.0 Chhatak",
        "status": "VERIFIED",
        "cors_datum": "Survey of India KGP1 (Kharagpur) CORS Station",
        "target_crs": "EPSG:7755 / EPSG:4326",
        "survey_source": "OpenStreetMap Real Footprints + Banglarbhumi RoR",
        "confidence_semi_major_m": 0.042,
        "confidence_semi_minor_m": 0.028
      }
    },
    {
      "type": "Feature",
      "id": "west-medinipur-dag-181",
      "geometry": {
        "type": "Polygon",
        "coordinates": [
          [
            [
              87.300609,
              22.419242
            ],
            [
              87.30073,
              22.419288
            ],
            [
              87.300814,
              22.419317
            ],
            [
              87.300887,
              22.419326
            ],
            [
              87.301002,
              22.419365
            ],
            [
              87.30109,
              22.41939
            ],
            [
              87.30116,
              22.419186
            ],
            [
              87.301037,
              22.419117
            ],
            [
              87.301054,
              22.419003
            ],
            [
              87.301151,
              22.418874
            ],
            [
              87.301043,
              22.418656
            ],
            [
              87.30078,
              22.4187
            ],
            [
              87.300871,
              22.419082
            ],
            [
              87.300973,
              22.419235
            ],
            [
              87.300611,
              22.419109
            ],
            [
              87.300609,
              22.419242
            ]
          ]
        ]
      },
      "properties": {
        "ulpin": "191841913009",
        "osm_id": 208918257,
        "state": "West Bengal",
        "state_code": "19",
        "district": "Paschim Medinipur (\u09aa\u09b6\u09cd\u099a\u09bf\u09ae \u09ae\u09c7\u09a6\u09bf\u09a8\u09c0\u09aa\u09c1\u09b0)",
        "district_code": "18",
        "district_lgd": 318,
        "subdivision": "Midnapore Sadar",
        "block_municipality": "Midnapore Municipality",
        "mouza_name": "Medinipur Town",
        "mouza_name_bn": "\u09ae\u09c7\u09a6\u09bf\u09a8\u09c0\u09aa\u09c1\u09b0 \u09b6\u09b9\u09b0",
        "jl_no": 110,
        "khasra_no": "181",
        "dag_no": 181,
        "khatian_no": 381,
        "owner_name": "Midnapore ITI",
        "owner_name_bn": "\u09aa\u09c8\u09a4\u09c3\u0995 \u09ac\u09be\u09b8\u09cd\u09a4\u09c1",
        "ownership_type": "Hereditary Homestead Ryot",
        "land_classification": "\u09b8\u09b0\u0995\u09be\u09b0\u09bf \u0996\u09be\u09b8 (Sarkari Khas)",
        "legal_area_sqm": 2311.51,
        "gis_area_sqm": 2323.13,
        "physical_area_sqm": 2323.13,
        "area_discrepancy_pct": 0.5,
        "area_bengali": "1 \u09ac\u09bf\u0998\u09be 14 \u0995\u09be\u09a0\u09be 8.9 \u099b\u099f\u09be\u0995",
        "area_english": "1 Bigha 14 Katha 8.9 Chhatak",
        "status": "VERIFIED",
        "cors_datum": "Survey of India KGP1 (Kharagpur) CORS Station",
        "target_crs": "EPSG:7755 / EPSG:4326",
        "survey_source": "OpenStreetMap Real Footprints + Banglarbhumi RoR",
        "confidence_semi_major_m": 0.042,
        "confidence_semi_minor_m": 0.028
      }
    },
    {
      "type": "Feature",
      "id": "west-medinipur-dag-182",
      "geometry": {
        "type": "Polygon",
        "coordinates": [
          [
            [
              87.309819,
              22.425325
            ],
            [
              87.309851,
              22.425449
            ],
            [
              87.309927,
              22.425425
            ],
            [
              87.309894,
              22.425316
            ],
            [
              87.309819,
              22.425325
            ]
          ]
        ]
      },
      "properties": {
        "ulpin": "191842533098",
        "osm_id": 208918258,
        "state": "West Bengal",
        "state_code": "19",
        "district": "Paschim Medinipur (\u09aa\u09b6\u09cd\u099a\u09bf\u09ae \u09ae\u09c7\u09a6\u09bf\u09a8\u09c0\u09aa\u09c1\u09b0)",
        "district_code": "18",
        "district_lgd": 318,
        "subdivision": "Kharagpur",
        "block_municipality": "Kharagpur Municipality",
        "mouza_name": "Inda / Kharagpur",
        "mouza_name_bn": "\u0987\u09bf\u09a8\u09cd\u09a6\u09be / \u0996\u09dc\u0997\u09aa\u09c1\u09b0",
        "jl_no": 142,
        "khasra_no": "182",
        "dag_no": 182,
        "khatian_no": 382,
        "owner_name": "Shiv O Kali",
        "owner_name_bn": "\u09ac\u09cd\u09af\u0995\u09cd\u09a4\u09bf\u0997\u09a4 \u09ac\u09be\u09b8\u09cd\u09a4\u09c1",
        "ownership_type": "Private Homestead",
        "land_classification": "\u09b8\u09b0\u0995\u09be\u09b0\u09bf \u0996\u09be\u09b8 (Sarkari Khas)",
        "legal_area_sqm": 106.82,
        "gis_area_sqm": 106.18,
        "physical_area_sqm": 106.18,
        "area_discrepancy_pct": 0.6,
        "area_bengali": "0 \u09ac\u09bf\u0998\u09be 1 \u0995\u09be\u09a0\u09be 9.6 \u099b\u099f\u09be\u0995",
        "area_english": "0 Bigha 1 Katha 9.6 Chhatak",
        "status": "VERIFIED",
        "cors_datum": "Survey of India KGP1 (Kharagpur) CORS Station",
        "target_crs": "EPSG:7755 / EPSG:4326",
        "survey_source": "OpenStreetMap Real Footprints + Banglarbhumi RoR",
        "confidence_semi_major_m": 0.042,
        "confidence_semi_minor_m": 0.028
      }
    },
    {
      "type": "Feature",
      "id": "west-medinipur-dag-183",
      "geometry": {
        "type": "Polygon",
        "coordinates": [
          [
            [
              87.313961,
              22.416023
            ],
            [
              87.314031,
              22.415948
            ],
            [
              87.314073,
              22.415988
            ],
            [
              87.313961,
              22.416023
            ]
          ]
        ]
      },
      "properties": {
        "ulpin": "191841593140",
        "osm_id": 208918260,
        "state": "West Bengal",
        "state_code": "19",
        "district": "Paschim Medinipur (\u09aa\u09b6\u09cd\u099a\u09bf\u09ae \u09ae\u09c7\u09a6\u09bf\u09a8\u09c0\u09aa\u09c1\u09b0)",
        "district_code": "18",
        "district_lgd": 318,
        "subdivision": "Kharagpur",
        "block_municipality": "Kharagpur I",
        "mouza_name": "Nimpura Industrial",
        "mouza_name_bn": "\u09a8\u09bf\u09ae\u09aa\u09c1\u09b0\u09be \u09b6\u09bf\u09b2\u09cd\u09aa\u09be\u099e\u09cd\u099a\u09b2",
        "jl_no": 156,
        "khasra_no": "183",
        "dag_no": 183,
        "khatian_no": 383,
        "owner_name": "Maa Kali",
        "owner_name_bn": "\u09af\u09cc\u09a5 \u0996\u09a4\u09bf\u09af\u09bc\u09be\u09a8",
        "ownership_type": "Joint Agricultural Estate",
        "land_classification": "\u09b8\u09b0\u0995\u09be\u09b0\u09bf \u0996\u09be\u09b8 (Sarkari Khas)",
        "legal_area_sqm": 33.41,
        "gis_area_sqm": 33.85,
        "physical_area_sqm": 33.85,
        "area_discrepancy_pct": 1.32,
        "area_bengali": "0 \u09ac\u09bf\u0998\u09be 0 \u0995\u09be\u09a0\u09be 8.0 \u099b\u099f\u09be\u0995",
        "area_english": "0 Bigha 0 Katha 8.0 Chhatak",
        "status": "VERIFIED",
        "cors_datum": "Survey of India KGP1 (Kharagpur) CORS Station",
        "target_crs": "EPSG:7755 / EPSG:4326",
        "survey_source": "OpenStreetMap Real Footprints + Banglarbhumi RoR",
        "confidence_semi_major_m": 0.042,
        "confidence_semi_minor_m": 0.028
      }
    },
    {
      "type": "Feature",
      "id": "west-medinipur-dag-184",
      "geometry": {
        "type": "Polygon",
        "coordinates": [
          [
            [
              87.299214,
              22.427301
            ],
            [
              87.29952,
              22.427587
            ],
            [
              87.299466,
              22.427651
            ],
            [
              87.299163,
              22.427343
            ],
            [
              87.299214,
              22.427301
            ]
          ]
        ]
      },
      "properties": {
        "ulpin": "191842742993",
        "osm_id": 211194558,
        "state": "West Bengal",
        "state_code": "19",
        "district": "Paschim Medinipur (\u09aa\u09b6\u09cd\u099a\u09bf\u09ae \u09ae\u09c7\u09a6\u09bf\u09a8\u09c0\u09aa\u09c1\u09b0)",
        "district_code": "18",
        "district_lgd": 318,
        "subdivision": "Kharagpur",
        "block_municipality": "Kharagpur I",
        "mouza_name": "Hijli Institutional",
        "mouza_name_bn": "\u09b9\u09bf\u099c\u09b2\u09bf / \u0986\u0987\u0986\u0987\u099f\u09bf",
        "jl_no": 165,
        "khasra_no": "184",
        "dag_no": 184,
        "khatian_no": 384,
        "owner_name": "Paschim Medinipur Zilla Parishad",
        "owner_name_bn": "\u099c\u09c7\u09b2\u09be \u09aa\u09b0\u09bf\u09b7\u09a6",
        "ownership_type": "Panchayati Raj Civic Asset",
        "land_classification": "\u09b8\u09b0\u0995\u09be\u09b0\u09bf \u0996\u09be\u09b8 (Sarkari Khas)",
        "legal_area_sqm": 360.32,
        "gis_area_sqm": 361.04,
        "physical_area_sqm": 361.04,
        "area_discrepancy_pct": 0.2,
        "area_bengali": "0 \u09ac\u09bf\u0998\u09be 5 \u0995\u09be\u09a0\u09be 6.2 \u099b\u099f\u09be\u0995",
        "area_english": "0 Bigha 5 Katha 6.2 Chhatak",
        "status": "VERIFIED",
        "cors_datum": "Survey of India KGP1 (Kharagpur) CORS Station",
        "target_crs": "EPSG:7755 / EPSG:4326",
        "survey_source": "OpenStreetMap Real Footprints + Banglarbhumi RoR",
        "confidence_semi_major_m": 0.042,
        "confidence_semi_minor_m": 0.028
      }
    },
    {
      "type": "Feature",
      "id": "west-medinipur-dag-185",
      "geometry": {
        "type": "Polygon",
        "coordinates": [
          [
            [
              87.299552,
              22.427755
            ],
            [
              87.299622,
              22.427701
            ],
            [
              87.299863,
              22.428008
            ],
            [
              87.299772,
              22.428068
            ],
            [
              87.299552,
              22.427755
            ]
          ]
        ]
      },
      "properties": {
        "ulpin": "191842782996",
        "osm_id": 211194559,
        "state": "West Bengal",
        "state_code": "19",
        "district": "Paschim Medinipur (\u09aa\u09b6\u09cd\u099a\u09bf\u09ae \u09ae\u09c7\u09a6\u09bf\u09a8\u09c0\u09aa\u09c1\u09b0)",
        "district_code": "18",
        "district_lgd": 318,
        "subdivision": "Midnapore Sadar",
        "block_municipality": "Midnapore Municipality",
        "mouza_name": "Medinipur Town",
        "mouza_name_bn": "\u09ae\u09c7\u09a6\u09bf\u09a8\u09c0\u09aa\u09c1\u09b0 \u09b6\u09b9\u09b0",
        "jl_no": 110,
        "khasra_no": "185",
        "dag_no": 185,
        "khatian_no": 385,
        "owner_name": "Indian Institute of Technology (IIT) Kharagpur",
        "owner_name_bn": "\u0986\u0987\u0986\u0987\u099f\u09bf \u0996\u09dc\u0997\u09aa\u09c1\u09b0",
        "ownership_type": "Central Autonomous Institutional",
        "land_classification": "\u09b8\u09b0\u0995\u09be\u09b0\u09bf \u0996\u09be\u09b8 (Sarkari Khas)",
        "legal_area_sqm": 437.33,
        "gis_area_sqm": 433.43,
        "physical_area_sqm": 433.43,
        "area_discrepancy_pct": 0.89,
        "area_bengali": "0 \u09ac\u09bf\u0998\u09be 6 \u0995\u09be\u09a0\u09be 8.6 \u099b\u099f\u09be\u0995",
        "area_english": "0 Bigha 6 Katha 8.6 Chhatak",
        "status": "VERIFIED",
        "cors_datum": "Survey of India KGP1 (Kharagpur) CORS Station",
        "target_crs": "EPSG:7755 / EPSG:4326",
        "survey_source": "OpenStreetMap Real Footprints + Banglarbhumi RoR",
        "confidence_semi_major_m": 0.042,
        "confidence_semi_minor_m": 0.028
      }
    },
    {
      "type": "Feature",
      "id": "west-medinipur-dag-186",
      "geometry": {
        "type": "Polygon",
        "coordinates": [
          [
            [
              87.299364,
              22.427249
            ],
            [
              87.299455,
              22.427195
            ],
            [
              87.299691,
              22.427492
            ],
            [
              87.299606,
              22.427552
            ],
            [
              87.299364,
              22.427249
            ]
          ]
        ]
      },
      "properties": {
        "ulpin": "191842732994",
        "osm_id": 211194560,
        "state": "West Bengal",
        "state_code": "19",
        "district": "Paschim Medinipur (\u09aa\u09b6\u09cd\u099a\u09bf\u09ae \u09ae\u09c7\u09a6\u09bf\u09a8\u09c0\u09aa\u09c1\u09b0)",
        "district_code": "18",
        "district_lgd": 318,
        "subdivision": "Kharagpur",
        "block_municipality": "Kharagpur Municipality",
        "mouza_name": "Inda / Kharagpur",
        "mouza_name_bn": "\u0987\u09bf\u09a8\u09cd\u09a6\u09be / \u0996\u09dc\u0997\u09aa\u09c1\u09b0",
        "jl_no": 142,
        "khasra_no": "186",
        "dag_no": 186,
        "khatian_no": 386,
        "owner_name": "South Eastern Railway Administration (KGP Division)",
        "owner_name_bn": "\u09a6\u0995\u09cd\u09b7\u09bf\u09a3 \u09aa\u09c2\u09b0\u09cd\u09ac \u09b0\u09c7\u09b2\u0993\u09af\u09bc\u09c7",
        "ownership_type": "Central Govt Infrastructure",
        "land_classification": "\u09b8\u09b0\u0995\u09be\u09b0\u09bf \u0996\u09be\u09b8 (Sarkari Khas)",
        "legal_area_sqm": 450.83,
        "gis_area_sqm": 455.38,
        "physical_area_sqm": 455.38,
        "area_discrepancy_pct": 1.01,
        "area_bengali": "0 \u09ac\u09bf\u0998\u09be 6 \u0995\u09be\u09a0\u09be 11.8 \u099b\u099f\u09be\u0995",
        "area_english": "0 Bigha 6 Katha 11.8 Chhatak",
        "status": "VERIFIED",
        "cors_datum": "Survey of India KGP1 (Kharagpur) CORS Station",
        "target_crs": "EPSG:7755 / EPSG:4326",
        "survey_source": "OpenStreetMap Real Footprints + Banglarbhumi RoR",
        "confidence_semi_major_m": 0.042,
        "confidence_semi_minor_m": 0.028
      }
    },
    {
      "type": "Feature",
      "id": "west-medinipur-dag-187",
      "geometry": {
        "type": "Polygon",
        "coordinates": [
          [
            [
              87.299863,
              22.42663
            ],
            [
              87.300571,
              22.427522
            ],
            [
              87.300378,
              22.427651
            ],
            [
              87.299681,
              22.426748
            ],
            [
              87.299863,
              22.42663
            ]
          ]
        ]
      },
      "properties": {
        "ulpin": "191842703000",
        "osm_id": 211194563,
        "state": "West Bengal",
        "state_code": "19",
        "district": "Paschim Medinipur (\u09aa\u09b6\u09cd\u099a\u09bf\u09ae \u09ae\u09c7\u09a6\u09bf\u09a8\u09c0\u09aa\u09c1\u09b0)",
        "district_code": "18",
        "district_lgd": 318,
        "subdivision": "Kharagpur",
        "block_municipality": "Kharagpur I",
        "mouza_name": "Nimpura Industrial",
        "mouza_name_bn": "\u09a8\u09bf\u09ae\u09aa\u09c1\u09b0\u09be \u09b6\u09bf\u09b2\u09cd\u09aa\u09be\u099e\u09cd\u099a\u09b2",
        "jl_no": 156,
        "khasra_no": "187",
        "dag_no": 187,
        "khatian_no": 387,
        "owner_name": "West Bengal Industrial Development Corporation (WBIDC Nimpura)",
        "owner_name_bn": "\u09b0\u09be\u099c\u09cd\u09af \u09b6\u09bf\u09b2\u09cd\u09aa \u09a8\u09bf\u0997\u09ae",
        "ownership_type": "State Govt Industrial Park",
        "land_classification": "\u0995\u09b2\u0995\u09be\u09b0\u0996\u09be\u09a8\u09be (Karkhana)",
        "legal_area_sqm": 2904.76,
        "gis_area_sqm": 2901.86,
        "physical_area_sqm": 2901.86,
        "area_discrepancy_pct": 0.1,
        "area_bengali": "2 \u09ac\u09bf\u0998\u09be 3 \u0995\u09be\u09a0\u09be 6.8 \u099b\u099f\u09be\u0995",
        "area_english": "2 Bigha 3 Katha 6.8 Chhatak",
        "status": "VERIFIED",
        "cors_datum": "Survey of India KGP1 (Kharagpur) CORS Station",
        "target_crs": "EPSG:7755 / EPSG:4326",
        "survey_source": "OpenStreetMap Real Footprints + Banglarbhumi RoR",
        "confidence_semi_major_m": 0.042,
        "confidence_semi_minor_m": 0.028
      }
    },
    {
      "type": "Feature",
      "id": "west-medinipur-dag-188",
      "geometry": {
        "type": "Polygon",
        "coordinates": [
          [
            [
              87.300072,
              22.428063
            ],
            [
              87.300539,
              22.428658
            ],
            [
              87.300324,
              22.428782
            ],
            [
              87.299868,
              22.428196
            ],
            [
              87.300072,
              22.428063
            ]
          ]
        ]
      },
      "properties": {
        "ulpin": "191842833001",
        "osm_id": 211194564,
        "state": "West Bengal",
        "state_code": "19",
        "district": "Paschim Medinipur (\u09aa\u09b6\u09cd\u099a\u09bf\u09ae \u09ae\u09c7\u09a6\u09bf\u09a8\u09c0\u09aa\u09c1\u09b0)",
        "district_code": "18",
        "district_lgd": 318,
        "subdivision": "Kharagpur",
        "block_municipality": "Kharagpur I",
        "mouza_name": "Hijli Institutional",
        "mouza_name_bn": "\u09b9\u09bf\u099c\u09b2\u09bf / \u0986\u0987\u0986\u0987\u099f\u09bf",
        "jl_no": 165,
        "khasra_no": "188",
        "dag_no": 188,
        "khatian_no": 388,
        "owner_name": "Midnapore District Collectorate & Court Estate",
        "owner_name_bn": "\u09ae\u09c7\u09a6\u09bf\u09a8\u09c0\u09aa\u09c1\u09b0 \u099c\u09c7\u09b2\u09be \u09aa\u09cd\u09b0\u09b6\u09be\u09b8\u09a8",
        "ownership_type": "District Administrative Estate",
        "land_classification": "\u09b8\u09b0\u0995\u09be\u09b0\u09bf \u0996\u09be\u09b8 (Sarkari Khas)",
        "legal_area_sqm": 2107.32,
        "gis_area_sqm": 2082.33,
        "physical_area_sqm": 2082.33,
        "area_discrepancy_pct": 1.19,
        "area_bengali": "1 \u09ac\u09bf\u0998\u09be 11 \u0995\u09be\u09a0\u09be 8.1 \u099b\u099f\u09be\u0995",
        "area_english": "1 Bigha 11 Katha 8.1 Chhatak",
        "status": "VERIFIED",
        "cors_datum": "Survey of India KGP1 (Kharagpur) CORS Station",
        "target_crs": "EPSG:7755 / EPSG:4326",
        "survey_source": "OpenStreetMap Real Footprints + Banglarbhumi RoR",
        "confidence_semi_major_m": 0.042,
        "confidence_semi_minor_m": 0.028
      }
    },
    {
      "type": "Feature",
      "id": "west-medinipur-dag-189",
      "geometry": {
        "type": "Polygon",
        "coordinates": [
          [
            [
              87.300112,
              22.427832
            ],
            [
              87.300292,
              22.42772
            ],
            [
              87.299589,
              22.426803
            ],
            [
              87.299404,
              22.42692
            ],
            [
              87.300112,
              22.427832
            ]
          ]
        ]
      },
      "properties": {
        "ulpin": "191842742999",
        "osm_id": 211194565,
        "state": "West Bengal",
        "state_code": "19",
        "district": "Paschim Medinipur (\u09aa\u09b6\u09cd\u099a\u09bf\u09ae \u09ae\u09c7\u09a6\u09bf\u09a8\u09c0\u09aa\u09c1\u09b0)",
        "district_code": "18",
        "district_lgd": 318,
        "subdivision": "Midnapore Sadar",
        "block_municipality": "Midnapore Municipality",
        "mouza_name": "Medinipur Town",
        "mouza_name_bn": "\u09ae\u09c7\u09a6\u09bf\u09a8\u09c0\u09aa\u09c1\u09b0 \u09b6\u09b9\u09b0",
        "jl_no": 110,
        "khasra_no": "189",
        "dag_no": 189,
        "khatian_no": 389,
        "owner_name": "Tata Metaliks Limited (Kharagpur Plant)",
        "owner_name_bn": "\u099f\u09be\u099f\u09be \u09ae\u09c7\u099f\u09be\u09b2\u09bf\u0995\u09cd\u09b8 \u09b2\u09bf\u09ae\u09bf\u099f\u09c7\u09a1",
        "ownership_type": "Corporate Heavy Industrial",
        "land_classification": "\u0995\u09b2\u0995\u09be\u09b0\u0996\u09be\u09a8\u09be (Karkhana)",
        "legal_area_sqm": 2798.34,
        "gis_area_sqm": 2818.07,
        "physical_area_sqm": 2818.07,
        "area_discrepancy_pct": 0.71,
        "area_bengali": "2 \u09ac\u09bf\u0998\u09be 1 \u0995\u09be\u09a0\u09be 13.4 \u099b\u099f\u09be\u0995",
        "area_english": "2 Bigha 1 Katha 13.4 Chhatak",
        "status": "VERIFIED",
        "cors_datum": "Survey of India KGP1 (Kharagpur) CORS Station",
        "target_crs": "EPSG:7755 / EPSG:4326",
        "survey_source": "OpenStreetMap Real Footprints + Banglarbhumi RoR",
        "confidence_semi_major_m": 0.042,
        "confidence_semi_minor_m": 0.028
      }
    },
    {
      "type": "Feature",
      "id": "west-medinipur-dag-190",
      "geometry": {
        "type": "Polygon",
        "coordinates": [
          [
            [
              87.300373,
              22.427854
            ],
            [
              87.300839,
              22.428444
            ],
            [
              87.300646,
              22.428573
            ],
            [
              87.30018,
              22.427978
            ],
            [
              87.300373,
              22.427854
            ]
          ]
        ]
      },
      "properties": {
        "ulpin": "191842813004",
        "osm_id": 211194567,
        "state": "West Bengal",
        "state_code": "19",
        "district": "Paschim Medinipur (\u09aa\u09b6\u09cd\u099a\u09bf\u09ae \u09ae\u09c7\u09a6\u09bf\u09a8\u09c0\u09aa\u09c1\u09b0)",
        "district_code": "18",
        "district_lgd": 318,
        "subdivision": "Kharagpur",
        "block_municipality": "Kharagpur Municipality",
        "mouza_name": "Inda / Kharagpur",
        "mouza_name_bn": "\u0987\u09bf\u09a8\u09cd\u09a6\u09be / \u0996\u09dc\u0997\u09aa\u09c1\u09b0",
        "jl_no": 142,
        "khasra_no": "190",
        "dag_no": 190,
        "khatian_no": 390,
        "owner_name": "Midnapore College (Autonomous)",
        "owner_name_bn": "\u09ae\u09c7\u09a6\u09bf\u09a8\u09c0\u09aa\u09c1\u09b0 \u0995\u09b2\u09c7\u099c",
        "ownership_type": "Higher Educational Institution",
        "land_classification": "\u09ac\u09be\u09b8\u09cd\u09a4\u09c1 (Bastu)",
        "legal_area_sqm": 1979.73,
        "gis_area_sqm": 1971.84,
        "physical_area_sqm": 1971.84,
        "area_discrepancy_pct": 0.4,
        "area_bengali": "1 \u09ac\u09bf\u0998\u09be 9 \u0995\u09be\u09a0\u09be 9.5 \u099b\u099f\u09be\u0995",
        "area_english": "1 Bigha 9 Katha 9.5 Chhatak",
        "status": "VERIFIED",
        "cors_datum": "Survey of India KGP1 (Kharagpur) CORS Station",
        "target_crs": "EPSG:7755 / EPSG:4326",
        "survey_source": "OpenStreetMap Real Footprints + Banglarbhumi RoR",
        "confidence_semi_major_m": 0.042,
        "confidence_semi_minor_m": 0.028
      }
    },
    {
      "type": "Feature",
      "id": "west-medinipur-dag-191",
      "geometry": {
        "type": "Polygon",
        "coordinates": [
          [
            [
              87.299123,
              22.426758
            ],
            [
              87.299042,
              22.426823
            ],
            [
              87.29927,
              22.427123
            ],
            [
              87.299353,
              22.427076
            ],
            [
              87.299123,
              22.426758
            ]
          ]
        ]
      },
      "properties": {
        "ulpin": "191842692991",
        "osm_id": 211194568,
        "state": "West Bengal",
        "state_code": "19",
        "district": "Paschim Medinipur (\u09aa\u09b6\u09cd\u099a\u09bf\u09ae \u09ae\u09c7\u09a6\u09bf\u09a8\u09c0\u09aa\u09c1\u09b0)",
        "district_code": "18",
        "district_lgd": 318,
        "subdivision": "Kharagpur",
        "block_municipality": "Kharagpur I",
        "mouza_name": "Nimpura Industrial",
        "mouza_name_bn": "\u09a8\u09bf\u09ae\u09aa\u09c1\u09b0\u09be \u09b6\u09bf\u09b2\u09cd\u09aa\u09be\u099e\u09cd\u099a\u09b2",
        "jl_no": 156,
        "khasra_no": "191",
        "dag_no": 191,
        "khatian_no": 391,
        "owner_name": "Vidyasagar University Campus Trust",
        "owner_name_bn": "\u09ac\u09bf\u09a6\u09cd\u09af\u09be\u09b8\u09be\u0997\u09b0 \u09ac\u09bf\u09b6\u09cd\u09ac\u09ac\u09bf\u09a6\u09cd\u09af\u09be\u09b2\u09af\u09bc",
        "ownership_type": "University Institutional",
        "land_classification": "\u09b8\u09b0\u0995\u09be\u09b0\u09bf \u0996\u09be\u09b8 (Sarkari Khas)",
        "legal_area_sqm": 427.7,
        "gis_area_sqm": 434.21,
        "physical_area_sqm": 434.21,
        "area_discrepancy_pct": 1.52,
        "area_bengali": "0 \u09ac\u09bf\u0998\u09be 6 \u0995\u09be\u09a0\u09be 6.3 \u099b\u099f\u09be\u0995",
        "area_english": "0 Bigha 6 Katha 6.3 Chhatak",
        "status": "ADJUDICATED",
        "cors_datum": "Survey of India KGP1 (Kharagpur) CORS Station",
        "target_crs": "EPSG:7755 / EPSG:4326",
        "survey_source": "OpenStreetMap Real Footprints + Banglarbhumi RoR",
        "confidence_semi_major_m": 0.042,
        "confidence_semi_minor_m": 0.028
      }
    },
    {
      "type": "Feature",
      "id": "west-medinipur-dag-192",
      "geometry": {
        "type": "Polygon",
        "coordinates": [
          [
            [
              87.300287,
              22.425985
            ],
            [
              87.300668,
              22.426461
            ],
            [
              87.300491,
              22.426575
            ],
            [
              87.300121,
              22.426114
            ],
            [
              87.300287,
              22.425985
            ]
          ]
        ]
      },
      "properties": {
        "ulpin": "191842623003",
        "osm_id": 211194569,
        "state": "West Bengal",
        "state_code": "19",
        "district": "Paschim Medinipur (\u09aa\u09b6\u09cd\u099a\u09bf\u09ae \u09ae\u09c7\u09a6\u09bf\u09a8\u09c0\u09aa\u09c1\u09b0)",
        "district_code": "18",
        "district_lgd": 318,
        "subdivision": "Kharagpur",
        "block_municipality": "Kharagpur I",
        "mouza_name": "Hijli Institutional",
        "mouza_name_bn": "\u09b9\u09bf\u099c\u09b2\u09bf / \u0986\u0987\u0986\u0987\u099f\u09bf",
        "jl_no": 165,
        "khasra_no": "192",
        "dag_no": 192,
        "khatian_no": 392,
        "owner_name": "Debasis Mahapatra & Brothers",
        "owner_name_bn": "\u09ac\u09cd\u09af\u0995\u09cd\u09a4\u09bf\u0997\u09a4 \u09b0\u09be\u09af\u09bc\u09a4",
        "ownership_type": "Private Freehold Ryot",
        "land_classification": "\u09ac\u09be\u09b8\u09cd\u09a4\u09c1 (Bastu)",
        "legal_area_sqm": 1427.57,
        "gis_area_sqm": 1433.3,
        "physical_area_sqm": 1433.3,
        "area_discrepancy_pct": 0.4,
        "area_bengali": "1 \u09ac\u09bf\u0998\u09be 1 \u0995\u09be\u09a0\u09be 5.5 \u099b\u099f\u09be\u0995",
        "area_english": "1 Bigha 1 Katha 5.5 Chhatak",
        "status": "VERIFIED",
        "cors_datum": "Survey of India KGP1 (Kharagpur) CORS Station",
        "target_crs": "EPSG:7755 / EPSG:4326",
        "survey_source": "OpenStreetMap Real Footprints + Banglarbhumi RoR",
        "confidence_semi_major_m": 0.042,
        "confidence_semi_minor_m": 0.028
      }
    },
    {
      "type": "Feature",
      "id": "west-medinipur-dag-193",
      "geometry": {
        "type": "Polygon",
        "coordinates": [
          [
            [
              87.301011,
              22.427448
            ],
            [
              87.30136,
              22.427894
            ],
            [
              87.301137,
              22.428031
            ],
            [
              87.30077,
              22.427587
            ],
            [
              87.301011,
              22.427448
            ]
          ]
        ]
      },
      "properties": {
        "ulpin": "191842763010",
        "osm_id": 211194570,
        "state": "West Bengal",
        "state_code": "19",
        "district": "Paschim Medinipur (\u09aa\u09b6\u09cd\u099a\u09bf\u09ae \u09ae\u09c7\u09a6\u09bf\u09a8\u09c0\u09aa\u09c1\u09b0)",
        "district_code": "18",
        "district_lgd": 318,
        "subdivision": "Midnapore Sadar",
        "block_municipality": "Midnapore Municipality",
        "mouza_name": "Medinipur Town",
        "mouza_name_bn": "\u09ae\u09c7\u09a6\u09bf\u09a8\u09c0\u09aa\u09c1\u09b0 \u09b6\u09b9\u09b0",
        "jl_no": 110,
        "khasra_no": "193",
        "dag_no": 193,
        "khatian_no": 393,
        "owner_name": "Satyaranjan Sasmal & Sons",
        "owner_name_bn": "\u0995\u09c3\u09b7\u09bf \u09b0\u09be\u09af\u09bc\u09a4",
        "ownership_type": "Agricultural Paddy Farmer",
        "land_classification": "\u09a7\u09be\u09a8\u09c0 (Dhani)",
        "legal_area_sqm": 1748.95,
        "gis_area_sqm": 1736.79,
        "physical_area_sqm": 1736.79,
        "area_discrepancy_pct": 0.7,
        "area_bengali": "1 \u09ac\u09bf\u0998\u09be 6 \u0995\u09be\u09a0\u09be 2.3 \u099b\u099f\u09be\u0995",
        "area_english": "1 Bigha 6 Katha 2.3 Chhatak",
        "status": "VERIFIED",
        "cors_datum": "Survey of India KGP1 (Kharagpur) CORS Station",
        "target_crs": "EPSG:7755 / EPSG:4326",
        "survey_source": "OpenStreetMap Real Footprints + Banglarbhumi RoR",
        "confidence_semi_major_m": 0.042,
        "confidence_semi_minor_m": 0.028
      }
    },
    {
      "type": "Feature",
      "id": "west-medinipur-dag-194",
      "geometry": {
        "type": "Polygon",
        "coordinates": [
          [
            [
              87.301177,
              22.427344
            ],
            [
              87.301094,
              22.427406
            ],
            [
              87.301242,
              22.427616
            ],
            [
              87.301322,
              22.427547
            ],
            [
              87.301177,
              22.427344
            ]
          ]
        ]
      },
      "properties": {
        "ulpin": "191842743012",
        "osm_id": 211194571,
        "state": "West Bengal",
        "state_code": "19",
        "district": "Paschim Medinipur (\u09aa\u09b6\u09cd\u099a\u09bf\u09ae \u09ae\u09c7\u09a6\u09bf\u09a8\u09c0\u09aa\u09c1\u09b0)",
        "district_code": "18",
        "district_lgd": 318,
        "subdivision": "Kharagpur",
        "block_municipality": "Kharagpur Municipality",
        "mouza_name": "Inda / Kharagpur",
        "mouza_name_bn": "\u0987\u09bf\u09a8\u09cd\u09a6\u09be / \u0996\u09dc\u0997\u09aa\u09c1\u09b0",
        "jl_no": 142,
        "khasra_no": "194",
        "dag_no": 194,
        "khatian_no": 394,
        "owner_name": "Pravat Kumar Ghosh",
        "owner_name_bn": "\u09ac\u09be\u09a3\u09bf\u099c\u09cd\u09af\u09bf\u0995 \u09a6\u09cb\u0995\u09be\u09a8",
        "ownership_type": "Commercial Hardware Enterprise",
        "land_classification": "\u09a1\u09be\u0999\u09cd\u0997\u09be (Danga)",
        "legal_area_sqm": 297.06,
        "gis_area_sqm": 300.67,
        "physical_area_sqm": 300.67,
        "area_discrepancy_pct": 1.22,
        "area_bengali": "0 \u09ac\u09bf\u0998\u09be 4 \u0995\u09be\u09a0\u09be 7.1 \u099b\u099f\u09be\u0995",
        "area_english": "0 Bigha 4 Katha 7.1 Chhatak",
        "status": "VERIFIED",
        "cors_datum": "Survey of India KGP1 (Kharagpur) CORS Station",
        "target_crs": "EPSG:7755 / EPSG:4326",
        "survey_source": "OpenStreetMap Real Footprints + Banglarbhumi RoR",
        "confidence_semi_major_m": 0.042,
        "confidence_semi_minor_m": 0.028
      }
    },
    {
      "type": "Feature",
      "id": "west-medinipur-dag-195",
      "geometry": {
        "type": "Polygon",
        "coordinates": [
          [
            [
              87.299691,
              22.427656
            ],
            [
              87.299927,
              22.427963
            ],
            [
              87.300003,
              22.427914
            ],
            [
              87.299772,
              22.427601
            ],
            [
              87.299691,
              22.427656
            ]
          ]
        ]
      },
      "properties": {
        "ulpin": "191842772998",
        "osm_id": 211194572,
        "state": "West Bengal",
        "state_code": "19",
        "district": "Paschim Medinipur (\u09aa\u09b6\u09cd\u099a\u09bf\u09ae \u09ae\u09c7\u09a6\u09bf\u09a8\u09c0\u09aa\u09c1\u09b0)",
        "district_code": "18",
        "district_lgd": 318,
        "subdivision": "Kharagpur",
        "block_municipality": "Kharagpur I",
        "mouza_name": "Nimpura Industrial",
        "mouza_name_bn": "\u09a8\u09bf\u09ae\u09aa\u09c1\u09b0\u09be \u09b6\u09bf\u09b2\u09cd\u09aa\u09be\u099e\u09cd\u099a\u09b2",
        "jl_no": 156,
        "khasra_no": "195",
        "dag_no": 195,
        "khatian_no": 395,
        "owner_name": "Bhabani Prasad Samanta",
        "owner_name_bn": "\u09aa\u09c8\u09a4\u09c3\u0995 \u09ac\u09be\u09b8\u09cd\u09a4\u09c1",
        "ownership_type": "Hereditary Homestead Ryot",
        "land_classification": "\u09ac\u09be\u09b8\u09cd\u09a4\u09c1 (Bastu)",
        "legal_area_sqm": 414.62,
        "gis_area_sqm": 415.04,
        "physical_area_sqm": 415.04,
        "area_discrepancy_pct": 0.1,
        "area_bengali": "0 \u09ac\u09bf\u0998\u09be 6 \u0995\u09be\u09a0\u09be 3.2 \u099b\u099f\u09be\u0995",
        "area_english": "0 Bigha 6 Katha 3.2 Chhatak",
        "status": "VERIFIED",
        "cors_datum": "Survey of India KGP1 (Kharagpur) CORS Station",
        "target_crs": "EPSG:7755 / EPSG:4326",
        "survey_source": "OpenStreetMap Real Footprints + Banglarbhumi RoR",
        "confidence_semi_major_m": 0.042,
        "confidence_semi_minor_m": 0.028
      }
    },
    {
      "type": "Feature",
      "id": "west-medinipur-dag-196",
      "geometry": {
        "type": "Polygon",
        "coordinates": [
          [
            [
              87.299949,
              22.42656
            ],
            [
              87.300657,
              22.427458
            ],
            [
              87.300877,
              22.427324
            ],
            [
              87.30019,
              22.426416
            ],
            [
              87.299949,
              22.42656
            ]
          ]
        ]
      },
      "properties": {
        "ulpin": "191842683003",
        "osm_id": 211194575,
        "state": "West Bengal",
        "state_code": "19",
        "district": "Paschim Medinipur (\u09aa\u09b6\u09cd\u099a\u09bf\u09ae \u09ae\u09c7\u09a6\u09bf\u09a8\u09c0\u09aa\u09c1\u09b0)",
        "district_code": "18",
        "district_lgd": 318,
        "subdivision": "Kharagpur",
        "block_municipality": "Kharagpur I",
        "mouza_name": "Hijli Institutional",
        "mouza_name_bn": "\u09b9\u09bf\u099c\u09b2\u09bf / \u0986\u0987\u0986\u0987\u099f\u09bf",
        "jl_no": 165,
        "khasra_no": "196",
        "dag_no": 196,
        "khatian_no": 396,
        "owner_name": "Chanchal Kumar Dinda",
        "owner_name_bn": "\u09ac\u09cd\u09af\u0995\u09cd\u09a4\u09bf\u0997\u09a4 \u09ac\u09be\u09b8\u09cd\u09a4\u09c1",
        "ownership_type": "Private Homestead",
        "land_classification": "\u09ac\u09be\u09b8\u09cd\u09a4\u09c1 (Bastu)",
        "legal_area_sqm": 3506.09,
        "gis_area_sqm": 3471.38,
        "physical_area_sqm": 3471.38,
        "area_discrepancy_pct": 0.99,
        "area_bengali": "2 \u09ac\u09bf\u0998\u09be 12 \u0995\u09be\u09a0\u09be 6.6 \u099b\u099f\u09be\u0995",
        "area_english": "2 Bigha 12 Katha 6.6 Chhatak",
        "status": "VERIFIED",
        "cors_datum": "Survey of India KGP1 (Kharagpur) CORS Station",
        "target_crs": "EPSG:7755 / EPSG:4326",
        "survey_source": "OpenStreetMap Real Footprints + Banglarbhumi RoR",
        "confidence_semi_major_m": 0.042,
        "confidence_semi_minor_m": 0.028
      }
    },
    {
      "type": "Feature",
      "id": "west-medinipur-dag-197",
      "geometry": {
        "type": "Polygon",
        "coordinates": [
          [
            [
              87.300657,
              22.427666
            ],
            [
              87.301142,
              22.428245
            ],
            [
              87.300944,
              22.428378
            ],
            [
              87.300464,
              22.42778
            ],
            [
              87.300657,
              22.427666
            ]
          ]
        ]
      },
      "properties": {
        "ulpin": "191842793007",
        "osm_id": 211194577,
        "state": "West Bengal",
        "state_code": "19",
        "district": "Paschim Medinipur (\u09aa\u09b6\u09cd\u099a\u09bf\u09ae \u09ae\u09c7\u09a6\u09bf\u09a8\u09c0\u09aa\u09c1\u09b0)",
        "district_code": "18",
        "district_lgd": 318,
        "subdivision": "Midnapore Sadar",
        "block_municipality": "Midnapore Municipality",
        "mouza_name": "Medinipur Town",
        "mouza_name_bn": "\u09ae\u09c7\u09a6\u09bf\u09a8\u09c0\u09aa\u09c1\u09b0 \u09b6\u09b9\u09b0",
        "jl_no": 110,
        "khasra_no": "197",
        "dag_no": 197,
        "khatian_no": 397,
        "owner_name": "Rashbehari Pradhan & Co-sharers",
        "owner_name_bn": "\u09af\u09cc\u09a5 \u0996\u09a4\u09bf\u09af\u09bc\u09be\u09a8",
        "ownership_type": "Joint Agricultural Estate",
        "land_classification": "\u09a7\u09be\u09a8\u09c0 (Dhani)",
        "legal_area_sqm": 1969.19,
        "gis_area_sqm": 1987.07,
        "physical_area_sqm": 1987.07,
        "area_discrepancy_pct": 0.91,
        "area_bengali": "1 \u09ac\u09bf\u0998\u09be 9 \u0995\u09be\u09a0\u09be 7.0 \u099b\u099f\u09be\u0995",
        "area_english": "1 Bigha 9 Katha 7.0 Chhatak",
        "status": "VERIFIED",
        "cors_datum": "Survey of India KGP1 (Kharagpur) CORS Station",
        "target_crs": "EPSG:7755 / EPSG:4326",
        "survey_source": "OpenStreetMap Real Footprints + Banglarbhumi RoR",
        "confidence_semi_major_m": 0.042,
        "confidence_semi_minor_m": 0.028
      }
    },
    {
      "type": "Feature",
      "id": "west-medinipur-dag-198",
      "geometry": {
        "type": "Polygon",
        "coordinates": [
          [
            [
              87.300716,
              22.426525
            ],
            [
              87.300952,
              22.426833
            ],
            [
              87.300893,
              22.426877
            ],
            [
              87.300646,
              22.42658
            ],
            [
              87.300716,
              22.426525
            ]
          ]
        ]
      },
      "properties": {
        "ulpin": "191842663007",
        "osm_id": 211194579,
        "state": "West Bengal",
        "state_code": "19",
        "district": "Paschim Medinipur (\u09aa\u09b6\u09cd\u099a\u09bf\u09ae \u09ae\u09c7\u09a6\u09bf\u09a8\u09c0\u09aa\u09c1\u09b0)",
        "district_code": "18",
        "district_lgd": 318,
        "subdivision": "Kharagpur",
        "block_municipality": "Kharagpur Municipality",
        "mouza_name": "Inda / Kharagpur",
        "mouza_name_bn": "\u0987\u09bf\u09a8\u09cd\u09a6\u09be / \u0996\u09dc\u0997\u09aa\u09c1\u09b0",
        "jl_no": 142,
        "khasra_no": "198",
        "dag_no": 198,
        "khatian_no": 398,
        "owner_name": "Paschim Medinipur Zilla Parishad",
        "owner_name_bn": "\u099c\u09c7\u09b2\u09be \u09aa\u09b0\u09bf\u09b7\u09a6",
        "ownership_type": "Panchayati Raj Civic Asset",
        "land_classification": "\u09b8\u09b0\u0995\u09be\u09b0\u09bf \u0996\u09be\u09b8 (Sarkari Khas)",
        "legal_area_sqm": 358.74,
        "gis_area_sqm": 358.02,
        "physical_area_sqm": 358.02,
        "area_discrepancy_pct": 0.2,
        "area_bengali": "0 \u09ac\u09bf\u0998\u09be 5 \u0995\u09be\u09a0\u09be 5.8 \u099b\u099f\u09be\u0995",
        "area_english": "0 Bigha 5 Katha 5.8 Chhatak",
        "status": "VERIFIED",
        "cors_datum": "Survey of India KGP1 (Kharagpur) CORS Station",
        "target_crs": "EPSG:7755 / EPSG:4326",
        "survey_source": "OpenStreetMap Real Footprints + Banglarbhumi RoR",
        "confidence_semi_major_m": 0.042,
        "confidence_semi_minor_m": 0.028
      }
    },
    {
      "type": "Feature",
      "id": "west-medinipur-dag-199",
      "geometry": {
        "type": "Polygon",
        "coordinates": [
          [
            [
              87.296779,
              22.43076
            ],
            [
              87.296961,
              22.430725
            ],
            [
              87.29714,
              22.431348
            ],
            [
              87.296999,
              22.43137
            ],
            [
              87.296982,
              22.431325
            ],
            [
              87.296902,
              22.43133
            ],
            [
              87.296972,
              22.431266
            ],
            [
              87.296897,
              22.431241
            ],
            [
              87.296779,
              22.43076
            ]
          ]
        ]
      },
      "properties": {
        "ulpin": "191843112969",
        "osm_id": 211229598,
        "state": "West Bengal",
        "state_code": "19",
        "district": "Paschim Medinipur (\u09aa\u09b6\u09cd\u099a\u09bf\u09ae \u09ae\u09c7\u09a6\u09bf\u09a8\u09c0\u09aa\u09c1\u09b0)",
        "district_code": "18",
        "district_lgd": 318,
        "subdivision": "Kharagpur",
        "block_municipality": "Kharagpur I",
        "mouza_name": "Nimpura Industrial",
        "mouza_name_bn": "\u09a8\u09bf\u09ae\u09aa\u09c1\u09b0\u09be \u09b6\u09bf\u09b2\u09cd\u09aa\u09be\u099e\u09cd\u099a\u09b2",
        "jl_no": 156,
        "khasra_no": "199",
        "dag_no": 199,
        "khatian_no": 399,
        "owner_name": "Indian Institute of Technology (IIT) Kharagpur",
        "owner_name_bn": "\u0986\u0987\u0986\u0987\u099f\u09bf \u0996\u09dc\u0997\u09aa\u09c1\u09b0",
        "ownership_type": "Central Autonomous Institutional",
        "land_classification": "\u09b8\u09b0\u0995\u09be\u09b0\u09bf \u0996\u09be\u09b8 (Sarkari Khas)",
        "legal_area_sqm": 1397.75,
        "gis_area_sqm": 1379.81,
        "physical_area_sqm": 1379.81,
        "area_discrepancy_pct": 1.28,
        "area_bengali": "1 \u09ac\u09bf\u0998\u09be 0 \u0995\u09be\u09a0\u09be 14.3 \u099b\u099f\u09be\u0995",
        "area_english": "1 Bigha 0 Katha 14.3 Chhatak",
        "status": "VERIFIED",
        "cors_datum": "Survey of India KGP1 (Kharagpur) CORS Station",
        "target_crs": "EPSG:7755 / EPSG:4326",
        "survey_source": "OpenStreetMap Real Footprints + Banglarbhumi RoR",
        "confidence_semi_major_m": 0.042,
        "confidence_semi_minor_m": 0.028
      }
    },
    {
      "type": "Feature",
      "id": "west-medinipur-dag-200",
      "geometry": {
        "type": "Polygon",
        "coordinates": [
          [
            [
              87.298071,
              22.430034
            ],
            [
              87.298117,
              22.430155
            ],
            [
              87.297755,
              22.430257
            ],
            [
              87.297827,
              22.430433
            ],
            [
              87.297932,
              22.430401
            ],
            [
              87.297959,
              22.430435
            ],
            [
              87.298071,
              22.430396
            ],
            [
              87.29817,
              22.430641
            ],
            [
              87.298127,
              22.430661
            ],
            [
              87.298093,
              22.430559
            ],
            [
              87.2978,
              22.430656
            ],
            [
              87.297766,
              22.430535
            ],
            [
              87.297658,
              22.430544
            ],
            [
              87.297631,
              22.43043
            ],
            [
              87.297728,
              22.430391
            ],
            [
              87.297637,
              22.430153
            ],
            [
              87.298071,
              22.430034
            ]
          ]
        ]
      },
      "properties": {
        "ulpin": "191843032979",
        "osm_id": 211229602,
        "state": "West Bengal",
        "state_code": "19",
        "district": "Paschim Medinipur (\u09aa\u09b6\u09cd\u099a\u09bf\u09ae \u09ae\u09c7\u09a6\u09bf\u09a8\u09c0\u09aa\u09c1\u09b0)",
        "district_code": "18",
        "district_lgd": 318,
        "subdivision": "Kharagpur",
        "block_municipality": "Kharagpur I",
        "mouza_name": "Hijli Institutional",
        "mouza_name_bn": "\u09b9\u09bf\u099c\u09b2\u09bf / \u0986\u0987\u0986\u0987\u099f\u09bf",
        "jl_no": 165,
        "khasra_no": "200",
        "dag_no": 200,
        "khatian_no": 400,
        "owner_name": "South Eastern Railway Administration (KGP Division)",
        "owner_name_bn": "\u09a6\u0995\u09cd\u09b7\u09bf\u09a3 \u09aa\u09c2\u09b0\u09cd\u09ac \u09b0\u09c7\u09b2\u0993\u09af\u09bc\u09c7",
        "ownership_type": "Central Govt Infrastructure",
        "land_classification": "\u09b8\u09b0\u0995\u09be\u09b0\u09bf \u0996\u09be\u09b8 (Sarkari Khas)",
        "legal_area_sqm": 1755.21,
        "gis_area_sqm": 1765.8,
        "physical_area_sqm": 1765.8,
        "area_discrepancy_pct": 0.6,
        "area_bengali": "1 \u09ac\u09bf\u0998\u09be 6 \u0995\u09be\u09a0\u09be 3.8 \u099b\u099f\u09be\u0995",
        "area_english": "1 Bigha 6 Katha 3.8 Chhatak",
        "status": "VERIFIED",
        "cors_datum": "Survey of India KGP1 (Kharagpur) CORS Station",
        "target_crs": "EPSG:7755 / EPSG:4326",
        "survey_source": "OpenStreetMap Real Footprints + Banglarbhumi RoR",
        "confidence_semi_major_m": 0.042,
        "confidence_semi_minor_m": 0.028
      }
    },
    {
      "type": "Feature",
      "id": "west-medinipur-dag-201",
      "geometry": {
        "type": "Polygon",
        "coordinates": [
          [
            [
              87.297015,
              22.430834
            ],
            [
              87.297369,
              22.43075
            ],
            [
              87.297331,
              22.430567
            ],
            [
              87.296971,
              22.430646
            ],
            [
              87.297015,
              22.430834
            ]
          ]
        ]
      },
      "properties": {
        "ulpin": "191843072971",
        "osm_id": 211229604,
        "state": "West Bengal",
        "state_code": "19",
        "district": "Paschim Medinipur (\u09aa\u09b6\u09cd\u099a\u09bf\u09ae \u09ae\u09c7\u09a6\u09bf\u09a8\u09c0\u09aa\u09c1\u09b0)",
        "district_code": "18",
        "district_lgd": 318,
        "subdivision": "Midnapore Sadar",
        "block_municipality": "Midnapore Municipality",
        "mouza_name": "Medinipur Town",
        "mouza_name_bn": "\u09ae\u09c7\u09a6\u09bf\u09a8\u09c0\u09aa\u09c1\u09b0 \u09b6\u09b9\u09b0",
        "jl_no": 110,
        "khasra_no": "201",
        "dag_no": 201,
        "khatian_no": 401,
        "owner_name": "West Bengal Industrial Development Corporation (WBIDC Nimpura)",
        "owner_name_bn": "\u09b0\u09be\u099c\u09cd\u09af \u09b6\u09bf\u09b2\u09cd\u09aa \u09a8\u09bf\u0997\u09ae",
        "ownership_type": "State Govt Industrial Park",
        "land_classification": "\u0995\u09b2\u0995\u09be\u09b0\u0996\u09be\u09a8\u09be (Karkhana)",
        "legal_area_sqm": 795.47,
        "gis_area_sqm": 791.51,
        "physical_area_sqm": 791.51,
        "area_discrepancy_pct": 0.5,
        "area_bengali": "0 \u09ac\u09bf\u0998\u09be 11 \u0995\u09be\u09a0\u09be 14.3 \u099b\u099f\u09be\u0995",
        "area_english": "0 Bigha 11 Katha 14.3 Chhatak",
        "status": "VERIFIED",
        "cors_datum": "Survey of India KGP1 (Kharagpur) CORS Station",
        "target_crs": "EPSG:7755 / EPSG:4326",
        "survey_source": "OpenStreetMap Real Footprints + Banglarbhumi RoR",
        "confidence_semi_major_m": 0.042,
        "confidence_semi_minor_m": 0.028
      }
    },
    {
      "type": "Feature",
      "id": "west-medinipur-dag-202",
      "geometry": {
        "type": "Polygon",
        "coordinates": [
          [
            [
              87.296972,
              22.429972
            ],
            [
              87.297031,
              22.43016
            ],
            [
              87.297259,
              22.430058
            ],
            [
              87.297205,
              22.42991
            ],
            [
              87.296972,
              22.429972
            ]
          ]
        ]
      },
      "properties": {
        "ulpin": "191843002970",
        "osm_id": 211229606,
        "state": "West Bengal",
        "state_code": "19",
        "district": "Paschim Medinipur (\u09aa\u09b6\u09cd\u099a\u09bf\u09ae \u09ae\u09c7\u09a6\u09bf\u09a8\u09c0\u09aa\u09c1\u09b0)",
        "district_code": "18",
        "district_lgd": 318,
        "subdivision": "Kharagpur",
        "block_municipality": "Kharagpur Municipality",
        "mouza_name": "Inda / Kharagpur",
        "mouza_name_bn": "\u0987\u09bf\u09a8\u09cd\u09a6\u09be / \u0996\u09dc\u0997\u09aa\u09c1\u09b0",
        "jl_no": 142,
        "khasra_no": "202",
        "dag_no": 202,
        "khatian_no": 402,
        "owner_name": "Midnapore District Collectorate & Court Estate",
        "owner_name_bn": "\u09ae\u09c7\u09a6\u09bf\u09a8\u09c0\u09aa\u09c1\u09b0 \u099c\u09c7\u09b2\u09be \u09aa\u09cd\u09b0\u09b6\u09be\u09b8\u09a8",
        "ownership_type": "District Administrative Estate",
        "land_classification": "\u09b8\u09b0\u0995\u09be\u09b0\u09bf \u0996\u09be\u09b8 (Sarkari Khas)",
        "legal_area_sqm": 486.41,
        "gis_area_sqm": 493.32,
        "physical_area_sqm": 493.32,
        "area_discrepancy_pct": 1.42,
        "area_bengali": "0 \u09ac\u09bf\u0998\u09be 7 \u0995\u09be\u09a0\u09be 4.3 \u099b\u099f\u09be\u0995",
        "area_english": "0 Bigha 7 Katha 4.3 Chhatak",
        "status": "VERIFIED",
        "cors_datum": "Survey of India KGP1 (Kharagpur) CORS Station",
        "target_crs": "EPSG:7755 / EPSG:4326",
        "survey_source": "OpenStreetMap Real Footprints + Banglarbhumi RoR",
        "confidence_semi_major_m": 0.042,
        "confidence_semi_minor_m": 0.028
      }
    },
    {
      "type": "Feature",
      "id": "west-medinipur-dag-203",
      "geometry": {
        "type": "Polygon",
        "coordinates": [
          [
            [
              87.298581,
              22.431886
            ],
            [
              87.298753,
              22.431816
            ],
            [
              87.298822,
              22.431935
            ],
            [
              87.29893,
              22.431876
            ],
            [
              87.298908,
              22.431806
            ],
            [
              87.298973,
              22.431762
            ],
            [
              87.29894,
              22.431648
            ],
            [
              87.298817,
              22.431648
            ],
            [
              87.298812,
              22.431593
            ],
            [
              87.298677,
              22.431618
            ],
            [
              87.298661,
              22.431538
            ],
            [
              87.29853,
              22.431561
            ],
            [
              87.298602,
              22.431747
            ],
            [
              87.29853,
              22.431789
            ],
            [
              87.298581,
              22.431886
            ]
          ]
        ]
      },
      "properties": {
        "ulpin": "191843172987",
        "osm_id": 211229607,
        "state": "West Bengal",
        "state_code": "19",
        "district": "Paschim Medinipur (\u09aa\u09b6\u09cd\u099a\u09bf\u09ae \u09ae\u09c7\u09a6\u09bf\u09a8\u09c0\u09aa\u09c1\u09b0)",
        "district_code": "18",
        "district_lgd": 318,
        "subdivision": "Kharagpur",
        "block_municipality": "Kharagpur I",
        "mouza_name": "Nimpura Industrial",
        "mouza_name_bn": "\u09a8\u09bf\u09ae\u09aa\u09c1\u09b0\u09be \u09b6\u09bf\u09b2\u09cd\u09aa\u09be\u099e\u09cd\u099a\u09b2",
        "jl_no": 156,
        "khasra_no": "203",
        "dag_no": 203,
        "khatian_no": 403,
        "owner_name": "Tata Metaliks Limited (Kharagpur Plant)",
        "owner_name_bn": "\u099f\u09be\u099f\u09be \u09ae\u09c7\u099f\u09be\u09b2\u09bf\u0995\u09cd\u09b8 \u09b2\u09bf\u09ae\u09bf\u099f\u09c7\u09a1",
        "ownership_type": "Corporate Heavy Industrial",
        "land_classification": "\u0995\u09b2\u0995\u09be\u09b0\u0996\u09be\u09a8\u09be (Karkhana)",
        "legal_area_sqm": 1162.65,
        "gis_area_sqm": 1166.15,
        "physical_area_sqm": 1166.15,
        "area_discrepancy_pct": 0.3,
        "area_bengali": "0 \u09ac\u09bf\u0998\u09be 17 \u0995\u09be\u09a0\u09be 6.1 \u099b\u099f\u09be\u0995",
        "area_english": "0 Bigha 17 Katha 6.1 Chhatak",
        "status": "VERIFIED",
        "cors_datum": "Survey of India KGP1 (Kharagpur) CORS Station",
        "target_crs": "EPSG:7755 / EPSG:4326",
        "survey_source": "OpenStreetMap Real Footprints + Banglarbhumi RoR",
        "confidence_semi_major_m": 0.042,
        "confidence_semi_minor_m": 0.028
      }
    },
    {
      "type": "Feature",
      "id": "west-medinipur-dag-204",
      "geometry": {
        "type": "Polygon",
        "coordinates": [
          [
            [
              87.297181,
              22.43141
            ],
            [
              87.297304,
              22.43138
            ],
            [
              87.297272,
              22.43133
            ],
            [
              87.297513,
              22.431291
            ],
            [
              87.297594,
              22.431509
            ],
            [
              87.297835,
              22.43143
            ],
            [
              87.297865,
              22.431487
            ],
            [
              87.297969,
              22.431459
            ],
            [
              87.297937,
              22.431365
            ],
            [
              87.298103,
              22.431325
            ],
            [
              87.298071,
              22.431186
            ],
            [
              87.298125,
              22.431157
            ],
            [
              87.298018,
              22.43071
            ],
            [
              87.297776,
              22.430696
            ],
            [
              87.297401,
              22.430765
            ],
            [
              87.297395,
              22.430899
            ],
            [
              87.297471,
              22.430944
            ],
            [
              87.297841,
              22.430864
            ],
            [
              87.29794,
              22.431254
            ],
            [
              87.297637,
              22.43134
            ],
            [
              87.297524,
              22.431117
            ],
            [
              87.297127,
              22.431226
            ],
            [
              87.297181,
              22.43141
            ]
          ]
        ]
      },
      "properties": {
        "ulpin": "191843112976",
        "osm_id": 211229608,
        "state": "West Bengal",
        "state_code": "19",
        "district": "Paschim Medinipur (\u09aa\u09b6\u09cd\u099a\u09bf\u09ae \u09ae\u09c7\u09a6\u09bf\u09a8\u09c0\u09aa\u09c1\u09b0)",
        "district_code": "18",
        "district_lgd": 318,
        "subdivision": "Kharagpur",
        "block_municipality": "Kharagpur I",
        "mouza_name": "Hijli Institutional",
        "mouza_name_bn": "\u09b9\u09bf\u099c\u09b2\u09bf / \u0986\u0987\u0986\u0987\u099f\u09bf",
        "jl_no": 165,
        "khasra_no": "204",
        "dag_no": 204,
        "khatian_no": 404,
        "owner_name": "VIDYASAGAR UNIVERSITY",
        "owner_name_bn": "\u09ae\u09c7\u09a6\u09bf\u09a8\u09c0\u09aa\u09c1\u09b0 \u0995\u09b2\u09c7\u099c",
        "ownership_type": "Higher Educational Institution",
        "land_classification": "\u09ac\u09be\u09b8\u09cd\u09a4\u09c1 (Bastu)",
        "legal_area_sqm": 3950.1,
        "gis_area_sqm": 3918.75,
        "physical_area_sqm": 3918.75,
        "area_discrepancy_pct": 0.79,
        "area_bengali": "2 \u09ac\u09bf\u0998\u09be 19 \u0995\u09be\u09a0\u09be 0.9 \u099b\u099f\u09be\u0995",
        "area_english": "2 Bigha 19 Katha 0.9 Chhatak",
        "status": "VERIFIED",
        "cors_datum": "Survey of India KGP1 (Kharagpur) CORS Station",
        "target_crs": "EPSG:7755 / EPSG:4326",
        "survey_source": "OpenStreetMap Real Footprints + Banglarbhumi RoR",
        "confidence_semi_major_m": 0.042,
        "confidence_semi_minor_m": 0.028
      }
    },
    {
      "type": "Feature",
      "id": "west-medinipur-dag-205",
      "geometry": {
        "type": "Polygon",
        "coordinates": [
          [
            [
              87.298554,
              22.430088
            ],
            [
              87.298619,
              22.430291
            ],
            [
              87.298667,
              22.430267
            ],
            [
              87.298766,
              22.430537
            ],
            [
              87.298699,
              22.430525
            ],
            [
              87.298742,
              22.430753
            ],
            [
              87.298297,
              22.430872
            ],
            [
              87.298248,
              22.430708
            ],
            [
              87.298506,
              22.430619
            ],
            [
              87.298484,
              22.430554
            ],
            [
              87.298238,
              22.430634
            ],
            [
              87.298184,
              22.43047
            ],
            [
              87.298458,
              22.430381
            ],
            [
              87.298425,
              22.430301
            ],
            [
              87.298152,
              22.430376
            ],
            [
              87.298114,
              22.430222
            ],
            [
              87.298479,
              22.430123
            ],
            [
              87.298474,
              22.430098
            ],
            [
              87.298554,
              22.430088
            ]
          ]
        ]
      },
      "properties": {
        "ulpin": "191843042984",
        "osm_id": 211229612,
        "state": "West Bengal",
        "state_code": "19",
        "district": "Paschim Medinipur (\u09aa\u09b6\u09cd\u099a\u09bf\u09ae \u09ae\u09c7\u09a6\u09bf\u09a8\u09c0\u09aa\u09c1\u09b0)",
        "district_code": "18",
        "district_lgd": 318,
        "subdivision": "Midnapore Sadar",
        "block_municipality": "Midnapore Municipality",
        "mouza_name": "Medinipur Town",
        "mouza_name_bn": "\u09ae\u09c7\u09a6\u09bf\u09a8\u09c0\u09aa\u09c1\u09b0 \u09b6\u09b9\u09b0",
        "jl_no": 110,
        "khasra_no": "205",
        "dag_no": 205,
        "khatian_no": 405,
        "owner_name": "Vidyasagar University Campus Trust",
        "owner_name_bn": "\u09ac\u09bf\u09a6\u09cd\u09af\u09be\u09b8\u09be\u0997\u09b0 \u09ac\u09bf\u09b6\u09cd\u09ac\u09ac\u09bf\u09a6\u09cd\u09af\u09be\u09b2\u09af\u09bc",
        "ownership_type": "University Institutional",
        "land_classification": "\u09b8\u09b0\u0995\u09be\u09b0\u09bf \u0996\u09be\u09b8 (Sarkari Khas)",
        "legal_area_sqm": 3253.28,
        "gis_area_sqm": 3289.46,
        "physical_area_sqm": 3289.46,
        "area_discrepancy_pct": 1.11,
        "area_bengali": "2 \u09ac\u09bf\u0998\u09be 8 \u0995\u09be\u09a0\u09be 10.2 \u099b\u099f\u09be\u0995",
        "area_english": "2 Bigha 8 Katha 10.2 Chhatak",
        "status": "VERIFIED",
        "cors_datum": "Survey of India KGP1 (Kharagpur) CORS Station",
        "target_crs": "EPSG:7755 / EPSG:4326",
        "survey_source": "OpenStreetMap Real Footprints + Banglarbhumi RoR",
        "confidence_semi_major_m": 0.042,
        "confidence_semi_minor_m": 0.028
      }
    },
    {
      "type": "Feature",
      "id": "west-medinipur-dag-206",
      "geometry": {
        "type": "Polygon",
        "coordinates": [
          [
            [
              87.320833,
              22.420709
            ],
            [
              87.320904,
              22.420825
            ],
            [
              87.320898,
              22.420829
            ],
            [
              87.320922,
              22.420868
            ],
            [
              87.320961,
              22.420848
            ],
            [
              87.320973,
              22.420869
            ],
            [
              87.320949,
              22.420881
            ],
            [
              87.321001,
              22.420966
            ],
            [
              87.321099,
              22.420914
            ],
            [
              87.321181,
              22.420871
            ],
            [
              87.321122,
              22.420776
            ],
            [
              87.321027,
              22.420826
            ],
            [
              87.320929,
              22.420667
            ],
            [
              87.320897,
              22.420684
            ],
            [
              87.320878,
              22.420671
            ],
            [
              87.320856,
              22.420662
            ],
            [
              87.32083,
              22.420657
            ],
            [
              87.320804,
              22.420659
            ],
            [
              87.320784,
              22.420627
            ],
            [
              87.320545,
              22.420753
            ],
            [
              87.320519,
              22.42071
            ],
            [
              87.32046,
              22.42074
            ],
            [
              87.320526,
              22.420847
            ],
            [
              87.320519,
              22.420851
            ],
            [
              87.32053,
              22.420868
            ],
            [
              87.320526,
              22.42087
            ],
            [
              87.32054,
              22.420894
            ],
            [
              87.320583,
              22.420872
            ],
            [
              87.320569,
              22.420848
            ],
            [
              87.320833,
              22.420709
            ]
          ]
        ]
      },
      "properties": {
        "ulpin": "191842073208",
        "osm_id": 211388839,
        "state": "West Bengal",
        "state_code": "19",
        "district": "Paschim Medinipur (\u09aa\u09b6\u09cd\u099a\u09bf\u09ae \u09ae\u09c7\u09a6\u09bf\u09a8\u09c0\u09aa\u09c1\u09b0)",
        "district_code": "18",
        "district_lgd": 318,
        "subdivision": "Kharagpur",
        "block_municipality": "Kharagpur Municipality",
        "mouza_name": "Inda / Kharagpur",
        "mouza_name_bn": "\u0987\u09bf\u09a8\u09cd\u09a6\u09be / \u0996\u09dc\u0997\u09aa\u09c1\u09b0",
        "jl_no": 142,
        "khasra_no": "206",
        "dag_no": 206,
        "khatian_no": 406,
        "owner_name": "Debasis Mahapatra & Brothers",
        "owner_name_bn": "\u09ac\u09cd\u09af\u0995\u09cd\u09a4\u09bf\u0997\u09a4 \u09b0\u09be\u09af\u09bc\u09a4",
        "ownership_type": "Private Freehold Ryot",
        "land_classification": "\u09ac\u09be\u09b8\u09cd\u09a4\u09c1 (Bastu)",
        "legal_area_sqm": 925.59,
        "gis_area_sqm": 925.59,
        "physical_area_sqm": 925.59,
        "area_discrepancy_pct": 0.0,
        "area_bengali": "0 \u09ac\u09bf\u0998\u09be 13 \u0995\u09be\u09a0\u09be 13.4 \u099b\u099f\u09be\u0995",
        "area_english": "0 Bigha 13 Katha 13.4 Chhatak",
        "status": "VERIFIED",
        "cors_datum": "Survey of India KGP1 (Kharagpur) CORS Station",
        "target_crs": "EPSG:7755 / EPSG:4326",
        "survey_source": "OpenStreetMap Real Footprints + Banglarbhumi RoR",
        "confidence_semi_major_m": 0.042,
        "confidence_semi_minor_m": 0.028
      }
    },
    {
      "type": "Feature",
      "id": "west-medinipur-dag-207",
      "geometry": {
        "type": "Polygon",
        "coordinates": [
          [
            [
              87.321631,
              22.420255
            ],
            [
              87.32168,
              22.420364
            ],
            [
              87.32183,
              22.420344
            ],
            [
              87.321878,
              22.420423
            ],
            [
              87.321937,
              22.420379
            ],
            [
              87.32191,
              22.420314
            ],
            [
              87.322039,
              22.420264
            ],
            [
              87.322028,
              22.420146
            ],
            [
              87.321631,
              22.420255
            ]
          ]
        ]
      },
      "properties": {
        "ulpin": "191842033218",
        "osm_id": 211388845,
        "state": "West Bengal",
        "state_code": "19",
        "district": "Paschim Medinipur (\u09aa\u09b6\u09cd\u099a\u09bf\u09ae \u09ae\u09c7\u09a6\u09bf\u09a8\u09c0\u09aa\u09c1\u09b0)",
        "district_code": "18",
        "district_lgd": 318,
        "subdivision": "Kharagpur",
        "block_municipality": "Kharagpur I",
        "mouza_name": "Nimpura Industrial",
        "mouza_name_bn": "\u09a8\u09bf\u09ae\u09aa\u09c1\u09b0\u09be \u09b6\u09bf\u09b2\u09cd\u09aa\u09be\u099e\u09cd\u099a\u09b2",
        "jl_no": 156,
        "khasra_no": "207",
        "dag_no": 207,
        "khatian_no": 407,
        "owner_name": "Satyaranjan Sasmal & Sons",
        "owner_name_bn": "\u0995\u09c3\u09b7\u09bf \u09b0\u09be\u09af\u09bc\u09a4",
        "ownership_type": "Agricultural Paddy Farmer",
        "land_classification": "\u09b8\u09b0\u0995\u09be\u09b0\u09bf \u0996\u09be\u09b8 (Sarkari Khas)",
        "legal_area_sqm": 648.83,
        "gis_area_sqm": 641.77,
        "physical_area_sqm": 641.77,
        "area_discrepancy_pct": 1.09,
        "area_bengali": "0 \u09ac\u09bf\u0998\u09be 9 \u0995\u09be\u09a0\u09be 11.2 \u099b\u099f\u09be\u0995",
        "area_english": "0 Bigha 9 Katha 11.2 Chhatak",
        "status": "VERIFIED",
        "cors_datum": "Survey of India KGP1 (Kharagpur) CORS Station",
        "target_crs": "EPSG:7755 / EPSG:4326",
        "survey_source": "OpenStreetMap Real Footprints + Banglarbhumi RoR",
        "confidence_semi_major_m": 0.042,
        "confidence_semi_minor_m": 0.028
      }
    },
    {
      "type": "Feature",
      "id": "west-medinipur-dag-208",
      "geometry": {
        "type": "Polygon",
        "coordinates": [
          [
            [
              87.321291,
              22.420383
            ],
            [
              87.321366,
              22.420418
            ],
            [
              87.321344,
              22.420552
            ],
            [
              87.321398,
              22.420612
            ],
            [
              87.3215,
              22.420631
            ],
            [
              87.321495,
              22.420686
            ],
            [
              87.32136,
              22.420671
            ],
            [
              87.321301,
              22.420924
            ],
            [
              87.321237,
              22.420899
            ],
            [
              87.321264,
              22.420706
            ],
            [
              87.321258,
              22.420646
            ],
            [
              87.32121,
              22.420587
            ],
            [
              87.320958,
              22.420552
            ],
            [
              87.320969,
              22.420458
            ],
            [
              87.321232,
              22.420517
            ],
            [
              87.321291,
              22.420383
            ]
          ]
        ]
      },
      "properties": {
        "ulpin": "191842063212",
        "osm_id": 211388848,
        "state": "West Bengal",
        "state_code": "19",
        "district": "Paschim Medinipur (\u09aa\u09b6\u09cd\u099a\u09bf\u09ae \u09ae\u09c7\u09a6\u09bf\u09a8\u09c0\u09aa\u09c1\u09b0)",
        "district_code": "18",
        "district_lgd": 318,
        "subdivision": "Kharagpur",
        "block_municipality": "Kharagpur I",
        "mouza_name": "Hijli Institutional",
        "mouza_name_bn": "\u09b9\u09bf\u099c\u09b2\u09bf / \u0986\u0987\u0986\u0987\u099f\u09bf",
        "jl_no": 165,
        "khasra_no": "208",
        "dag_no": 208,
        "khatian_no": 408,
        "owner_name": "Pravat Kumar Ghosh",
        "owner_name_bn": "\u09ac\u09be\u09a3\u09bf\u099c\u09cd\u09af\u09bf\u0995 \u09a6\u09cb\u0995\u09be\u09a8",
        "ownership_type": "Commercial Hardware Enterprise",
        "land_classification": "\u09a1\u09be\u0999\u09cd\u0997\u09be (Danga)",
        "legal_area_sqm": 917.26,
        "gis_area_sqm": 924.66,
        "physical_area_sqm": 924.66,
        "area_discrepancy_pct": 0.81,
        "area_bengali": "0 \u09ac\u09bf\u0998\u09be 13 \u0995\u09be\u09a0\u09be 11.4 \u099b\u099f\u09be\u0995",
        "area_english": "0 Bigha 13 Katha 11.4 Chhatak",
        "status": "VERIFIED",
        "cors_datum": "Survey of India KGP1 (Kharagpur) CORS Station",
        "target_crs": "EPSG:7755 / EPSG:4326",
        "survey_source": "OpenStreetMap Real Footprints + Banglarbhumi RoR",
        "confidence_semi_major_m": 0.042,
        "confidence_semi_minor_m": 0.028
      }
    },
    {
      "type": "Feature",
      "id": "west-medinipur-dag-209",
      "geometry": {
        "type": "Polygon",
        "coordinates": [
          [
            [
              87.313429,
              22.423384
            ],
            [
              87.313471,
              22.423464
            ],
            [
              87.313044,
              22.423653
            ],
            [
              87.312932,
              22.423436
            ],
            [
              87.313026,
              22.423394
            ],
            [
              87.313097,
              22.423531
            ],
            [
              87.313429,
              22.423384
            ]
          ]
        ]
      },
      "properties": {
        "ulpin": "191842343132",
        "osm_id": 211392124,
        "state": "West Bengal",
        "state_code": "19",
        "district": "Paschim Medinipur (\u09aa\u09b6\u09cd\u099a\u09bf\u09ae \u09ae\u09c7\u09a6\u09bf\u09a8\u09c0\u09aa\u09c1\u09b0)",
        "district_code": "18",
        "district_lgd": 318,
        "subdivision": "Midnapore Sadar",
        "block_municipality": "Midnapore Municipality",
        "mouza_name": "Medinipur Town",
        "mouza_name_bn": "\u09ae\u09c7\u09a6\u09bf\u09a8\u09c0\u09aa\u09c1\u09b0 \u09b6\u09b9\u09b0",
        "jl_no": 110,
        "khasra_no": "209",
        "dag_no": 209,
        "khatian_no": 409,
        "owner_name": "Bhabani Prasad Samanta",
        "owner_name_bn": "\u09aa\u09c8\u09a4\u09c3\u0995 \u09ac\u09be\u09b8\u09cd\u09a4\u09c1",
        "ownership_type": "Hereditary Homestead Ryot",
        "land_classification": "\u09ac\u09be\u09b8\u09cd\u09a4\u09c1 (Bastu)",
        "legal_area_sqm": 660.98,
        "gis_area_sqm": 659.0,
        "physical_area_sqm": 659.0,
        "area_discrepancy_pct": 0.3,
        "area_bengali": "0 \u09ac\u09bf\u0998\u09be 9 \u0995\u09be\u09a0\u09be 14.1 \u099b\u099f\u09be\u0995",
        "area_english": "0 Bigha 9 Katha 14.1 Chhatak",
        "status": "VERIFIED",
        "cors_datum": "Survey of India KGP1 (Kharagpur) CORS Station",
        "target_crs": "EPSG:7755 / EPSG:4326",
        "survey_source": "OpenStreetMap Real Footprints + Banglarbhumi RoR",
        "confidence_semi_major_m": 0.042,
        "confidence_semi_minor_m": 0.028
      }
    },
    {
      "type": "Feature",
      "id": "west-medinipur-dag-210",
      "geometry": {
        "type": "Polygon",
        "coordinates": [
          [
            [
              87.313423,
              22.423288
            ],
            [
              87.313608,
              22.423203
            ],
            [
              87.313766,
              22.423541
            ],
            [
              87.313576,
              22.423633
            ],
            [
              87.313423,
              22.423288
            ]
          ]
        ]
      },
      "properties": {
        "ulpin": "191842333135",
        "osm_id": 211392126,
        "state": "West Bengal",
        "state_code": "19",
        "district": "Paschim Medinipur (\u09aa\u09b6\u09cd\u099a\u09bf\u09ae \u09ae\u09c7\u09a6\u09bf\u09a8\u09c0\u09aa\u09c1\u09b0)",
        "district_code": "18",
        "district_lgd": 318,
        "subdivision": "Kharagpur",
        "block_municipality": "Kharagpur Municipality",
        "mouza_name": "Inda / Kharagpur",
        "mouza_name_bn": "\u0987\u09bf\u09a8\u09cd\u09a6\u09be / \u0996\u09dc\u0997\u09aa\u09c1\u09b0",
        "jl_no": 142,
        "khasra_no": "210",
        "dag_no": 210,
        "khatian_no": 410,
        "owner_name": "Chanchal Kumar Dinda",
        "owner_name_bn": "\u09ac\u09cd\u09af\u0995\u09cd\u09a4\u09bf\u0997\u09a4 \u09ac\u09be\u09b8\u09cd\u09a4\u09c1",
        "ownership_type": "Private Homestead",
        "land_classification": "\u09b8\u09b0\u0995\u09be\u09b0\u09bf \u0996\u09be\u09b8 (Sarkari Khas)",
        "legal_area_sqm": 897.52,
        "gis_area_sqm": 885.13,
        "physical_area_sqm": 885.13,
        "area_discrepancy_pct": 1.38,
        "area_bengali": "0 \u09ac\u09bf\u0998\u09be 13 \u0995\u09be\u09a0\u09be 6.7 \u099b\u099f\u09be\u0995",
        "area_english": "0 Bigha 13 Katha 6.7 Chhatak",
        "status": "VERIFIED",
        "cors_datum": "Survey of India KGP1 (Kharagpur) CORS Station",
        "target_crs": "EPSG:7755 / EPSG:4326",
        "survey_source": "OpenStreetMap Real Footprints + Banglarbhumi RoR",
        "confidence_semi_major_m": 0.042,
        "confidence_semi_minor_m": 0.028
      }
    },
    {
      "type": "Feature",
      "id": "west-medinipur-dag-211",
      "geometry": {
        "type": "Polygon",
        "coordinates": [
          [
            [
              87.313471,
              22.423613
            ],
            [
              87.313409,
              22.423507
            ],
            [
              87.31308,
              22.423646
            ],
            [
              87.313151,
              22.423806
            ],
            [
              87.313471,
              22.423613
            ]
          ]
        ]
      },
      "properties": {
        "ulpin": "191842363133",
        "osm_id": 211392139,
        "state": "West Bengal",
        "state_code": "19",
        "district": "Paschim Medinipur (\u09aa\u09b6\u09cd\u099a\u09bf\u09ae \u09ae\u09c7\u09a6\u09bf\u09a8\u09c0\u09aa\u09c1\u09b0)",
        "district_code": "18",
        "district_lgd": 318,
        "subdivision": "Kharagpur",
        "block_municipality": "Kharagpur I",
        "mouza_name": "Nimpura Industrial",
        "mouza_name_bn": "\u09a8\u09bf\u09ae\u09aa\u09c1\u09b0\u09be \u09b6\u09bf\u09b2\u09cd\u09aa\u09be\u099e\u09cd\u099a\u09b2",
        "jl_no": 156,
        "khasra_no": "211",
        "dag_no": 211,
        "khatian_no": 411,
        "owner_name": "Rashbehari Pradhan & Co-sharers",
        "owner_name_bn": "\u09af\u09cc\u09a5 \u0996\u09a4\u09bf\u09af\u09bc\u09be\u09a8",
        "ownership_type": "Joint Agricultural Estate",
        "land_classification": "\u09b8\u09b0\u0995\u09be\u09b0\u09bf \u0996\u09be\u09b8 (Sarkari Khas)",
        "legal_area_sqm": 613.59,
        "gis_area_sqm": 616.67,
        "physical_area_sqm": 616.67,
        "area_discrepancy_pct": 0.5,
        "area_bengali": "0 \u09ac\u09bf\u0998\u09be 9 \u0995\u09be\u09a0\u09be 2.8 \u099b\u099f\u09be\u0995",
        "area_english": "0 Bigha 9 Katha 2.8 Chhatak",
        "status": "VERIFIED",
        "cors_datum": "Survey of India KGP1 (Kharagpur) CORS Station",
        "target_crs": "EPSG:7755 / EPSG:4326",
        "survey_source": "OpenStreetMap Real Footprints + Banglarbhumi RoR",
        "confidence_semi_major_m": 0.042,
        "confidence_semi_minor_m": 0.028
      }
    },
    {
      "type": "Feature",
      "id": "west-medinipur-dag-212",
      "geometry": {
        "type": "Polygon",
        "coordinates": [
          [
            [
              87.313247,
              22.423125
            ],
            [
              87.3133,
              22.423216
            ],
            [
              87.313046,
              22.423342
            ],
            [
              87.312993,
              22.423251
            ],
            [
              87.313247,
              22.423125
            ]
          ]
        ]
      },
      "properties": {
        "ulpin": "191842323131",
        "osm_id": 211392140,
        "state": "West Bengal",
        "state_code": "19",
        "district": "Paschim Medinipur (\u09aa\u09b6\u09cd\u099a\u09bf\u09ae \u09ae\u09c7\u09a6\u09bf\u09a8\u09c0\u09aa\u09c1\u09b0)",
        "district_code": "18",
        "district_lgd": 318,
        "subdivision": "Kharagpur",
        "block_municipality": "Kharagpur I",
        "mouza_name": "Hijli Institutional",
        "mouza_name_bn": "\u09b9\u09bf\u099c\u09b2\u09bf / \u0986\u0987\u0986\u0987\u099f\u09bf",
        "jl_no": 165,
        "khasra_no": "212",
        "dag_no": 212,
        "khatian_no": 412,
        "owner_name": "Paschim Medinipur Zilla Parishad",
        "owner_name_bn": "\u099c\u09c7\u09b2\u09be \u09aa\u09b0\u09bf\u09b7\u09a6",
        "ownership_type": "Panchayati Raj Civic Asset",
        "land_classification": "\u09b8\u09b0\u0995\u09be\u09b0\u09bf \u0996\u09be\u09b8 (Sarkari Khas)",
        "legal_area_sqm": 341.01,
        "gis_area_sqm": 338.98,
        "physical_area_sqm": 338.98,
        "area_discrepancy_pct": 0.6,
        "area_bengali": "0 \u09ac\u09bf\u0998\u09be 5 \u0995\u09be\u09a0\u09be 1.6 \u099b\u099f\u09be\u0995",
        "area_english": "0 Bigha 5 Katha 1.6 Chhatak",
        "status": "VERIFIED",
        "cors_datum": "Survey of India KGP1 (Kharagpur) CORS Station",
        "target_crs": "EPSG:7755 / EPSG:4326",
        "survey_source": "OpenStreetMap Real Footprints + Banglarbhumi RoR",
        "confidence_semi_major_m": 0.042,
        "confidence_semi_minor_m": 0.028
      }
    },
    {
      "type": "Feature",
      "id": "west-medinipur-dag-213",
      "geometry": {
        "type": "Polygon",
        "coordinates": [
          [
            [
              87.312956,
              22.42329
            ],
            [
              87.312782,
              22.422933
            ],
            [
              87.312699,
              22.422968
            ],
            [
              87.312865,
              22.423335
            ],
            [
              87.312956,
              22.42329
            ]
          ]
        ]
      },
      "properties": {
        "ulpin": "191842313128",
        "osm_id": 211392144,
        "state": "West Bengal",
        "state_code": "19",
        "district": "Paschim Medinipur (\u09aa\u09b6\u09cd\u099a\u09bf\u09ae \u09ae\u09c7\u09a6\u09bf\u09a8\u09c0\u09aa\u09c1\u09b0)",
        "district_code": "18",
        "district_lgd": 318,
        "subdivision": "Midnapore Sadar",
        "block_municipality": "Midnapore Municipality",
        "mouza_name": "Medinipur Town",
        "mouza_name_bn": "\u09ae\u09c7\u09a6\u09bf\u09a8\u09c0\u09aa\u09c1\u09b0 \u09b6\u09b9\u09b0",
        "jl_no": 110,
        "khasra_no": "213",
        "dag_no": 213,
        "khatian_no": 413,
        "owner_name": "Indian Institute of Technology (IIT) Kharagpur",
        "owner_name_bn": "\u0986\u0987\u0986\u0987\u099f\u09bf \u0996\u09dc\u0997\u09aa\u09c1\u09b0",
        "ownership_type": "Central Autonomous Institutional",
        "land_classification": "\u09b8\u09b0\u0995\u09be\u09b0\u09bf \u0996\u09be\u09b8 (Sarkari Khas)",
        "legal_area_sqm": 430.05,
        "gis_area_sqm": 435.71,
        "physical_area_sqm": 435.71,
        "area_discrepancy_pct": 1.32,
        "area_bengali": "0 \u09ac\u09bf\u0998\u09be 6 \u0995\u09be\u09a0\u09be 6.9 \u099b\u099f\u09be\u0995",
        "area_english": "0 Bigha 6 Katha 6.9 Chhatak",
        "status": "VERIFIED",
        "cors_datum": "Survey of India KGP1 (Kharagpur) CORS Station",
        "target_crs": "EPSG:7755 / EPSG:4326",
        "survey_source": "OpenStreetMap Real Footprints + Banglarbhumi RoR",
        "confidence_semi_major_m": 0.042,
        "confidence_semi_minor_m": 0.028
      }
    },
    {
      "type": "Feature",
      "id": "west-medinipur-dag-214",
      "geometry": {
        "type": "Polygon",
        "coordinates": [
          [
            [
              87.313658,
              22.423186
            ],
            [
              87.313622,
              22.423122
            ],
            [
              87.313655,
              22.423106
            ],
            [
              87.313562,
              22.42294
            ],
            [
              87.313629,
              22.422908
            ],
            [
              87.313709,
              22.423049
            ],
            [
              87.314005,
              22.422906
            ],
            [
              87.314233,
              22.42331
            ],
            [
              87.313982,
              22.423431
            ],
            [
              87.313933,
              22.423344
            ],
            [
              87.314093,
              22.423267
            ],
            [
              87.313965,
              22.423039
            ],
            [
              87.313658,
              22.423186
            ]
          ]
        ]
      },
      "properties": {
        "ulpin": "191842313138",
        "osm_id": 211392145,
        "state": "West Bengal",
        "state_code": "19",
        "district": "Paschim Medinipur (\u09aa\u09b6\u09cd\u099a\u09bf\u09ae \u09ae\u09c7\u09a6\u09bf\u09a8\u09c0\u09aa\u09c1\u09b0)",
        "district_code": "18",
        "district_lgd": 318,
        "subdivision": "Kharagpur",
        "block_municipality": "Kharagpur Municipality",
        "mouza_name": "Inda / Kharagpur",
        "mouza_name_bn": "\u0987\u09bf\u09a8\u09cd\u09a6\u09be / \u0996\u09dc\u0997\u09aa\u09c1\u09b0",
        "jl_no": 142,
        "khasra_no": "214",
        "dag_no": 214,
        "khatian_no": 414,
        "owner_name": "South Eastern Railway Administration (KGP Division)",
        "owner_name_bn": "\u09a6\u0995\u09cd\u09b7\u09bf\u09a3 \u09aa\u09c2\u09b0\u09cd\u09ac \u09b0\u09c7\u09b2\u0993\u09af\u09bc\u09c7",
        "ownership_type": "Central Govt Infrastructure",
        "land_classification": "\u09b8\u09b0\u0995\u09be\u09b0\u09bf \u0996\u09be\u09b8 (Sarkari Khas)",
        "legal_area_sqm": 1249.01,
        "gis_area_sqm": 1251.51,
        "physical_area_sqm": 1251.51,
        "area_discrepancy_pct": 0.2,
        "area_bengali": "0 \u09ac\u09bf\u0998\u09be 18 \u0995\u09be\u09a0\u09be 10.8 \u099b\u099f\u09be\u0995",
        "area_english": "0 Bigha 18 Katha 10.8 Chhatak",
        "status": "VERIFIED",
        "cors_datum": "Survey of India KGP1 (Kharagpur) CORS Station",
        "target_crs": "EPSG:7755 / EPSG:4326",
        "survey_source": "OpenStreetMap Real Footprints + Banglarbhumi RoR",
        "confidence_semi_major_m": 0.042,
        "confidence_semi_minor_m": 0.028
      }
    },
    {
      "type": "Feature",
      "id": "west-medinipur-dag-215",
      "geometry": {
        "type": "Polygon",
        "coordinates": [
          [
            [
              87.315785,
              22.420117
            ],
            [
              87.315819,
              22.420189
            ],
            [
              87.315886,
              22.420161
            ],
            [
              87.315851,
              22.42009
            ],
            [
              87.315785,
              22.420117
            ]
          ]
        ]
      },
      "properties": {
        "ulpin": "191842013158",
        "osm_id": 211882552,
        "state": "West Bengal",
        "state_code": "19",
        "district": "Paschim Medinipur (\u09aa\u09b6\u09cd\u099a\u09bf\u09ae \u09ae\u09c7\u09a6\u09bf\u09a8\u09c0\u09aa\u09c1\u09b0)",
        "district_code": "18",
        "district_lgd": 318,
        "subdivision": "Kharagpur",
        "block_municipality": "Kharagpur I",
        "mouza_name": "Nimpura Industrial",
        "mouza_name_bn": "\u09a8\u09bf\u09ae\u09aa\u09c1\u09b0\u09be \u09b6\u09bf\u09b2\u09cd\u09aa\u09be\u099e\u09cd\u099a\u09b2",
        "jl_no": 156,
        "khasra_no": "215",
        "dag_no": 215,
        "khatian_no": 415,
        "owner_name": "Hindustan Taxi Stand",
        "owner_name_bn": "\u09b0\u09be\u099c\u09cd\u09af \u09b6\u09bf\u09b2\u09cd\u09aa \u09a8\u09bf\u0997\u09ae",
        "ownership_type": "State Govt Industrial Park",
        "land_classification": "\u09b8\u09b0\u0995\u09be\u09b0\u09bf \u0996\u09be\u09b8 (Sarkari Khas)",
        "legal_area_sqm": 65.48,
        "gis_area_sqm": 64.9,
        "physical_area_sqm": 64.9,
        "area_discrepancy_pct": 0.89,
        "area_bengali": "0 \u09ac\u09bf\u0998\u09be 0 \u0995\u09be\u09a0\u09be 15.7 \u099b\u099f\u09be\u0995",
        "area_english": "0 Bigha 0 Katha 15.7 Chhatak",
        "status": "VERIFIED",
        "cors_datum": "Survey of India KGP1 (Kharagpur) CORS Station",
        "target_crs": "EPSG:7755 / EPSG:4326",
        "survey_source": "OpenStreetMap Real Footprints + Banglarbhumi RoR",
        "confidence_semi_major_m": 0.042,
        "confidence_semi_minor_m": 0.028
      }
    },
    {
      "type": "Feature",
      "id": "west-medinipur-dag-216",
      "geometry": {
        "type": "Polygon",
        "coordinates": [
          [
            [
              87.289842,
              22.37941
            ],
            [
              87.289697,
              22.379107
            ],
            [
              87.289354,
              22.379176
            ],
            [
              87.289059,
              22.379211
            ],
            [
              87.288812,
              22.379182
            ],
            [
              87.288291,
              22.379246
            ],
            [
              87.287965,
              22.379529
            ],
            [
              87.287787,
              22.379563
            ],
            [
              87.28768,
              22.379424
            ],
            [
              87.287412,
              22.379394
            ],
            [
              87.287128,
              22.37942
            ],
            [
              87.286671,
              22.379583
            ],
            [
              87.286345,
              22.379221
            ],
            [
              87.286135,
              22.378869
            ],
            [
              87.285497,
              22.379489
            ],
            [
              87.291752,
              22.381305
            ],
            [
              87.291961,
              22.380892
            ],
            [
              87.292095,
              22.380908
            ],
            [
              87.292883,
              22.378383
            ],
            [
              87.292894,
              22.378095
            ],
            [
              87.292846,
              22.377862
            ],
            [
              87.292535,
              22.377971
            ],
            [
              87.292379,
              22.378442
            ],
            [
              87.292218,
              22.37864
            ],
            [
              87.29201,
              22.378656
            ],
            [
              87.292117,
              22.378834
            ],
            [
              87.292364,
              22.378904
            ],
            [
              87.29225,
              22.379265
            ],
            [
              87.291183,
              22.379211
            ],
            [
              87.290856,
              22.378521
            ],
            [
              87.291409,
              22.378318
            ],
            [
              87.291371,
              22.378115
            ],
            [
              87.291355,
              22.377287
            ],
            [
              87.290384,
              22.377658
            ],
            [
              87.289832,
              22.377842
            ],
            [
              87.290347,
              22.378626
            ],
            [
              87.290143,
              22.379251
            ],
            [
              87.289842,
              22.37941
            ]
          ]
        ]
      },
      "properties": {
        "ulpin": "191837902901",
        "osm_id": 212457545,
        "state": "West Bengal",
        "state_code": "19",
        "district": "Paschim Medinipur (\u09aa\u09b6\u09cd\u099a\u09bf\u09ae \u09ae\u09c7\u09a6\u09bf\u09a8\u09c0\u09aa\u09c1\u09b0)",
        "district_code": "18",
        "district_lgd": 318,
        "subdivision": "Kharagpur",
        "block_municipality": "Kharagpur I",
        "mouza_name": "Hijli Institutional",
        "mouza_name_bn": "\u09b9\u09bf\u099c\u09b2\u09bf / \u0986\u0987\u0986\u0987\u099f\u09bf",
        "jl_no": 165,
        "khasra_no": "216",
        "dag_no": 216,
        "khatian_no": 416,
        "owner_name": "Midnapore District Collectorate & Court Estate",
        "owner_name_bn": "\u09ae\u09c7\u09a6\u09bf\u09a8\u09c0\u09aa\u09c1\u09b0 \u099c\u09c7\u09b2\u09be \u09aa\u09cd\u09b0\u09b6\u09be\u09b8\u09a8",
        "ownership_type": "District Administrative Estate",
        "land_classification": "\u0995\u09b2\u0995\u09be\u09b0\u0996\u09be\u09a8\u09be (Karkhana)",
        "legal_area_sqm": 117621.49,
        "gis_area_sqm": 118809.59,
        "physical_area_sqm": 118809.59,
        "area_discrepancy_pct": 1.01,
        "area_bengali": "87 \u09ac\u09bf\u0998\u09be 18 \u0995\u09be\u09a0\u09be 6.8 \u099b\u099f\u09be\u0995",
        "area_english": "87 Bigha 18 Katha 6.8 Chhatak",
        "status": "VERIFIED",
        "cors_datum": "Survey of India KGP1 (Kharagpur) CORS Station",
        "target_crs": "EPSG:7755 / EPSG:4326",
        "survey_source": "OpenStreetMap Real Footprints + Banglarbhumi RoR",
        "confidence_semi_major_m": 0.042,
        "confidence_semi_minor_m": 0.028
      }
    },
    {
      "type": "Feature",
      "id": "west-medinipur-dag-217",
      "geometry": {
        "type": "Polygon",
        "coordinates": [
          [
            [
              87.317147,
              22.41936
            ],
            [
              87.31719,
              22.419444
            ],
            [
              87.317705,
              22.419364
            ],
            [
              87.317678,
              22.41929
            ],
            [
              87.317147,
              22.41936
            ]
          ]
        ]
      },
      "properties": {
        "ulpin": "191841933173",
        "osm_id": 213763218,
        "state": "West Bengal",
        "state_code": "19",
        "district": "Paschim Medinipur (\u09aa\u09b6\u09cd\u099a\u09bf\u09ae \u09ae\u09c7\u09a6\u09bf\u09a8\u09c0\u09aa\u09c1\u09b0)",
        "district_code": "18",
        "district_lgd": 318,
        "subdivision": "Midnapore Sadar",
        "block_municipality": "Midnapore Municipality",
        "mouza_name": "Medinipur Town",
        "mouza_name_bn": "\u09ae\u09c7\u09a6\u09bf\u09a8\u09c0\u09aa\u09c1\u09b0 \u09b6\u09b9\u09b0",
        "jl_no": 110,
        "khasra_no": "217",
        "dag_no": 217,
        "khatian_no": 417,
        "owner_name": "Shree Shree Mohanonanda High School",
        "owner_name_bn": "\u099f\u09be\u099f\u09be \u09ae\u09c7\u099f\u09be\u09b2\u09bf\u0995\u09cd\u09b8 \u09b2\u09bf\u09ae\u09bf\u099f\u09c7\u09a1",
        "ownership_type": "Corporate Heavy Industrial",
        "land_classification": "\u09b8\u09b0\u0995\u09be\u09b0\u09bf \u0996\u09be\u09b8 (Sarkari Khas)",
        "legal_area_sqm": 500.48,
        "gis_area_sqm": 499.98,
        "physical_area_sqm": 499.98,
        "area_discrepancy_pct": 0.1,
        "area_bengali": "0 \u09ac\u09bf\u0998\u09be 7 \u0995\u09be\u09a0\u09be 7.7 \u099b\u099f\u09be\u0995",
        "area_english": "0 Bigha 7 Katha 7.7 Chhatak",
        "status": "VERIFIED",
        "cors_datum": "Survey of India KGP1 (Kharagpur) CORS Station",
        "target_crs": "EPSG:7755 / EPSG:4326",
        "survey_source": "OpenStreetMap Real Footprints + Banglarbhumi RoR",
        "confidence_semi_major_m": 0.042,
        "confidence_semi_minor_m": 0.028
      }
    },
    {
      "type": "Feature",
      "id": "west-medinipur-dag-218",
      "geometry": {
        "type": "Polygon",
        "coordinates": [
          [
            [
              87.31716,
              22.4195
            ],
            [
              87.317252,
              22.419728
            ],
            [
              87.317175,
              22.419755
            ],
            [
              87.317083,
              22.419526
            ],
            [
              87.31716,
              22.4195
            ]
          ]
        ]
      },
      "properties": {
        "ulpin": "191841963171",
        "osm_id": 213763219,
        "state": "West Bengal",
        "state_code": "19",
        "district": "Paschim Medinipur (\u09aa\u09b6\u09cd\u099a\u09bf\u09ae \u09ae\u09c7\u09a6\u09bf\u09a8\u09c0\u09aa\u09c1\u09b0)",
        "district_code": "18",
        "district_lgd": 318,
        "subdivision": "Kharagpur",
        "block_municipality": "Kharagpur Municipality",
        "mouza_name": "Inda / Kharagpur",
        "mouza_name_bn": "\u0987\u09bf\u09a8\u09cd\u09a6\u09be / \u0996\u09dc\u0997\u09aa\u09c1\u09b0",
        "jl_no": 142,
        "khasra_no": "218",
        "dag_no": 218,
        "khatian_no": 418,
        "owner_name": "Midnapore College (Autonomous)",
        "owner_name_bn": "\u09ae\u09c7\u09a6\u09bf\u09a8\u09c0\u09aa\u09c1\u09b0 \u0995\u09b2\u09c7\u099c",
        "ownership_type": "Higher Educational Institution",
        "land_classification": "\u09b8\u09b0\u0995\u09be\u09b0\u09bf \u0996\u09be\u09b8 (Sarkari Khas)",
        "legal_area_sqm": 230.67,
        "gis_area_sqm": 227.93,
        "physical_area_sqm": 227.93,
        "area_discrepancy_pct": 1.19,
        "area_bengali": "0 \u09ac\u09bf\u0998\u09be 3 \u0995\u09be\u09a0\u09be 7.2 \u099b\u099f\u09be\u0995",
        "area_english": "0 Bigha 3 Katha 7.2 Chhatak",
        "status": "VERIFIED",
        "cors_datum": "Survey of India KGP1 (Kharagpur) CORS Station",
        "target_crs": "EPSG:7755 / EPSG:4326",
        "survey_source": "OpenStreetMap Real Footprints + Banglarbhumi RoR",
        "confidence_semi_major_m": 0.042,
        "confidence_semi_minor_m": 0.028
      }
    },
    {
      "type": "Feature",
      "id": "west-medinipur-dag-219",
      "geometry": {
        "type": "Polygon",
        "coordinates": [
          [
            [
              87.322429,
              22.423005
            ],
            [
              87.322359,
              22.422995
            ],
            [
              87.322445,
              22.422677
            ],
            [
              87.323088,
              22.423263
            ],
            [
              87.323024,
              22.423312
            ],
            [
              87.322949,
              22.423218
            ],
            [
              87.322884,
              22.423242
            ],
            [
              87.322841,
              22.423188
            ],
            [
              87.322858,
              22.423149
            ],
            [
              87.32267,
              22.422955
            ],
            [
              87.322595,
              22.42297
            ],
            [
              87.322589,
              22.422901
            ],
            [
              87.322536,
              22.422821
            ],
            [
              87.322461,
              22.422896
            ],
            [
              87.322429,
              22.423005
            ]
          ]
        ]
      },
      "properties": {
        "ulpin": "191842303226",
        "osm_id": 213763221,
        "state": "West Bengal",
        "state_code": "19",
        "district": "Paschim Medinipur (\u09aa\u09b6\u09cd\u099a\u09bf\u09ae \u09ae\u09c7\u09a6\u09bf\u09a8\u09c0\u09aa\u09c1\u09b0)",
        "district_code": "18",
        "district_lgd": 318,
        "subdivision": "Kharagpur",
        "block_municipality": "Kharagpur I",
        "mouza_name": "Nimpura Industrial",
        "mouza_name_bn": "\u09a8\u09bf\u09ae\u09aa\u09c1\u09b0\u09be \u09b6\u09bf\u09b2\u09cd\u09aa\u09be\u099e\u09cd\u099a\u09b2",
        "jl_no": 156,
        "khasra_no": "219",
        "dag_no": 219,
        "khatian_no": 419,
        "owner_name": "Vidyasagar University Campus Trust",
        "owner_name_bn": "\u09ac\u09bf\u09a6\u09cd\u09af\u09be\u09b8\u09be\u0997\u09b0 \u09ac\u09bf\u09b6\u09cd\u09ac\u09ac\u09bf\u09a6\u09cd\u09af\u09be\u09b2\u09af\u09bc",
        "ownership_type": "University Institutional",
        "land_classification": "\u09b8\u09b0\u0995\u09be\u09b0\u09bf \u0996\u09be\u09b8 (Sarkari Khas)",
        "legal_area_sqm": 904.02,
        "gis_area_sqm": 910.39,
        "physical_area_sqm": 910.39,
        "area_discrepancy_pct": 0.7,
        "area_bengali": "0 \u09ac\u09bf\u0998\u09be 13 \u0995\u09be\u09a0\u09be 8.2 \u099b\u099f\u09be\u0995",
        "area_english": "0 Bigha 13 Katha 8.2 Chhatak",
        "status": "VERIFIED",
        "cors_datum": "Survey of India KGP1 (Kharagpur) CORS Station",
        "target_crs": "EPSG:7755 / EPSG:4326",
        "survey_source": "OpenStreetMap Real Footprints + Banglarbhumi RoR",
        "confidence_semi_major_m": 0.042,
        "confidence_semi_minor_m": 0.028
      }
    },
    {
      "type": "Feature",
      "id": "west-medinipur-dag-220",
      "geometry": {
        "type": "Polygon",
        "coordinates": [
          [
            [
              87.322093,
              22.422628
            ],
            [
              87.321943,
              22.422643
            ],
            [
              87.321959,
              22.422727
            ],
            [
              87.322066,
              22.422707
            ],
            [
              87.322109,
              22.422747
            ],
            [
              87.322077,
              22.422856
            ],
            [
              87.322158,
              22.422886
            ],
            [
              87.32219,
              22.422762
            ],
            [
              87.322093,
              22.422628
            ]
          ]
        ]
      },
      "properties": {
        "ulpin": "191842273220",
        "osm_id": 213763222,
        "state": "West Bengal",
        "state_code": "19",
        "district": "Paschim Medinipur (\u09aa\u09b6\u09cd\u099a\u09bf\u09ae \u09ae\u09c7\u09a6\u09bf\u09a8\u09c0\u09aa\u09c1\u09b0)",
        "district_code": "18",
        "district_lgd": 318,
        "subdivision": "Kharagpur",
        "block_municipality": "Kharagpur I",
        "mouza_name": "Hijli Institutional",
        "mouza_name_bn": "\u09b9\u09bf\u099c\u09b2\u09bf / \u0986\u0987\u0986\u0987\u099f\u09bf",
        "jl_no": 165,
        "khasra_no": "220",
        "dag_no": 220,
        "khatian_no": 420,
        "owner_name": "Debasis Mahapatra & Brothers",
        "owner_name_bn": "\u09ac\u09cd\u09af\u0995\u09cd\u09a4\u09bf\u0997\u09a4 \u09b0\u09be\u09af\u09bc\u09a4",
        "ownership_type": "Private Freehold Ryot",
        "land_classification": "\u09ac\u09be\u09b8\u09cd\u09a4\u09c1 (Bastu)",
        "legal_area_sqm": 313.82,
        "gis_area_sqm": 312.57,
        "physical_area_sqm": 312.57,
        "area_discrepancy_pct": 0.4,
        "area_bengali": "0 \u09ac\u09bf\u0998\u09be 4 \u0995\u09be\u09a0\u09be 11.1 \u099b\u099f\u09be\u0995",
        "area_english": "0 Bigha 4 Katha 11.1 Chhatak",
        "status": "VERIFIED",
        "cors_datum": "Survey of India KGP1 (Kharagpur) CORS Station",
        "target_crs": "EPSG:7755 / EPSG:4326",
        "survey_source": "OpenStreetMap Real Footprints + Banglarbhumi RoR",
        "confidence_semi_major_m": 0.042,
        "confidence_semi_minor_m": 0.028
      }
    },
    {
      "type": "Feature",
      "id": "west-medinipur-dag-221",
      "geometry": {
        "type": "Polygon",
        "coordinates": [
          [
            [
              87.323649,
              22.423826
            ],
            [
              87.323691,
              22.423934
            ],
            [
              87.323413,
              22.424027
            ],
            [
              87.323453,
              22.42413
            ],
            [
              87.323376,
              22.424156
            ],
            [
              87.323293,
              22.423945
            ],
            [
              87.323649,
              22.423826
            ]
          ]
        ]
      },
      "properties": {
        "ulpin": "191842393235",
        "osm_id": 213763223,
        "state": "West Bengal",
        "state_code": "19",
        "district": "Paschim Medinipur (\u09aa\u09b6\u09cd\u099a\u09bf\u09ae \u09ae\u09c7\u09a6\u09bf\u09a8\u09c0\u09aa\u09c1\u09b0)",
        "district_code": "18",
        "district_lgd": 318,
        "subdivision": "Midnapore Sadar",
        "block_municipality": "Midnapore Municipality",
        "mouza_name": "Medinipur Town",
        "mouza_name_bn": "\u09ae\u09c7\u09a6\u09bf\u09a8\u09c0\u09aa\u09c1\u09b0 \u09b6\u09b9\u09b0",
        "jl_no": 110,
        "khasra_no": "221",
        "dag_no": 221,
        "khatian_no": 421,
        "owner_name": "Satyaranjan Sasmal & Sons",
        "owner_name_bn": "\u0995\u09c3\u09b7\u09bf \u09b0\u09be\u09af\u09bc\u09a4",
        "ownership_type": "Agricultural Paddy Farmer",
        "land_classification": "\u09a7\u09be\u09a8\u09c0 (Dhani)",
        "legal_area_sqm": 587.75,
        "gis_area_sqm": 596.7,
        "physical_area_sqm": 596.7,
        "area_discrepancy_pct": 1.52,
        "area_bengali": "0 \u09ac\u09bf\u0998\u09be 8 \u0995\u09be\u09a0\u09be 12.6 \u099b\u099f\u09be\u0995",
        "area_english": "0 Bigha 8 Katha 12.6 Chhatak",
        "status": "ADJUDICATED",
        "cors_datum": "Survey of India KGP1 (Kharagpur) CORS Station",
        "target_crs": "EPSG:7755 / EPSG:4326",
        "survey_source": "OpenStreetMap Real Footprints + Banglarbhumi RoR",
        "confidence_semi_major_m": 0.042,
        "confidence_semi_minor_m": 0.028
      }
    },
    {
      "type": "Feature",
      "id": "west-medinipur-dag-222",
      "geometry": {
        "type": "Polygon",
        "coordinates": [
          [
            [
              87.322188,
              22.424088
            ],
            [
              87.322348,
              22.424496
            ],
            [
              87.32258,
              22.424418
            ],
            [
              87.32242,
              22.42401
            ],
            [
              87.322188,
              22.424088
            ]
          ]
        ]
      },
      "properties": {
        "ulpin": "191842423223",
        "osm_id": 213763224,
        "state": "West Bengal",
        "state_code": "19",
        "district": "Paschim Medinipur (\u09aa\u09b6\u09cd\u099a\u09bf\u09ae \u09ae\u09c7\u09a6\u09bf\u09a8\u09c0\u09aa\u09c1\u09b0)",
        "district_code": "18",
        "district_lgd": 318,
        "subdivision": "Kharagpur",
        "block_municipality": "Kharagpur Municipality",
        "mouza_name": "Inda / Kharagpur",
        "mouza_name_bn": "\u0987\u09bf\u09a8\u09cd\u09a6\u09be / \u0996\u09dc\u0997\u09aa\u09c1\u09b0",
        "jl_no": 142,
        "khasra_no": "222",
        "dag_no": 222,
        "khatian_no": 422,
        "owner_name": "Pravat Kumar Ghosh",
        "owner_name_bn": "\u09ac\u09be\u09a3\u09bf\u099c\u09cd\u09af\u09bf\u0995 \u09a6\u09cb\u0995\u09be\u09a8",
        "ownership_type": "Commercial Hardware Enterprise",
        "land_classification": "\u09a1\u09be\u0999\u09cd\u0997\u09be (Danga)",
        "legal_area_sqm": 1214.12,
        "gis_area_sqm": 1219.0,
        "physical_area_sqm": 1219.0,
        "area_discrepancy_pct": 0.4,
        "area_bengali": "0 \u09ac\u09bf\u0998\u09be 18 \u0995\u09be\u09a0\u09be 2.4 \u099b\u099f\u09be\u0995",
        "area_english": "0 Bigha 18 Katha 2.4 Chhatak",
        "status": "VERIFIED",
        "cors_datum": "Survey of India KGP1 (Kharagpur) CORS Station",
        "target_crs": "EPSG:7755 / EPSG:4326",
        "survey_source": "OpenStreetMap Real Footprints + Banglarbhumi RoR",
        "confidence_semi_major_m": 0.042,
        "confidence_semi_minor_m": 0.028
      }
    },
    {
      "type": "Feature",
      "id": "west-medinipur-dag-223",
      "geometry": {
        "type": "Polygon",
        "coordinates": [
          [
            [
              87.323119,
              22.42374
            ],
            [
              87.323201,
              22.423934
            ],
            [
              87.323458,
              22.423842
            ],
            [
              87.323376,
              22.423648
            ],
            [
              87.323119,
              22.42374
            ]
          ]
        ]
      },
      "properties": {
        "ulpin": "191842373232",
        "osm_id": 213763226,
        "state": "West Bengal",
        "state_code": "19",
        "district": "Paschim Medinipur (\u09aa\u09b6\u09cd\u099a\u09bf\u09ae \u09ae\u09c7\u09a6\u09bf\u09a8\u09c0\u09aa\u09c1\u09b0)",
        "district_code": "18",
        "district_lgd": 318,
        "subdivision": "Kharagpur",
        "block_municipality": "Kharagpur I",
        "mouza_name": "Nimpura Industrial",
        "mouza_name_bn": "\u09a8\u09bf\u09ae\u09aa\u09c1\u09b0\u09be \u09b6\u09bf\u09b2\u09cd\u09aa\u09be\u099e\u09cd\u099a\u09b2",
        "jl_no": 156,
        "khasra_no": "223",
        "dag_no": 223,
        "khatian_no": 423,
        "owner_name": "Bhabani Prasad Samanta",
        "owner_name_bn": "\u09aa\u09c8\u09a4\u09c3\u0995 \u09ac\u09be\u09b8\u09cd\u09a4\u09c1",
        "ownership_type": "Hereditary Homestead Ryot",
        "land_classification": "\u09ac\u09be\u09b8\u09cd\u09a4\u09c1 (Bastu)",
        "legal_area_sqm": 657.69,
        "gis_area_sqm": 653.12,
        "physical_area_sqm": 653.12,
        "area_discrepancy_pct": 0.69,
        "area_bengali": "0 \u09ac\u09bf\u0998\u09be 9 \u0995\u09be\u09a0\u09be 13.3 \u099b\u099f\u09be\u0995",
        "area_english": "0 Bigha 9 Katha 13.3 Chhatak",
        "status": "VERIFIED",
        "cors_datum": "Survey of India KGP1 (Kharagpur) CORS Station",
        "target_crs": "EPSG:7755 / EPSG:4326",
        "survey_source": "OpenStreetMap Real Footprints + Banglarbhumi RoR",
        "confidence_semi_major_m": 0.042,
        "confidence_semi_minor_m": 0.028
      }
    },
    {
      "type": "Feature",
      "id": "west-medinipur-dag-224",
      "geometry": {
        "type": "Polygon",
        "coordinates": [
          [
            [
              87.320953,
              22.422895
            ],
            [
              87.320992,
              22.422993
            ],
            [
              87.321159,
              22.422935
            ],
            [
              87.321119,
              22.422837
            ],
            [
              87.320953,
              22.422895
            ]
          ]
        ]
      },
      "properties": {
        "ulpin": "191842293210",
        "osm_id": 213763227,
        "state": "West Bengal",
        "state_code": "19",
        "district": "Paschim Medinipur (\u09aa\u09b6\u09cd\u099a\u09bf\u09ae \u09ae\u09c7\u09a6\u09bf\u09a8\u09c0\u09aa\u09c1\u09b0)",
        "district_code": "18",
        "district_lgd": 318,
        "subdivision": "Kharagpur",
        "block_municipality": "Kharagpur I",
        "mouza_name": "Hijli Institutional",
        "mouza_name_bn": "\u09b9\u09bf\u099c\u09b2\u09bf / \u0986\u0987\u0986\u0987\u099f\u09bf",
        "jl_no": 165,
        "khasra_no": "224",
        "dag_no": 224,
        "khatian_no": 424,
        "owner_name": "Chanchal Kumar Dinda",
        "owner_name_bn": "\u09ac\u09cd\u09af\u0995\u09cd\u09a4\u09bf\u0997\u09a4 \u09ac\u09be\u09b8\u09cd\u09a4\u09c1",
        "ownership_type": "Private Homestead",
        "land_classification": "\u09ac\u09be\u09b8\u09cd\u09a4\u09c1 (Bastu)",
        "legal_area_sqm": 209.18,
        "gis_area_sqm": 211.72,
        "physical_area_sqm": 211.72,
        "area_discrepancy_pct": 1.21,
        "area_bengali": "0 \u09ac\u09bf\u0998\u09be 3 \u0995\u09be\u09a0\u09be 2.0 \u099b\u099f\u09be\u0995",
        "area_english": "0 Bigha 3 Katha 2.0 Chhatak",
        "status": "VERIFIED",
        "cors_datum": "Survey of India KGP1 (Kharagpur) CORS Station",
        "target_crs": "EPSG:7755 / EPSG:4326",
        "survey_source": "OpenStreetMap Real Footprints + Banglarbhumi RoR",
        "confidence_semi_major_m": 0.042,
        "confidence_semi_minor_m": 0.028
      }
    },
    {
      "type": "Feature",
      "id": "west-medinipur-dag-225",
      "geometry": {
        "type": "Polygon",
        "coordinates": [
          [
            [
              87.32136,
              22.423739
            ],
            [
              87.321301,
              22.423767
            ],
            [
              87.321339,
              22.423836
            ],
            [
              87.321257,
              22.423875
            ],
            [
              87.321303,
              22.423959
            ],
            [
              87.32139,
              22.423918
            ],
            [
              87.321436,
              22.424003
            ],
            [
              87.321491,
              22.423977
            ],
            [
              87.32136,
              22.423739
            ]
          ]
        ]
      },
      "properties": {
        "ulpin": "191842383213",
        "osm_id": 213763228,
        "state": "West Bengal",
        "state_code": "19",
        "district": "Paschim Medinipur (\u09aa\u09b6\u09cd\u099a\u09bf\u09ae \u09ae\u09c7\u09a6\u09bf\u09a8\u09c0\u09aa\u09c1\u09b0)",
        "district_code": "18",
        "district_lgd": 318,
        "subdivision": "Midnapore Sadar",
        "block_municipality": "Midnapore Municipality",
        "mouza_name": "Medinipur Town",
        "mouza_name_bn": "\u09ae\u09c7\u09a6\u09bf\u09a8\u09c0\u09aa\u09c1\u09b0 \u09b6\u09b9\u09b0",
        "jl_no": 110,
        "khasra_no": "225",
        "dag_no": 225,
        "khatian_no": 425,
        "owner_name": "Town Club",
        "owner_name_bn": "\u09af\u09cc\u09a5 \u0996\u09a4\u09bf\u09af\u09bc\u09be\u09a8",
        "ownership_type": "Joint Agricultural Estate",
        "land_classification": "\u09a7\u09be\u09a8\u09c0 (Dhani)",
        "legal_area_sqm": 294.91,
        "gis_area_sqm": 295.21,
        "physical_area_sqm": 295.21,
        "area_discrepancy_pct": 0.1,
        "area_bengali": "0 \u09ac\u09bf\u0998\u09be 4 \u0995\u09be\u09a0\u09be 6.5 \u099b\u099f\u09be\u0995",
        "area_english": "0 Bigha 4 Katha 6.5 Chhatak",
        "status": "VERIFIED",
        "cors_datum": "Survey of India KGP1 (Kharagpur) CORS Station",
        "target_crs": "EPSG:7755 / EPSG:4326",
        "survey_source": "OpenStreetMap Real Footprints + Banglarbhumi RoR",
        "confidence_semi_major_m": 0.042,
        "confidence_semi_minor_m": 0.028
      }
    },
    {
      "type": "Feature",
      "id": "west-medinipur-dag-226",
      "geometry": {
        "type": "Polygon",
        "coordinates": [
          [
            [
              87.320235,
              22.421399
            ],
            [
              87.320281,
              22.421347
            ],
            [
              87.32062,
              22.421597
            ],
            [
              87.320575,
              22.421649
            ],
            [
              87.320235,
              22.421399
            ]
          ]
        ]
      },
      "properties": {
        "ulpin": "191842143203",
        "osm_id": 213763229,
        "state": "West Bengal",
        "state_code": "19",
        "district": "Paschim Medinipur (\u09aa\u09b6\u09cd\u099a\u09bf\u09ae \u09ae\u09c7\u09a6\u09bf\u09a8\u09c0\u09aa\u09c1\u09b0)",
        "district_code": "18",
        "district_lgd": 318,
        "subdivision": "Kharagpur",
        "block_municipality": "Kharagpur Municipality",
        "mouza_name": "Inda / Kharagpur",
        "mouza_name_bn": "\u0987\u09bf\u09a8\u09cd\u09a6\u09be / \u0996\u09dc\u0997\u09aa\u09c1\u09b0",
        "jl_no": 142,
        "khasra_no": "226",
        "dag_no": 226,
        "khatian_no": 426,
        "owner_name": "Paschim Medinipur Zilla Parishad",
        "owner_name_bn": "\u099c\u09c7\u09b2\u09be \u09aa\u09b0\u09bf\u09b7\u09a6",
        "ownership_type": "Panchayati Raj Civic Asset",
        "land_classification": "\u09b8\u09b0\u0995\u09be\u09b0\u09bf \u0996\u09be\u09b8 (Sarkari Khas)",
        "legal_area_sqm": 333.59,
        "gis_area_sqm": 330.29,
        "physical_area_sqm": 330.29,
        "area_discrepancy_pct": 0.99,
        "area_bengali": "0 \u09ac\u09bf\u0998\u09be 4 \u0995\u09be\u09a0\u09be 15.8 \u099b\u099f\u09be\u0995",
        "area_english": "0 Bigha 4 Katha 15.8 Chhatak",
        "status": "VERIFIED",
        "cors_datum": "Survey of India KGP1 (Kharagpur) CORS Station",
        "target_crs": "EPSG:7755 / EPSG:4326",
        "survey_source": "OpenStreetMap Real Footprints + Banglarbhumi RoR",
        "confidence_semi_major_m": 0.042,
        "confidence_semi_minor_m": 0.028
      }
    },
    {
      "type": "Feature",
      "id": "west-medinipur-dag-227",
      "geometry": {
        "type": "Polygon",
        "coordinates": [
          [
            [
              87.318674,
              22.417045
            ],
            [
              87.318655,
              22.417202
            ],
            [
              87.318911,
              22.417228
            ],
            [
              87.318929,
              22.41707
            ],
            [
              87.318674,
              22.417045
            ]
          ]
        ]
      },
      "properties": {
        "ulpin": "191841713187",
        "osm_id": 213892773,
        "state": "West Bengal",
        "state_code": "19",
        "district": "Paschim Medinipur (\u09aa\u09b6\u09cd\u099a\u09bf\u09ae \u09ae\u09c7\u09a6\u09bf\u09a8\u09c0\u09aa\u09c1\u09b0)",
        "district_code": "18",
        "district_lgd": 318,
        "subdivision": "Kharagpur",
        "block_municipality": "Kharagpur I",
        "mouza_name": "Nimpura Industrial",
        "mouza_name_bn": "\u09a8\u09bf\u09ae\u09aa\u09c1\u09b0\u09be \u09b6\u09bf\u09b2\u09cd\u09aa\u09be\u099e\u09cd\u099a\u09b2",
        "jl_no": 156,
        "khasra_no": "227",
        "dag_no": 227,
        "khatian_no": 427,
        "owner_name": "Islamic Structure",
        "owner_name_bn": "\u0986\u0987\u0986\u0987\u099f\u09bf \u0996\u09dc\u0997\u09aa\u09c1\u09b0",
        "ownership_type": "Central Autonomous Institutional",
        "land_classification": "\u09b8\u09b0\u0995\u09be\u09b0\u09bf \u0996\u09be\u09b8 (Sarkari Khas)",
        "legal_area_sqm": 459.06,
        "gis_area_sqm": 463.23,
        "physical_area_sqm": 463.23,
        "area_discrepancy_pct": 0.91,
        "area_bengali": "0 \u09ac\u09bf\u0998\u09be 6 \u0995\u09be\u09a0\u09be 13.8 \u099b\u099f\u09be\u0995",
        "area_english": "0 Bigha 6 Katha 13.8 Chhatak",
        "status": "VERIFIED",
        "cors_datum": "Survey of India KGP1 (Kharagpur) CORS Station",
        "target_crs": "EPSG:7755 / EPSG:4326",
        "survey_source": "OpenStreetMap Real Footprints + Banglarbhumi RoR",
        "confidence_semi_major_m": 0.042,
        "confidence_semi_minor_m": 0.028
      }
    },
    {
      "type": "Feature",
      "id": "west-medinipur-dag-228",
      "geometry": {
        "type": "Polygon",
        "coordinates": [
          [
            [
              87.322915,
              22.422487
            ],
            [
              87.32327,
              22.422584
            ],
            [
              87.323328,
              22.422405
            ],
            [
              87.322973,
              22.422307
            ],
            [
              87.322981,
              22.422283
            ],
            [
              87.322926,
              22.422267
            ],
            [
              87.322849,
              22.422504
            ],
            [
              87.322905,
              22.422519
            ],
            [
              87.322915,
              22.422487
            ]
          ]
        ]
      },
      "properties": {
        "ulpin": "191842243230",
        "osm_id": 213892775,
        "state": "West Bengal",
        "state_code": "19",
        "district": "Paschim Medinipur (\u09aa\u09b6\u09cd\u099a\u09bf\u09ae \u09ae\u09c7\u09a6\u09bf\u09a8\u09c0\u09aa\u09c1\u09b0)",
        "district_code": "18",
        "district_lgd": 318,
        "subdivision": "Kharagpur",
        "block_municipality": "Kharagpur I",
        "mouza_name": "Hijli Institutional",
        "mouza_name_bn": "\u09b9\u09bf\u099c\u09b2\u09bf / \u0986\u0987\u0986\u0987\u099f\u09bf",
        "jl_no": 165,
        "khasra_no": "228",
        "dag_no": 228,
        "khatian_no": 428,
        "owner_name": "Vidyasagar Memorial Hall",
        "owner_name_bn": "\u09a6\u0995\u09cd\u09b7\u09bf\u09a3 \u09aa\u09c2\u09b0\u09cd\u09ac \u09b0\u09c7\u09b2\u0993\u09af\u09bc\u09c7",
        "ownership_type": "Central Govt Infrastructure",
        "land_classification": "\u09b8\u09b0\u0995\u09be\u09b0\u09bf \u0996\u09be\u09b8 (Sarkari Khas)",
        "legal_area_sqm": 953.44,
        "gis_area_sqm": 951.54,
        "physical_area_sqm": 951.54,
        "area_discrepancy_pct": 0.2,
        "area_bengali": "0 \u09ac\u09bf\u0998\u09be 14 \u0995\u09be\u09a0\u09be 4.1 \u099b\u099f\u09be\u0995",
        "area_english": "0 Bigha 14 Katha 4.1 Chhatak",
        "status": "VERIFIED",
        "cors_datum": "Survey of India KGP1 (Kharagpur) CORS Station",
        "target_crs": "EPSG:7755 / EPSG:4326",
        "survey_source": "OpenStreetMap Real Footprints + Banglarbhumi RoR",
        "confidence_semi_major_m": 0.042,
        "confidence_semi_minor_m": 0.028
      }
    },
    {
      "type": "Feature",
      "id": "west-medinipur-dag-229",
      "geometry": {
        "type": "Polygon",
        "coordinates": [
          [
            [
              87.320245,
              22.421109
            ],
            [
              87.320281,
              22.421174
            ],
            [
              87.32053,
              22.421056
            ],
            [
              87.320494,
              22.420991
            ],
            [
              87.320245,
              22.421109
            ]
          ]
        ]
      },
      "properties": {
        "ulpin": "191842103203",
        "osm_id": 213892778,
        "state": "West Bengal",
        "state_code": "19",
        "district": "Paschim Medinipur (\u09aa\u09b6\u09cd\u099a\u09bf\u09ae \u09ae\u09c7\u09a6\u09bf\u09a8\u09c0\u09aa\u09c1\u09b0)",
        "district_code": "18",
        "district_lgd": 318,
        "subdivision": "Midnapore Sadar",
        "block_municipality": "Midnapore Municipality",
        "mouza_name": "Medinipur Town",
        "mouza_name_bn": "\u09ae\u09c7\u09a6\u09bf\u09a8\u09c0\u09aa\u09c1\u09b0 \u09b6\u09b9\u09b0",
        "jl_no": 110,
        "khasra_no": "229",
        "dag_no": 229,
        "khatian_no": 429,
        "owner_name": "West Bengal Industrial Development Corporation (WBIDC Nimpura)",
        "owner_name_bn": "\u09b0\u09be\u099c\u09cd\u09af \u09b6\u09bf\u09b2\u09cd\u09aa \u09a8\u09bf\u0997\u09ae",
        "ownership_type": "State Govt Industrial Park",
        "land_classification": "\u0995\u09b2\u0995\u09be\u09b0\u0996\u09be\u09a8\u09be (Karkhana)",
        "legal_area_sqm": 235.51,
        "gis_area_sqm": 232.49,
        "physical_area_sqm": 232.49,
        "area_discrepancy_pct": 1.28,
        "area_bengali": "0 \u09ac\u09bf\u0998\u09be 3 \u0995\u09be\u09a0\u09be 8.3 \u099b\u099f\u09be\u0995",
        "area_english": "0 Bigha 3 Katha 8.3 Chhatak",
        "status": "VERIFIED",
        "cors_datum": "Survey of India KGP1 (Kharagpur) CORS Station",
        "target_crs": "EPSG:7755 / EPSG:4326",
        "survey_source": "OpenStreetMap Real Footprints + Banglarbhumi RoR",
        "confidence_semi_major_m": 0.042,
        "confidence_semi_minor_m": 0.028
      }
    },
    {
      "type": "Feature",
      "id": "west-medinipur-dag-230",
      "geometry": {
        "type": "Polygon",
        "coordinates": [
          [
            [
              87.327861,
              22.422667
            ],
            [
              87.327873,
              22.422833
            ],
            [
              87.328181,
              22.422814
            ],
            [
              87.328169,
              22.422648
            ],
            [
              87.327861,
              22.422667
            ]
          ]
        ]
      },
      "properties": {
        "ulpin": "191842273279",
        "osm_id": 213892780,
        "state": "West Bengal",
        "state_code": "19",
        "district": "Paschim Medinipur (\u09aa\u09b6\u09cd\u099a\u09bf\u09ae \u09ae\u09c7\u09a6\u09bf\u09a8\u09c0\u09aa\u09c1\u09b0)",
        "district_code": "18",
        "district_lgd": 318,
        "subdivision": "Kharagpur",
        "block_municipality": "Kharagpur Municipality",
        "mouza_name": "Inda / Kharagpur",
        "mouza_name_bn": "\u0987\u09bf\u09a8\u09cd\u09a6\u09be / \u0996\u09dc\u0997\u09aa\u09c1\u09b0",
        "jl_no": 142,
        "khasra_no": "230",
        "dag_no": 230,
        "khatian_no": 430,
        "owner_name": "Midnapore District Collectorate & Court Estate",
        "owner_name_bn": "\u09ae\u09c7\u09a6\u09bf\u09a8\u09c0\u09aa\u09c1\u09b0 \u099c\u09c7\u09b2\u09be \u09aa\u09cd\u09b0\u09b6\u09be\u09b8\u09a8",
        "ownership_type": "District Administrative Estate",
        "land_classification": "\u09b8\u09b0\u0995\u09be\u09b0\u09bf \u0996\u09be\u09b8 (Sarkari Khas)",
        "legal_area_sqm": 580.82,
        "gis_area_sqm": 584.33,
        "physical_area_sqm": 584.33,
        "area_discrepancy_pct": 0.6,
        "area_bengali": "0 \u09ac\u09bf\u0998\u09be 8 \u0995\u09be\u09a0\u09be 10.9 \u099b\u099f\u09be\u0995",
        "area_english": "0 Bigha 8 Katha 10.9 Chhatak",
        "status": "VERIFIED",
        "cors_datum": "Survey of India KGP1 (Kharagpur) CORS Station",
        "target_crs": "EPSG:7755 / EPSG:4326",
        "survey_source": "OpenStreetMap Real Footprints + Banglarbhumi RoR",
        "confidence_semi_major_m": 0.042,
        "confidence_semi_minor_m": 0.028
      }
    },
    {
      "type": "Feature",
      "id": "west-medinipur-dag-231",
      "geometry": {
        "type": "Polygon",
        "coordinates": [
          [
            [
              87.326988,
              22.421982
            ],
            [
              87.327349,
              22.421958
            ],
            [
              87.327362,
              22.422124
            ],
            [
              87.327428,
              22.42212
            ],
            [
              87.327434,
              22.422191
            ],
            [
              87.326921,
              22.422224
            ],
            [
              87.326916,
              22.422151
            ],
            [
              87.327,
              22.422146
            ],
            [
              87.326988,
              22.421982
            ]
          ]
        ]
      },
      "properties": {
        "ulpin": "191842203271",
        "osm_id": 213892781,
        "state": "West Bengal",
        "state_code": "19",
        "district": "Paschim Medinipur (\u09aa\u09b6\u09cd\u099a\u09bf\u09ae \u09ae\u09c7\u09a6\u09bf\u09a8\u09c0\u09aa\u09c1\u09b0)",
        "district_code": "18",
        "district_lgd": 318,
        "subdivision": "Kharagpur",
        "block_municipality": "Kharagpur I",
        "mouza_name": "Nimpura Industrial",
        "mouza_name_bn": "\u09a8\u09bf\u09ae\u09aa\u09c1\u09b0\u09be \u09b6\u09bf\u09b2\u09cd\u09aa\u09be\u099e\u09cd\u099a\u09b2",
        "jl_no": 156,
        "khasra_no": "231",
        "dag_no": 231,
        "khatian_no": 431,
        "owner_name": "Tata Metaliks Limited (Kharagpur Plant)",
        "owner_name_bn": "\u099f\u09be\u099f\u09be \u09ae\u09c7\u099f\u09be\u09b2\u09bf\u0995\u09cd\u09b8 \u09b2\u09bf\u09ae\u09bf\u099f\u09c7\u09a1",
        "ownership_type": "Corporate Heavy Industrial",
        "land_classification": "\u0995\u09b2\u0995\u09be\u09b0\u0996\u09be\u09a8\u09be (Karkhana)",
        "legal_area_sqm": 1109.09,
        "gis_area_sqm": 1103.57,
        "physical_area_sqm": 1103.57,
        "area_discrepancy_pct": 0.5,
        "area_bengali": "0 \u09ac\u09bf\u0998\u09be 16 \u0995\u09be\u09a0\u09be 9.3 \u099b\u099f\u09be\u0995",
        "area_english": "0 Bigha 16 Katha 9.3 Chhatak",
        "status": "VERIFIED",
        "cors_datum": "Survey of India KGP1 (Kharagpur) CORS Station",
        "target_crs": "EPSG:7755 / EPSG:4326",
        "survey_source": "OpenStreetMap Real Footprints + Banglarbhumi RoR",
        "confidence_semi_major_m": 0.042,
        "confidence_semi_minor_m": 0.028
      }
    },
    {
      "type": "Feature",
      "id": "west-medinipur-dag-232",
      "geometry": {
        "type": "Polygon",
        "coordinates": [
          [
            [
              87.326985,
              22.42296
            ],
            [
              87.327157,
              22.42296
            ],
            [
              87.32713,
              22.422449
            ],
            [
              87.327414,
              22.422389
            ],
            [
              87.327452,
              22.422404
            ],
            [
              87.327559,
              22.422261
            ],
            [
              87.327446,
              22.42228
            ],
            [
              87.327344,
              22.422295
            ],
            [
              87.326964,
              22.422335
            ],
            [
              87.326985,
              22.42296
            ]
          ]
        ]
      },
      "properties": {
        "ulpin": "191842253272",
        "osm_id": 213892782,
        "state": "West Bengal",
        "state_code": "19",
        "district": "Paschim Medinipur (\u09aa\u09b6\u09cd\u099a\u09bf\u09ae \u09ae\u09c7\u09a6\u09bf\u09a8\u09c0\u09aa\u09c1\u09b0)",
        "district_code": "18",
        "district_lgd": 318,
        "subdivision": "Kharagpur",
        "block_municipality": "Kharagpur I",
        "mouza_name": "Hijli Institutional",
        "mouza_name_bn": "\u09b9\u09bf\u099c\u09b2\u09bf / \u0986\u0987\u0986\u0987\u099f\u09bf",
        "jl_no": 165,
        "khasra_no": "232",
        "dag_no": 232,
        "khatian_no": 432,
        "owner_name": "Midnapore College (Autonomous)",
        "owner_name_bn": "\u09ae\u09c7\u09a6\u09bf\u09a8\u09c0\u09aa\u09c1\u09b0 \u0995\u09b2\u09c7\u099c",
        "ownership_type": "Higher Educational Institution",
        "land_classification": "\u09b8\u09b0\u0995\u09be\u09b0\u09bf \u0996\u09be\u09b8 (Sarkari Khas)",
        "legal_area_sqm": 1679.96,
        "gis_area_sqm": 1703.81,
        "physical_area_sqm": 1703.81,
        "area_discrepancy_pct": 1.42,
        "area_bengali": "1 \u09ac\u09bf\u0998\u09be 5 \u0995\u09be\u09a0\u09be 1.8 \u099b\u099f\u09be\u0995",
        "area_english": "1 Bigha 5 Katha 1.8 Chhatak",
        "status": "VERIFIED",
        "cors_datum": "Survey of India KGP1 (Kharagpur) CORS Station",
        "target_crs": "EPSG:7755 / EPSG:4326",
        "survey_source": "OpenStreetMap Real Footprints + Banglarbhumi RoR",
        "confidence_semi_major_m": 0.042,
        "confidence_semi_minor_m": 0.028
      }
    },
    {
      "type": "Feature",
      "id": "west-medinipur-dag-233",
      "geometry": {
        "type": "Polygon",
        "coordinates": [
          [
            [
              87.329919,
              22.410169
            ],
            [
              87.330147,
              22.410128
            ],
            [
              87.330078,
              22.409795
            ],
            [
              87.32985,
              22.409835
            ],
            [
              87.329919,
              22.410169
            ]
          ]
        ]
      },
      "properties": {
        "ulpin": "191841003299",
        "osm_id": 213894903,
        "state": "West Bengal",
        "state_code": "19",
        "district": "Paschim Medinipur (\u09aa\u09b6\u09cd\u099a\u09bf\u09ae \u09ae\u09c7\u09a6\u09bf\u09a8\u09c0\u09aa\u09c1\u09b0)",
        "district_code": "18",
        "district_lgd": 318,
        "subdivision": "Midnapore Sadar",
        "block_municipality": "Midnapore Municipality",
        "mouza_name": "Medinipur Town",
        "mouza_name_bn": "\u09ae\u09c7\u09a6\u09bf\u09a8\u09c0\u09aa\u09c1\u09b0 \u09b6\u09b9\u09b0",
        "jl_no": 110,
        "khasra_no": "233",
        "dag_no": 233,
        "khatian_no": 433,
        "owner_name": "Hori Cinema",
        "owner_name_bn": "\u09ac\u09bf\u09a6\u09cd\u09af\u09be\u09b8\u09be\u0997\u09b0 \u09ac\u09bf\u09b6\u09cd\u09ac\u09ac\u09bf\u09a6\u09cd\u09af\u09be\u09b2\u09af\u09bc",
        "ownership_type": "University Institutional",
        "land_classification": "\u09b8\u09b0\u0995\u09be\u09b0\u09bf \u0996\u09be\u09b8 (Sarkari Khas)",
        "legal_area_sqm": 894.27,
        "gis_area_sqm": 896.96,
        "physical_area_sqm": 896.96,
        "area_discrepancy_pct": 0.3,
        "area_bengali": "0 \u09ac\u09bf\u0998\u09be 13 \u0995\u09be\u09a0\u09be 5.9 \u099b\u099f\u09be\u0995",
        "area_english": "0 Bigha 13 Katha 5.9 Chhatak",
        "status": "VERIFIED",
        "cors_datum": "Survey of India KGP1 (Kharagpur) CORS Station",
        "target_crs": "EPSG:7755 / EPSG:4326",
        "survey_source": "OpenStreetMap Real Footprints + Banglarbhumi RoR",
        "confidence_semi_major_m": 0.042,
        "confidence_semi_minor_m": 0.028
      }
    },
    {
      "type": "Feature",
      "id": "west-medinipur-dag-234",
      "geometry": {
        "type": "Polygon",
        "coordinates": [
          [
            [
              87.316821,
              22.438821
            ],
            [
              87.317058,
              22.438801
            ],
            [
              87.317047,
              22.438694
            ],
            [
              87.31681,
              22.438714
            ],
            [
              87.316821,
              22.438821
            ]
          ]
        ]
      },
      "properties": {
        "ulpin": "191843873169",
        "osm_id": 213896122,
        "state": "West Bengal",
        "state_code": "19",
        "district": "Paschim Medinipur (\u09aa\u09b6\u09cd\u099a\u09bf\u09ae \u09ae\u09c7\u09a6\u09bf\u09a8\u09c0\u09aa\u09c1\u09b0)",
        "district_code": "18",
        "district_lgd": 318,
        "subdivision": "Kharagpur",
        "block_municipality": "Kharagpur Municipality",
        "mouza_name": "Inda / Kharagpur",
        "mouza_name_bn": "\u0987\u09bf\u09a8\u09cd\u09a6\u09be / \u0996\u09dc\u0997\u09aa\u09c1\u09b0",
        "jl_no": 142,
        "khasra_no": "234",
        "dag_no": 234,
        "khatian_no": 434,
        "owner_name": "Debasis Mahapatra & Brothers",
        "owner_name_bn": "\u09ac\u09cd\u09af\u0995\u09cd\u09a4\u09bf\u0997\u09a4 \u09b0\u09be\u09af\u09bc\u09a4",
        "ownership_type": "Private Freehold Ryot",
        "land_classification": "\u09ac\u09be\u09b8\u09cd\u09a4\u09c1 (Bastu)",
        "legal_area_sqm": 293.37,
        "gis_area_sqm": 291.04,
        "physical_area_sqm": 291.04,
        "area_discrepancy_pct": 0.79,
        "area_bengali": "0 \u09ac\u09bf\u0998\u09be 4 \u0995\u09be\u09a0\u09be 6.2 \u099b\u099f\u09be\u0995",
        "area_english": "0 Bigha 4 Katha 6.2 Chhatak",
        "status": "VERIFIED",
        "cors_datum": "Survey of India KGP1 (Kharagpur) CORS Station",
        "target_crs": "EPSG:7755 / EPSG:4326",
        "survey_source": "OpenStreetMap Real Footprints + Banglarbhumi RoR",
        "confidence_semi_major_m": 0.042,
        "confidence_semi_minor_m": 0.028
      }
    },
    {
      "type": "Feature",
      "id": "west-medinipur-dag-235",
      "geometry": {
        "type": "Polygon",
        "coordinates": [
          [
            [
              87.317948,
              22.439349
            ],
            [
              87.318071,
              22.43931
            ],
            [
              87.318168,
              22.439578
            ],
            [
              87.318044,
              22.439616
            ],
            [
              87.317948,
              22.439349
            ]
          ]
        ]
      },
      "properties": {
        "ulpin": "191843943180",
        "osm_id": 213896123,
        "state": "West Bengal",
        "state_code": "19",
        "district": "Paschim Medinipur (\u09aa\u09b6\u09cd\u099a\u09bf\u09ae \u09ae\u09c7\u09a6\u09bf\u09a8\u09c0\u09aa\u09c1\u09b0)",
        "district_code": "18",
        "district_lgd": 318,
        "subdivision": "Kharagpur",
        "block_municipality": "Kharagpur I",
        "mouza_name": "Nimpura Industrial",
        "mouza_name_bn": "\u09a8\u09bf\u09ae\u09aa\u09c1\u09b0\u09be \u09b6\u09bf\u09b2\u09cd\u09aa\u09be\u099e\u09cd\u099a\u09b2",
        "jl_no": 156,
        "khasra_no": "235",
        "dag_no": 235,
        "khatian_no": 435,
        "owner_name": "Satyaranjan Sasmal & Sons",
        "owner_name_bn": "\u0995\u09c3\u09b7\u09bf \u09b0\u09be\u09af\u09bc\u09a4",
        "ownership_type": "Agricultural Paddy Farmer",
        "land_classification": "\u09a7\u09be\u09a8\u09c0 (Dhani)",
        "legal_area_sqm": 413.56,
        "gis_area_sqm": 418.16,
        "physical_area_sqm": 418.16,
        "area_discrepancy_pct": 1.11,
        "area_bengali": "0 \u09ac\u09bf\u0998\u09be 6 \u0995\u09be\u09a0\u09be 2.9 \u099b\u099f\u09be\u0995",
        "area_english": "0 Bigha 6 Katha 2.9 Chhatak",
        "status": "VERIFIED",
        "cors_datum": "Survey of India KGP1 (Kharagpur) CORS Station",
        "target_crs": "EPSG:7755 / EPSG:4326",
        "survey_source": "OpenStreetMap Real Footprints + Banglarbhumi RoR",
        "confidence_semi_major_m": 0.042,
        "confidence_semi_minor_m": 0.028
      }
    },
    {
      "type": "Feature",
      "id": "west-medinipur-dag-236",
      "geometry": {
        "type": "Polygon",
        "coordinates": [
          [
            [
              87.313832,
              22.438552
            ],
            [
              87.314373,
              22.438665
            ],
            [
              87.31434,
              22.438799
            ],
            [
              87.313799,
              22.438685
            ],
            [
              87.313832,
              22.438552
            ]
          ]
        ]
      },
      "properties": {
        "ulpin": "191843863140",
        "osm_id": 213896124,
        "state": "West Bengal",
        "state_code": "19",
        "district": "Paschim Medinipur (\u09aa\u09b6\u09cd\u099a\u09bf\u09ae \u09ae\u09c7\u09a6\u09bf\u09a8\u09c0\u09aa\u09c1\u09b0)",
        "district_code": "18",
        "district_lgd": 318,
        "subdivision": "Kharagpur",
        "block_municipality": "Kharagpur I",
        "mouza_name": "Hijli Institutional",
        "mouza_name_bn": "\u09b9\u09bf\u099c\u09b2\u09bf / \u0986\u0987\u0986\u0987\u099f\u09bf",
        "jl_no": 165,
        "khasra_no": "236",
        "dag_no": 236,
        "khatian_no": 436,
        "owner_name": "Pravat Kumar Ghosh",
        "owner_name_bn": "\u09ac\u09be\u09a3\u09bf\u099c\u09cd\u09af\u09bf\u0995 \u09a6\u09cb\u0995\u09be\u09a8",
        "ownership_type": "Commercial Hardware Enterprise",
        "land_classification": "\u09a1\u09be\u0999\u09cd\u0997\u09be (Danga)",
        "legal_area_sqm": 864.38,
        "gis_area_sqm": 864.38,
        "physical_area_sqm": 864.38,
        "area_discrepancy_pct": 0.0,
        "area_bengali": "0 \u09ac\u09bf\u0998\u09be 12 \u0995\u09be\u09a0\u09be 14.8 \u099b\u099f\u09be\u0995",
        "area_english": "0 Bigha 12 Katha 14.8 Chhatak",
        "status": "VERIFIED",
        "cors_datum": "Survey of India KGP1 (Kharagpur) CORS Station",
        "target_crs": "EPSG:7755 / EPSG:4326",
        "survey_source": "OpenStreetMap Real Footprints + Banglarbhumi RoR",
        "confidence_semi_major_m": 0.042,
        "confidence_semi_minor_m": 0.028
      }
    },
    {
      "type": "Feature",
      "id": "west-medinipur-dag-237",
      "geometry": {
        "type": "Polygon",
        "coordinates": [
          [
            [
              87.316957,
              22.439995
            ],
            [
              87.317223,
              22.440197
            ],
            [
              87.317126,
              22.440306
            ],
            [
              87.31686,
              22.440105
            ],
            [
              87.316957,
              22.439995
            ]
          ]
        ]
      },
      "properties": {
        "ulpin": "191844013170",
        "osm_id": 213896125,
        "state": "West Bengal",
        "state_code": "19",
        "district": "Paschim Medinipur (\u09aa\u09b6\u09cd\u099a\u09bf\u09ae \u09ae\u09c7\u09a6\u09bf\u09a8\u09c0\u09aa\u09c1\u09b0)",
        "district_code": "18",
        "district_lgd": 318,
        "subdivision": "Midnapore Sadar",
        "block_municipality": "Midnapore Municipality",
        "mouza_name": "Medinipur Town",
        "mouza_name_bn": "\u09ae\u09c7\u09a6\u09bf\u09a8\u09c0\u09aa\u09c1\u09b0 \u09b6\u09b9\u09b0",
        "jl_no": 110,
        "khasra_no": "237",
        "dag_no": 237,
        "khatian_no": 437,
        "owner_name": "Bhabani Prasad Samanta",
        "owner_name_bn": "\u09aa\u09c8\u09a4\u09c3\u0995 \u09ac\u09be\u09b8\u09cd\u09a4\u09c1",
        "ownership_type": "Hereditary Homestead Ryot",
        "land_classification": "\u09ac\u09be\u09b8\u09cd\u09a4\u09c1 (Bastu)",
        "legal_area_sqm": 559.89,
        "gis_area_sqm": 553.8,
        "physical_area_sqm": 553.8,
        "area_discrepancy_pct": 1.09,
        "area_bengali": "0 \u09ac\u09bf\u0998\u09be 8 \u0995\u09be\u09a0\u09be 5.9 \u099b\u099f\u09be\u0995",
        "area_english": "0 Bigha 8 Katha 5.9 Chhatak",
        "status": "VERIFIED",
        "cors_datum": "Survey of India KGP1 (Kharagpur) CORS Station",
        "target_crs": "EPSG:7755 / EPSG:4326",
        "survey_source": "OpenStreetMap Real Footprints + Banglarbhumi RoR",
        "confidence_semi_major_m": 0.042,
        "confidence_semi_minor_m": 0.028
      }
    },
    {
      "type": "Feature",
      "id": "west-medinipur-dag-238",
      "geometry": {
        "type": "Polygon",
        "coordinates": [
          [
            [
              87.314797,
              22.439196
            ],
            [
              87.314893,
              22.439307
            ],
            [
              87.314252,
              22.439778
            ],
            [
              87.314156,
              22.439667
            ],
            [
              87.314797,
              22.439196
            ]
          ]
        ]
      },
      "properties": {
        "ulpin": "191843943145",
        "osm_id": 213896126,
        "state": "West Bengal",
        "state_code": "19",
        "district": "Paschim Medinipur (\u09aa\u09b6\u09cd\u099a\u09bf\u09ae \u09ae\u09c7\u09a6\u09bf\u09a8\u09c0\u09aa\u09c1\u09b0)",
        "district_code": "18",
        "district_lgd": 318,
        "subdivision": "Kharagpur",
        "block_municipality": "Kharagpur Municipality",
        "mouza_name": "Inda / Kharagpur",
        "mouza_name_bn": "\u0987\u09bf\u09a8\u09cd\u09a6\u09be / \u0996\u09dc\u0997\u09aa\u09c1\u09b0",
        "jl_no": 142,
        "khasra_no": "238",
        "dag_no": 238,
        "khatian_no": 438,
        "owner_name": "Chanchal Kumar Dinda",
        "owner_name_bn": "\u09ac\u09cd\u09af\u0995\u09cd\u09a4\u09bf\u0997\u09a4 \u09ac\u09be\u09b8\u09cd\u09a4\u09c1",
        "ownership_type": "Private Homestead",
        "land_classification": "\u09ac\u09be\u09b8\u09cd\u09a4\u09c1 (Bastu)",
        "legal_area_sqm": 1313.44,
        "gis_area_sqm": 1324.03,
        "physical_area_sqm": 1324.03,
        "area_discrepancy_pct": 0.81,
        "area_bengali": "0 \u09ac\u09bf\u0998\u09be 19 \u0995\u09be\u09a0\u09be 10.2 \u099b\u099f\u09be\u0995",
        "area_english": "0 Bigha 19 Katha 10.2 Chhatak",
        "status": "VERIFIED",
        "cors_datum": "Survey of India KGP1 (Kharagpur) CORS Station",
        "target_crs": "EPSG:7755 / EPSG:4326",
        "survey_source": "OpenStreetMap Real Footprints + Banglarbhumi RoR",
        "confidence_semi_major_m": 0.042,
        "confidence_semi_minor_m": 0.028
      }
    },
    {
      "type": "Feature",
      "id": "west-medinipur-dag-239",
      "geometry": {
        "type": "Polygon",
        "coordinates": [
          [
            [
              87.318439,
              22.439259
            ],
            [
              87.318328,
              22.439235
            ],
            [
              87.318236,
              22.439598
            ],
            [
              87.318348,
              22.439622
            ],
            [
              87.318439,
              22.439259
            ]
          ]
        ]
      },
      "properties": {
        "ulpin": "191843933183",
        "osm_id": 213896128,
        "state": "West Bengal",
        "state_code": "19",
        "district": "Paschim Medinipur (\u09aa\u09b6\u09cd\u099a\u09bf\u09ae \u09ae\u09c7\u09a6\u09bf\u09a8\u09c0\u09aa\u09c1\u09b0)",
        "district_code": "18",
        "district_lgd": 318,
        "subdivision": "Kharagpur",
        "block_municipality": "Kharagpur I",
        "mouza_name": "Nimpura Industrial",
        "mouza_name_bn": "\u09a8\u09bf\u09ae\u09aa\u09c1\u09b0\u09be \u09b6\u09bf\u09b2\u09cd\u09aa\u09be\u099e\u09cd\u099a\u09b2",
        "jl_no": 156,
        "khasra_no": "239",
        "dag_no": 239,
        "khatian_no": 439,
        "owner_name": "Rashbehari Pradhan & Co-sharers",
        "owner_name_bn": "\u09af\u09cc\u09a5 \u0996\u09a4\u09bf\u09af\u09bc\u09be\u09a8",
        "ownership_type": "Joint Agricultural Estate",
        "land_classification": "\u09a7\u09be\u09a8\u09c0 (Dhani)",
        "legal_area_sqm": 486.97,
        "gis_area_sqm": 485.51,
        "physical_area_sqm": 485.51,
        "area_discrepancy_pct": 0.3,
        "area_bengali": "0 \u09ac\u09bf\u0998\u09be 7 \u0995\u09be\u09a0\u09be 4.5 \u099b\u099f\u09be\u0995",
        "area_english": "0 Bigha 7 Katha 4.5 Chhatak",
        "status": "VERIFIED",
        "cors_datum": "Survey of India KGP1 (Kharagpur) CORS Station",
        "target_crs": "EPSG:7755 / EPSG:4326",
        "survey_source": "OpenStreetMap Real Footprints + Banglarbhumi RoR",
        "confidence_semi_major_m": 0.042,
        "confidence_semi_minor_m": 0.028
      }
    },
    {
      "type": "Feature",
      "id": "west-medinipur-dag-240",
      "geometry": {
        "type": "Polygon",
        "coordinates": [
          [
            [
              87.31838,
              22.440127
            ],
            [
              87.318461,
              22.439899
            ],
            [
              87.318611,
              22.439923
            ],
            [
              87.318589,
              22.43999
            ],
            [
              87.318664,
              22.439938
            ],
            [
              87.318627,
              22.439854
            ],
            [
              87.318568,
              22.43974
            ],
            [
              87.318691,
              22.43968
            ],
            [
              87.31875,
              22.439819
            ],
            [
              87.318686,
              22.439854
            ],
            [
              87.318723,
              22.439928
            ],
            [
              87.318831,
              22.439874
            ],
            [
              87.318831,
              22.439973
            ],
            [
              87.318568,
              22.440068
            ],
            [
              87.318531,
              22.440177
            ],
            [
              87.31838,
              22.440127
            ]
          ]
        ]
      },
      "properties": {
        "ulpin": "191843993186",
        "osm_id": 213896129,
        "state": "West Bengal",
        "state_code": "19",
        "district": "Paschim Medinipur (\u09aa\u09b6\u09cd\u099a\u09bf\u09ae \u09ae\u09c7\u09a6\u09bf\u09a8\u09c0\u09aa\u09c1\u09b0)",
        "district_code": "18",
        "district_lgd": 318,
        "subdivision": "Kharagpur",
        "block_municipality": "Kharagpur I",
        "mouza_name": "Hijli Institutional",
        "mouza_name_bn": "\u09b9\u09bf\u099c\u09b2\u09bf / \u0986\u0987\u0986\u0987\u099f\u09bf",
        "jl_no": 165,
        "khasra_no": "240",
        "dag_no": 240,
        "khatian_no": 440,
        "owner_name": "Paschim Medinipur Zilla Parishad",
        "owner_name_bn": "\u099c\u09c7\u09b2\u09be \u09aa\u09b0\u09bf\u09b7\u09a6",
        "ownership_type": "Panchayati Raj Civic Asset",
        "land_classification": "\u09b8\u09b0\u0995\u09be\u09b0\u09bf \u0996\u09be\u09b8 (Sarkari Khas)",
        "legal_area_sqm": 989.92,
        "gis_area_sqm": 976.25,
        "physical_area_sqm": 976.25,
        "area_discrepancy_pct": 1.38,
        "area_bengali": "0 \u09ac\u09bf\u0998\u09be 14 \u0995\u09be\u09a0\u09be 12.8 \u099b\u099f\u09be\u0995",
        "area_english": "0 Bigha 14 Katha 12.8 Chhatak",
        "status": "VERIFIED",
        "cors_datum": "Survey of India KGP1 (Kharagpur) CORS Station",
        "target_crs": "EPSG:7755 / EPSG:4326",
        "survey_source": "OpenStreetMap Real Footprints + Banglarbhumi RoR",
        "confidence_semi_major_m": 0.042,
        "confidence_semi_minor_m": 0.028
      }
    },
    {
      "type": "Feature",
      "id": "west-medinipur-dag-241",
      "geometry": {
        "type": "Polygon",
        "coordinates": [
          [
            [
              87.316384,
              22.43825
            ],
            [
              87.316305,
              22.438146
            ],
            [
              87.315607,
              22.438597
            ],
            [
              87.315687,
              22.438702
            ],
            [
              87.316384,
              22.43825
            ]
          ]
        ]
      },
      "properties": {
        "ulpin": "191843833160",
        "osm_id": 213896131,
        "state": "West Bengal",
        "state_code": "19",
        "district": "Paschim Medinipur (\u09aa\u09b6\u09cd\u099a\u09bf\u09ae \u09ae\u09c7\u09a6\u09bf\u09a8\u09c0\u09aa\u09c1\u09b0)",
        "district_code": "18",
        "district_lgd": 318,
        "subdivision": "Midnapore Sadar",
        "block_municipality": "Midnapore Municipality",
        "mouza_name": "Medinipur Town",
        "mouza_name_bn": "\u09ae\u09c7\u09a6\u09bf\u09a8\u09c0\u09aa\u09c1\u09b0 \u09b6\u09b9\u09b0",
        "jl_no": 110,
        "khasra_no": "241",
        "dag_no": 241,
        "khatian_no": 441,
        "owner_name": "Indian Institute of Technology (IIT) Kharagpur",
        "owner_name_bn": "\u0986\u0987\u0986\u0987\u099f\u09bf \u0996\u09dc\u0997\u09aa\u09c1\u09b0",
        "ownership_type": "Central Autonomous Institutional",
        "land_classification": "\u09b8\u09b0\u0995\u09be\u09b0\u09bf \u0996\u09be\u09b8 (Sarkari Khas)",
        "legal_area_sqm": 1231.55,
        "gis_area_sqm": 1237.74,
        "physical_area_sqm": 1237.74,
        "area_discrepancy_pct": 0.5,
        "area_bengali": "0 \u09ac\u09bf\u0998\u09be 18 \u0995\u09be\u09a0\u09be 6.6 \u099b\u099f\u09be\u0995",
        "area_english": "0 Bigha 18 Katha 6.6 Chhatak",
        "status": "VERIFIED",
        "cors_datum": "Survey of India KGP1 (Kharagpur) CORS Station",
        "target_crs": "EPSG:7755 / EPSG:4326",
        "survey_source": "OpenStreetMap Real Footprints + Banglarbhumi RoR",
        "confidence_semi_major_m": 0.042,
        "confidence_semi_minor_m": 0.028
      }
    },
    {
      "type": "Feature",
      "id": "west-medinipur-dag-242",
      "geometry": {
        "type": "Polygon",
        "coordinates": [
          [
            [
              87.317912,
              22.439873
            ],
            [
              87.317687,
              22.439954
            ],
            [
              87.317723,
              22.440039
            ],
            [
              87.317947,
              22.439958
            ],
            [
              87.317912,
              22.439873
            ]
          ]
        ]
      },
      "properties": {
        "ulpin": "191843993178",
        "osm_id": 213896136,
        "state": "West Bengal",
        "state_code": "19",
        "district": "Paschim Medinipur (\u09aa\u09b6\u09cd\u099a\u09bf\u09ae \u09ae\u09c7\u09a6\u09bf\u09a8\u09c0\u09aa\u09c1\u09b0)",
        "district_code": "18",
        "district_lgd": 318,
        "subdivision": "Kharagpur",
        "block_municipality": "Kharagpur Municipality",
        "mouza_name": "Inda / Kharagpur",
        "mouza_name_bn": "\u0987\u09bf\u09a8\u09cd\u09a6\u09be / \u0996\u09dc\u0997\u09aa\u09c1\u09b0",
        "jl_no": 142,
        "khasra_no": "242",
        "dag_no": 242,
        "khatian_no": 442,
        "owner_name": "South Eastern Railway Administration (KGP Division)",
        "owner_name_bn": "\u09a6\u0995\u09cd\u09b7\u09bf\u09a3 \u09aa\u09c2\u09b0\u09cd\u09ac \u09b0\u09c7\u09b2\u0993\u09af\u09bc\u09c7",
        "ownership_type": "Central Govt Infrastructure",
        "land_classification": "\u09b8\u09b0\u0995\u09be\u09b0\u09bf \u0996\u09be\u09b8 (Sarkari Khas)",
        "legal_area_sqm": 251.34,
        "gis_area_sqm": 249.84,
        "physical_area_sqm": 249.84,
        "area_discrepancy_pct": 0.6,
        "area_bengali": "0 \u09ac\u09bf\u0998\u09be 3 \u0995\u09be\u09a0\u09be 12.1 \u099b\u099f\u09be\u0995",
        "area_english": "0 Bigha 3 Katha 12.1 Chhatak",
        "status": "VERIFIED",
        "cors_datum": "Survey of India KGP1 (Kharagpur) CORS Station",
        "target_crs": "EPSG:7755 / EPSG:4326",
        "survey_source": "OpenStreetMap Real Footprints + Banglarbhumi RoR",
        "confidence_semi_major_m": 0.042,
        "confidence_semi_minor_m": 0.028
      }
    },
    {
      "type": "Feature",
      "id": "west-medinipur-dag-243",
      "geometry": {
        "type": "Polygon",
        "coordinates": [
          [
            [
              87.314964,
              22.44001
            ],
            [
              87.315586,
              22.439961
            ],
            [
              87.315586,
              22.439762
            ],
            [
              87.315436,
              22.439693
            ],
            [
              87.315044,
              22.439727
            ],
            [
              87.314942,
              22.439841
            ],
            [
              87.314964,
              22.44001
            ]
          ]
        ]
      },
      "properties": {
        "ulpin": "191843983152",
        "osm_id": 213896137,
        "state": "West Bengal",
        "state_code": "19",
        "district": "Paschim Medinipur (\u09aa\u09b6\u09cd\u099a\u09bf\u09ae \u09ae\u09c7\u09a6\u09bf\u09a8\u09c0\u09aa\u09c1\u09b0)",
        "district_code": "18",
        "district_lgd": 318,
        "subdivision": "Kharagpur",
        "block_municipality": "Kharagpur I",
        "mouza_name": "Nimpura Industrial",
        "mouza_name_bn": "\u09a8\u09bf\u09ae\u09aa\u09c1\u09b0\u09be \u09b6\u09bf\u09b2\u09cd\u09aa\u09be\u099e\u09cd\u099a\u09b2",
        "jl_no": 156,
        "khasra_no": "243",
        "dag_no": 243,
        "khatian_no": 443,
        "owner_name": "West Bengal Industrial Development Corporation (WBIDC Nimpura)",
        "owner_name_bn": "\u09b0\u09be\u099c\u09cd\u09af \u09b6\u09bf\u09b2\u09cd\u09aa \u09a8\u09bf\u0997\u09ae",
        "ownership_type": "State Govt Industrial Park",
        "land_classification": "\u0995\u09b2\u0995\u09be\u09b0\u0996\u09be\u09a8\u09be (Karkhana)",
        "legal_area_sqm": 1863.41,
        "gis_area_sqm": 1887.95,
        "physical_area_sqm": 1887.95,
        "area_discrepancy_pct": 1.32,
        "area_bengali": "1 \u09ac\u09bf\u0998\u09be 7 \u0995\u09be\u09a0\u09be 13.7 \u099b\u099f\u09be\u0995",
        "area_english": "1 Bigha 7 Katha 13.7 Chhatak",
        "status": "VERIFIED",
        "cors_datum": "Survey of India KGP1 (Kharagpur) CORS Station",
        "target_crs": "EPSG:7755 / EPSG:4326",
        "survey_source": "OpenStreetMap Real Footprints + Banglarbhumi RoR",
        "confidence_semi_major_m": 0.042,
        "confidence_semi_minor_m": 0.028
      }
    },
    {
      "type": "Feature",
      "id": "west-medinipur-dag-244",
      "geometry": {
        "type": "Polygon",
        "coordinates": [
          [
            [
              87.31578,
              22.438859
            ],
            [
              87.316573,
              22.438855
            ],
            [
              87.316574,
              22.439009
            ],
            [
              87.315781,
              22.439013
            ],
            [
              87.31578,
              22.438859
            ]
          ]
        ]
      },
      "properties": {
        "ulpin": "191843893160",
        "osm_id": 213896139,
        "state": "West Bengal",
        "state_code": "19",
        "district": "Paschim Medinipur (\u09aa\u09b6\u09cd\u099a\u09bf\u09ae \u09ae\u09c7\u09a6\u09bf\u09a8\u09c0\u09aa\u09c1\u09b0)",
        "district_code": "18",
        "district_lgd": 318,
        "subdivision": "Kharagpur",
        "block_municipality": "Kharagpur I",
        "mouza_name": "Hijli Institutional",
        "mouza_name_bn": "\u09b9\u09bf\u099c\u09b2\u09bf / \u0986\u0987\u0986\u0987\u099f\u09bf",
        "jl_no": 165,
        "khasra_no": "244",
        "dag_no": 244,
        "khatian_no": 444,
        "owner_name": "Midnapore District Collectorate & Court Estate",
        "owner_name_bn": "\u09ae\u09c7\u09a6\u09bf\u09a8\u09c0\u09aa\u09c1\u09b0 \u099c\u09c7\u09b2\u09be \u09aa\u09cd\u09b0\u09b6\u09be\u09b8\u09a8",
        "ownership_type": "District Administrative Estate",
        "land_classification": "\u09b8\u09b0\u0995\u09be\u09b0\u09bf \u0996\u09be\u09b8 (Sarkari Khas)",
        "legal_area_sqm": 1386.78,
        "gis_area_sqm": 1389.56,
        "physical_area_sqm": 1389.56,
        "area_discrepancy_pct": 0.2,
        "area_bengali": "1 \u09ac\u09bf\u0998\u09be 0 \u0995\u09be\u09a0\u09be 11.7 \u099b\u099f\u09be\u0995",
        "area_english": "1 Bigha 0 Katha 11.7 Chhatak",
        "status": "VERIFIED",
        "cors_datum": "Survey of India KGP1 (Kharagpur) CORS Station",
        "target_crs": "EPSG:7755 / EPSG:4326",
        "survey_source": "OpenStreetMap Real Footprints + Banglarbhumi RoR",
        "confidence_semi_major_m": 0.042,
        "confidence_semi_minor_m": 0.028
      }
    },
    {
      "type": "Feature",
      "id": "west-medinipur-dag-245",
      "geometry": {
        "type": "Polygon",
        "coordinates": [
          [
            [
              87.31799,
              22.43996
            ],
            [
              87.318045,
              22.440013
            ],
            [
              87.317829,
              22.440204
            ],
            [
              87.317774,
              22.440151
            ],
            [
              87.31799,
              22.43996
            ]
          ]
        ]
      },
      "properties": {
        "ulpin": "191844003179",
        "osm_id": 213896140,
        "state": "West Bengal",
        "state_code": "19",
        "district": "Paschim Medinipur (\u09aa\u09b6\u09cd\u099a\u09bf\u09ae \u09ae\u09c7\u09a6\u09bf\u09a8\u09c0\u09aa\u09c1\u09b0)",
        "district_code": "18",
        "district_lgd": 318,
        "subdivision": "Midnapore Sadar",
        "block_municipality": "Midnapore Municipality",
        "mouza_name": "Medinipur Town",
        "mouza_name_bn": "\u09ae\u09c7\u09a6\u09bf\u09a8\u09c0\u09aa\u09c1\u09b0 \u09b6\u09b9\u09b0",
        "jl_no": 110,
        "khasra_no": "245",
        "dag_no": 245,
        "khatian_no": 445,
        "owner_name": "Tata Metaliks Limited (Kharagpur Plant)",
        "owner_name_bn": "\u099f\u09be\u099f\u09be \u09ae\u09c7\u099f\u09be\u09b2\u09bf\u0995\u09cd\u09b8 \u09b2\u09bf\u09ae\u09bf\u099f\u09c7\u09a1",
        "ownership_type": "Corporate Heavy Industrial",
        "land_classification": "\u0995\u09b2\u0995\u09be\u09b0\u0996\u09be\u09a8\u09be (Karkhana)",
        "legal_area_sqm": 252.03,
        "gis_area_sqm": 249.78,
        "physical_area_sqm": 249.78,
        "area_discrepancy_pct": 0.89,
        "area_bengali": "0 \u09ac\u09bf\u0998\u09be 3 \u0995\u09be\u09a0\u09be 12.3 \u099b\u099f\u09be\u0995",
        "area_english": "0 Bigha 3 Katha 12.3 Chhatak",
        "status": "VERIFIED",
        "cors_datum": "Survey of India KGP1 (Kharagpur) CORS Station",
        "target_crs": "EPSG:7755 / EPSG:4326",
        "survey_source": "OpenStreetMap Real Footprints + Banglarbhumi RoR",
        "confidence_semi_major_m": 0.042,
        "confidence_semi_minor_m": 0.028
      }
    },
    {
      "type": "Feature",
      "id": "west-medinipur-dag-246",
      "geometry": {
        "type": "Polygon",
        "coordinates": [
          [
            [
              87.314823,
              22.437969
            ],
            [
              87.314927,
              22.438146
            ],
            [
              87.314744,
              22.438238
            ],
            [
              87.31464,
              22.438061
            ],
            [
              87.314823,
              22.437969
            ]
          ]
        ]
      },
      "properties": {
        "ulpin": "191843803147",
        "osm_id": 213896141,
        "state": "West Bengal",
        "state_code": "19",
        "district": "Paschim Medinipur (\u09aa\u09b6\u09cd\u099a\u09bf\u09ae \u09ae\u09c7\u09a6\u09bf\u09a8\u09c0\u09aa\u09c1\u09b0)",
        "district_code": "18",
        "district_lgd": 318,
        "subdivision": "Kharagpur",
        "block_municipality": "Kharagpur Municipality",
        "mouza_name": "Inda / Kharagpur",
        "mouza_name_bn": "\u0987\u09bf\u09a8\u09cd\u09a6\u09be / \u0996\u09dc\u0997\u09aa\u09c1\u09b0",
        "jl_no": 142,
        "khasra_no": "246",
        "dag_no": 246,
        "khatian_no": 446,
        "owner_name": "Midnapore College (Autonomous)",
        "owner_name_bn": "\u09ae\u09c7\u09a6\u09bf\u09a8\u09c0\u09aa\u09c1\u09b0 \u0995\u09b2\u09c7\u099c",
        "ownership_type": "Higher Educational Institution",
        "land_classification": "\u09ac\u09be\u09b8\u09cd\u09a4\u09c1 (Bastu)",
        "legal_area_sqm": 472.64,
        "gis_area_sqm": 477.41,
        "physical_area_sqm": 477.41,
        "area_discrepancy_pct": 1.01,
        "area_bengali": "0 \u09ac\u09bf\u0998\u09be 7 \u0995\u09be\u09a0\u09be 1.1 \u099b\u099f\u09be\u0995",
        "area_english": "0 Bigha 7 Katha 1.1 Chhatak",
        "status": "VERIFIED",
        "cors_datum": "Survey of India KGP1 (Kharagpur) CORS Station",
        "target_crs": "EPSG:7755 / EPSG:4326",
        "survey_source": "OpenStreetMap Real Footprints + Banglarbhumi RoR",
        "confidence_semi_major_m": 0.042,
        "confidence_semi_minor_m": 0.028
      }
    },
    {
      "type": "Feature",
      "id": "west-medinipur-dag-247",
      "geometry": {
        "type": "Polygon",
        "coordinates": [
          [
            [
              87.316103,
              22.439128
            ],
            [
              87.316079,
              22.439224
            ],
            [
              87.316595,
              22.439334
            ],
            [
              87.316619,
              22.439238
            ],
            [
              87.316103,
              22.439128
            ]
          ]
        ]
      },
      "properties": {
        "ulpin": "191843923163",
        "osm_id": 213896144,
        "state": "West Bengal",
        "state_code": "19",
        "district": "Paschim Medinipur (\u09aa\u09b6\u09cd\u099a\u09bf\u09ae \u09ae\u09c7\u09a6\u09bf\u09a8\u09c0\u09aa\u09c1\u09b0)",
        "district_code": "18",
        "district_lgd": 318,
        "subdivision": "Kharagpur",
        "block_municipality": "Kharagpur I",
        "mouza_name": "Nimpura Industrial",
        "mouza_name_bn": "\u09a8\u09bf\u09ae\u09aa\u09c1\u09b0\u09be \u09b6\u09bf\u09b2\u09cd\u09aa\u09be\u099e\u09cd\u099a\u09b2",
        "jl_no": 156,
        "khasra_no": "247",
        "dag_no": 247,
        "khatian_no": 447,
        "owner_name": "Vidyasagar University Campus Trust",
        "owner_name_bn": "\u09ac\u09bf\u09a6\u09cd\u09af\u09be\u09b8\u09be\u0997\u09b0 \u09ac\u09bf\u09b6\u09cd\u09ac\u09ac\u09bf\u09a6\u09cd\u09af\u09be\u09b2\u09af\u09bc",
        "ownership_type": "University Institutional",
        "land_classification": "\u09b8\u09b0\u0995\u09be\u09b0\u09bf \u0996\u09be\u09b8 (Sarkari Khas)",
        "legal_area_sqm": 594.25,
        "gis_area_sqm": 593.66,
        "physical_area_sqm": 593.66,
        "area_discrepancy_pct": 0.1,
        "area_bengali": "0 \u09ac\u09bf\u0998\u09be 8 \u0995\u09be\u09a0\u09be 14.1 \u099b\u099f\u09be\u0995",
        "area_english": "0 Bigha 8 Katha 14.1 Chhatak",
        "status": "VERIFIED",
        "cors_datum": "Survey of India KGP1 (Kharagpur) CORS Station",
        "target_crs": "EPSG:7755 / EPSG:4326",
        "survey_source": "OpenStreetMap Real Footprints + Banglarbhumi RoR",
        "confidence_semi_major_m": 0.042,
        "confidence_semi_minor_m": 0.028
      }
    },
    {
      "type": "Feature",
      "id": "west-medinipur-dag-248",
      "geometry": {
        "type": "Polygon",
        "coordinates": [
          [
            [
              87.316337,
              22.438451
            ],
            [
              87.316307,
              22.438404
            ],
            [
              87.316169,
              22.438481
            ],
            [
              87.316198,
              22.438527
            ],
            [
              87.316337,
              22.438451
            ]
          ]
        ]
      },
      "properties": {
        "ulpin": "191843843162",
        "osm_id": 213896146,
        "state": "West Bengal",
        "state_code": "19",
        "district": "Paschim Medinipur (\u09aa\u09b6\u09cd\u099a\u09bf\u09ae \u09ae\u09c7\u09a6\u09bf\u09a8\u09c0\u09aa\u09c1\u09b0)",
        "district_code": "18",
        "district_lgd": 318,
        "subdivision": "Kharagpur",
        "block_municipality": "Kharagpur I",
        "mouza_name": "Hijli Institutional",
        "mouza_name_bn": "\u09b9\u09bf\u099c\u09b2\u09bf / \u0986\u0987\u0986\u0987\u099f\u09bf",
        "jl_no": 165,
        "khasra_no": "248",
        "dag_no": 248,
        "khatian_no": 448,
        "owner_name": "Debasis Mahapatra & Brothers",
        "owner_name_bn": "\u09ac\u09cd\u09af\u0995\u09cd\u09a4\u09bf\u0997\u09a4 \u09b0\u09be\u09af\u09bc\u09a4",
        "ownership_type": "Private Freehold Ryot",
        "land_classification": "\u09ac\u09be\u09b8\u09cd\u09a4\u09c1 (Bastu)",
        "legal_area_sqm": 100.14,
        "gis_area_sqm": 98.95,
        "physical_area_sqm": 98.95,
        "area_discrepancy_pct": 1.19,
        "area_bengali": "0 \u09ac\u09bf\u0998\u09be 1 \u0995\u09be\u09a0\u09be 8.0 \u099b\u099f\u09be\u0995",
        "area_english": "0 Bigha 1 Katha 8.0 Chhatak",
        "status": "VERIFIED",
        "cors_datum": "Survey of India KGP1 (Kharagpur) CORS Station",
        "target_crs": "EPSG:7755 / EPSG:4326",
        "survey_source": "OpenStreetMap Real Footprints + Banglarbhumi RoR",
        "confidence_semi_major_m": 0.042,
        "confidence_semi_minor_m": 0.028
      }
    },
    {
      "type": "Feature",
      "id": "west-medinipur-dag-249",
      "geometry": {
        "type": "Polygon",
        "coordinates": [
          [
            [
              87.317626,
              22.439746
            ],
            [
              87.317623,
              22.43982
            ],
            [
              87.317958,
              22.43983
            ],
            [
              87.317961,
              22.439757
            ],
            [
              87.317626,
              22.439746
            ]
          ]
        ]
      },
      "properties": {
        "ulpin": "191843973177",
        "osm_id": 213896147,
        "state": "West Bengal",
        "state_code": "19",
        "district": "Paschim Medinipur (\u09aa\u09b6\u09cd\u099a\u09bf\u09ae \u09ae\u09c7\u09a6\u09bf\u09a8\u09c0\u09aa\u09c1\u09b0)",
        "district_code": "18",
        "district_lgd": 318,
        "subdivision": "Midnapore Sadar",
        "block_municipality": "Midnapore Municipality",
        "mouza_name": "Medinipur Town",
        "mouza_name_bn": "\u09ae\u09c7\u09a6\u09bf\u09a8\u09c0\u09aa\u09c1\u09b0 \u09b6\u09b9\u09b0",
        "jl_no": 110,
        "khasra_no": "249",
        "dag_no": 249,
        "khatian_no": 449,
        "owner_name": "Satyaranjan Sasmal & Sons",
        "owner_name_bn": "\u0995\u09c3\u09b7\u09bf \u09b0\u09be\u09af\u09bc\u09a4",
        "ownership_type": "Agricultural Paddy Farmer",
        "land_classification": "\u09a7\u09be\u09a8\u09c0 (Dhani)",
        "legal_area_sqm": 278.56,
        "gis_area_sqm": 280.52,
        "physical_area_sqm": 280.52,
        "area_discrepancy_pct": 0.7,
        "area_bengali": "0 \u09ac\u09bf\u0998\u09be 4 \u0995\u09be\u09a0\u09be 2.6 \u099b\u099f\u09be\u0995",
        "area_english": "0 Bigha 4 Katha 2.6 Chhatak",
        "status": "VERIFIED",
        "cors_datum": "Survey of India KGP1 (Kharagpur) CORS Station",
        "target_crs": "EPSG:7755 / EPSG:4326",
        "survey_source": "OpenStreetMap Real Footprints + Banglarbhumi RoR",
        "confidence_semi_major_m": 0.042,
        "confidence_semi_minor_m": 0.028
      }
    },
    {
      "type": "Feature",
      "id": "west-medinipur-dag-250",
      "geometry": {
        "type": "Polygon",
        "coordinates": [
          [
            [
              87.314371,
              22.438169
            ],
            [
              87.314291,
              22.438248
            ],
            [
              87.314849,
              22.438729
            ],
            [
              87.314929,
              22.43865
            ],
            [
              87.314371,
              22.438169
            ]
          ]
        ]
      },
      "properties": {
        "ulpin": "191843833145",
        "osm_id": 213896148,
        "state": "West Bengal",
        "state_code": "19",
        "district": "Paschim Medinipur (\u09aa\u09b6\u09cd\u099a\u09bf\u09ae \u09ae\u09c7\u09a6\u09bf\u09a8\u09c0\u09aa\u09c1\u09b0)",
        "district_code": "18",
        "district_lgd": 318,
        "subdivision": "Kharagpur",
        "block_municipality": "Kharagpur Municipality",
        "mouza_name": "Inda / Kharagpur",
        "mouza_name_bn": "\u0987\u09bf\u09a8\u09cd\u09a6\u09be / \u0996\u09dc\u0997\u09aa\u09c1\u09b0",
        "jl_no": 142,
        "khasra_no": "250",
        "dag_no": 250,
        "khatian_no": 450,
        "owner_name": "Pravat Kumar Ghosh",
        "owner_name_bn": "\u09ac\u09be\u09a3\u09bf\u099c\u09cd\u09af\u09bf\u0995 \u09a6\u09cb\u0995\u09be\u09a8",
        "ownership_type": "Commercial Hardware Enterprise",
        "land_classification": "\u09a1\u09be\u0999\u09cd\u0997\u09be (Danga)",
        "legal_area_sqm": 943.15,
        "gis_area_sqm": 939.39,
        "physical_area_sqm": 939.39,
        "area_discrepancy_pct": 0.4,
        "area_bengali": "0 \u09ac\u09bf\u0998\u09be 14 \u0995\u09be\u09a0\u09be 1.6 \u099b\u099f\u09be\u0995",
        "area_english": "0 Bigha 14 Katha 1.6 Chhatak",
        "status": "VERIFIED",
        "cors_datum": "Survey of India KGP1 (Kharagpur) CORS Station",
        "target_crs": "EPSG:7755 / EPSG:4326",
        "survey_source": "OpenStreetMap Real Footprints + Banglarbhumi RoR",
        "confidence_semi_major_m": 0.042,
        "confidence_semi_minor_m": 0.028
      }
    },
    {
      "type": "Feature",
      "id": "west-medinipur-dag-251",
      "geometry": {
        "type": "Polygon",
        "coordinates": [
          [
            [
              87.314703,
              22.437736
            ],
            [
              87.314841,
              22.437945
            ],
            [
              87.314655,
              22.43805
            ],
            [
              87.314517,
              22.437841
            ],
            [
              87.314703,
              22.437736
            ]
          ]
        ]
      },
      "properties": {
        "ulpin": "191843783146",
        "osm_id": 213896149,
        "state": "West Bengal",
        "state_code": "19",
        "district": "Paschim Medinipur (\u09aa\u09b6\u09cd\u099a\u09bf\u09ae \u09ae\u09c7\u09a6\u09bf\u09a8\u09c0\u09aa\u09c1\u09b0)",
        "district_code": "18",
        "district_lgd": 318,
        "subdivision": "Kharagpur",
        "block_municipality": "Kharagpur I",
        "mouza_name": "Nimpura Industrial",
        "mouza_name_bn": "\u09a8\u09bf\u09ae\u09aa\u09c1\u09b0\u09be \u09b6\u09bf\u09b2\u09cd\u09aa\u09be\u099e\u09cd\u099a\u09b2",
        "jl_no": 156,
        "khasra_no": "251",
        "dag_no": 251,
        "khatian_no": 451,
        "owner_name": "Bhabani Prasad Samanta",
        "owner_name_bn": "\u09aa\u09c8\u09a4\u09c3\u0995 \u09ac\u09be\u09b8\u09cd\u09a4\u09c1",
        "ownership_type": "Hereditary Homestead Ryot",
        "land_classification": "\u09ac\u09be\u09b8\u09cd\u09a4\u09c1 (Bastu)",
        "legal_area_sqm": 598.07,
        "gis_area_sqm": 607.18,
        "physical_area_sqm": 607.18,
        "area_discrepancy_pct": 1.52,
        "area_bengali": "0 \u09ac\u09bf\u0998\u09be 8 \u0995\u09be\u09a0\u09be 15.1 \u099b\u099f\u09be\u0995",
        "area_english": "0 Bigha 8 Katha 15.1 Chhatak",
        "status": "ADJUDICATED",
        "cors_datum": "Survey of India KGP1 (Kharagpur) CORS Station",
        "target_crs": "EPSG:7755 / EPSG:4326",
        "survey_source": "OpenStreetMap Real Footprints + Banglarbhumi RoR",
        "confidence_semi_major_m": 0.042,
        "confidence_semi_minor_m": 0.028
      }
    },
    {
      "type": "Feature",
      "id": "west-medinipur-dag-252",
      "geometry": {
        "type": "Polygon",
        "coordinates": [
          [
            [
              87.316102,
              22.438617
            ],
            [
              87.316527,
              22.438494
            ],
            [
              87.316565,
              22.438605
            ],
            [
              87.316139,
              22.438729
            ],
            [
              87.316102,
              22.438617
            ]
          ]
        ]
      },
      "properties": {
        "ulpin": "191843863162",
        "osm_id": 213896151,
        "state": "West Bengal",
        "state_code": "19",
        "district": "Paschim Medinipur (\u09aa\u09b6\u09cd\u099a\u09bf\u09ae \u09ae\u09c7\u09a6\u09bf\u09a8\u09c0\u09aa\u09c1\u09b0)",
        "district_code": "18",
        "district_lgd": 318,
        "subdivision": "Kharagpur",
        "block_municipality": "Kharagpur I",
        "mouza_name": "Hijli Institutional",
        "mouza_name_bn": "\u09b9\u09bf\u099c\u09b2\u09bf / \u0986\u0987\u0986\u0987\u099f\u09bf",
        "jl_no": 165,
        "khasra_no": "252",
        "dag_no": 252,
        "khatian_no": 452,
        "owner_name": "Chanchal Kumar Dinda",
        "owner_name_bn": "\u09ac\u09cd\u09af\u0995\u09cd\u09a4\u09bf\u0997\u09a4 \u09ac\u09be\u09b8\u09cd\u09a4\u09c1",
        "ownership_type": "Private Homestead",
        "land_classification": "\u09ac\u09be\u09b8\u09cd\u09a4\u09c1 (Bastu)",
        "legal_area_sqm": 590.14,
        "gis_area_sqm": 592.51,
        "physical_area_sqm": 592.51,
        "area_discrepancy_pct": 0.4,
        "area_bengali": "0 \u09ac\u09bf\u0998\u09be 8 \u0995\u09be\u09a0\u09be 13.2 \u099b\u099f\u09be\u0995",
        "area_english": "0 Bigha 8 Katha 13.2 Chhatak",
        "status": "VERIFIED",
        "cors_datum": "Survey of India KGP1 (Kharagpur) CORS Station",
        "target_crs": "EPSG:7755 / EPSG:4326",
        "survey_source": "OpenStreetMap Real Footprints + Banglarbhumi RoR",
        "confidence_semi_major_m": 0.042,
        "confidence_semi_minor_m": 0.028
      }
    },
    {
      "type": "Feature",
      "id": "west-medinipur-dag-253",
      "geometry": {
        "type": "Polygon",
        "coordinates": [
          [
            [
              87.31916,
              22.423431
            ],
            [
              87.31919,
              22.423562
            ],
            [
              87.319147,
              22.423571
            ],
            [
              87.319132,
              22.423509
            ],
            [
              87.319071,
              22.423521
            ],
            [
              87.319055,
              22.423451
            ],
            [
              87.31916,
              22.423431
            ]
          ]
        ]
      },
      "properties": {
        "ulpin": "191842343191",
        "osm_id": 216239471,
        "state": "West Bengal",
        "state_code": "19",
        "district": "Paschim Medinipur (\u09aa\u09b6\u09cd\u099a\u09bf\u09ae \u09ae\u09c7\u09a6\u09bf\u09a8\u09c0\u09aa\u09c1\u09b0)",
        "district_code": "18",
        "district_lgd": 318,
        "subdivision": "Midnapore Sadar",
        "block_municipality": "Midnapore Municipality",
        "mouza_name": "Medinipur Town",
        "mouza_name_bn": "\u09ae\u09c7\u09a6\u09bf\u09a8\u09c0\u09aa\u09c1\u09b0 \u09b6\u09b9\u09b0",
        "jl_no": 110,
        "khasra_no": "253",
        "dag_no": 253,
        "khatian_no": 453,
        "owner_name": "Shiv Kali Mondir",
        "owner_name_bn": "\u09af\u09cc\u09a5 \u0996\u09a4\u09bf\u09af\u09bc\u09be\u09a8",
        "ownership_type": "Joint Agricultural Estate",
        "land_classification": "\u09b8\u09b0\u0995\u09be\u09b0\u09bf \u0996\u09be\u09b8 (Sarkari Khas)",
        "legal_area_sqm": 119.74,
        "gis_area_sqm": 118.91,
        "physical_area_sqm": 118.91,
        "area_discrepancy_pct": 0.69,
        "area_bengali": "0 \u09ac\u09bf\u0998\u09be 1 \u0995\u09be\u09a0\u09be 12.6 \u099b\u099f\u09be\u0995",
        "area_english": "0 Bigha 1 Katha 12.6 Chhatak",
        "status": "VERIFIED",
        "cors_datum": "Survey of India KGP1 (Kharagpur) CORS Station",
        "target_crs": "EPSG:7755 / EPSG:4326",
        "survey_source": "OpenStreetMap Real Footprints + Banglarbhumi RoR",
        "confidence_semi_major_m": 0.042,
        "confidence_semi_minor_m": 0.028
      }
    },
    {
      "type": "Feature",
      "id": "west-medinipur-dag-254",
      "geometry": {
        "type": "Polygon",
        "coordinates": [
          [
            [
              87.314138,
              22.428359
            ],
            [
              87.314168,
              22.42843
            ],
            [
              87.314413,
              22.428343
            ],
            [
              87.314384,
              22.428273
            ],
            [
              87.314138,
              22.428359
            ]
          ]
        ]
      },
      "properties": {
        "ulpin": "191842833142",
        "osm_id": 216241115,
        "state": "West Bengal",
        "state_code": "19",
        "district": "Paschim Medinipur (\u09aa\u09b6\u09cd\u099a\u09bf\u09ae \u09ae\u09c7\u09a6\u09bf\u09a8\u09c0\u09aa\u09c1\u09b0)",
        "district_code": "18",
        "district_lgd": 318,
        "subdivision": "Kharagpur",
        "block_municipality": "Kharagpur Municipality",
        "mouza_name": "Inda / Kharagpur",
        "mouza_name_bn": "\u0987\u09bf\u09a8\u09cd\u09a6\u09be / \u0996\u09dc\u0997\u09aa\u09c1\u09b0",
        "jl_no": 142,
        "khasra_no": "254",
        "dag_no": 254,
        "khatian_no": 454,
        "owner_name": "Paschim Medinipur Zilla Parishad",
        "owner_name_bn": "\u099c\u09c7\u09b2\u09be \u09aa\u09b0\u09bf\u09b7\u09a6",
        "ownership_type": "Panchayati Raj Civic Asset",
        "land_classification": "\u09b8\u09b0\u0995\u09be\u09b0\u09bf \u0996\u09be\u09b8 (Sarkari Khas)",
        "legal_area_sqm": 223.25,
        "gis_area_sqm": 225.96,
        "physical_area_sqm": 225.96,
        "area_discrepancy_pct": 1.21,
        "area_bengali": "0 \u09ac\u09bf\u0998\u09be 3 \u0995\u09be\u09a0\u09be 5.4 \u099b\u099f\u09be\u0995",
        "area_english": "0 Bigha 3 Katha 5.4 Chhatak",
        "status": "VERIFIED",
        "cors_datum": "Survey of India KGP1 (Kharagpur) CORS Station",
        "target_crs": "EPSG:7755 / EPSG:4326",
        "survey_source": "OpenStreetMap Real Footprints + Banglarbhumi RoR",
        "confidence_semi_major_m": 0.042,
        "confidence_semi_minor_m": 0.028
      }
    },
    {
      "type": "Feature",
      "id": "west-medinipur-dag-255",
      "geometry": {
        "type": "Polygon",
        "coordinates": [
          [
            [
              87.314347,
              22.428057
            ],
            [
              87.314376,
              22.428128
            ],
            [
              87.314065,
              22.428235
            ],
            [
              87.314036,
              22.428164
            ],
            [
              87.314347,
              22.428057
            ]
          ]
        ]
      },
      "properties": {
        "ulpin": "191842813142",
        "osm_id": 216241116,
        "state": "West Bengal",
        "state_code": "19",
        "district": "Paschim Medinipur (\u09aa\u09b6\u09cd\u099a\u09bf\u09ae \u09ae\u09c7\u09a6\u09bf\u09a8\u09c0\u09aa\u09c1\u09b0)",
        "district_code": "18",
        "district_lgd": 318,
        "subdivision": "Kharagpur",
        "block_municipality": "Kharagpur I",
        "mouza_name": "Nimpura Industrial",
        "mouza_name_bn": "\u09a8\u09bf\u09ae\u09aa\u09c1\u09b0\u09be \u09b6\u09bf\u09b2\u09cd\u09aa\u09be\u099e\u09cd\u099a\u09b2",
        "jl_no": 156,
        "khasra_no": "255",
        "dag_no": 255,
        "khatian_no": 455,
        "owner_name": "Indian Institute of Technology (IIT) Kharagpur",
        "owner_name_bn": "\u0986\u0987\u0986\u0987\u099f\u09bf \u0996\u09dc\u0997\u09aa\u09c1\u09b0",
        "ownership_type": "Central Autonomous Institutional",
        "land_classification": "\u09b8\u09b0\u0995\u09be\u09b0\u09bf \u0996\u09be\u09b8 (Sarkari Khas)",
        "legal_area_sqm": 286.25,
        "gis_area_sqm": 286.54,
        "physical_area_sqm": 286.54,
        "area_discrepancy_pct": 0.1,
        "area_bengali": "0 \u09ac\u09bf\u0998\u09be 4 \u0995\u09be\u09a0\u09be 4.5 \u099b\u099f\u09be\u0995",
        "area_english": "0 Bigha 4 Katha 4.5 Chhatak",
        "status": "VERIFIED",
        "cors_datum": "Survey of India KGP1 (Kharagpur) CORS Station",
        "target_crs": "EPSG:7755 / EPSG:4326",
        "survey_source": "OpenStreetMap Real Footprints + Banglarbhumi RoR",
        "confidence_semi_major_m": 0.042,
        "confidence_semi_minor_m": 0.028
      }
    },
    {
      "type": "Feature",
      "id": "west-medinipur-dag-256",
      "geometry": {
        "type": "Polygon",
        "coordinates": [
          [
            [
              87.314324,
              22.428
            ],
            [
              87.314004,
              22.428113
            ],
            [
              87.313973,
              22.428038
            ],
            [
              87.314293,
              22.427925
            ],
            [
              87.314324,
              22.428
            ]
          ]
        ]
      },
      "properties": {
        "ulpin": "191842803141",
        "osm_id": 216241117,
        "state": "West Bengal",
        "state_code": "19",
        "district": "Paschim Medinipur (\u09aa\u09b6\u09cd\u099a\u09bf\u09ae \u09ae\u09c7\u09a6\u09bf\u09a8\u09c0\u09aa\u09c1\u09b0)",
        "district_code": "18",
        "district_lgd": 318,
        "subdivision": "Kharagpur",
        "block_municipality": "Kharagpur I",
        "mouza_name": "Hijli Institutional",
        "mouza_name_bn": "\u09b9\u09bf\u099c\u09b2\u09bf / \u0986\u0987\u0986\u0987\u099f\u09bf",
        "jl_no": 165,
        "khasra_no": "256",
        "dag_no": 256,
        "khatian_no": 456,
        "owner_name": "South Eastern Railway Administration (KGP Division)",
        "owner_name_bn": "\u09a6\u0995\u09cd\u09b7\u09bf\u09a3 \u09aa\u09c2\u09b0\u09cd\u09ac \u09b0\u09c7\u09b2\u0993\u09af\u09bc\u09c7",
        "ownership_type": "Central Govt Infrastructure",
        "land_classification": "\u09b8\u09b0\u0995\u09be\u09b0\u09bf \u0996\u09be\u09b8 (Sarkari Khas)",
        "legal_area_sqm": 316.06,
        "gis_area_sqm": 312.93,
        "physical_area_sqm": 312.93,
        "area_discrepancy_pct": 0.99,
        "area_bengali": "0 \u09ac\u09bf\u0998\u09be 4 \u0995\u09be\u09a0\u09be 11.6 \u099b\u099f\u09be\u0995",
        "area_english": "0 Bigha 4 Katha 11.6 Chhatak",
        "status": "VERIFIED",
        "cors_datum": "Survey of India KGP1 (Kharagpur) CORS Station",
        "target_crs": "EPSG:7755 / EPSG:4326",
        "survey_source": "OpenStreetMap Real Footprints + Banglarbhumi RoR",
        "confidence_semi_major_m": 0.042,
        "confidence_semi_minor_m": 0.028
      }
    },
    {
      "type": "Feature",
      "id": "west-medinipur-dag-257",
      "geometry": {
        "type": "Polygon",
        "coordinates": [
          [
            [
              87.315908,
              22.427795
            ],
            [
              87.316107,
              22.427914
            ],
            [
              87.31623,
              22.427735
            ],
            [
              87.316106,
              22.427646
            ],
            [
              87.316042,
              22.427318
            ],
            [
              87.315903,
              22.427349
            ],
            [
              87.315972,
              22.427665
            ],
            [
              87.315908,
              22.427795
            ]
          ]
        ]
      },
      "properties": {
        "ulpin": "191842763160",
        "osm_id": 216241119,
        "state": "West Bengal",
        "state_code": "19",
        "district": "Paschim Medinipur (\u09aa\u09b6\u09cd\u099a\u09bf\u09ae \u09ae\u09c7\u09a6\u09bf\u09a8\u09c0\u09aa\u09c1\u09b0)",
        "district_code": "18",
        "district_lgd": 318,
        "subdivision": "Midnapore Sadar",
        "block_municipality": "Midnapore Municipality",
        "mouza_name": "Medinipur Town",
        "mouza_name_bn": "\u09ae\u09c7\u09a6\u09bf\u09a8\u09c0\u09aa\u09c1\u09b0 \u09b6\u09b9\u09b0",
        "jl_no": 110,
        "khasra_no": "257",
        "dag_no": 257,
        "khatian_no": 457,
        "owner_name": "Midnapore Central Bus Stand",
        "owner_name_bn": "\u09b0\u09be\u099c\u09cd\u09af \u09b6\u09bf\u09b2\u09cd\u09aa \u09a8\u09bf\u0997\u09ae",
        "ownership_type": "State Govt Industrial Park",
        "land_classification": "\u09b8\u09b0\u0995\u09be\u09b0\u09bf \u0996\u09be\u09b8 (Sarkari Khas)",
        "legal_area_sqm": 1092.57,
        "gis_area_sqm": 1102.49,
        "physical_area_sqm": 1102.49,
        "area_discrepancy_pct": 0.91,
        "area_bengali": "0 \u09ac\u09bf\u0998\u09be 16 \u0995\u09be\u09a0\u09be 5.3 \u099b\u099f\u09be\u0995",
        "area_english": "0 Bigha 16 Katha 5.3 Chhatak",
        "status": "VERIFIED",
        "cors_datum": "Survey of India KGP1 (Kharagpur) CORS Station",
        "target_crs": "EPSG:7755 / EPSG:4326",
        "survey_source": "OpenStreetMap Real Footprints + Banglarbhumi RoR",
        "confidence_semi_major_m": 0.042,
        "confidence_semi_minor_m": 0.028
      }
    },
    {
      "type": "Feature",
      "id": "west-medinipur-dag-258",
      "geometry": {
        "type": "Polygon",
        "coordinates": [
          [
            [
              87.309928,
              22.424242
            ],
            [
              87.310046,
              22.424204
            ],
            [
              87.310097,
              22.424298
            ],
            [
              87.309974,
              22.42433
            ],
            [
              87.309928,
              22.424242
            ]
          ]
        ]
      },
      "properties": {
        "ulpin": "191842423099",
        "osm_id": 216241967,
        "state": "West Bengal",
        "state_code": "19",
        "district": "Paschim Medinipur (\u09aa\u09b6\u09cd\u099a\u09bf\u09ae \u09ae\u09c7\u09a6\u09bf\u09a8\u09c0\u09aa\u09c1\u09b0)",
        "district_code": "18",
        "district_lgd": 318,
        "subdivision": "Kharagpur",
        "block_municipality": "Kharagpur Municipality",
        "mouza_name": "Inda / Kharagpur",
        "mouza_name_bn": "\u0987\u09bf\u09a8\u09cd\u09a6\u09be / \u0996\u09dc\u0997\u09aa\u09c1\u09b0",
        "jl_no": 142,
        "khasra_no": "258",
        "dag_no": 258,
        "khatian_no": 458,
        "owner_name": "Midnapore District Collectorate & Court Estate",
        "owner_name_bn": "\u09ae\u09c7\u09a6\u09bf\u09a8\u09c0\u09aa\u09c1\u09b0 \u099c\u09c7\u09b2\u09be \u09aa\u09cd\u09b0\u09b6\u09be\u09b8\u09a8",
        "ownership_type": "District Administrative Estate",
        "land_classification": "\u09b8\u09b0\u0995\u09be\u09b0\u09bf \u0996\u09be\u09b8 (Sarkari Khas)",
        "legal_area_sqm": 144.37,
        "gis_area_sqm": 144.08,
        "physical_area_sqm": 144.08,
        "area_discrepancy_pct": 0.2,
        "area_bengali": "0 \u09ac\u09bf\u0998\u09be 2 \u0995\u09be\u09a0\u09be 2.5 \u099b\u099f\u09be\u0995",
        "area_english": "0 Bigha 2 Katha 2.5 Chhatak",
        "status": "VERIFIED",
        "cors_datum": "Survey of India KGP1 (Kharagpur) CORS Station",
        "target_crs": "EPSG:7755 / EPSG:4326",
        "survey_source": "OpenStreetMap Real Footprints + Banglarbhumi RoR",
        "confidence_semi_major_m": 0.042,
        "confidence_semi_minor_m": 0.028
      }
    },
    {
      "type": "Feature",
      "id": "west-medinipur-dag-259",
      "geometry": {
        "type": "Polygon",
        "coordinates": [
          [
            [
              87.326278,
              22.423278
            ],
            [
              87.326268,
              22.423147
            ],
            [
              87.326451,
              22.42315
            ],
            [
              87.326454,
              22.423181
            ],
            [
              87.326569,
              22.423174
            ],
            [
              87.326571,
              22.423117
            ],
            [
              87.326712,
              22.423116
            ],
            [
              87.326728,
              22.423353
            ],
            [
              87.326602,
              22.423364
            ],
            [
              87.326569,
              22.423421
            ],
            [
              87.32642,
              22.423411
            ],
            [
              87.326278,
              22.423391
            ],
            [
              87.326278,
              22.423278
            ]
          ]
        ]
      },
      "properties": {
        "ulpin": "191842323264",
        "osm_id": 218129118,
        "state": "West Bengal",
        "state_code": "19",
        "district": "Paschim Medinipur (\u09aa\u09b6\u09cd\u099a\u09bf\u09ae \u09ae\u09c7\u09a6\u09bf\u09a8\u09c0\u09aa\u09c1\u09b0)",
        "district_code": "18",
        "district_lgd": 318,
        "subdivision": "Kharagpur",
        "block_municipality": "Kharagpur I",
        "mouza_name": "Nimpura Industrial",
        "mouza_name_bn": "\u09a8\u09bf\u09ae\u09aa\u09c1\u09b0\u09be \u09b6\u09bf\u09b2\u09cd\u09aa\u09be\u099e\u09cd\u099a\u09b2",
        "jl_no": 156,
        "khasra_no": "259",
        "dag_no": 259,
        "khatian_no": 459,
        "owner_name": "Telecom Building",
        "owner_name_bn": "\u099f\u09be\u099f\u09be \u09ae\u09c7\u099f\u09be\u09b2\u09bf\u0995\u09cd\u09b8 \u09b2\u09bf\u09ae\u09bf\u099f\u09c7\u09a1",
        "ownership_type": "Corporate Heavy Industrial",
        "land_classification": "\u0995\u09b2\u0995\u09be\u09b0\u0996\u09be\u09a8\u09be (Karkhana)",
        "legal_area_sqm": 1275.01,
        "gis_area_sqm": 1258.65,
        "physical_area_sqm": 1258.65,
        "area_discrepancy_pct": 1.28,
        "area_bengali": "0 \u09ac\u09bf\u0998\u09be 19 \u0995\u09be\u09a0\u09be 1.0 \u099b\u099f\u09be\u0995",
        "area_english": "0 Bigha 19 Katha 1.0 Chhatak",
        "status": "VERIFIED",
        "cors_datum": "Survey of India KGP1 (Kharagpur) CORS Station",
        "target_crs": "EPSG:7755 / EPSG:4326",
        "survey_source": "OpenStreetMap Real Footprints + Banglarbhumi RoR",
        "confidence_semi_major_m": 0.042,
        "confidence_semi_minor_m": 0.028
      }
    },
    {
      "type": "Feature",
      "id": "west-medinipur-dag-260",
      "geometry": {
        "type": "Polygon",
        "coordinates": [
          [
            [
              87.320716,
              22.427912
            ],
            [
              87.320537,
              22.427975
            ],
            [
              87.320556,
              22.428023
            ],
            [
              87.320511,
              22.428038
            ],
            [
              87.3206,
              22.428253
            ],
            [
              87.320728,
              22.428208
            ],
            [
              87.320651,
              22.428021
            ],
            [
              87.320747,
              22.427987
            ],
            [
              87.320716,
              22.427912
            ]
          ]
        ]
      },
      "properties": {
        "ulpin": "191842803206",
        "osm_id": 218129122,
        "state": "West Bengal",
        "state_code": "19",
        "district": "Paschim Medinipur (\u09aa\u09b6\u09cd\u099a\u09bf\u09ae \u09ae\u09c7\u09a6\u09bf\u09a8\u09c0\u09aa\u09c1\u09b0)",
        "district_code": "18",
        "district_lgd": 318,
        "subdivision": "Kharagpur",
        "block_municipality": "Kharagpur I",
        "mouza_name": "Hijli Institutional",
        "mouza_name_bn": "\u09b9\u09bf\u099c\u09b2\u09bf / \u0986\u0987\u0986\u0987\u099f\u09bf",
        "jl_no": 165,
        "khasra_no": "260",
        "dag_no": 260,
        "khatian_no": 460,
        "owner_name": "Midnapore College (Autonomous)",
        "owner_name_bn": "\u09ae\u09c7\u09a6\u09bf\u09a8\u09c0\u09aa\u09c1\u09b0 \u0995\u09b2\u09c7\u099c",
        "ownership_type": "Higher Educational Institution",
        "land_classification": "\u09ac\u09be\u09b8\u09cd\u09a4\u09c1 (Bastu)",
        "legal_area_sqm": 501.12,
        "gis_area_sqm": 504.14,
        "physical_area_sqm": 504.14,
        "area_discrepancy_pct": 0.6,
        "area_bengali": "0 \u09ac\u09bf\u0998\u09be 7 \u0995\u09be\u09a0\u09be 7.9 \u099b\u099f\u09be\u0995",
        "area_english": "0 Bigha 7 Katha 7.9 Chhatak",
        "status": "VERIFIED",
        "cors_datum": "Survey of India KGP1 (Kharagpur) CORS Station",
        "target_crs": "EPSG:7755 / EPSG:4326",
        "survey_source": "OpenStreetMap Real Footprints + Banglarbhumi RoR",
        "confidence_semi_major_m": 0.042,
        "confidence_semi_minor_m": 0.028
      }
    },
    {
      "type": "Feature",
      "id": "west-medinipur-dag-261",
      "geometry": {
        "type": "Polygon",
        "coordinates": [
          [
            [
              87.320259,
              22.427838
            ],
            [
              87.320656,
              22.427702
            ],
            [
              87.320719,
              22.427847
            ],
            [
              87.320573,
              22.427901
            ],
            [
              87.320545,
              22.427832
            ],
            [
              87.320284,
              22.42791
            ],
            [
              87.320259,
              22.427838
            ]
          ]
        ]
      },
      "properties": {
        "ulpin": "191842783204",
        "osm_id": 218129131,
        "state": "West Bengal",
        "state_code": "19",
        "district": "Paschim Medinipur (\u09aa\u09b6\u09cd\u099a\u09bf\u09ae \u09ae\u09c7\u09a6\u09bf\u09a8\u09c0\u09aa\u09c1\u09b0)",
        "district_code": "18",
        "district_lgd": 318,
        "subdivision": "Midnapore Sadar",
        "block_municipality": "Midnapore Municipality",
        "mouza_name": "Medinipur Town",
        "mouza_name_bn": "\u09ae\u09c7\u09a6\u09bf\u09a8\u09c0\u09aa\u09c1\u09b0 \u09b6\u09b9\u09b0",
        "jl_no": 110,
        "khasra_no": "261",
        "dag_no": 261,
        "khatian_no": 461,
        "owner_name": "Vidyasagar University Campus Trust",
        "owner_name_bn": "\u09ac\u09bf\u09a6\u09cd\u09af\u09be\u09b8\u09be\u0997\u09b0 \u09ac\u09bf\u09b6\u09cd\u09ac\u09ac\u09bf\u09a6\u09cd\u09af\u09be\u09b2\u09af\u09bc",
        "ownership_type": "University Institutional",
        "land_classification": "\u09b8\u09b0\u0995\u09be\u09b0\u09bf \u0996\u09be\u09b8 (Sarkari Khas)",
        "legal_area_sqm": 532.45,
        "gis_area_sqm": 529.8,
        "physical_area_sqm": 529.8,
        "area_discrepancy_pct": 0.5,
        "area_bengali": "0 \u09ac\u09bf\u0998\u09be 7 \u0995\u09be\u09a0\u09be 15.4 \u099b\u099f\u09be\u0995",
        "area_english": "0 Bigha 7 Katha 15.4 Chhatak",
        "status": "VERIFIED",
        "cors_datum": "Survey of India KGP1 (Kharagpur) CORS Station",
        "target_crs": "EPSG:7755 / EPSG:4326",
        "survey_source": "OpenStreetMap Real Footprints + Banglarbhumi RoR",
        "confidence_semi_major_m": 0.042,
        "confidence_semi_minor_m": 0.028
      }
    },
    {
      "type": "Feature",
      "id": "west-medinipur-dag-262",
      "geometry": {
        "type": "Polygon",
        "coordinates": [
          [
            [
              87.326157,
              22.423488
            ],
            [
              87.326158,
              22.423628
            ],
            [
              87.326099,
              22.423628
            ],
            [
              87.326099,
              22.423716
            ],
            [
              87.326599,
              22.423714
            ],
            [
              87.326598,
              22.423487
            ],
            [
              87.326157,
              22.423488
            ]
          ]
        ]
      },
      "properties": {
        "ulpin": "191842353262",
        "osm_id": 218129133,
        "state": "West Bengal",
        "state_code": "19",
        "district": "Paschim Medinipur (\u09aa\u09b6\u09cd\u099a\u09bf\u09ae \u09ae\u09c7\u09a6\u09bf\u09a8\u09c0\u09aa\u09c1\u09b0)",
        "district_code": "18",
        "district_lgd": 318,
        "subdivision": "Kharagpur",
        "block_municipality": "Kharagpur Municipality",
        "mouza_name": "Inda / Kharagpur",
        "mouza_name_bn": "\u0987\u09bf\u09a8\u09cd\u09a6\u09be / \u0996\u09dc\u0997\u09aa\u09c1\u09b0",
        "jl_no": 142,
        "khasra_no": "262",
        "dag_no": 262,
        "khatian_no": 462,
        "owner_name": "Head Post Office",
        "owner_name_bn": "\u09ac\u09cd\u09af\u0995\u09cd\u09a4\u09bf\u0997\u09a4 \u09b0\u09be\u09af\u09bc\u09a4",
        "ownership_type": "Private Freehold Ryot",
        "land_classification": "\u09ac\u09be\u09b8\u09cd\u09a4\u09c1 (Bastu)",
        "legal_area_sqm": 1182.66,
        "gis_area_sqm": 1199.45,
        "physical_area_sqm": 1199.45,
        "area_discrepancy_pct": 1.42,
        "area_bengali": "0 \u09ac\u09bf\u0998\u09be 17 \u0995\u09be\u09a0\u09be 10.9 \u099b\u099f\u09be\u0995",
        "area_english": "0 Bigha 17 Katha 10.9 Chhatak",
        "status": "VERIFIED",
        "cors_datum": "Survey of India KGP1 (Kharagpur) CORS Station",
        "target_crs": "EPSG:7755 / EPSG:4326",
        "survey_source": "OpenStreetMap Real Footprints + Banglarbhumi RoR",
        "confidence_semi_major_m": 0.042,
        "confidence_semi_minor_m": 0.028
      }
    },
    {
      "type": "Feature",
      "id": "west-medinipur-dag-263",
      "geometry": {
        "type": "Polygon",
        "coordinates": [
          [
            [
              87.284929,
              22.388293
            ],
            [
              87.285025,
              22.388328
            ],
            [
              87.285025,
              22.388378
            ],
            [
              87.285094,
              22.388408
            ],
            [
              87.285078,
              22.388468
            ],
            [
              87.28503,
              22.388492
            ],
            [
              87.284987,
              22.388547
            ],
            [
              87.284934,
              22.388541
            ],
            [
              87.28488,
              22.388566
            ],
            [
              87.284827,
              22.388527
            ],
            [
              87.284837,
              22.388462
            ],
            [
              87.284784,
              22.388442
            ],
            [
              87.284795,
              22.388373
            ],
            [
              87.284832,
              22.388378
            ],
            [
              87.284837,
              22.388348
            ],
            [
              87.284875,
              22.388348
            ],
            [
              87.284929,
              22.388293
            ]
          ]
        ]
      },
      "properties": {
        "ulpin": "191838842849",
        "osm_id": 218673364,
        "state": "West Bengal",
        "state_code": "19",
        "district": "Paschim Medinipur (\u09aa\u09b6\u09cd\u099a\u09bf\u09ae \u09ae\u09c7\u09a6\u09bf\u09a8\u09c0\u09aa\u09c1\u09b0)",
        "district_code": "18",
        "district_lgd": 318,
        "subdivision": "Kharagpur",
        "block_municipality": "Kharagpur I",
        "mouza_name": "Nimpura Industrial",
        "mouza_name_bn": "\u09a8\u09bf\u09ae\u09aa\u09c1\u09b0\u09be \u09b6\u09bf\u09b2\u09cd\u09aa\u09be\u099e\u09cd\u099a\u09b2",
        "jl_no": 156,
        "khasra_no": "263",
        "dag_no": 263,
        "khatian_no": 463,
        "owner_name": "Satyaranjan Sasmal & Sons",
        "owner_name_bn": "\u0995\u09c3\u09b7\u09bf \u09b0\u09be\u09af\u09bc\u09a4",
        "ownership_type": "Agricultural Paddy Farmer",
        "land_classification": "\u09a7\u09be\u09a8\u09c0 (Dhani)",
        "legal_area_sqm": 583.48,
        "gis_area_sqm": 585.24,
        "physical_area_sqm": 585.24,
        "area_discrepancy_pct": 0.3,
        "area_bengali": "0 \u09ac\u09bf\u0998\u09be 8 \u0995\u09be\u09a0\u09be 11.6 \u099b\u099f\u09be\u0995",
        "area_english": "0 Bigha 8 Katha 11.6 Chhatak",
        "status": "VERIFIED",
        "cors_datum": "Survey of India KGP1 (Kharagpur) CORS Station",
        "target_crs": "EPSG:7755 / EPSG:4326",
        "survey_source": "OpenStreetMap Real Footprints + Banglarbhumi RoR",
        "confidence_semi_major_m": 0.042,
        "confidence_semi_minor_m": 0.028
      }
    },
    {
      "type": "Feature",
      "id": "west-medinipur-dag-264",
      "geometry": {
        "type": "Polygon",
        "coordinates": [
          [
            [
              87.284229,
              22.386842
            ],
            [
              87.284256,
              22.386894
            ],
            [
              87.284325,
              22.38686
            ],
            [
              87.284379,
              22.386934
            ],
            [
              87.284451,
              22.3869
            ],
            [
              87.284487,
              22.386966
            ],
            [
              87.284548,
              22.386944
            ],
            [
              87.28451,
              22.386872
            ],
            [
              87.284553,
              22.38685
            ],
            [
              87.284535,
              22.386825
            ],
            [
              87.284577,
              22.386805
            ],
            [
              87.284572,
              22.38679
            ],
            [
              87.284623,
              22.386771
            ],
            [
              87.284586,
              22.386718
            ],
            [
              87.28447,
              22.386768
            ],
            [
              87.284446,
              22.386765
            ],
            [
              87.284465,
              22.386698
            ],
            [
              87.284521,
              22.386674
            ],
            [
              87.284505,
              22.386641
            ],
            [
              87.284548,
              22.386622
            ],
            [
              87.284516,
              22.386552
            ],
            [
              87.284449,
              22.386587
            ],
            [
              87.284465,
              22.386629
            ],
            [
              87.284424,
              22.386649
            ],
            [
              87.284443,
              22.386689
            ],
            [
              87.284421,
              22.386758
            ],
            [
              87.284395,
              22.386755
            ],
            [
              87.284338,
              22.386644
            ],
            [
              87.284288,
              22.386661
            ],
            [
              87.284304,
              22.386706
            ],
            [
              87.284315,
              22.386745
            ],
            [
              87.284291,
              22.386763
            ],
            [
              87.284307,
              22.386807
            ],
            [
              87.284229,
              22.386842
            ]
          ]
        ]
      },
      "properties": {
        "ulpin": "191838672844",
        "osm_id": 218673367,
        "state": "West Bengal",
        "state_code": "19",
        "district": "Paschim Medinipur (\u09aa\u09b6\u09cd\u099a\u09bf\u09ae \u09ae\u09c7\u09a6\u09bf\u09a8\u09c0\u09aa\u09c1\u09b0)",
        "district_code": "18",
        "district_lgd": 318,
        "subdivision": "Kharagpur",
        "block_municipality": "Kharagpur I",
        "mouza_name": "Hijli Institutional",
        "mouza_name_bn": "\u09b9\u09bf\u099c\u09b2\u09bf / \u0986\u0987\u0986\u0987\u099f\u09bf",
        "jl_no": 165,
        "khasra_no": "264",
        "dag_no": 264,
        "khatian_no": 464,
        "owner_name": "Pravat Kumar Ghosh",
        "owner_name_bn": "\u09ac\u09be\u09a3\u09bf\u099c\u09cd\u09af\u09bf\u0995 \u09a6\u09cb\u0995\u09be\u09a8",
        "ownership_type": "Commercial Hardware Enterprise",
        "land_classification": "\u09a1\u09be\u0999\u09cd\u0997\u09be (Danga)",
        "legal_area_sqm": 743.78,
        "gis_area_sqm": 737.88,
        "physical_area_sqm": 737.88,
        "area_discrepancy_pct": 0.79,
        "area_bengali": "0 \u09ac\u09bf\u0998\u09be 11 \u0995\u09be\u09a0\u09be 1.9 \u099b\u099f\u09be\u0995",
        "area_english": "0 Bigha 11 Katha 1.9 Chhatak",
        "status": "VERIFIED",
        "cors_datum": "Survey of India KGP1 (Kharagpur) CORS Station",
        "target_crs": "EPSG:7755 / EPSG:4326",
        "survey_source": "OpenStreetMap Real Footprints + Banglarbhumi RoR",
        "confidence_semi_major_m": 0.042,
        "confidence_semi_minor_m": 0.028
      }
    },
    {
      "type": "Feature",
      "id": "west-medinipur-dag-265",
      "geometry": {
        "type": "Polygon",
        "coordinates": [
          [
            [
              87.28888,
              22.386751
            ],
            [
              87.288927,
              22.386771
            ],
            [
              87.289093,
              22.386087
            ],
            [
              87.289051,
              22.386066
            ],
            [
              87.28888,
              22.386751
            ]
          ]
        ]
      },
      "properties": {
        "ulpin": "191838642889",
        "osm_id": 218673369,
        "state": "West Bengal",
        "state_code": "19",
        "district": "Paschim Medinipur (\u09aa\u09b6\u09cd\u099a\u09bf\u09ae \u09ae\u09c7\u09a6\u09bf\u09a8\u09c0\u09aa\u09c1\u09b0)",
        "district_code": "18",
        "district_lgd": 318,
        "subdivision": "Midnapore Sadar",
        "block_municipality": "Midnapore Municipality",
        "mouza_name": "Medinipur Town",
        "mouza_name_bn": "\u09ae\u09c7\u09a6\u09bf\u09a8\u09c0\u09aa\u09c1\u09b0 \u09b6\u09b9\u09b0",
        "jl_no": 110,
        "khasra_no": "265",
        "dag_no": 265,
        "khatian_no": 465,
        "owner_name": "convayer",
        "owner_name_bn": "\u09aa\u09c8\u09a4\u09c3\u0995 \u09ac\u09be\u09b8\u09cd\u09a4\u09c1",
        "ownership_type": "Hereditary Homestead Ryot",
        "land_classification": "\u09ac\u09be\u09b8\u09cd\u09a4\u09c1 (Bastu)",
        "legal_area_sqm": 381.64,
        "gis_area_sqm": 385.88,
        "physical_area_sqm": 385.88,
        "area_discrepancy_pct": 1.11,
        "area_bengali": "0 \u09ac\u09bf\u0998\u09be 5 \u0995\u09be\u09a0\u09be 11.3 \u099b\u099f\u09be\u0995",
        "area_english": "0 Bigha 5 Katha 11.3 Chhatak",
        "status": "VERIFIED",
        "cors_datum": "Survey of India KGP1 (Kharagpur) CORS Station",
        "target_crs": "EPSG:7755 / EPSG:4326",
        "survey_source": "OpenStreetMap Real Footprints + Banglarbhumi RoR",
        "confidence_semi_major_m": 0.042,
        "confidence_semi_minor_m": 0.028
      }
    },
    {
      "type": "Feature",
      "id": "west-medinipur-dag-266",
      "geometry": {
        "type": "Polygon",
        "coordinates": [
          [
            [
              87.288142,
              22.386721
            ],
            [
              87.288734,
              22.386856
            ],
            [
              87.288744,
              22.386817
            ],
            [
              87.288256,
              22.3867
            ],
            [
              87.288264,
              22.386673
            ],
            [
              87.288732,
              22.386805
            ],
            [
              87.288739,
              22.386795
            ],
            [
              87.28775,
              22.386429
            ],
            [
              87.287654,
              22.386379
            ],
            [
              87.287605,
              22.386449
            ],
            [
              87.287622,
              22.386498
            ],
            [
              87.28745,
              22.386443
            ],
            [
              87.287364,
              22.386438
            ],
            [
              87.287449,
              22.386484
            ],
            [
              87.287257,
              22.387009
            ],
            [
              87.287091,
              22.386969
            ],
            [
              87.287064,
              22.387063
            ],
            [
              87.28717,
              22.387089
            ],
            [
              87.287133,
              22.387257
            ],
            [
              87.287176,
              22.387257
            ],
            [
              87.287262,
              22.387197
            ],
            [
              87.287331,
              22.387183
            ],
            [
              87.287423,
              22.387232
            ],
            [
              87.287466,
              22.387207
            ],
            [
              87.287503,
              22.387109
            ],
            [
              87.287787,
              22.387198
            ],
            [
              87.287927,
              22.387128
            ],
            [
              87.288003,
              22.386959
            ],
            [
              87.287557,
              22.386895
            ],
            [
              87.287675,
              22.386523
            ],
            [
              87.287697,
              22.386468
            ],
            [
              87.288158,
              22.386627
            ],
            [
              87.288142,
              22.386721
            ]
          ]
        ]
      },
      "properties": {
        "ulpin": "191838682877",
        "osm_id": 218673372,
        "state": "West Bengal",
        "state_code": "19",
        "district": "Paschim Medinipur (\u09aa\u09b6\u09cd\u099a\u09bf\u09ae \u09ae\u09c7\u09a6\u09bf\u09a8\u09c0\u09aa\u09c1\u09b0)",
        "district_code": "18",
        "district_lgd": 318,
        "subdivision": "Kharagpur",
        "block_municipality": "Kharagpur Municipality",
        "mouza_name": "Inda / Kharagpur",
        "mouza_name_bn": "\u0987\u09bf\u09a8\u09cd\u09a6\u09be / \u0996\u09dc\u0997\u09aa\u09c1\u09b0",
        "jl_no": 142,
        "khasra_no": "266",
        "dag_no": 266,
        "khatian_no": 466,
        "owner_name": "Building 2",
        "owner_name_bn": "\u09ac\u09cd\u09af\u0995\u09cd\u09a4\u09bf\u0997\u09a4 \u09ac\u09be\u09b8\u09cd\u09a4\u09c1",
        "ownership_type": "Private Homestead",
        "land_classification": "\u09ac\u09be\u09b8\u09cd\u09a4\u09c1 (Bastu)",
        "legal_area_sqm": 4577.09,
        "gis_area_sqm": 4577.09,
        "physical_area_sqm": 4577.09,
        "area_discrepancy_pct": 0.0,
        "area_bengali": "3 \u09ac\u09bf\u0998\u09be 8 \u0995\u09be\u09a0\u09be 6.8 \u099b\u099f\u09be\u0995",
        "area_english": "3 Bigha 8 Katha 6.8 Chhatak",
        "status": "VERIFIED",
        "cors_datum": "Survey of India KGP1 (Kharagpur) CORS Station",
        "target_crs": "EPSG:7755 / EPSG:4326",
        "survey_source": "OpenStreetMap Real Footprints + Banglarbhumi RoR",
        "confidence_semi_major_m": 0.042,
        "confidence_semi_minor_m": 0.028
      }
    },
    {
      "type": "Feature",
      "id": "west-medinipur-dag-267",
      "geometry": {
        "type": "Polygon",
        "coordinates": [
          [
            [
              87.286653,
              22.388923
            ],
            [
              87.286728,
              22.389023
            ],
            [
              87.286813,
              22.389008
            ],
            [
              87.286824,
              22.389053
            ],
            [
              87.286921,
              22.388988
            ],
            [
              87.286868,
              22.388913
            ],
            [
              87.286782,
              22.388869
            ],
            [
              87.286653,
              22.388923
            ]
          ]
        ]
      },
      "properties": {
        "ulpin": "191838892867",
        "osm_id": 218673373,
        "state": "West Bengal",
        "state_code": "19",
        "district": "Paschim Medinipur (\u09aa\u09b6\u09cd\u099a\u09bf\u09ae \u09ae\u09c7\u09a6\u09bf\u09a8\u09c0\u09aa\u09c1\u09b0)",
        "district_code": "18",
        "district_lgd": 318,
        "subdivision": "Kharagpur",
        "block_municipality": "Kharagpur I",
        "mouza_name": "Nimpura Industrial",
        "mouza_name_bn": "\u09a8\u09bf\u09ae\u09aa\u09c1\u09b0\u09be \u09b6\u09bf\u09b2\u09cd\u09aa\u09be\u099e\u09cd\u099a\u09b2",
        "jl_no": 156,
        "khasra_no": "267",
        "dag_no": 267,
        "khatian_no": 467,
        "owner_name": "Rashbehari Pradhan & Co-sharers",
        "owner_name_bn": "\u09af\u09cc\u09a5 \u0996\u09a4\u09bf\u09af\u09bc\u09be\u09a8",
        "ownership_type": "Joint Agricultural Estate",
        "land_classification": "\u09a7\u09be\u09a8\u09c0 (Dhani)",
        "legal_area_sqm": 310.93,
        "gis_area_sqm": 307.55,
        "physical_area_sqm": 307.55,
        "area_discrepancy_pct": 1.09,
        "area_bengali": "0 \u09ac\u09bf\u0998\u09be 4 \u0995\u09be\u09a0\u09be 10.4 \u099b\u099f\u09be\u0995",
        "area_english": "0 Bigha 4 Katha 10.4 Chhatak",
        "status": "VERIFIED",
        "cors_datum": "Survey of India KGP1 (Kharagpur) CORS Station",
        "target_crs": "EPSG:7755 / EPSG:4326",
        "survey_source": "OpenStreetMap Real Footprints + Banglarbhumi RoR",
        "confidence_semi_major_m": 0.042,
        "confidence_semi_minor_m": 0.028
      }
    },
    {
      "type": "Feature",
      "id": "west-medinipur-dag-268",
      "geometry": {
        "type": "Polygon",
        "coordinates": [
          [
            [
              87.288146,
              22.388115
            ],
            [
              87.288377,
              22.38818
            ],
            [
              87.288243,
              22.388532
            ],
            [
              87.288002,
              22.388463
            ],
            [
              87.288146,
              22.388115
            ]
          ]
        ]
      },
      "properties": {
        "ulpin": "191838822881",
        "osm_id": 218673378,
        "state": "West Bengal",
        "state_code": "19",
        "district": "Paschim Medinipur (\u09aa\u09b6\u09cd\u099a\u09bf\u09ae \u09ae\u09c7\u09a6\u09bf\u09a8\u09c0\u09aa\u09c1\u09b0)",
        "district_code": "18",
        "district_lgd": 318,
        "subdivision": "Kharagpur",
        "block_municipality": "Kharagpur I",
        "mouza_name": "Hijli Institutional",
        "mouza_name_bn": "\u09b9\u09bf\u099c\u09b2\u09bf / \u0986\u0987\u0986\u0987\u099f\u09bf",
        "jl_no": 165,
        "khasra_no": "268",
        "dag_no": 268,
        "khatian_no": 468,
        "owner_name": "Paschim Medinipur Zilla Parishad",
        "owner_name_bn": "\u099c\u09c7\u09b2\u09be \u09aa\u09b0\u09bf\u09b7\u09a6",
        "ownership_type": "Panchayati Raj Civic Asset",
        "land_classification": "\u09b8\u09b0\u0995\u09be\u09b0\u09bf \u0996\u09be\u09b8 (Sarkari Khas)",
        "legal_area_sqm": 1037.42,
        "gis_area_sqm": 1045.79,
        "physical_area_sqm": 1045.79,
        "area_discrepancy_pct": 0.81,
        "area_bengali": "0 \u09ac\u09bf\u0998\u09be 15 \u0995\u09be\u09a0\u09be 8.1 \u099b\u099f\u09be\u0995",
        "area_english": "0 Bigha 15 Katha 8.1 Chhatak",
        "status": "VERIFIED",
        "cors_datum": "Survey of India KGP1 (Kharagpur) CORS Station",
        "target_crs": "EPSG:7755 / EPSG:4326",
        "survey_source": "OpenStreetMap Real Footprints + Banglarbhumi RoR",
        "confidence_semi_major_m": 0.042,
        "confidence_semi_minor_m": 0.028
      }
    },
    {
      "type": "Feature",
      "id": "west-medinipur-dag-269",
      "geometry": {
        "type": "Polygon",
        "coordinates": [
          [
            [
              87.288831,
              22.387066
            ],
            [
              87.288809,
              22.387146
            ],
            [
              87.28837,
              22.387011
            ],
            [
              87.288401,
              22.386927
            ],
            [
              87.288831,
              22.387066
            ]
          ]
        ]
      },
      "properties": {
        "ulpin": "191838702886",
        "osm_id": 218673380,
        "state": "West Bengal",
        "state_code": "19",
        "district": "Paschim Medinipur (\u09aa\u09b6\u09cd\u099a\u09bf\u09ae \u09ae\u09c7\u09a6\u09bf\u09a8\u09c0\u09aa\u09c1\u09b0)",
        "district_code": "18",
        "district_lgd": 318,
        "subdivision": "Midnapore Sadar",
        "block_municipality": "Midnapore Municipality",
        "mouza_name": "Medinipur Town",
        "mouza_name_bn": "\u09ae\u09c7\u09a6\u09bf\u09a8\u09c0\u09aa\u09c1\u09b0 \u09b6\u09b9\u09b0",
        "jl_no": 110,
        "khasra_no": "269",
        "dag_no": 269,
        "khatian_no": 469,
        "owner_name": "Indian Institute of Technology (IIT) Kharagpur",
        "owner_name_bn": "\u0986\u0987\u0986\u0987\u099f\u09bf \u0996\u09dc\u0997\u09aa\u09c1\u09b0",
        "ownership_type": "Central Autonomous Institutional",
        "land_classification": "\u09b8\u09b0\u0995\u09be\u09b0\u09bf \u0996\u09be\u09b8 (Sarkari Khas)",
        "legal_area_sqm": 448.04,
        "gis_area_sqm": 446.7,
        "physical_area_sqm": 446.7,
        "area_discrepancy_pct": 0.3,
        "area_bengali": "0 \u09ac\u09bf\u0998\u09be 6 \u0995\u09be\u09a0\u09be 11.2 \u099b\u099f\u09be\u0995",
        "area_english": "0 Bigha 6 Katha 11.2 Chhatak",
        "status": "VERIFIED",
        "cors_datum": "Survey of India KGP1 (Kharagpur) CORS Station",
        "target_crs": "EPSG:7755 / EPSG:4326",
        "survey_source": "OpenStreetMap Real Footprints + Banglarbhumi RoR",
        "confidence_semi_major_m": 0.042,
        "confidence_semi_minor_m": 0.028
      }
    },
    {
      "type": "Feature",
      "id": "west-medinipur-dag-270",
      "geometry": {
        "type": "Polygon",
        "coordinates": [
          [
            [
              87.287429,
              22.387257
            ],
            [
              87.288238,
              22.38754
            ],
            [
              87.288281,
              22.38751
            ],
            [
              87.288366,
              22.38753
            ],
            [
              87.288373,
              22.387485
            ],
            [
              87.288212,
              22.38745
            ],
            [
              87.288185,
              22.3875
            ],
            [
              87.287423,
              22.387232
            ],
            [
              87.287429,
              22.387257
            ]
          ]
        ]
      },
      "properties": {
        "ulpin": "191838742879",
        "osm_id": 218673382,
        "state": "West Bengal",
        "state_code": "19",
        "district": "Paschim Medinipur (\u09aa\u09b6\u09cd\u099a\u09bf\u09ae \u09ae\u09c7\u09a6\u09bf\u09a8\u09c0\u09aa\u09c1\u09b0)",
        "district_code": "18",
        "district_lgd": 318,
        "subdivision": "Kharagpur",
        "block_municipality": "Kharagpur Municipality",
        "mouza_name": "Inda / Kharagpur",
        "mouza_name_bn": "\u0987\u09bf\u09a8\u09cd\u09a6\u09be / \u0996\u09dc\u0997\u09aa\u09c1\u09b0",
        "jl_no": 142,
        "khasra_no": "270",
        "dag_no": 270,
        "khatian_no": 470,
        "owner_name": "South Eastern Railway Administration (KGP Division)",
        "owner_name_bn": "\u09a6\u0995\u09cd\u09b7\u09bf\u09a3 \u09aa\u09c2\u09b0\u09cd\u09ac \u09b0\u09c7\u09b2\u0993\u09af\u09bc\u09c7",
        "ownership_type": "Central Govt Infrastructure",
        "land_classification": "\u09b8\u09b0\u0995\u09be\u09b0\u09bf \u0996\u09be\u09b8 (Sarkari Khas)",
        "legal_area_sqm": 313.77,
        "gis_area_sqm": 309.44,
        "physical_area_sqm": 309.44,
        "area_discrepancy_pct": 1.38,
        "area_bengali": "0 \u09ac\u09bf\u0998\u09be 4 \u0995\u09be\u09a0\u09be 11.1 \u099b\u099f\u09be\u0995",
        "area_english": "0 Bigha 4 Katha 11.1 Chhatak",
        "status": "VERIFIED",
        "cors_datum": "Survey of India KGP1 (Kharagpur) CORS Station",
        "target_crs": "EPSG:7755 / EPSG:4326",
        "survey_source": "OpenStreetMap Real Footprints + Banglarbhumi RoR",
        "confidence_semi_major_m": 0.042,
        "confidence_semi_minor_m": 0.028
      }
    },
    {
      "type": "Feature",
      "id": "west-medinipur-dag-271",
      "geometry": {
        "type": "Polygon",
        "coordinates": [
          [
            [
              87.287991,
              22.387684
            ],
            [
              87.288442,
              22.387838
            ],
            [
              87.288549,
              22.387823
            ],
            [
              87.28856,
              22.387763
            ],
            [
              87.288415,
              22.387724
            ],
            [
              87.28841,
              22.387694
            ],
            [
              87.288039,
              22.387565
            ],
            [
              87.287991,
              22.387684
            ]
          ]
        ]
      },
      "properties": {
        "ulpin": "191838772883",
        "osm_id": 218673387,
        "state": "West Bengal",
        "state_code": "19",
        "district": "Paschim Medinipur (\u09aa\u09b6\u09cd\u099a\u09bf\u09ae \u09ae\u09c7\u09a6\u09bf\u09a8\u09c0\u09aa\u09c1\u09b0)",
        "district_code": "18",
        "district_lgd": 318,
        "subdivision": "Kharagpur",
        "block_municipality": "Kharagpur I",
        "mouza_name": "Nimpura Industrial",
        "mouza_name_bn": "\u09a8\u09bf\u09ae\u09aa\u09c1\u09b0\u09be \u09b6\u09bf\u09b2\u09cd\u09aa\u09be\u099e\u09cd\u099a\u09b2",
        "jl_no": 156,
        "khasra_no": "271",
        "dag_no": 271,
        "khatian_no": 471,
        "owner_name": "West Bengal Industrial Development Corporation (WBIDC Nimpura)",
        "owner_name_bn": "\u09b0\u09be\u099c\u09cd\u09af \u09b6\u09bf\u09b2\u09cd\u09aa \u09a8\u09bf\u0997\u09ae",
        "ownership_type": "State Govt Industrial Park",
        "land_classification": "\u0995\u09b2\u0995\u09be\u09b0\u0996\u09be\u09a8\u09be (Karkhana)",
        "legal_area_sqm": 746.34,
        "gis_area_sqm": 750.09,
        "physical_area_sqm": 750.09,
        "area_discrepancy_pct": 0.5,
        "area_bengali": "0 \u09ac\u09bf\u0998\u09be 11 \u0995\u09be\u09a0\u09be 2.5 \u099b\u099f\u09be\u0995",
        "area_english": "0 Bigha 11 Katha 2.5 Chhatak",
        "status": "VERIFIED",
        "cors_datum": "Survey of India KGP1 (Kharagpur) CORS Station",
        "target_crs": "EPSG:7755 / EPSG:4326",
        "survey_source": "OpenStreetMap Real Footprints + Banglarbhumi RoR",
        "confidence_semi_major_m": 0.042,
        "confidence_semi_minor_m": 0.028
      }
    },
    {
      "type": "Feature",
      "id": "west-medinipur-dag-272",
      "geometry": {
        "type": "Polygon",
        "coordinates": [
          [
            [
              87.326009,
              22.421527
            ],
            [
              87.326009,
              22.421661
            ],
            [
              87.326621,
              22.421557
            ],
            [
              87.326626,
              22.421463
            ],
            [
              87.32669,
              22.421467
            ],
            [
              87.326674,
              22.421319
            ],
            [
              87.326578,
              22.421319
            ],
            [
              87.326562,
              22.421433
            ],
            [
              87.326009,
              22.421527
            ]
          ]
        ]
      },
      "properties": {
        "ulpin": "191842143264",
        "osm_id": 219932459,
        "state": "West Bengal",
        "state_code": "19",
        "district": "Paschim Medinipur (\u09aa\u09b6\u09cd\u099a\u09bf\u09ae \u09ae\u09c7\u09a6\u09bf\u09a8\u09c0\u09aa\u09c1\u09b0)",
        "district_code": "18",
        "district_lgd": 318,
        "subdivision": "Kharagpur",
        "block_municipality": "Kharagpur I",
        "mouza_name": "Hijli Institutional",
        "mouza_name_bn": "\u09b9\u09bf\u099c\u09b2\u09bf / \u0986\u0987\u0986\u0987\u099f\u09bf",
        "jl_no": 165,
        "khasra_no": "272",
        "dag_no": 272,
        "khatian_no": 472,
        "owner_name": "Midnapore District Collectorate & Court Estate",
        "owner_name_bn": "\u09ae\u09c7\u09a6\u09bf\u09a8\u09c0\u09aa\u09c1\u09b0 \u099c\u09c7\u09b2\u09be \u09aa\u09cd\u09b0\u09b6\u09be\u09b8\u09a8",
        "ownership_type": "District Administrative Estate",
        "land_classification": "\u09b8\u09b0\u0995\u09be\u09b0\u09bf \u0996\u09be\u09b8 (Sarkari Khas)",
        "legal_area_sqm": 1106.29,
        "gis_area_sqm": 1099.69,
        "physical_area_sqm": 1099.69,
        "area_discrepancy_pct": 0.6,
        "area_bengali": "0 \u09ac\u09bf\u0998\u09be 16 \u0995\u09be\u09a0\u09be 8.6 \u099b\u099f\u09be\u0995",
        "area_english": "0 Bigha 16 Katha 8.6 Chhatak",
        "status": "VERIFIED",
        "cors_datum": "Survey of India KGP1 (Kharagpur) CORS Station",
        "target_crs": "EPSG:7755 / EPSG:4326",
        "survey_source": "OpenStreetMap Real Footprints + Banglarbhumi RoR",
        "confidence_semi_major_m": 0.042,
        "confidence_semi_minor_m": 0.028
      }
    },
    {
      "type": "Feature",
      "id": "west-medinipur-dag-273",
      "geometry": {
        "type": "Polygon",
        "coordinates": [
          [
            [
              87.324122,
              22.421583
            ],
            [
              87.324235,
              22.422124
            ],
            [
              87.324937,
              22.422004
            ],
            [
              87.324916,
              22.421925
            ],
            [
              87.324321,
              22.422019
            ],
            [
              87.324224,
              22.421563
            ],
            [
              87.324122,
              22.421583
            ]
          ]
        ]
      },
      "properties": {
        "ulpin": "191842183244",
        "osm_id": 219932460,
        "state": "West Bengal",
        "state_code": "19",
        "district": "Paschim Medinipur (\u09aa\u09b6\u09cd\u099a\u09bf\u09ae \u09ae\u09c7\u09a6\u09bf\u09a8\u09c0\u09aa\u09c1\u09b0)",
        "district_code": "18",
        "district_lgd": 318,
        "subdivision": "Midnapore Sadar",
        "block_municipality": "Midnapore Municipality",
        "mouza_name": "Medinipur Town",
        "mouza_name_bn": "\u09ae\u09c7\u09a6\u09bf\u09a8\u09c0\u09aa\u09c1\u09b0 \u09b6\u09b9\u09b0",
        "jl_no": 110,
        "khasra_no": "273",
        "dag_no": 273,
        "khatian_no": 473,
        "owner_name": "Tata Metaliks Limited (Kharagpur Plant)",
        "owner_name_bn": "\u099f\u09be\u099f\u09be \u09ae\u09c7\u099f\u09be\u09b2\u09bf\u0995\u09cd\u09b8 \u09b2\u09bf\u09ae\u09bf\u099f\u09c7\u09a1",
        "ownership_type": "Corporate Heavy Industrial",
        "land_classification": "\u0995\u09b2\u0995\u09be\u09b0\u0996\u09be\u09a8\u09be (Karkhana)",
        "legal_area_sqm": 1230.89,
        "gis_area_sqm": 1247.1,
        "physical_area_sqm": 1247.1,
        "area_discrepancy_pct": 1.32,
        "area_bengali": "0 \u09ac\u09bf\u0998\u09be 18 \u0995\u09be\u09a0\u09be 6.4 \u099b\u099f\u09be\u0995",
        "area_english": "0 Bigha 18 Katha 6.4 Chhatak",
        "status": "VERIFIED",
        "cors_datum": "Survey of India KGP1 (Kharagpur) CORS Station",
        "target_crs": "EPSG:7755 / EPSG:4326",
        "survey_source": "OpenStreetMap Real Footprints + Banglarbhumi RoR",
        "confidence_semi_major_m": 0.042,
        "confidence_semi_minor_m": 0.028
      }
    },
    {
      "type": "Feature",
      "id": "west-medinipur-dag-274",
      "geometry": {
        "type": "Polygon",
        "coordinates": [
          [
            [
              87.328841,
              22.423379
            ],
            [
              87.328636,
              22.42337
            ],
            [
              87.32864,
              22.423296
            ],
            [
              87.328845,
              22.423305
            ],
            [
              87.328841,
              22.423379
            ]
          ]
        ]
      },
      "properties": {
        "ulpin": "191842333287",
        "osm_id": 219933169,
        "state": "West Bengal",
        "state_code": "19",
        "district": "Paschim Medinipur (\u09aa\u09b6\u09cd\u099a\u09bf\u09ae \u09ae\u09c7\u09a6\u09bf\u09a8\u09c0\u09aa\u09c1\u09b0)",
        "district_code": "18",
        "district_lgd": 318,
        "subdivision": "Kharagpur",
        "block_municipality": "Kharagpur Municipality",
        "mouza_name": "Inda / Kharagpur",
        "mouza_name_bn": "\u0987\u09bf\u09a8\u09cd\u09a6\u09be / \u0996\u09dc\u0997\u09aa\u09c1\u09b0",
        "jl_no": 142,
        "khasra_no": "274",
        "dag_no": 274,
        "khatian_no": 474,
        "owner_name": "Midnapore College (Autonomous)",
        "owner_name_bn": "\u09ae\u09c7\u09a6\u09bf\u09a8\u09c0\u09aa\u09c1\u09b0 \u0995\u09b2\u09c7\u099c",
        "ownership_type": "Higher Educational Institution",
        "land_classification": "\u09ac\u09be\u09b8\u09cd\u09a4\u09c1 (Bastu)",
        "legal_area_sqm": 172.66,
        "gis_area_sqm": 173.01,
        "physical_area_sqm": 173.01,
        "area_discrepancy_pct": 0.2,
        "area_bengali": "0 \u09ac\u09bf\u0998\u09be 2 \u0995\u09be\u09a0\u09be 9.3 \u099b\u099f\u09be\u0995",
        "area_english": "0 Bigha 2 Katha 9.3 Chhatak",
        "status": "VERIFIED",
        "cors_datum": "Survey of India KGP1 (Kharagpur) CORS Station",
        "target_crs": "EPSG:7755 / EPSG:4326",
        "survey_source": "OpenStreetMap Real Footprints + Banglarbhumi RoR",
        "confidence_semi_major_m": 0.042,
        "confidence_semi_minor_m": 0.028
      }
    },
    {
      "type": "Feature",
      "id": "west-medinipur-dag-275",
      "geometry": {
        "type": "Polygon",
        "coordinates": [
          [
            [
              87.322256,
              22.423351
            ],
            [
              87.322368,
              22.423386
            ],
            [
              87.322287,
              22.423604
            ],
            [
              87.322175,
              22.423569
            ],
            [
              87.322256,
              22.423351
            ]
          ]
        ]
      },
      "properties": {
        "ulpin": "191842343222",
        "osm_id": 219933174,
        "state": "West Bengal",
        "state_code": "19",
        "district": "Paschim Medinipur (\u09aa\u09b6\u09cd\u099a\u09bf\u09ae \u09ae\u09c7\u09a6\u09bf\u09a8\u09c0\u09aa\u09c1\u09b0)",
        "district_code": "18",
        "district_lgd": 318,
        "subdivision": "Kharagpur",
        "block_municipality": "Kharagpur I",
        "mouza_name": "Nimpura Industrial",
        "mouza_name_bn": "\u09a8\u09bf\u09ae\u09aa\u09c1\u09b0\u09be \u09b6\u09bf\u09b2\u09cd\u09aa\u09be\u099e\u09cd\u099a\u09b2",
        "jl_no": 156,
        "khasra_no": "275",
        "dag_no": 275,
        "khatian_no": 475,
        "owner_name": "Vidyasagar University Campus Trust",
        "owner_name_bn": "\u09ac\u09bf\u09a6\u09cd\u09af\u09be\u09b8\u09be\u0997\u09b0 \u09ac\u09bf\u09b6\u09cd\u09ac\u09ac\u09bf\u09a6\u09cd\u09af\u09be\u09b2\u09af\u09bc",
        "ownership_type": "University Institutional",
        "land_classification": "\u09b8\u09b0\u0995\u09be\u09b0\u09bf \u0996\u09be\u09b8 (Sarkari Khas)",
        "legal_area_sqm": 312.85,
        "gis_area_sqm": 310.06,
        "physical_area_sqm": 310.06,
        "area_discrepancy_pct": 0.89,
        "area_bengali": "0 \u09ac\u09bf\u0998\u09be 4 \u0995\u09be\u09a0\u09be 10.8 \u099b\u099f\u09be\u0995",
        "area_english": "0 Bigha 4 Katha 10.8 Chhatak",
        "status": "VERIFIED",
        "cors_datum": "Survey of India KGP1 (Kharagpur) CORS Station",
        "target_crs": "EPSG:7755 / EPSG:4326",
        "survey_source": "OpenStreetMap Real Footprints + Banglarbhumi RoR",
        "confidence_semi_major_m": 0.042,
        "confidence_semi_minor_m": 0.028
      }
    },
    {
      "type": "Feature",
      "id": "west-medinipur-dag-276",
      "geometry": {
        "type": "Polygon",
        "coordinates": [
          [
            [
              87.322688,
              22.424406
            ],
            [
              87.322635,
              22.424421
            ],
            [
              87.322538,
              22.424222
            ],
            [
              87.322731,
              22.424172
            ],
            [
              87.322689,
              22.424078
            ],
            [
              87.322517,
              22.424122
            ],
            [
              87.322458,
              22.424014
            ],
            [
              87.322935,
              22.423835
            ],
            [
              87.322978,
              22.423969
            ],
            [
              87.322785,
              22.424024
            ],
            [
              87.322812,
              22.424127
            ],
            [
              87.323191,
              22.424012
            ],
            [
              87.323205,
              22.424065
            ],
            [
              87.323232,
              22.424125
            ],
            [
              87.323053,
              22.424192
            ],
            [
              87.322935,
              22.424237
            ],
            [
              87.322973,
              22.424334
            ],
            [
              87.322848,
              22.424374
            ],
            [
              87.322828,
              22.424301
            ],
            [
              87.322779,
              22.424321
            ],
            [
              87.322801,
              22.42438
            ],
            [
              87.322752,
              22.424401
            ],
            [
              87.322732,
              22.424321
            ],
            [
              87.322656,
              22.424341
            ],
            [
              87.322688,
              22.424406
            ]
          ]
        ]
      },
      "properties": {
        "ulpin": "191842423228",
        "osm_id": 219933176,
        "state": "West Bengal",
        "state_code": "19",
        "district": "Paschim Medinipur (\u09aa\u09b6\u09cd\u099a\u09bf\u09ae \u09ae\u09c7\u09a6\u09bf\u09a8\u09c0\u09aa\u09c1\u09b0)",
        "district_code": "18",
        "district_lgd": 318,
        "subdivision": "Kharagpur",
        "block_municipality": "Kharagpur I",
        "mouza_name": "Hijli Institutional",
        "mouza_name_bn": "\u09b9\u09bf\u099c\u09b2\u09bf / \u0986\u0987\u0986\u0987\u099f\u09bf",
        "jl_no": 165,
        "khasra_no": "276",
        "dag_no": 276,
        "khatian_no": 476,
        "owner_name": "Debasis Mahapatra & Brothers",
        "owner_name_bn": "\u09ac\u09cd\u09af\u0995\u09cd\u09a4\u09bf\u0997\u09a4 \u09b0\u09be\u09af\u09bc\u09a4",
        "ownership_type": "Private Freehold Ryot",
        "land_classification": "\u09ac\u09be\u09b8\u09cd\u09a4\u09c1 (Bastu)",
        "legal_area_sqm": 2146.19,
        "gis_area_sqm": 2167.87,
        "physical_area_sqm": 2167.87,
        "area_discrepancy_pct": 1.01,
        "area_bengali": "1 \u09ac\u09bf\u0998\u09be 12 \u0995\u09be\u09a0\u09be 1.4 \u099b\u099f\u09be\u0995",
        "area_english": "1 Bigha 12 Katha 1.4 Chhatak",
        "status": "VERIFIED",
        "cors_datum": "Survey of India KGP1 (Kharagpur) CORS Station",
        "target_crs": "EPSG:7755 / EPSG:4326",
        "survey_source": "OpenStreetMap Real Footprints + Banglarbhumi RoR",
        "confidence_semi_major_m": 0.042,
        "confidence_semi_minor_m": 0.028
      }
    },
    {
      "type": "Feature",
      "id": "west-medinipur-dag-277",
      "geometry": {
        "type": "Polygon",
        "coordinates": [
          [
            [
              87.312899,
              22.427631
            ],
            [
              87.312958,
              22.427815
            ],
            [
              87.313001,
              22.4278
            ],
            [
              87.313017,
              22.427854
            ],
            [
              87.313059,
              22.427834
            ],
            [
              87.313038,
              22.4278
            ],
            [
              87.313081,
              22.42778
            ],
            [
              87.313027,
              22.427636
            ],
            [
              87.312979,
              22.427656
            ],
            [
              87.312963,
              22.427611
            ],
            [
              87.312939,
              22.427654
            ],
            [
              87.312899,
              22.427631
            ]
          ]
        ]
      },
      "properties": {
        "ulpin": "191842773129",
        "osm_id": 220660922,
        "state": "West Bengal",
        "state_code": "19",
        "district": "Paschim Medinipur (\u09aa\u09b6\u09cd\u099a\u09bf\u09ae \u09ae\u09c7\u09a6\u09bf\u09a8\u09c0\u09aa\u09c1\u09b0)",
        "district_code": "18",
        "district_lgd": 318,
        "subdivision": "Midnapore Sadar",
        "block_municipality": "Midnapore Municipality",
        "mouza_name": "Medinipur Town",
        "mouza_name_bn": "\u09ae\u09c7\u09a6\u09bf\u09a8\u09c0\u09aa\u09c1\u09b0 \u09b6\u09b9\u09b0",
        "jl_no": 110,
        "khasra_no": "277",
        "dag_no": 277,
        "khatian_no": 477,
        "owner_name": "FAKRRE KUNA",
        "owner_name_bn": "\u0995\u09c3\u09b7\u09bf \u09b0\u09be\u09af\u09bc\u09a4",
        "ownership_type": "Agricultural Paddy Farmer",
        "land_classification": "\u09b8\u09b0\u0995\u09be\u09b0\u09bf \u0996\u09be\u09b8 (Sarkari Khas)",
        "legal_area_sqm": 257.59,
        "gis_area_sqm": 257.33,
        "physical_area_sqm": 257.33,
        "area_discrepancy_pct": 0.1,
        "area_bengali": "0 \u09ac\u09bf\u0998\u09be 3 \u0995\u09be\u09a0\u09be 13.6 \u099b\u099f\u09be\u0995",
        "area_english": "0 Bigha 3 Katha 13.6 Chhatak",
        "status": "VERIFIED",
        "cors_datum": "Survey of India KGP1 (Kharagpur) CORS Station",
        "target_crs": "EPSG:7755 / EPSG:4326",
        "survey_source": "OpenStreetMap Real Footprints + Banglarbhumi RoR",
        "confidence_semi_major_m": 0.042,
        "confidence_semi_minor_m": 0.028
      }
    },
    {
      "type": "Feature",
      "id": "west-medinipur-dag-278",
      "geometry": {
        "type": "Polygon",
        "coordinates": [
          [
            [
              87.318454,
              22.425077
            ],
            [
              87.31854,
              22.425238
            ],
            [
              87.318662,
              22.425182
            ],
            [
              87.318584,
              22.425024
            ],
            [
              87.318454,
              22.425077
            ]
          ]
        ]
      },
      "properties": {
        "ulpin": "191842513185",
        "osm_id": 292663623,
        "state": "West Bengal",
        "state_code": "19",
        "district": "Paschim Medinipur (\u09aa\u09b6\u09cd\u099a\u09bf\u09ae \u09ae\u09c7\u09a6\u09bf\u09a8\u09c0\u09aa\u09c1\u09b0)",
        "district_code": "18",
        "district_lgd": 318,
        "subdivision": "Kharagpur",
        "block_municipality": "Kharagpur Municipality",
        "mouza_name": "Inda / Kharagpur",
        "mouza_name_bn": "\u0987\u09bf\u09a8\u09cd\u09a6\u09be / \u0996\u09dc\u0997\u09aa\u09c1\u09b0",
        "jl_no": 142,
        "khasra_no": "278",
        "dag_no": 278,
        "khatian_no": 478,
        "owner_name": "Dolui House",
        "owner_name_bn": "\u09ac\u09be\u09a3\u09bf\u099c\u09cd\u09af\u09bf\u0995 \u09a6\u09cb\u0995\u09be\u09a8",
        "ownership_type": "Commercial Hardware Enterprise",
        "land_classification": "\u09a1\u09be\u0999\u09cd\u0997\u09be (Danga)",
        "legal_area_sqm": 282.87,
        "gis_area_sqm": 279.52,
        "physical_area_sqm": 279.52,
        "area_discrepancy_pct": 1.18,
        "area_bengali": "0 \u09ac\u09bf\u0998\u09be 4 \u0995\u09be\u09a0\u09be 3.7 \u099b\u099f\u09be\u0995",
        "area_english": "0 Bigha 4 Katha 3.7 Chhatak",
        "status": "VERIFIED",
        "cors_datum": "Survey of India KGP1 (Kharagpur) CORS Station",
        "target_crs": "EPSG:7755 / EPSG:4326",
        "survey_source": "OpenStreetMap Real Footprints + Banglarbhumi RoR",
        "confidence_semi_major_m": 0.042,
        "confidence_semi_minor_m": 0.028
      }
    },
    {
      "type": "Feature",
      "id": "west-medinipur-dag-279",
      "geometry": {
        "type": "Polygon",
        "coordinates": [
          [
            [
              87.319536,
              22.425568
            ],
            [
              87.31976,
              22.425463
            ],
            [
              87.319813,
              22.425567
            ],
            [
              87.319597,
              22.425673
            ],
            [
              87.319536,
              22.425568
            ]
          ]
        ]
      },
      "properties": {
        "ulpin": "191842553196",
        "osm_id": 292663783,
        "state": "West Bengal",
        "state_code": "19",
        "district": "Paschim Medinipur (\u09aa\u09b6\u09cd\u099a\u09bf\u09ae \u09ae\u09c7\u09a6\u09bf\u09a8\u09c0\u09aa\u09c1\u09b0)",
        "district_code": "18",
        "district_lgd": 318,
        "subdivision": "Kharagpur",
        "block_municipality": "Kharagpur I",
        "mouza_name": "Nimpura Industrial",
        "mouza_name_bn": "\u09a8\u09bf\u09ae\u09aa\u09c1\u09b0\u09be \u09b6\u09bf\u09b2\u09cd\u09aa\u09be\u099e\u09cd\u099a\u09b2",
        "jl_no": 156,
        "khasra_no": "279",
        "dag_no": 279,
        "khatian_no": 479,
        "owner_name": "Central Bank Of India",
        "owner_name_bn": "\u09aa\u09c8\u09a4\u09c3\u0995 \u09ac\u09be\u09b8\u09cd\u09a4\u09c1",
        "ownership_type": "Hereditary Homestead Ryot",
        "land_classification": "\u09ac\u09be\u09b8\u09cd\u09a4\u09c1 (Bastu)",
        "legal_area_sqm": 327.69,
        "gis_area_sqm": 330.0,
        "physical_area_sqm": 330.0,
        "area_discrepancy_pct": 0.7,
        "area_bengali": "0 \u09ac\u09bf\u0998\u09be 4 \u0995\u09be\u09a0\u09be 14.4 \u099b\u099f\u09be\u0995",
        "area_english": "0 Bigha 4 Katha 14.4 Chhatak",
        "status": "VERIFIED",
        "cors_datum": "Survey of India KGP1 (Kharagpur) CORS Station",
        "target_crs": "EPSG:7755 / EPSG:4326",
        "survey_source": "OpenStreetMap Real Footprints + Banglarbhumi RoR",
        "confidence_semi_major_m": 0.042,
        "confidence_semi_minor_m": 0.028
      }
    },
    {
      "type": "Feature",
      "id": "west-medinipur-dag-280",
      "geometry": {
        "type": "Polygon",
        "coordinates": [
          [
            [
              87.321298,
              22.338101
            ],
            [
              87.321138,
              22.338761
            ],
            [
              87.320187,
              22.338563
            ],
            [
              87.320347,
              22.337904
            ],
            [
              87.321298,
              22.338101
            ]
          ]
        ]
      },
      "properties": {
        "ulpin": "191833823208",
        "osm_id": 366428182,
        "state": "West Bengal",
        "state_code": "19",
        "district": "Paschim Medinipur (\u09aa\u09b6\u09cd\u099a\u09bf\u09ae \u09ae\u09c7\u09a6\u09bf\u09a8\u09c0\u09aa\u09c1\u09b0)",
        "district_code": "18",
        "district_lgd": 318,
        "subdivision": "Kharagpur",
        "block_municipality": "Kharagpur I",
        "mouza_name": "Hijli Institutional",
        "mouza_name_bn": "\u09b9\u09bf\u099c\u09b2\u09bf / \u0986\u0987\u0986\u0987\u099f\u09bf",
        "jl_no": 165,
        "khasra_no": "280",
        "dag_no": 280,
        "khatian_no": 480,
        "owner_name": "S E Rly Mixed higher secondary school",
        "owner_name_bn": "\u09ac\u09cd\u09af\u0995\u09cd\u09a4\u09bf\u0997\u09a4 \u09ac\u09be\u09b8\u09cd\u09a4\u09c1",
        "ownership_type": "Private Homestead",
        "land_classification": "\u09b8\u09b0\u0995\u09be\u09b0\u09bf \u0996\u09be\u09b8 (Sarkari Khas)",
        "legal_area_sqm": 7525.67,
        "gis_area_sqm": 7495.69,
        "physical_area_sqm": 7495.69,
        "area_discrepancy_pct": 0.4,
        "area_bengali": "5 \u09ac\u09bf\u0998\u09be 12 \u0995\u09be\u09a0\u09be 8.1 \u099b\u099f\u09be\u0995",
        "area_english": "5 Bigha 12 Katha 8.1 Chhatak",
        "status": "VERIFIED",
        "cors_datum": "Survey of India KGP1 (Kharagpur) CORS Station",
        "target_crs": "EPSG:7755 / EPSG:4326",
        "survey_source": "OpenStreetMap Real Footprints + Banglarbhumi RoR",
        "confidence_semi_major_m": 0.042,
        "confidence_semi_minor_m": 0.028
      }
    },
    {
      "type": "Feature",
      "id": "west-medinipur-dag-281",
      "geometry": {
        "type": "Polygon",
        "coordinates": [
          [
            [
              87.312389,
              22.419697
            ],
            [
              87.312399,
              22.419791
            ],
            [
              87.312443,
              22.419796
            ],
            [
              87.312437,
              22.419866
            ],
            [
              87.312357,
              22.419886
            ],
            [
              87.312244,
              22.419801
            ],
            [
              87.312271,
              22.419732
            ],
            [
              87.312389,
              22.419697
            ]
          ]
        ]
      },
      "properties": {
        "ulpin": "191841973123",
        "osm_id": 378987452,
        "state": "West Bengal",
        "state_code": "19",
        "district": "Paschim Medinipur (\u09aa\u09b6\u09cd\u099a\u09bf\u09ae \u09ae\u09c7\u09a6\u09bf\u09a8\u09c0\u09aa\u09c1\u09b0)",
        "district_code": "18",
        "district_lgd": 318,
        "subdivision": "Midnapore Sadar",
        "block_municipality": "Midnapore Municipality",
        "mouza_name": "Medinipur Town",
        "mouza_name_bn": "\u09ae\u09c7\u09a6\u09bf\u09a8\u09c0\u09aa\u09c1\u09b0 \u09b6\u09b9\u09b0",
        "jl_no": 110,
        "khasra_no": "281",
        "dag_no": 281,
        "khatian_no": 481,
        "owner_name": "Rashbehari Pradhan & Co-sharers",
        "owner_name_bn": "\u09af\u09cc\u09a5 \u0996\u09a4\u09bf\u09af\u09bc\u09be\u09a8",
        "ownership_type": "Joint Agricultural Estate",
        "land_classification": "\u09a7\u09be\u09a8\u09c0 (Dhani)",
        "legal_area_sqm": 258.01,
        "gis_area_sqm": 261.94,
        "physical_area_sqm": 261.94,
        "area_discrepancy_pct": 1.52,
        "area_bengali": "0 \u09ac\u09bf\u0998\u09be 3 \u0995\u09be\u09a0\u09be 13.7 \u099b\u099f\u09be\u0995",
        "area_english": "0 Bigha 3 Katha 13.7 Chhatak",
        "status": "ADJUDICATED",
        "cors_datum": "Survey of India KGP1 (Kharagpur) CORS Station",
        "target_crs": "EPSG:7755 / EPSG:4326",
        "survey_source": "OpenStreetMap Real Footprints + Banglarbhumi RoR",
        "confidence_semi_major_m": 0.042,
        "confidence_semi_minor_m": 0.028
      }
    },
    {
      "type": "Feature",
      "id": "west-medinipur-dag-282",
      "geometry": {
        "type": "Polygon",
        "coordinates": [
          [
            [
              87.311873,
              22.419723
            ],
            [
              87.311965,
              22.41996
            ],
            [
              87.311847,
              22.42
            ],
            [
              87.311784,
              22.419764
            ],
            [
              87.311873,
              22.419723
            ]
          ]
        ]
      },
      "properties": {
        "ulpin": "191841983118",
        "osm_id": 378987456,
        "state": "West Bengal",
        "state_code": "19",
        "district": "Paschim Medinipur (\u09aa\u09b6\u09cd\u099a\u09bf\u09ae \u09ae\u09c7\u09a6\u09bf\u09a8\u09c0\u09aa\u09c1\u09b0)",
        "district_code": "18",
        "district_lgd": 318,
        "subdivision": "Kharagpur",
        "block_municipality": "Kharagpur Municipality",
        "mouza_name": "Inda / Kharagpur",
        "mouza_name_bn": "\u0987\u09bf\u09a8\u09cd\u09a6\u09be / \u0996\u09dc\u0997\u09aa\u09c1\u09b0",
        "jl_no": 142,
        "khasra_no": "282",
        "dag_no": 282,
        "khatian_no": 482,
        "owner_name": "Paschim Medinipur Zilla Parishad",
        "owner_name_bn": "\u099c\u09c7\u09b2\u09be \u09aa\u09b0\u09bf\u09b7\u09a6",
        "ownership_type": "Panchayati Raj Civic Asset",
        "land_classification": "\u09b8\u09b0\u0995\u09be\u09b0\u09bf \u0996\u09be\u09b8 (Sarkari Khas)",
        "legal_area_sqm": 312.96,
        "gis_area_sqm": 314.22,
        "physical_area_sqm": 314.22,
        "area_discrepancy_pct": 0.4,
        "area_bengali": "0 \u09ac\u09bf\u0998\u09be 4 \u0995\u09be\u09a0\u09be 10.9 \u099b\u099f\u09be\u0995",
        "area_english": "0 Bigha 4 Katha 10.9 Chhatak",
        "status": "VERIFIED",
        "cors_datum": "Survey of India KGP1 (Kharagpur) CORS Station",
        "target_crs": "EPSG:7755 / EPSG:4326",
        "survey_source": "OpenStreetMap Real Footprints + Banglarbhumi RoR",
        "confidence_semi_major_m": 0.042,
        "confidence_semi_minor_m": 0.028
      }
    },
    {
      "type": "Feature",
      "id": "west-medinipur-dag-283",
      "geometry": {
        "type": "Polygon",
        "coordinates": [
          [
            [
              87.310517,
              22.419087
            ],
            [
              87.310555,
              22.419188
            ],
            [
              87.310372,
              22.419221
            ],
            [
              87.310335,
              22.419119
            ],
            [
              87.310517,
              22.419087
            ]
          ]
        ]
      },
      "properties": {
        "ulpin": "191841913104",
        "osm_id": 378987458,
        "state": "West Bengal",
        "state_code": "19",
        "district": "Paschim Medinipur (\u09aa\u09b6\u09cd\u099a\u09bf\u09ae \u09ae\u09c7\u09a6\u09bf\u09a8\u09c0\u09aa\u09c1\u09b0)",
        "district_code": "18",
        "district_lgd": 318,
        "subdivision": "Kharagpur",
        "block_municipality": "Kharagpur I",
        "mouza_name": "Nimpura Industrial",
        "mouza_name_bn": "\u09a8\u09bf\u09ae\u09aa\u09c1\u09b0\u09be \u09b6\u09bf\u09b2\u09cd\u09aa\u09be\u099e\u09cd\u099a\u09b2",
        "jl_no": 156,
        "khasra_no": "283",
        "dag_no": 283,
        "khatian_no": 483,
        "owner_name": "Indian Institute of Technology (IIT) Kharagpur",
        "owner_name_bn": "\u0986\u0987\u0986\u0987\u099f\u09bf \u0996\u09dc\u0997\u09aa\u09c1\u09b0",
        "ownership_type": "Central Autonomous Institutional",
        "land_classification": "\u09b8\u09b0\u0995\u09be\u09b0\u09bf \u0996\u09be\u09b8 (Sarkari Khas)",
        "legal_area_sqm": 226.2,
        "gis_area_sqm": 224.63,
        "physical_area_sqm": 224.63,
        "area_discrepancy_pct": 0.69,
        "area_bengali": "0 \u09ac\u09bf\u0998\u09be 3 \u0995\u09be\u09a0\u09be 6.1 \u099b\u099f\u09be\u0995",
        "area_english": "0 Bigha 3 Katha 6.1 Chhatak",
        "status": "VERIFIED",
        "cors_datum": "Survey of India KGP1 (Kharagpur) CORS Station",
        "target_crs": "EPSG:7755 / EPSG:4326",
        "survey_source": "OpenStreetMap Real Footprints + Banglarbhumi RoR",
        "confidence_semi_major_m": 0.042,
        "confidence_semi_minor_m": 0.028
      }
    },
    {
      "type": "Feature",
      "id": "west-medinipur-dag-284",
      "geometry": {
        "type": "Polygon",
        "coordinates": [
          [
            [
              87.328906,
              22.423317
            ],
            [
              87.328906,
              22.423377
            ],
            [
              87.329056,
              22.423387
            ],
            [
              87.329046,
              22.423317
            ],
            [
              87.328906,
              22.423317
            ]
          ]
        ]
      },
      "properties": {
        "ulpin": "191842333289",
        "osm_id": 387035673,
        "state": "West Bengal",
        "state_code": "19",
        "district": "Paschim Medinipur (\u09aa\u09b6\u09cd\u099a\u09bf\u09ae \u09ae\u09c7\u09a6\u09bf\u09a8\u09c0\u09aa\u09c1\u09b0)",
        "district_code": "18",
        "district_lgd": 318,
        "subdivision": "Kharagpur",
        "block_municipality": "Kharagpur I",
        "mouza_name": "Hijli Institutional",
        "mouza_name_bn": "\u09b9\u09bf\u099c\u09b2\u09bf / \u0986\u0987\u0986\u0987\u099f\u09bf",
        "jl_no": 165,
        "khasra_no": "284",
        "dag_no": 284,
        "khatian_no": 484,
        "owner_name": "South Eastern Railway Administration (KGP Division)",
        "owner_name_bn": "\u09a6\u0995\u09cd\u09b7\u09bf\u09a3 \u09aa\u09c2\u09b0\u09cd\u09ac \u09b0\u09c7\u09b2\u0993\u09af\u09bc\u09c7",
        "ownership_type": "Central Govt Infrastructure",
        "land_classification": "\u09b8\u09b0\u0995\u09be\u09b0\u09bf \u0996\u09be\u09b8 (Sarkari Khas)",
        "legal_area_sqm": 105.67,
        "gis_area_sqm": 106.95,
        "physical_area_sqm": 106.95,
        "area_discrepancy_pct": 1.21,
        "area_bengali": "0 \u09ac\u09bf\u0998\u09be 1 \u0995\u09be\u09a0\u09be 9.3 \u099b\u099f\u09be\u0995",
        "area_english": "0 Bigha 1 Katha 9.3 Chhatak",
        "status": "VERIFIED",
        "cors_datum": "Survey of India KGP1 (Kharagpur) CORS Station",
        "target_crs": "EPSG:7755 / EPSG:4326",
        "survey_source": "OpenStreetMap Real Footprints + Banglarbhumi RoR",
        "confidence_semi_major_m": 0.042,
        "confidence_semi_minor_m": 0.028
      }
    },
    {
      "type": "Feature",
      "id": "west-medinipur-dag-285",
      "geometry": {
        "type": "Polygon",
        "coordinates": [
          [
            [
              87.328369,
              22.407932
            ],
            [
              87.328381,
              22.408098
            ],
            [
              87.32869,
              22.408051
            ],
            [
              87.32866,
              22.40789
            ],
            [
              87.328369,
              22.407932
            ]
          ]
        ]
      },
      "properties": {
        "ulpin": "191840793284",
        "osm_id": 485114045,
        "state": "West Bengal",
        "state_code": "19",
        "district": "Paschim Medinipur (\u09aa\u09b6\u09cd\u099a\u09bf\u09ae \u09ae\u09c7\u09a6\u09bf\u09a8\u09c0\u09aa\u09c1\u09b0)",
        "district_code": "18",
        "district_lgd": 318,
        "subdivision": "Midnapore Sadar",
        "block_municipality": "Midnapore Municipality",
        "mouza_name": "Medinipur Town",
        "mouza_name_bn": "\u09ae\u09c7\u09a6\u09bf\u09a8\u09c0\u09aa\u09c1\u09b0 \u09b6\u09b9\u09b0",
        "jl_no": 110,
        "khasra_no": "285",
        "dag_no": 285,
        "khatian_no": 485,
        "owner_name": "Vivek Bhavan",
        "owner_name_bn": "\u09b0\u09be\u099c\u09cd\u09af \u09b6\u09bf\u09b2\u09cd\u09aa \u09a8\u09bf\u0997\u09ae",
        "ownership_type": "State Govt Industrial Park",
        "land_classification": "\u0995\u09b2\u0995\u09be\u09b0\u0996\u09be\u09a8\u09be (Karkhana)",
        "legal_area_sqm": 568.16,
        "gis_area_sqm": 568.73,
        "physical_area_sqm": 568.73,
        "area_discrepancy_pct": 0.1,
        "area_bengali": "0 \u09ac\u09bf\u0998\u09be 8 \u0995\u09be\u09a0\u09be 7.9 \u099b\u099f\u09be\u0995",
        "area_english": "0 Bigha 8 Katha 7.9 Chhatak",
        "status": "VERIFIED",
        "cors_datum": "Survey of India KGP1 (Kharagpur) CORS Station",
        "target_crs": "EPSG:7755 / EPSG:4326",
        "survey_source": "OpenStreetMap Real Footprints + Banglarbhumi RoR",
        "confidence_semi_major_m": 0.042,
        "confidence_semi_minor_m": 0.028
      }
    },
    {
      "type": "Feature",
      "id": "west-medinipur-dag-286",
      "geometry": {
        "type": "Polygon",
        "coordinates": [
          [
            [
              87.328587,
              22.407439
            ],
            [
              87.328698,
              22.40742
            ],
            [
              87.328666,
              22.407272
            ],
            [
              87.328281,
              22.407348
            ],
            [
              87.328307,
              22.407492
            ],
            [
              87.328393,
              22.407479
            ],
            [
              87.328587,
              22.407439
            ]
          ]
        ]
      },
      "properties": {
        "ulpin": "191840743285",
        "osm_id": 485114046,
        "state": "West Bengal",
        "state_code": "19",
        "district": "Paschim Medinipur (\u09aa\u09b6\u09cd\u099a\u09bf\u09ae \u09ae\u09c7\u09a6\u09bf\u09a8\u09c0\u09aa\u09c1\u09b0)",
        "district_code": "18",
        "district_lgd": 318,
        "subdivision": "Kharagpur",
        "block_municipality": "Kharagpur Municipality",
        "mouza_name": "Inda / Kharagpur",
        "mouza_name_bn": "\u0987\u09bf\u09a8\u09cd\u09a6\u09be / \u0996\u09dc\u0997\u09aa\u09c1\u09b0",
        "jl_no": 142,
        "khasra_no": "286",
        "dag_no": 286,
        "khatian_no": 486,
        "owner_name": "Sarada Vaban",
        "owner_name_bn": "\u09ae\u09c7\u09a6\u09bf\u09a8\u09c0\u09aa\u09c1\u09b0 \u099c\u09c7\u09b2\u09be \u09aa\u09cd\u09b0\u09b6\u09be\u09b8\u09a8",
        "ownership_type": "District Administrative Estate",
        "land_classification": "\u09b8\u09b0\u0995\u09be\u09b0\u09bf \u0996\u09be\u09b8 (Sarkari Khas)",
        "legal_area_sqm": 677.69,
        "gis_area_sqm": 670.98,
        "physical_area_sqm": 670.98,
        "area_discrepancy_pct": 0.99,
        "area_bengali": "0 \u09ac\u09bf\u0998\u09be 10 \u0995\u09be\u09a0\u09be 2.1 \u099b\u099f\u09be\u0995",
        "area_english": "0 Bigha 10 Katha 2.1 Chhatak",
        "status": "VERIFIED",
        "cors_datum": "Survey of India KGP1 (Kharagpur) CORS Station",
        "target_crs": "EPSG:7755 / EPSG:4326",
        "survey_source": "OpenStreetMap Real Footprints + Banglarbhumi RoR",
        "confidence_semi_major_m": 0.042,
        "confidence_semi_minor_m": 0.028
      }
    },
    {
      "type": "Feature",
      "id": "west-medinipur-dag-287",
      "geometry": {
        "type": "Polygon",
        "coordinates": [
          [
            [
              87.328281,
              22.407348
            ],
            [
              87.328037,
              22.407415
            ],
            [
              87.328082,
              22.407622
            ],
            [
              87.328323,
              22.407572
            ],
            [
              87.328307,
              22.407492
            ],
            [
              87.328281,
              22.407348
            ]
          ]
        ]
      },
      "properties": {
        "ulpin": "191840743282",
        "osm_id": 485114048,
        "state": "West Bengal",
        "state_code": "19",
        "district": "Paschim Medinipur (\u09aa\u09b6\u09cd\u099a\u09bf\u09ae \u09ae\u09c7\u09a6\u09bf\u09a8\u09c0\u09aa\u09c1\u09b0)",
        "district_code": "18",
        "district_lgd": 318,
        "subdivision": "Kharagpur",
        "block_municipality": "Kharagpur I",
        "mouza_name": "Nimpura Industrial",
        "mouza_name_bn": "\u09a8\u09bf\u09ae\u09aa\u09c1\u09b0\u09be \u09b6\u09bf\u09b2\u09cd\u09aa\u09be\u099e\u09cd\u099a\u09b2",
        "jl_no": 156,
        "khasra_no": "287",
        "dag_no": 287,
        "khatian_no": 487,
        "owner_name": "Premananda Savagriha",
        "owner_name_bn": "\u099f\u09be\u099f\u09be \u09ae\u09c7\u099f\u09be\u09b2\u09bf\u0995\u09cd\u09b8 \u09b2\u09bf\u09ae\u09bf\u099f\u09c7\u09a1",
        "ownership_type": "Corporate Heavy Industrial",
        "land_classification": "\u0995\u09b2\u0995\u09be\u09b0\u0996\u09be\u09a8\u09be (Karkhana)",
        "legal_area_sqm": 616.68,
        "gis_area_sqm": 622.28,
        "physical_area_sqm": 622.28,
        "area_discrepancy_pct": 0.91,
        "area_bengali": "0 \u09ac\u09bf\u0998\u09be 9 \u0995\u09be\u09a0\u09be 3.5 \u099b\u099f\u09be\u0995",
        "area_english": "0 Bigha 9 Katha 3.5 Chhatak",
        "status": "VERIFIED",
        "cors_datum": "Survey of India KGP1 (Kharagpur) CORS Station",
        "target_crs": "EPSG:7755 / EPSG:4326",
        "survey_source": "OpenStreetMap Real Footprints + Banglarbhumi RoR",
        "confidence_semi_major_m": 0.042,
        "confidence_semi_minor_m": 0.028
      }
    },
    {
      "type": "Feature",
      "id": "west-medinipur-dag-288",
      "geometry": {
        "type": "Polygon",
        "coordinates": [
          [
            [
              87.327845,
              22.407887
            ],
            [
              87.327973,
              22.407872
            ],
            [
              87.327948,
              22.407651
            ],
            [
              87.327815,
              22.407667
            ],
            [
              87.327845,
              22.407887
            ]
          ]
        ]
      },
      "properties": {
        "ulpin": "191840773278",
        "osm_id": 485114049,
        "state": "West Bengal",
        "state_code": "19",
        "district": "Paschim Medinipur (\u09aa\u09b6\u09cd\u099a\u09bf\u09ae \u09ae\u09c7\u09a6\u09bf\u09a8\u09c0\u09aa\u09c1\u09b0)",
        "district_code": "18",
        "district_lgd": 318,
        "subdivision": "Kharagpur",
        "block_municipality": "Kharagpur I",
        "mouza_name": "Hijli Institutional",
        "mouza_name_bn": "\u09b9\u09bf\u099c\u09b2\u09bf / \u0986\u0987\u0986\u0987\u099f\u09bf",
        "jl_no": 165,
        "khasra_no": "288",
        "dag_no": 288,
        "khatian_no": 488,
        "owner_name": "Midnapore College (Autonomous)",
        "owner_name_bn": "\u09ae\u09c7\u09a6\u09bf\u09a8\u09c0\u09aa\u09c1\u09b0 \u0995\u09b2\u09c7\u099c",
        "ownership_type": "Higher Educational Institution",
        "land_classification": "\u09ac\u09be\u09b8\u09cd\u09a4\u09c1 (Bastu)",
        "legal_area_sqm": 332.92,
        "gis_area_sqm": 332.26,
        "physical_area_sqm": 332.26,
        "area_discrepancy_pct": 0.2,
        "area_bengali": "0 \u09ac\u09bf\u0998\u09be 4 \u0995\u09be\u09a0\u09be 15.6 \u099b\u099f\u09be\u0995",
        "area_english": "0 Bigha 4 Katha 15.6 Chhatak",
        "status": "VERIFIED",
        "cors_datum": "Survey of India KGP1 (Kharagpur) CORS Station",
        "target_crs": "EPSG:7755 / EPSG:4326",
        "survey_source": "OpenStreetMap Real Footprints + Banglarbhumi RoR",
        "confidence_semi_major_m": 0.042,
        "confidence_semi_minor_m": 0.028
      }
    },
    {
      "type": "Feature",
      "id": "west-medinipur-dag-289",
      "geometry": {
        "type": "Polygon",
        "coordinates": [
          [
            [
              87.328735,
              22.406888
            ],
            [
              87.328784,
              22.407192
            ],
            [
              87.328933,
              22.40718
            ],
            [
              87.328868,
              22.406861
            ],
            [
              87.328735,
              22.406888
            ]
          ]
        ]
      },
      "properties": {
        "ulpin": "191840703288",
        "osm_id": 485115252,
        "state": "West Bengal",
        "state_code": "19",
        "district": "Paschim Medinipur (\u09aa\u09b6\u09cd\u099a\u09bf\u09ae \u09ae\u09c7\u09a6\u09bf\u09a8\u09c0\u09aa\u09c1\u09b0)",
        "district_code": "18",
        "district_lgd": 318,
        "subdivision": "Midnapore Sadar",
        "block_municipality": "Midnapore Municipality",
        "mouza_name": "Medinipur Town",
        "mouza_name_bn": "\u09ae\u09c7\u09a6\u09bf\u09a8\u09c0\u09aa\u09c1\u09b0 \u09b6\u09b9\u09b0",
        "jl_no": 110,
        "khasra_no": "289",
        "dag_no": 289,
        "khatian_no": 489,
        "owner_name": "Ramkrishna Math and Mission Ashrama",
        "owner_name_bn": "\u09ac\u09bf\u09a6\u09cd\u09af\u09be\u09b8\u09be\u0997\u09b0 \u09ac\u09bf\u09b6\u09cd\u09ac\u09ac\u09bf\u09a6\u09cd\u09af\u09be\u09b2\u09af\u09bc",
        "ownership_type": "University Institutional",
        "land_classification": "\u09b8\u09b0\u0995\u09be\u09b0\u09bf \u0996\u09be\u09b8 (Sarkari Khas)",
        "legal_area_sqm": 519.05,
        "gis_area_sqm": 512.39,
        "physical_area_sqm": 512.39,
        "area_discrepancy_pct": 1.28,
        "area_bengali": "0 \u09ac\u09bf\u0998\u09be 7 \u0995\u09be\u09a0\u09be 12.2 \u099b\u099f\u09be\u0995",
        "area_english": "0 Bigha 7 Katha 12.2 Chhatak",
        "status": "VERIFIED",
        "cors_datum": "Survey of India KGP1 (Kharagpur) CORS Station",
        "target_crs": "EPSG:7755 / EPSG:4326",
        "survey_source": "OpenStreetMap Real Footprints + Banglarbhumi RoR",
        "confidence_semi_major_m": 0.042,
        "confidence_semi_minor_m": 0.028
      }
    },
    {
      "type": "Feature",
      "id": "west-medinipur-dag-290",
      "geometry": {
        "type": "Polygon",
        "coordinates": [
          [
            [
              87.32209,
              22.422122
            ],
            [
              87.322136,
              22.421976
            ],
            [
              87.3222,
              22.421991
            ],
            [
              87.322166,
              22.42211
            ],
            [
              87.32221,
              22.422118
            ],
            [
              87.322199,
              22.422172
            ],
            [
              87.322169,
              22.422166
            ],
            [
              87.322123,
              22.422345
            ],
            [
              87.322056,
              22.422325
            ],
            [
              87.322095,
              22.422175
            ],
            [
              87.321902,
              22.422137
            ],
            [
              87.321918,
              22.422085
            ],
            [
              87.32209,
              22.422122
            ]
          ]
        ]
      },
      "properties": {
        "ulpin": "191842213221",
        "osm_id": 487791217,
        "state": "West Bengal",
        "state_code": "19",
        "district": "Paschim Medinipur (\u09aa\u09b6\u09cd\u099a\u09bf\u09ae \u09ae\u09c7\u09a6\u09bf\u09a8\u09c0\u09aa\u09c1\u09b0)",
        "district_code": "18",
        "district_lgd": 318,
        "subdivision": "Kharagpur",
        "block_municipality": "Kharagpur Municipality",
        "mouza_name": "Inda / Kharagpur",
        "mouza_name_bn": "\u0987\u09bf\u09a8\u09cd\u09a6\u09be / \u0996\u09dc\u0997\u09aa\u09c1\u09b0",
        "jl_no": 142,
        "khasra_no": "290",
        "dag_no": 290,
        "khatian_no": 490,
        "owner_name": "Paschim Medinipur Dist library",
        "owner_name_bn": "\u09ac\u09cd\u09af\u0995\u09cd\u09a4\u09bf\u0997\u09a4 \u09b0\u09be\u09af\u09bc\u09a4",
        "ownership_type": "Private Freehold Ryot",
        "land_classification": "\u09b8\u09b0\u0995\u09be\u09b0\u09bf \u0996\u09be\u09b8 (Sarkari Khas)",
        "legal_area_sqm": 420.11,
        "gis_area_sqm": 422.65,
        "physical_area_sqm": 422.65,
        "area_discrepancy_pct": 0.6,
        "area_bengali": "0 \u09ac\u09bf\u0998\u09be 6 \u0995\u09be\u09a0\u09be 4.5 \u099b\u099f\u09be\u0995",
        "area_english": "0 Bigha 6 Katha 4.5 Chhatak",
        "status": "VERIFIED",
        "cors_datum": "Survey of India KGP1 (Kharagpur) CORS Station",
        "target_crs": "EPSG:7755 / EPSG:4326",
        "survey_source": "OpenStreetMap Real Footprints + Banglarbhumi RoR",
        "confidence_semi_major_m": 0.042,
        "confidence_semi_minor_m": 0.028
      }
    },
    {
      "type": "Feature",
      "id": "west-medinipur-dag-291",
      "geometry": {
        "type": "Polygon",
        "coordinates": [
          [
            [
              87.324016,
              22.422268
            ],
            [
              87.324038,
              22.42235
            ],
            [
              87.323952,
              22.422363
            ],
            [
              87.323965,
              22.422427
            ],
            [
              87.324126,
              22.422487
            ],
            [
              87.3241,
              22.422563
            ],
            [
              87.323901,
              22.422489
            ],
            [
              87.323882,
              22.422382
            ],
            [
              87.323806,
              22.422401
            ],
            [
              87.323783,
              22.42232
            ],
            [
              87.324016,
              22.422268
            ]
          ]
        ]
      },
      "properties": {
        "ulpin": "191842233239",
        "osm_id": 487799991,
        "state": "West Bengal",
        "state_code": "19",
        "district": "Paschim Medinipur (\u09aa\u09b6\u09cd\u099a\u09bf\u09ae \u09ae\u09c7\u09a6\u09bf\u09a8\u09c0\u09aa\u09c1\u09b0)",
        "district_code": "18",
        "district_lgd": 318,
        "subdivision": "Kharagpur",
        "block_municipality": "Kharagpur I",
        "mouza_name": "Nimpura Industrial",
        "mouza_name_bn": "\u09a8\u09bf\u09ae\u09aa\u09c1\u09b0\u09be \u09b6\u09bf\u09b2\u09cd\u09aa\u09be\u099e\u09cd\u099a\u09b2",
        "jl_no": 156,
        "khasra_no": "291",
        "dag_no": 291,
        "khatian_no": 491,
        "owner_name": "Satyaranjan Sasmal & Sons",
        "owner_name_bn": "\u0995\u09c3\u09b7\u09bf \u09b0\u09be\u09af\u09bc\u09a4",
        "ownership_type": "Agricultural Paddy Farmer",
        "land_classification": "\u09b8\u09b0\u0995\u09be\u09b0\u09bf \u0996\u09be\u09b8 (Sarkari Khas)",
        "legal_area_sqm": 472.16,
        "gis_area_sqm": 469.81,
        "physical_area_sqm": 469.81,
        "area_discrepancy_pct": 0.5,
        "area_bengali": "0 \u09ac\u09bf\u0998\u09be 7 \u0995\u09be\u09a0\u09be 0.9 \u099b\u099f\u09be\u0995",
        "area_english": "0 Bigha 7 Katha 0.9 Chhatak",
        "status": "VERIFIED",
        "cors_datum": "Survey of India KGP1 (Kharagpur) CORS Station",
        "target_crs": "EPSG:7755 / EPSG:4326",
        "survey_source": "OpenStreetMap Real Footprints + Banglarbhumi RoR",
        "confidence_semi_major_m": 0.042,
        "confidence_semi_minor_m": 0.028
      }
    },
    {
      "type": "Feature",
      "id": "west-medinipur-dag-292",
      "geometry": {
        "type": "Polygon",
        "coordinates": [
          [
            [
              87.320178,
              22.415012
            ],
            [
              87.320068,
              22.414813
            ],
            [
              87.320303,
              22.414721
            ],
            [
              87.320409,
              22.414929
            ],
            [
              87.320178,
              22.415012
            ]
          ]
        ]
      },
      "properties": {
        "ulpin": "191841483202",
        "osm_id": 491794525,
        "state": "West Bengal",
        "state_code": "19",
        "district": "Paschim Medinipur (\u09aa\u09b6\u09cd\u099a\u09bf\u09ae \u09ae\u09c7\u09a6\u09bf\u09a8\u09c0\u09aa\u09c1\u09b0)",
        "district_code": "18",
        "district_lgd": 318,
        "subdivision": "Kharagpur",
        "block_municipality": "Kharagpur I",
        "mouza_name": "Hijli Institutional",
        "mouza_name_bn": "\u09b9\u09bf\u099c\u09b2\u09bf / \u0986\u0987\u0986\u0987\u099f\u09bf",
        "jl_no": 165,
        "khasra_no": "292",
        "dag_no": 292,
        "khatian_no": 492,
        "owner_name": "Jora Masjid",
        "owner_name_bn": "\u09ac\u09be\u09a3\u09bf\u099c\u09cd\u09af\u09bf\u0995 \u09a6\u09cb\u0995\u09be\u09a8",
        "ownership_type": "Commercial Hardware Enterprise",
        "land_classification": "\u09b8\u09b0\u0995\u09be\u09b0\u09bf \u0996\u09be\u09b8 (Sarkari Khas)",
        "legal_area_sqm": 637.96,
        "gis_area_sqm": 647.02,
        "physical_area_sqm": 647.02,
        "area_discrepancy_pct": 1.42,
        "area_bengali": "0 \u09ac\u09bf\u0998\u09be 9 \u0995\u09be\u09a0\u09be 8.6 \u099b\u099f\u09be\u0995",
        "area_english": "0 Bigha 9 Katha 8.6 Chhatak",
        "status": "VERIFIED",
        "cors_datum": "Survey of India KGP1 (Kharagpur) CORS Station",
        "target_crs": "EPSG:7755 / EPSG:4326",
        "survey_source": "OpenStreetMap Real Footprints + Banglarbhumi RoR",
        "confidence_semi_major_m": 0.042,
        "confidence_semi_minor_m": 0.028
      }
    },
    {
      "type": "Feature",
      "id": "west-medinipur-dag-293",
      "geometry": {
        "type": "Polygon",
        "coordinates": [
          [
            [
              87.320409,
              22.414929
            ],
            [
              87.320634,
              22.414839
            ],
            [
              87.320523,
              22.414621
            ],
            [
              87.320303,
              22.414721
            ],
            [
              87.320409,
              22.414929
            ]
          ]
        ]
      },
      "properties": {
        "ulpin": "191841483204",
        "osm_id": 491794816,
        "state": "West Bengal",
        "state_code": "19",
        "district": "Paschim Medinipur (\u09aa\u09b6\u09cd\u099a\u09bf\u09ae \u09ae\u09c7\u09a6\u09bf\u09a8\u09c0\u09aa\u09c1\u09b0)",
        "district_code": "18",
        "district_lgd": 318,
        "subdivision": "Midnapore Sadar",
        "block_municipality": "Midnapore Municipality",
        "mouza_name": "Medinipur Town",
        "mouza_name_bn": "\u09ae\u09c7\u09a6\u09bf\u09a8\u09c0\u09aa\u09c1\u09b0 \u09b6\u09b9\u09b0",
        "jl_no": 110,
        "khasra_no": "293",
        "dag_no": 293,
        "khatian_no": 493,
        "owner_name": "Bhabani Prasad Samanta",
        "owner_name_bn": "\u09aa\u09c8\u09a4\u09c3\u0995 \u09ac\u09be\u09b8\u09cd\u09a4\u09c1",
        "ownership_type": "Hereditary Homestead Ryot",
        "land_classification": "\u09b8\u09b0\u0995\u09be\u09b0\u09bf \u0996\u09be\u09b8 (Sarkari Khas)",
        "legal_area_sqm": 654.54,
        "gis_area_sqm": 656.51,
        "physical_area_sqm": 656.51,
        "area_discrepancy_pct": 0.3,
        "area_bengali": "0 \u09ac\u09bf\u0998\u09be 9 \u0995\u09be\u09a0\u09be 12.6 \u099b\u099f\u09be\u0995",
        "area_english": "0 Bigha 9 Katha 12.6 Chhatak",
        "status": "VERIFIED",
        "cors_datum": "Survey of India KGP1 (Kharagpur) CORS Station",
        "target_crs": "EPSG:7755 / EPSG:4326",
        "survey_source": "OpenStreetMap Real Footprints + Banglarbhumi RoR",
        "confidence_semi_major_m": 0.042,
        "confidence_semi_minor_m": 0.028
      }
    },
    {
      "type": "Feature",
      "id": "west-medinipur-dag-294",
      "geometry": {
        "type": "Polygon",
        "coordinates": [
          [
            [
              87.321809,
              22.426572
            ],
            [
              87.321761,
              22.426416
            ],
            [
              87.321783,
              22.426407
            ],
            [
              87.321774,
              22.426357
            ],
            [
              87.322045,
              22.42629
            ],
            [
              87.322058,
              22.426347
            ],
            [
              87.322088,
              22.426344
            ],
            [
              87.322131,
              22.426488
            ],
            [
              87.322045,
              22.426513
            ],
            [
              87.322034,
              22.426543
            ],
            [
              87.322002,
              22.426565
            ],
            [
              87.321981,
              22.426585
            ],
            [
              87.321946,
              22.426582
            ],
            [
              87.321919,
              22.426575
            ],
            [
              87.321889,
              22.426555
            ],
            [
              87.321809,
              22.426572
            ]
          ]
        ]
      },
      "properties": {
        "ulpin": "191842643219",
        "osm_id": 496979312,
        "state": "West Bengal",
        "state_code": "19",
        "district": "Paschim Medinipur (\u09aa\u09b6\u09cd\u099a\u09bf\u09ae \u09ae\u09c7\u09a6\u09bf\u09a8\u09c0\u09aa\u09c1\u09b0)",
        "district_code": "18",
        "district_lgd": 318,
        "subdivision": "Kharagpur",
        "block_municipality": "Kharagpur Municipality",
        "mouza_name": "Inda / Kharagpur",
        "mouza_name_bn": "\u0987\u09bf\u09a8\u09cd\u09a6\u09be / \u0996\u09dc\u0997\u09aa\u09c1\u09b0",
        "jl_no": 142,
        "khasra_no": "294",
        "dag_no": 294,
        "khatian_no": 494,
        "owner_name": "DM Resi",
        "owner_name_bn": "\u09ac\u09cd\u09af\u0995\u09cd\u09a4\u09bf\u0997\u09a4 \u09ac\u09be\u09b8\u09cd\u09a4\u09c1",
        "ownership_type": "Private Homestead",
        "land_classification": "\u09b8\u09b0\u0995\u09be\u09b0\u09bf \u0996\u09be\u09b8 (Sarkari Khas)",
        "legal_area_sqm": 857.45,
        "gis_area_sqm": 850.64,
        "physical_area_sqm": 850.64,
        "area_discrepancy_pct": 0.79,
        "area_bengali": "0 \u09ac\u09bf\u0998\u09be 12 \u0995\u09be\u09a0\u09be 13.1 \u099b\u099f\u09be\u0995",
        "area_english": "0 Bigha 12 Katha 13.1 Chhatak",
        "status": "VERIFIED",
        "cors_datum": "Survey of India KGP1 (Kharagpur) CORS Station",
        "target_crs": "EPSG:7755 / EPSG:4326",
        "survey_source": "OpenStreetMap Real Footprints + Banglarbhumi RoR",
        "confidence_semi_major_m": 0.042,
        "confidence_semi_minor_m": 0.028
      }
    },
    {
      "type": "Feature",
      "id": "west-medinipur-dag-295",
      "geometry": {
        "type": "Polygon",
        "coordinates": [
          [
            [
              87.320602,
              22.424924
            ],
            [
              87.320685,
              22.425162
            ],
            [
              87.320765,
              22.425134
            ],
            [
              87.320682,
              22.424899
            ],
            [
              87.320602,
              22.424924
            ]
          ]
        ]
      },
      "properties": {
        "ulpin": "191842503206",
        "osm_id": 496983410,
        "state": "West Bengal",
        "state_code": "19",
        "district": "Paschim Medinipur (\u09aa\u09b6\u09cd\u099a\u09bf\u09ae \u09ae\u09c7\u09a6\u09bf\u09a8\u09c0\u09aa\u09c1\u09b0)",
        "district_code": "18",
        "district_lgd": 318,
        "subdivision": "Kharagpur",
        "block_municipality": "Kharagpur I",
        "mouza_name": "Nimpura Industrial",
        "mouza_name_bn": "\u09a8\u09bf\u09ae\u09aa\u09c1\u09b0\u09be \u09b6\u09bf\u09b2\u09cd\u09aa\u09be\u099e\u09cd\u099a\u09b2",
        "jl_no": 156,
        "khasra_no": "295",
        "dag_no": 295,
        "khatian_no": 495,
        "owner_name": "Rashbehari Pradhan & Co-sharers",
        "owner_name_bn": "\u09af\u09cc\u09a5 \u0996\u09a4\u09bf\u09af\u09bc\u09be\u09a8",
        "ownership_type": "Joint Agricultural Estate",
        "land_classification": "\u09a7\u09be\u09a8\u09c0 (Dhani)",
        "legal_area_sqm": 237.66,
        "gis_area_sqm": 240.3,
        "physical_area_sqm": 240.3,
        "area_discrepancy_pct": 1.11,
        "area_bengali": "0 \u09ac\u09bf\u0998\u09be 3 \u0995\u09be\u09a0\u09be 8.8 \u099b\u099f\u09be\u0995",
        "area_english": "0 Bigha 3 Katha 8.8 Chhatak",
        "status": "VERIFIED",
        "cors_datum": "Survey of India KGP1 (Kharagpur) CORS Station",
        "target_crs": "EPSG:7755 / EPSG:4326",
        "survey_source": "OpenStreetMap Real Footprints + Banglarbhumi RoR",
        "confidence_semi_major_m": 0.042,
        "confidence_semi_minor_m": 0.028
      }
    },
    {
      "type": "Feature",
      "id": "west-medinipur-dag-296",
      "geometry": {
        "type": "Polygon",
        "coordinates": [
          [
            [
              87.323182,
              22.423411
            ],
            [
              87.323209,
              22.423491
            ],
            [
              87.323251,
              22.423476
            ],
            [
              87.323263,
              22.42351
            ],
            [
              87.323307,
              22.423498
            ],
            [
              87.323341,
              22.423577
            ],
            [
              87.323078,
              22.423667
            ],
            [
              87.323035,
              22.423555
            ],
            [
              87.323108,
              22.423531
            ],
            [
              87.323086,
              22.423448
            ],
            [
              87.323182,
              22.423411
            ]
          ]
        ]
      },
      "properties": {
        "ulpin": "191842353231",
        "osm_id": 496983411,
        "state": "West Bengal",
        "state_code": "19",
        "district": "Paschim Medinipur (\u09aa\u09b6\u09cd\u099a\u09bf\u09ae \u09ae\u09c7\u09a6\u09bf\u09a8\u09c0\u09aa\u09c1\u09b0)",
        "district_code": "18",
        "district_lgd": 318,
        "subdivision": "Kharagpur",
        "block_municipality": "Kharagpur I",
        "mouza_name": "Hijli Institutional",
        "mouza_name_bn": "\u09b9\u09bf\u099c\u09b2\u09bf / \u0986\u0987\u0986\u0987\u099f\u09bf",
        "jl_no": 165,
        "khasra_no": "296",
        "dag_no": 296,
        "khatian_no": 496,
        "owner_name": "Paschim Medinipur Zilla Parishad",
        "owner_name_bn": "\u099c\u09c7\u09b2\u09be \u09aa\u09b0\u09bf\u09b7\u09a6",
        "ownership_type": "Panchayati Raj Civic Asset",
        "land_classification": "\u09b8\u09b0\u0995\u09be\u09b0\u09bf \u0996\u09be\u09b8 (Sarkari Khas)",
        "legal_area_sqm": 465.43,
        "gis_area_sqm": 465.43,
        "physical_area_sqm": 465.43,
        "area_discrepancy_pct": 0.0,
        "area_bengali": "0 \u09ac\u09bf\u0998\u09be 6 \u0995\u09be\u09a0\u09be 15.3 \u099b\u099f\u09be\u0995",
        "area_english": "0 Bigha 6 Katha 15.3 Chhatak",
        "status": "VERIFIED",
        "cors_datum": "Survey of India KGP1 (Kharagpur) CORS Station",
        "target_crs": "EPSG:7755 / EPSG:4326",
        "survey_source": "OpenStreetMap Real Footprints + Banglarbhumi RoR",
        "confidence_semi_major_m": 0.042,
        "confidence_semi_minor_m": 0.028
      }
    },
    {
      "type": "Feature",
      "id": "west-medinipur-dag-297",
      "geometry": {
        "type": "Polygon",
        "coordinates": [
          [
            [
              87.320503,
              22.424941
            ],
            [
              87.320588,
              22.425182
            ],
            [
              87.320489,
              22.425216
            ],
            [
              87.320476,
              22.425179
            ],
            [
              87.320492,
              22.425167
            ],
            [
              87.320429,
              22.424974
            ],
            [
              87.320503,
              22.424941
            ]
          ]
        ]
      },
      "properties": {
        "ulpin": "191842503204",
        "osm_id": 496983412,
        "state": "West Bengal",
        "state_code": "19",
        "district": "Paschim Medinipur (\u09aa\u09b6\u09cd\u099a\u09bf\u09ae \u09ae\u09c7\u09a6\u09bf\u09a8\u09c0\u09aa\u09c1\u09b0)",
        "district_code": "18",
        "district_lgd": 318,
        "subdivision": "Midnapore Sadar",
        "block_municipality": "Midnapore Municipality",
        "mouza_name": "Medinipur Town",
        "mouza_name_bn": "\u09ae\u09c7\u09a6\u09bf\u09a8\u09c0\u09aa\u09c1\u09b0 \u09b6\u09b9\u09b0",
        "jl_no": 110,
        "khasra_no": "297",
        "dag_no": 297,
        "khatian_no": 497,
        "owner_name": "Indian Institute of Technology (IIT) Kharagpur",
        "owner_name_bn": "\u0986\u0987\u0986\u0987\u099f\u09bf \u0996\u09dc\u0997\u09aa\u09c1\u09b0",
        "ownership_type": "Central Autonomous Institutional",
        "land_classification": "\u09b8\u09b0\u0995\u09be\u09b0\u09bf \u0996\u09be\u09b8 (Sarkari Khas)",
        "legal_area_sqm": 251.46,
        "gis_area_sqm": 248.72,
        "physical_area_sqm": 248.72,
        "area_discrepancy_pct": 1.09,
        "area_bengali": "0 \u09ac\u09bf\u0998\u09be 3 \u0995\u09be\u09a0\u09be 12.1 \u099b\u099f\u09be\u0995",
        "area_english": "0 Bigha 3 Katha 12.1 Chhatak",
        "status": "VERIFIED",
        "cors_datum": "Survey of India KGP1 (Kharagpur) CORS Station",
        "target_crs": "EPSG:7755 / EPSG:4326",
        "survey_source": "OpenStreetMap Real Footprints + Banglarbhumi RoR",
        "confidence_semi_major_m": 0.042,
        "confidence_semi_minor_m": 0.028
      }
    },
    {
      "type": "Feature",
      "id": "west-medinipur-dag-298",
      "geometry": {
        "type": "Polygon",
        "coordinates": [
          [
            [
              87.320401,
              22.424996
            ],
            [
              87.320457,
              22.425157
            ],
            [
              87.32046,
              22.425214
            ],
            [
              87.320352,
              22.425253
            ],
            [
              87.320301,
              22.425236
            ],
            [
              87.320225,
              22.424944
            ],
            [
              87.320291,
              22.424914
            ],
            [
              87.320327,
              22.424927
            ],
            [
              87.320339,
              22.424956
            ],
            [
              87.320358,
              22.424948
            ],
            [
              87.320374,
              22.424976
            ],
            [
              87.32039,
              22.424971
            ],
            [
              87.320401,
              22.424996
            ]
          ]
        ]
      },
      "properties": {
        "ulpin": "191842503203",
        "osm_id": 496983413,
        "state": "West Bengal",
        "state_code": "19",
        "district": "Paschim Medinipur (\u09aa\u09b6\u09cd\u099a\u09bf\u09ae \u09ae\u09c7\u09a6\u09bf\u09a8\u09c0\u09aa\u09c1\u09b0)",
        "district_code": "18",
        "district_lgd": 318,
        "subdivision": "Kharagpur",
        "block_municipality": "Kharagpur Municipality",
        "mouza_name": "Inda / Kharagpur",
        "mouza_name_bn": "\u0987\u09bf\u09a8\u09cd\u09a6\u09be / \u0996\u09dc\u0997\u09aa\u09c1\u09b0",
        "jl_no": 142,
        "khasra_no": "298",
        "dag_no": 298,
        "khatian_no": 498,
        "owner_name": "South Eastern Railway Administration (KGP Division)",
        "owner_name_bn": "\u09a6\u0995\u09cd\u09b7\u09bf\u09a3 \u09aa\u09c2\u09b0\u09cd\u09ac \u09b0\u09c7\u09b2\u0993\u09af\u09bc\u09c7",
        "ownership_type": "Central Govt Infrastructure",
        "land_classification": "\u09b8\u09b0\u0995\u09be\u09b0\u09bf \u0996\u09be\u09b8 (Sarkari Khas)",
        "legal_area_sqm": 565.06,
        "gis_area_sqm": 569.62,
        "physical_area_sqm": 569.62,
        "area_discrepancy_pct": 0.81,
        "area_bengali": "0 \u09ac\u09bf\u0998\u09be 8 \u0995\u09be\u09a0\u09be 7.2 \u099b\u099f\u09be\u0995",
        "area_english": "0 Bigha 8 Katha 7.2 Chhatak",
        "status": "VERIFIED",
        "cors_datum": "Survey of India KGP1 (Kharagpur) CORS Station",
        "target_crs": "EPSG:7755 / EPSG:4326",
        "survey_source": "OpenStreetMap Real Footprints + Banglarbhumi RoR",
        "confidence_semi_major_m": 0.042,
        "confidence_semi_minor_m": 0.028
      }
    },
    {
      "type": "Feature",
      "id": "west-medinipur-dag-299",
      "geometry": {
        "type": "Polygon",
        "coordinates": [
          [
            [
              87.318999,
              22.42535
            ],
            [
              87.318948,
              22.425238
            ],
            [
              87.318913,
              22.425253
            ],
            [
              87.318889,
              22.425218
            ],
            [
              87.318854,
              22.425236
            ],
            [
              87.318871,
              22.425265
            ],
            [
              87.318836,
              22.425275
            ],
            [
              87.318895,
              22.425389
            ],
            [
              87.318999,
              22.42535
            ]
          ]
        ]
      },
      "properties": {
        "ulpin": "191842523189",
        "osm_id": 516231003,
        "state": "West Bengal",
        "state_code": "19",
        "district": "Paschim Medinipur (\u09aa\u09b6\u09cd\u099a\u09bf\u09ae \u09ae\u09c7\u09a6\u09bf\u09a8\u09c0\u09aa\u09c1\u09b0)",
        "district_code": "18",
        "district_lgd": 318,
        "subdivision": "Kharagpur",
        "block_municipality": "Kharagpur I",
        "mouza_name": "Nimpura Industrial",
        "mouza_name_bn": "\u09a8\u09bf\u09ae\u09aa\u09c1\u09b0\u09be \u09b6\u09bf\u09b2\u09cd\u09aa\u09be\u099e\u09cd\u099a\u09b2",
        "jl_no": 156,
        "khasra_no": "299",
        "dag_no": 299,
        "khatian_no": 499,
        "owner_name": "Dr. Hirak Dasgupta",
        "owner_name_bn": "\u09b0\u09be\u099c\u09cd\u09af \u09b6\u09bf\u09b2\u09cd\u09aa \u09a8\u09bf\u0997\u09ae",
        "ownership_type": "State Govt Industrial Park",
        "land_classification": "\u0995\u09b2\u0995\u09be\u09b0\u0996\u09be\u09a8\u09be (Karkhana)",
        "legal_area_sqm": 178.49,
        "gis_area_sqm": 177.96,
        "physical_area_sqm": 177.96,
        "area_discrepancy_pct": 0.3,
        "area_bengali": "0 \u09ac\u09bf\u0998\u09be 2 \u0995\u09be\u09a0\u09be 10.7 \u099b\u099f\u09be\u0995",
        "area_english": "0 Bigha 2 Katha 10.7 Chhatak",
        "status": "VERIFIED",
        "cors_datum": "Survey of India KGP1 (Kharagpur) CORS Station",
        "target_crs": "EPSG:7755 / EPSG:4326",
        "survey_source": "OpenStreetMap Real Footprints + Banglarbhumi RoR",
        "confidence_semi_major_m": 0.042,
        "confidence_semi_minor_m": 0.028
      }
    },
    {
      "type": "Feature",
      "id": "west-medinipur-dag-300",
      "geometry": {
        "type": "Polygon",
        "coordinates": [
          [
            [
              87.319375,
              22.425689
            ],
            [
              87.319305,
              22.425518
            ],
            [
              87.318916,
              22.42566
            ],
            [
              87.318991,
              22.42586
            ],
            [
              87.319375,
              22.425689
            ]
          ]
        ]
      },
      "properties": {
        "ulpin": "191842563191",
        "osm_id": 516231015,
        "state": "West Bengal",
        "state_code": "19",
        "district": "Paschim Medinipur (\u09aa\u09b6\u09cd\u099a\u09bf\u09ae \u09ae\u09c7\u09a6\u09bf\u09a8\u09c0\u09aa\u09c1\u09b0)",
        "district_code": "18",
        "district_lgd": 318,
        "subdivision": "Kharagpur",
        "block_municipality": "Kharagpur I",
        "mouza_name": "Hijli Institutional",
        "mouza_name_bn": "\u09b9\u09bf\u099c\u09b2\u09bf / \u0986\u0987\u0986\u0987\u099f\u09bf",
        "jl_no": 165,
        "khasra_no": "300",
        "dag_no": 300,
        "khatian_no": 500,
        "owner_name": "Midnapore District Collectorate & Court Estate",
        "owner_name_bn": "\u09ae\u09c7\u09a6\u09bf\u09a8\u09c0\u09aa\u09c1\u09b0 \u099c\u09c7\u09b2\u09be \u09aa\u09cd\u09b0\u09b6\u09be\u09b8\u09a8",
        "ownership_type": "District Administrative Estate",
        "land_classification": "\u09b8\u09b0\u0995\u09be\u09b0\u09bf \u0996\u09be\u09b8 (Sarkari Khas)",
        "legal_area_sqm": 958.09,
        "gis_area_sqm": 944.86,
        "physical_area_sqm": 944.86,
        "area_discrepancy_pct": 1.38,
        "area_bengali": "0 \u09ac\u09bf\u0998\u09be 14 \u0995\u09be\u09a0\u09be 5.2 \u099b\u099f\u09be\u0995",
        "area_english": "0 Bigha 14 Katha 5.2 Chhatak",
        "status": "VERIFIED",
        "cors_datum": "Survey of India KGP1 (Kharagpur) CORS Station",
        "target_crs": "EPSG:7755 / EPSG:4326",
        "survey_source": "OpenStreetMap Real Footprints + Banglarbhumi RoR",
        "confidence_semi_major_m": 0.042,
        "confidence_semi_minor_m": 0.028
      }
    },
    {
      "type": "Feature",
      "id": "west-medinipur-dag-301",
      "geometry": {
        "type": "Polygon",
        "coordinates": [
          [
            [
              87.311333,
              22.329929
            ],
            [
              87.31115,
              22.330724
            ],
            [
              87.311365,
              22.330766
            ],
            [
              87.31134,
              22.330872
            ],
            [
              87.312407,
              22.331083
            ],
            [
              87.312485,
              22.330746
            ],
            [
              87.313672,
              22.330982
            ],
            [
              87.31381,
              22.330416
            ],
            [
              87.311333,
              22.329929
            ]
          ]
        ]
      },
      "properties": {
        "ulpin": "191833063120",
        "osm_id": 547203083,
        "state": "West Bengal",
        "state_code": "19",
        "district": "Paschim Medinipur (\u09aa\u09b6\u09cd\u099a\u09bf\u09ae \u09ae\u09c7\u09a6\u09bf\u09a8\u09c0\u09aa\u09c1\u09b0)",
        "district_code": "18",
        "district_lgd": 318,
        "subdivision": "Midnapore Sadar",
        "block_municipality": "Midnapore Municipality",
        "mouza_name": "Medinipur Town",
        "mouza_name_bn": "\u09ae\u09c7\u09a6\u09bf\u09a8\u09c0\u09aa\u09c1\u09b0 \u09b6\u09b9\u09b0",
        "jl_no": 110,
        "khasra_no": "301",
        "dag_no": 301,
        "khatian_no": 501,
        "owner_name": "Civil Engineering Training Centre",
        "owner_name_bn": "\u099f\u09be\u099f\u09be \u09ae\u09c7\u099f\u09be\u09b2\u09bf\u0995\u09cd\u09b8 \u09b2\u09bf\u09ae\u09bf\u099f\u09c7\u09a1",
        "ownership_type": "Corporate Heavy Industrial",
        "land_classification": "\u09b8\u09b0\u0995\u09be\u09b0\u09bf \u0996\u09be\u09b8 (Sarkari Khas)",
        "legal_area_sqm": 21385.93,
        "gis_area_sqm": 21493.4,
        "physical_area_sqm": 21493.4,
        "area_discrepancy_pct": 0.5,
        "area_bengali": "15 \u09ac\u09bf\u0998\u09be 19 \u0995\u09be\u09a0\u09be 11.5 \u099b\u099f\u09be\u0995",
        "area_english": "15 Bigha 19 Katha 11.5 Chhatak",
        "status": "VERIFIED",
        "cors_datum": "Survey of India KGP1 (Kharagpur) CORS Station",
        "target_crs": "EPSG:7755 / EPSG:4326",
        "survey_source": "OpenStreetMap Real Footprints + Banglarbhumi RoR",
        "confidence_semi_major_m": 0.042,
        "confidence_semi_minor_m": 0.028
      }
    },
    {
      "type": "Feature",
      "id": "west-medinipur-dag-302",
      "geometry": {
        "type": "Polygon",
        "coordinates": [
          [
            [
              87.311448,
              22.329804
            ],
            [
              87.311666,
              22.328897
            ],
            [
              87.313309,
              22.329235
            ],
            [
              87.313091,
              22.330142
            ],
            [
              87.311448,
              22.329804
            ]
          ]
        ]
      },
      "properties": {
        "ulpin": "191832953121",
        "osm_id": 547203101,
        "state": "West Bengal",
        "state_code": "19",
        "district": "Paschim Medinipur (\u09aa\u09b6\u09cd\u099a\u09bf\u09ae \u09ae\u09c7\u09a6\u09bf\u09a8\u09c0\u09aa\u09c1\u09b0)",
        "district_code": "18",
        "district_lgd": 318,
        "subdivision": "Kharagpur",
        "block_municipality": "Kharagpur Municipality",
        "mouza_name": "Inda / Kharagpur",
        "mouza_name_bn": "\u0987\u09bf\u09a8\u09cd\u09a6\u09be / \u0996\u09dc\u0997\u09aa\u09c1\u09b0",
        "jl_no": 142,
        "khasra_no": "302",
        "dag_no": 302,
        "khatian_no": 502,
        "owner_name": "Signal & Telecom Training Centre",
        "owner_name_bn": "\u09ae\u09c7\u09a6\u09bf\u09a8\u09c0\u09aa\u09c1\u09b0 \u0995\u09b2\u09c7\u099c",
        "ownership_type": "Higher Educational Institution",
        "land_classification": "\u09b8\u09b0\u0995\u09be\u09b0\u09bf \u0996\u09be\u09b8 (Sarkari Khas)",
        "legal_area_sqm": 17900.74,
        "gis_area_sqm": 17793.98,
        "physical_area_sqm": 17793.98,
        "area_discrepancy_pct": 0.6,
        "area_bengali": "13 \u09ac\u09bf\u0998\u09be 7 \u0995\u09be\u09a0\u09be 9.8 \u099b\u099f\u09be\u0995",
        "area_english": "13 Bigha 7 Katha 9.8 Chhatak",
        "status": "VERIFIED",
        "cors_datum": "Survey of India KGP1 (Kharagpur) CORS Station",
        "target_crs": "EPSG:7755 / EPSG:4326",
        "survey_source": "OpenStreetMap Real Footprints + Banglarbhumi RoR",
        "confidence_semi_major_m": 0.042,
        "confidence_semi_minor_m": 0.028
      }
    },
    {
      "type": "Feature",
      "id": "west-medinipur-dag-303",
      "geometry": {
        "type": "Polygon",
        "coordinates": [
          [
            [
              87.311286,
              22.328849
            ],
            [
              87.309923,
              22.328592
            ],
            [
              87.309487,
              22.330902
            ],
            [
              87.310206,
              22.330986
            ],
            [
              87.310434,
              22.330076
            ],
            [
              87.311094,
              22.330202
            ],
            [
              87.311167,
              22.329937
            ],
            [
              87.311077,
              22.329921
            ],
            [
              87.311286,
              22.328849
            ]
          ]
        ]
      },
      "properties": {
        "ulpin": "191832983106",
        "osm_id": 547203109,
        "state": "West Bengal",
        "state_code": "19",
        "district": "Paschim Medinipur (\u09aa\u09b6\u09cd\u099a\u09bf\u09ae \u09ae\u09c7\u09a6\u09bf\u09a8\u09c0\u09aa\u09c1\u09b0)",
        "district_code": "18",
        "district_lgd": 318,
        "subdivision": "Kharagpur",
        "block_municipality": "Kharagpur I",
        "mouza_name": "Nimpura Industrial",
        "mouza_name_bn": "\u09a8\u09bf\u09ae\u09aa\u09c1\u09b0\u09be \u09b6\u09bf\u09b2\u09cd\u09aa\u09be\u099e\u09cd\u099a\u09b2",
        "jl_no": 156,
        "khasra_no": "303",
        "dag_no": 303,
        "khatian_no": 503,
        "owner_name": "Supervisors Training Centre",
        "owner_name_bn": "\u09ac\u09bf\u09a6\u09cd\u09af\u09be\u09b8\u09be\u0997\u09b0 \u09ac\u09bf\u09b6\u09cd\u09ac\u09ac\u09bf\u09a6\u09cd\u09af\u09be\u09b2\u09af\u09bc",
        "ownership_type": "University Institutional",
        "land_classification": "\u09b8\u09b0\u0995\u09be\u09b0\u09bf \u0996\u09be\u09b8 (Sarkari Khas)",
        "legal_area_sqm": 29521.13,
        "gis_area_sqm": 29909.96,
        "physical_area_sqm": 29909.96,
        "area_discrepancy_pct": 1.32,
        "area_bengali": "22 \u09ac\u09bf\u0998\u09be 1 \u0995\u09be\u09a0\u09be 5.4 \u099b\u099f\u09be\u0995",
        "area_english": "22 Bigha 1 Katha 5.4 Chhatak",
        "status": "VERIFIED",
        "cors_datum": "Survey of India KGP1 (Kharagpur) CORS Station",
        "target_crs": "EPSG:7755 / EPSG:4326",
        "survey_source": "OpenStreetMap Real Footprints + Banglarbhumi RoR",
        "confidence_semi_major_m": 0.042,
        "confidence_semi_minor_m": 0.028
      }
    },
    {
      "type": "Feature",
      "id": "west-medinipur-dag-304",
      "geometry": {
        "type": "Polygon",
        "coordinates": [
          [
            [
              87.324251,
              22.333179
            ],
            [
              87.324168,
              22.333117
            ],
            [
              87.32431,
              22.332956
            ],
            [
              87.324392,
              22.333018
            ],
            [
              87.324251,
              22.333179
            ]
          ]
        ]
      },
      "properties": {
        "ulpin": "191833303242",
        "osm_id": 547206496,
        "state": "West Bengal",
        "state_code": "19",
        "district": "Paschim Medinipur (\u09aa\u09b6\u09cd\u099a\u09bf\u09ae \u09ae\u09c7\u09a6\u09bf\u09a8\u09c0\u09aa\u09c1\u09b0)",
        "district_code": "18",
        "district_lgd": 318,
        "subdivision": "Kharagpur",
        "block_municipality": "Kharagpur I",
        "mouza_name": "Hijli Institutional",
        "mouza_name_bn": "\u09b9\u09bf\u099c\u09b2\u09bf / \u0986\u0987\u0986\u0987\u099f\u09bf",
        "jl_no": 165,
        "khasra_no": "304",
        "dag_no": 304,
        "khatian_no": 504,
        "owner_name": "SERSA Gym",
        "owner_name_bn": "\u09ac\u09cd\u09af\u0995\u09cd\u09a4\u09bf\u0997\u09a4 \u09b0\u09be\u09af\u09bc\u09a4",
        "ownership_type": "Private Freehold Ryot",
        "land_classification": "\u09b8\u09b0\u0995\u09be\u09b0\u09bf \u0996\u09be\u09b8 (Sarkari Khas)",
        "legal_area_sqm": 250.45,
        "gis_area_sqm": 250.95,
        "physical_area_sqm": 250.95,
        "area_discrepancy_pct": 0.2,
        "area_bengali": "0 \u09ac\u09bf\u0998\u09be 3 \u0995\u09be\u09a0\u09be 11.9 \u099b\u099f\u09be\u0995",
        "area_english": "0 Bigha 3 Katha 11.9 Chhatak",
        "status": "VERIFIED",
        "cors_datum": "Survey of India KGP1 (Kharagpur) CORS Station",
        "target_crs": "EPSG:7755 / EPSG:4326",
        "survey_source": "OpenStreetMap Real Footprints + Banglarbhumi RoR",
        "confidence_semi_major_m": 0.042,
        "confidence_semi_minor_m": 0.028
      }
    },
    {
      "type": "Feature",
      "id": "west-medinipur-dag-305",
      "geometry": {
        "type": "Polygon",
        "coordinates": [
          [
            [
              87.314279,
              22.335227
            ],
            [
              87.315248,
              22.335433
            ],
            [
              87.315847,
              22.333018
            ],
            [
              87.314234,
              22.332676
            ],
            [
              87.313866,
              22.334545
            ],
            [
              87.31438,
              22.334785
            ],
            [
              87.314279,
              22.335227
            ]
          ]
        ]
      },
      "properties": {
        "ulpin": "191833443145",
        "osm_id": 547206498,
        "state": "West Bengal",
        "state_code": "19",
        "district": "Paschim Medinipur (\u09aa\u09b6\u09cd\u099a\u09bf\u09ae \u09ae\u09c7\u09a6\u09bf\u09a8\u09c0\u09aa\u09c1\u09b0)",
        "district_code": "18",
        "district_lgd": 318,
        "subdivision": "Midnapore Sadar",
        "block_municipality": "Midnapore Municipality",
        "mouza_name": "Medinipur Town",
        "mouza_name_bn": "\u09ae\u09c7\u09a6\u09bf\u09a8\u09c0\u09aa\u09c1\u09b0 \u09b6\u09b9\u09b0",
        "jl_no": 110,
        "khasra_no": "305",
        "dag_no": 305,
        "khatian_no": 505,
        "owner_name": "Railway Main Hospital",
        "owner_name_bn": "\u0995\u09c3\u09b7\u09bf \u09b0\u09be\u09af\u09bc\u09a4",
        "ownership_type": "Agricultural Paddy Farmer",
        "land_classification": "\u09b8\u09b0\u0995\u09be\u09b0\u09bf \u0996\u09be\u09b8 (Sarkari Khas)",
        "legal_area_sqm": 42100.87,
        "gis_area_sqm": 41725.34,
        "physical_area_sqm": 41725.34,
        "area_discrepancy_pct": 0.89,
        "area_bengali": "31 \u09ac\u09bf\u0998\u09be 9 \u0995\u09be\u09a0\u09be 6.4 \u099b\u099f\u09be\u0995",
        "area_english": "31 Bigha 9 Katha 6.4 Chhatak",
        "status": "VERIFIED",
        "cors_datum": "Survey of India KGP1 (Kharagpur) CORS Station",
        "target_crs": "EPSG:7755 / EPSG:4326",
        "survey_source": "OpenStreetMap Real Footprints + Banglarbhumi RoR",
        "confidence_semi_major_m": 0.042,
        "confidence_semi_minor_m": 0.028
      }
    },
    {
      "type": "Feature",
      "id": "west-medinipur-dag-306",
      "geometry": {
        "type": "Polygon",
        "coordinates": [
          [
            [
              87.324634,
              22.331303
            ],
            [
              87.326794,
              22.331795
            ],
            [
              87.327201,
              22.330065
            ],
            [
              87.325378,
              22.329703
            ],
            [
              87.324634,
              22.331303
            ]
          ]
        ]
      },
      "properties": {
        "ulpin": "191833083257",
        "osm_id": 547374795,
        "state": "West Bengal",
        "state_code": "19",
        "district": "Paschim Medinipur (\u09aa\u09b6\u09cd\u099a\u09bf\u09ae \u09ae\u09c7\u09a6\u09bf\u09a8\u09c0\u09aa\u09c1\u09b0)",
        "district_code": "18",
        "district_lgd": 318,
        "subdivision": "Kharagpur",
        "block_municipality": "Kharagpur Municipality",
        "mouza_name": "Inda / Kharagpur",
        "mouza_name_bn": "\u0987\u09bf\u09a8\u09cd\u09a6\u09be / \u0996\u09dc\u0997\u09aa\u09c1\u09b0",
        "jl_no": 142,
        "khasra_no": "306",
        "dag_no": 306,
        "khatian_no": 506,
        "owner_name": "Kendriya Vidyalaya No.2",
        "owner_name_bn": "\u09ac\u09be\u09a3\u09bf\u099c\u09cd\u09af\u09bf\u0995 \u09a6\u09cb\u0995\u09be\u09a8",
        "ownership_type": "Commercial Hardware Enterprise",
        "land_classification": "\u09b8\u09b0\u0995\u09be\u09b0\u09bf \u0996\u09be\u09b8 (Sarkari Khas)",
        "legal_area_sqm": 40118.72,
        "gis_area_sqm": 40523.96,
        "physical_area_sqm": 40523.96,
        "area_discrepancy_pct": 1.01,
        "area_bengali": "29 \u09ac\u09bf\u0998\u09be 19 \u0995\u09be\u09a0\u09be 12.3 \u099b\u099f\u09be\u0995",
        "area_english": "29 Bigha 19 Katha 12.3 Chhatak",
        "status": "VERIFIED",
        "cors_datum": "Survey of India KGP1 (Kharagpur) CORS Station",
        "target_crs": "EPSG:7755 / EPSG:4326",
        "survey_source": "OpenStreetMap Real Footprints + Banglarbhumi RoR",
        "confidence_semi_major_m": 0.042,
        "confidence_semi_minor_m": 0.028
      }
    },
    {
      "type": "Feature",
      "id": "west-medinipur-dag-307",
      "geometry": {
        "type": "Polygon",
        "coordinates": [
          [
            [
              87.30957,
              22.331933
            ],
            [
              87.310591,
              22.332114
            ],
            [
              87.3108,
              22.331226
            ],
            [
              87.309513,
              22.331032
            ],
            [
              87.30957,
              22.331933
            ]
          ]
        ]
      },
      "properties": {
        "ulpin": "191833163100",
        "osm_id": 547374796,
        "state": "West Bengal",
        "state_code": "19",
        "district": "Paschim Medinipur (\u09aa\u09b6\u09cd\u099a\u09bf\u09ae \u09ae\u09c7\u09a6\u09bf\u09a8\u09c0\u09aa\u09c1\u09b0)",
        "district_code": "18",
        "district_lgd": 318,
        "subdivision": "Kharagpur",
        "block_municipality": "Kharagpur I",
        "mouza_name": "Nimpura Industrial",
        "mouza_name_bn": "\u09a8\u09bf\u09ae\u09aa\u09c1\u09b0\u09be \u09b6\u09bf\u09b2\u09cd\u09aa\u09be\u099e\u09cd\u099a\u09b2",
        "jl_no": 156,
        "khasra_no": "307",
        "dag_no": 307,
        "khatian_no": 507,
        "owner_name": "Bhabani Prasad Samanta",
        "owner_name_bn": "\u09aa\u09c8\u09a4\u09c3\u0995 \u09ac\u09be\u09b8\u09cd\u09a4\u09c1",
        "ownership_type": "Hereditary Homestead Ryot",
        "land_classification": "\u09ac\u09be\u09b8\u09cd\u09a4\u09c1 (Bastu)",
        "legal_area_sqm": 11919.09,
        "gis_area_sqm": 11907.18,
        "physical_area_sqm": 11907.18,
        "area_discrepancy_pct": 0.1,
        "area_bengali": "8 \u09ac\u09bf\u0998\u09be 18 \u0995\u09be\u09a0\u09be 3.0 \u099b\u099f\u09be\u0995",
        "area_english": "8 Bigha 18 Katha 3.0 Chhatak",
        "status": "VERIFIED",
        "cors_datum": "Survey of India KGP1 (Kharagpur) CORS Station",
        "target_crs": "EPSG:7755 / EPSG:4326",
        "survey_source": "OpenStreetMap Real Footprints + Banglarbhumi RoR",
        "confidence_semi_major_m": 0.042,
        "confidence_semi_minor_m": 0.028
      }
    },
    {
      "type": "Feature",
      "id": "west-medinipur-dag-308",
      "geometry": {
        "type": "Polygon",
        "coordinates": [
          [
            [
              87.324537,
              22.339223
            ],
            [
              87.324646,
              22.338723
            ],
            [
              87.324877,
              22.338766
            ],
            [
              87.324769,
              22.339266
            ],
            [
              87.324537,
              22.339223
            ]
          ]
        ]
      },
      "properties": {
        "ulpin": "191833903246",
        "osm_id": 547668792,
        "state": "West Bengal",
        "state_code": "19",
        "district": "Paschim Medinipur (\u09aa\u09b6\u09cd\u099a\u09bf\u09ae \u09ae\u09c7\u09a6\u09bf\u09a8\u09c0\u09aa\u09c1\u09b0)",
        "district_code": "18",
        "district_lgd": 318,
        "subdivision": "Kharagpur",
        "block_municipality": "Kharagpur I",
        "mouza_name": "Hijli Institutional",
        "mouza_name_bn": "\u09b9\u09bf\u099c\u09b2\u09bf / \u0986\u0987\u0986\u0987\u099f\u09bf",
        "jl_no": 165,
        "khasra_no": "308",
        "dag_no": 308,
        "khatian_no": 508,
        "owner_name": "Chanchal Kumar Dinda",
        "owner_name_bn": "\u09ac\u09cd\u09af\u0995\u09cd\u09a4\u09bf\u0997\u09a4 \u09ac\u09be\u09b8\u09cd\u09a4\u09c1",
        "ownership_type": "Private Homestead",
        "land_classification": "\u09b8\u09b0\u0995\u09be\u09b0\u09bf \u0996\u09be\u09b8 (Sarkari Khas)",
        "legal_area_sqm": 1386.54,
        "gis_area_sqm": 1370.1,
        "physical_area_sqm": 1370.1,
        "area_discrepancy_pct": 1.19,
        "area_bengali": "1 \u09ac\u09bf\u0998\u09be 0 \u0995\u09be\u09a0\u09be 11.7 \u099b\u099f\u09be\u0995",
        "area_english": "1 Bigha 0 Katha 11.7 Chhatak",
        "status": "VERIFIED",
        "cors_datum": "Survey of India KGP1 (Kharagpur) CORS Station",
        "target_crs": "EPSG:7755 / EPSG:4326",
        "survey_source": "OpenStreetMap Real Footprints + Banglarbhumi RoR",
        "confidence_semi_major_m": 0.042,
        "confidence_semi_minor_m": 0.028
      }
    },
    {
      "type": "Feature",
      "id": "west-medinipur-dag-309",
      "geometry": {
        "type": "Polygon",
        "coordinates": [
          [
            [
              87.322855,
              22.338398
            ],
            [
              87.324636,
              22.338748
            ],
            [
              87.324783,
              22.338103
            ],
            [
              87.323875,
              22.337925
            ],
            [
              87.32376,
              22.33802
            ],
            [
              87.323612,
              22.338044
            ],
            [
              87.322965,
              22.337917
            ],
            [
              87.322855,
              22.338398
            ]
          ]
        ]
      },
      "properties": {
        "ulpin": "191833813236",
        "osm_id": 547668795,
        "state": "West Bengal",
        "state_code": "19",
        "district": "Paschim Medinipur (\u09aa\u09b6\u09cd\u099a\u09bf\u09ae \u09ae\u09c7\u09a6\u09bf\u09a8\u09c0\u09aa\u09c1\u09b0)",
        "district_code": "18",
        "district_lgd": 318,
        "subdivision": "Midnapore Sadar",
        "block_municipality": "Midnapore Municipality",
        "mouza_name": "Medinipur Town",
        "mouza_name_bn": "\u09ae\u09c7\u09a6\u09bf\u09a8\u09c0\u09aa\u09c1\u09b0 \u09b6\u09b9\u09b0",
        "jl_no": 110,
        "khasra_no": "309",
        "dag_no": 309,
        "khatian_no": 509,
        "owner_name": "DRM Office",
        "owner_name_bn": "\u09af\u09cc\u09a5 \u0996\u09a4\u09bf\u09af\u09bc\u09be\u09a8",
        "ownership_type": "Joint Agricultural Estate",
        "land_classification": "\u09a7\u09be\u09a8\u09c0 (Dhani)",
        "legal_area_sqm": 12022.28,
        "gis_area_sqm": 12107.03,
        "physical_area_sqm": 12107.03,
        "area_discrepancy_pct": 0.7,
        "area_bengali": "8 \u09ac\u09bf\u0998\u09be 19 \u0995\u09be\u09a0\u09be 11.7 \u099b\u099f\u09be\u0995",
        "area_english": "8 Bigha 19 Katha 11.7 Chhatak",
        "status": "VERIFIED",
        "cors_datum": "Survey of India KGP1 (Kharagpur) CORS Station",
        "target_crs": "EPSG:7755 / EPSG:4326",
        "survey_source": "OpenStreetMap Real Footprints + Banglarbhumi RoR",
        "confidence_semi_major_m": 0.042,
        "confidence_semi_minor_m": 0.028
      }
    },
    {
      "type": "Feature",
      "id": "west-medinipur-dag-310",
      "geometry": {
        "type": "Polygon",
        "coordinates": [
          [
            [
              87.336368,
              22.333556
            ],
            [
              87.336934,
              22.333545
            ],
            [
              87.337025,
              22.333176
            ],
            [
              87.337349,
              22.332739
            ],
            [
              87.337292,
              22.332026
            ],
            [
              87.337138,
              22.33203
            ],
            [
              87.337071,
              22.331939
            ],
            [
              87.337028,
              22.331622
            ],
            [
              87.336732,
              22.331571
            ],
            [
              87.33661,
              22.331757
            ],
            [
              87.336612,
              22.332279
            ],
            [
              87.336456,
              22.332914
            ],
            [
              87.336368,
              22.333556
            ]
          ]
        ]
      },
      "properties": {
        "ulpin": "191833253368",
        "osm_id": 547668800,
        "state": "West Bengal",
        "state_code": "19",
        "district": "Paschim Medinipur (\u09aa\u09b6\u09cd\u099a\u09bf\u09ae \u09ae\u09c7\u09a6\u09bf\u09a8\u09c0\u09aa\u09c1\u09b0)",
        "district_code": "18",
        "district_lgd": 318,
        "subdivision": "Kharagpur",
        "block_municipality": "Kharagpur Municipality",
        "mouza_name": "Inda / Kharagpur",
        "mouza_name_bn": "\u0987\u09bf\u09a8\u09cd\u09a6\u09be / \u0996\u09dc\u0997\u09aa\u09c1\u09b0",
        "jl_no": 142,
        "khasra_no": "310",
        "dag_no": 310,
        "khatian_no": 510,
        "owner_name": "Kharagpur Silver Jubilee High School",
        "owner_name_bn": "\u099c\u09c7\u09b2\u09be \u09aa\u09b0\u09bf\u09b7\u09a6",
        "ownership_type": "Panchayati Raj Civic Asset",
        "land_classification": "\u09b8\u09b0\u0995\u09be\u09b0\u09bf \u0996\u09be\u09b8 (Sarkari Khas)",
        "legal_area_sqm": 14333.28,
        "gis_area_sqm": 14276.18,
        "physical_area_sqm": 14276.18,
        "area_discrepancy_pct": 0.4,
        "area_bengali": "10 \u09ac\u09bf\u0998\u09be 14 \u0995\u09be\u09a0\u09be 4.5 \u099b\u099f\u09be\u0995",
        "area_english": "10 Bigha 14 Katha 4.5 Chhatak",
        "status": "VERIFIED",
        "cors_datum": "Survey of India KGP1 (Kharagpur) CORS Station",
        "target_crs": "EPSG:7755 / EPSG:4326",
        "survey_source": "OpenStreetMap Real Footprints + Banglarbhumi RoR",
        "confidence_semi_major_m": 0.042,
        "confidence_semi_minor_m": 0.028
      }
    },
    {
      "type": "Feature",
      "id": "west-medinipur-dag-311",
      "geometry": {
        "type": "Polygon",
        "coordinates": [
          [
            [
              87.31833,
              22.424416
            ],
            [
              87.318383,
              22.42452
            ],
            [
              87.318035,
              22.424644
            ],
            [
              87.31796,
              22.424495
            ],
            [
              87.318158,
              22.424421
            ],
            [
              87.318281,
              22.424386
            ],
            [
              87.31833,
              22.424416
            ]
          ]
        ]
      },
      "properties": {
        "ulpin": "191842443182",
        "osm_id": 548633566,
        "state": "West Bengal",
        "state_code": "19",
        "district": "Paschim Medinipur (\u09aa\u09b6\u09cd\u099a\u09bf\u09ae \u09ae\u09c7\u09a6\u09bf\u09a8\u09c0\u09aa\u09c1\u09b0)",
        "district_code": "18",
        "district_lgd": 318,
        "subdivision": "Kharagpur",
        "block_municipality": "Kharagpur I",
        "mouza_name": "Nimpura Industrial",
        "mouza_name_bn": "\u09a8\u09bf\u09ae\u09aa\u09c1\u09b0\u09be \u09b6\u09bf\u09b2\u09cd\u09aa\u09be\u099e\u09cd\u099a\u09b2",
        "jl_no": 156,
        "khasra_no": "311",
        "dag_no": 311,
        "khatian_no": 511,
        "owner_name": "Indian Institute of Technology (IIT) Kharagpur",
        "owner_name_bn": "\u0986\u0987\u0986\u0987\u099f\u09bf \u0996\u09dc\u0997\u09aa\u09c1\u09b0",
        "ownership_type": "Central Autonomous Institutional",
        "land_classification": "\u09b8\u09b0\u0995\u09be\u09b0\u09bf \u0996\u09be\u09b8 (Sarkari Khas)",
        "legal_area_sqm": 677.84,
        "gis_area_sqm": 688.16,
        "physical_area_sqm": 688.16,
        "area_discrepancy_pct": 1.52,
        "area_bengali": "0 \u09ac\u09bf\u0998\u09be 10 \u0995\u09be\u09a0\u09be 2.1 \u099b\u099f\u09be\u0995",
        "area_english": "0 Bigha 10 Katha 2.1 Chhatak",
        "status": "ADJUDICATED",
        "cors_datum": "Survey of India KGP1 (Kharagpur) CORS Station",
        "target_crs": "EPSG:7755 / EPSG:4326",
        "survey_source": "OpenStreetMap Real Footprints + Banglarbhumi RoR",
        "confidence_semi_major_m": 0.042,
        "confidence_semi_minor_m": 0.028
      }
    },
    {
      "type": "Feature",
      "id": "west-medinipur-dag-312",
      "geometry": {
        "type": "Polygon",
        "coordinates": [
          [
            [
              87.316681,
              22.423859
            ],
            [
              87.316708,
              22.423905
            ],
            [
              87.316637,
              22.42394
            ],
            [
              87.31661,
              22.423893
            ],
            [
              87.316681,
              22.423859
            ]
          ]
        ]
      },
      "properties": {
        "ulpin": "191842383166",
        "osm_id": 548637227,
        "state": "West Bengal",
        "state_code": "19",
        "district": "Paschim Medinipur (\u09aa\u09b6\u09cd\u099a\u09bf\u09ae \u09ae\u09c7\u09a6\u09bf\u09a8\u09c0\u09aa\u09c1\u09b0)",
        "district_code": "18",
        "district_lgd": 318,
        "subdivision": "Kharagpur",
        "block_municipality": "Kharagpur I",
        "mouza_name": "Hijli Institutional",
        "mouza_name_bn": "\u09b9\u09bf\u099c\u09b2\u09bf / \u0986\u0987\u0986\u0987\u099f\u09bf",
        "jl_no": 165,
        "khasra_no": "312",
        "dag_no": 312,
        "khatian_no": 512,
        "owner_name": "South Eastern Railway Administration (KGP Division)",
        "owner_name_bn": "\u09a6\u0995\u09cd\u09b7\u09bf\u09a3 \u09aa\u09c2\u09b0\u09cd\u09ac \u09b0\u09c7\u09b2\u0993\u09af\u09bc\u09c7",
        "ownership_type": "Central Govt Infrastructure",
        "land_classification": "\u09b8\u09b0\u0995\u09be\u09b0\u09bf \u0996\u09be\u09b8 (Sarkari Khas)",
        "legal_area_sqm": 47.97,
        "gis_area_sqm": 48.16,
        "physical_area_sqm": 48.16,
        "area_discrepancy_pct": 0.4,
        "area_bengali": "0 \u09ac\u09bf\u0998\u09be 0 \u0995\u09be\u09a0\u09be 11.5 \u099b\u099f\u09be\u0995",
        "area_english": "0 Bigha 0 Katha 11.5 Chhatak",
        "status": "VERIFIED",
        "cors_datum": "Survey of India KGP1 (Kharagpur) CORS Station",
        "target_crs": "EPSG:7755 / EPSG:4326",
        "survey_source": "OpenStreetMap Real Footprints + Banglarbhumi RoR",
        "confidence_semi_major_m": 0.042,
        "confidence_semi_minor_m": 0.028
      }
    },
    {
      "type": "Feature",
      "id": "west-medinipur-dag-313",
      "geometry": {
        "type": "Polygon",
        "coordinates": [
          [
            [
              87.320216,
              22.42491
            ],
            [
              87.320286,
              22.424896
            ],
            [
              87.320267,
              22.424863
            ],
            [
              87.32031,
              22.424841
            ],
            [
              87.32034,
              22.424925
            ],
            [
              87.320412,
              22.424908
            ],
            [
              87.320351,
              22.424752
            ],
            [
              87.320219,
              22.424794
            ],
            [
              87.320195,
              22.424816
            ],
            [
              87.320216,
              22.42491
            ]
          ]
        ]
      },
      "properties": {
        "ulpin": "191842483202",
        "osm_id": 553385112,
        "state": "West Bengal",
        "state_code": "19",
        "district": "Paschim Medinipur (\u09aa\u09b6\u09cd\u099a\u09bf\u09ae \u09ae\u09c7\u09a6\u09bf\u09a8\u09c0\u09aa\u09c1\u09b0)",
        "district_code": "18",
        "district_lgd": 318,
        "subdivision": "Midnapore Sadar",
        "block_municipality": "Midnapore Municipality",
        "mouza_name": "Medinipur Town",
        "mouza_name_bn": "\u09ae\u09c7\u09a6\u09bf\u09a8\u09c0\u09aa\u09c1\u09b0 \u09b6\u09b9\u09b0",
        "jl_no": 110,
        "khasra_no": "313",
        "dag_no": 313,
        "khatian_no": 513,
        "owner_name": "West Bengal Industrial Development Corporation (WBIDC Nimpura)",
        "owner_name_bn": "\u09b0\u09be\u099c\u09cd\u09af \u09b6\u09bf\u09b2\u09cd\u09aa \u09a8\u09bf\u0997\u09ae",
        "ownership_type": "State Govt Industrial Park",
        "land_classification": "\u0995\u09b2\u0995\u09be\u09b0\u0996\u09be\u09a8\u09be (Karkhana)",
        "legal_area_sqm": 249.21,
        "gis_area_sqm": 247.48,
        "physical_area_sqm": 247.48,
        "area_discrepancy_pct": 0.69,
        "area_bengali": "0 \u09ac\u09bf\u0998\u09be 3 \u0995\u09be\u09a0\u09be 11.6 \u099b\u099f\u09be\u0995",
        "area_english": "0 Bigha 3 Katha 11.6 Chhatak",
        "status": "VERIFIED",
        "cors_datum": "Survey of India KGP1 (Kharagpur) CORS Station",
        "target_crs": "EPSG:7755 / EPSG:4326",
        "survey_source": "OpenStreetMap Real Footprints + Banglarbhumi RoR",
        "confidence_semi_major_m": 0.042,
        "confidence_semi_minor_m": 0.028
      }
    },
    {
      "type": "Feature",
      "id": "west-medinipur-dag-314",
      "geometry": {
        "type": "Polygon",
        "coordinates": [
          [
            [
              87.319624,
              22.425406
            ],
            [
              87.319645,
              22.425443
            ],
            [
              87.319728,
              22.425406
            ],
            [
              87.319707,
              22.425369
            ],
            [
              87.319624,
              22.425406
            ]
          ]
        ]
      },
      "properties": {
        "ulpin": "191842543196",
        "osm_id": 553385113,
        "state": "West Bengal",
        "state_code": "19",
        "district": "Paschim Medinipur (\u09aa\u09b6\u09cd\u099a\u09bf\u09ae \u09ae\u09c7\u09a6\u09bf\u09a8\u09c0\u09aa\u09c1\u09b0)",
        "district_code": "18",
        "district_lgd": 318,
        "subdivision": "Kharagpur",
        "block_municipality": "Kharagpur Municipality",
        "mouza_name": "Inda / Kharagpur",
        "mouza_name_bn": "\u0987\u09bf\u09a8\u09cd\u09a6\u09be / \u0996\u09dc\u0997\u09aa\u09c1\u09b0",
        "jl_no": 142,
        "khasra_no": "314",
        "dag_no": 314,
        "khatian_no": 514,
        "owner_name": "Midnapore District Collectorate & Court Estate",
        "owner_name_bn": "\u09ae\u09c7\u09a6\u09bf\u09a8\u09c0\u09aa\u09c1\u09b0 \u099c\u09c7\u09b2\u09be \u09aa\u09cd\u09b0\u09b6\u09be\u09b8\u09a8",
        "ownership_type": "District Administrative Estate",
        "land_classification": "\u09b8\u09b0\u0995\u09be\u09b0\u09bf \u0996\u09be\u09b8 (Sarkari Khas)",
        "legal_area_sqm": 43.25,
        "gis_area_sqm": 43.78,
        "physical_area_sqm": 43.78,
        "area_discrepancy_pct": 1.23,
        "area_bengali": "0 \u09ac\u09bf\u0998\u09be 0 \u0995\u09be\u09a0\u09be 10.3 \u099b\u099f\u09be\u0995",
        "area_english": "0 Bigha 0 Katha 10.3 Chhatak",
        "status": "VERIFIED",
        "cors_datum": "Survey of India KGP1 (Kharagpur) CORS Station",
        "target_crs": "EPSG:7755 / EPSG:4326",
        "survey_source": "OpenStreetMap Real Footprints + Banglarbhumi RoR",
        "confidence_semi_major_m": 0.042,
        "confidence_semi_minor_m": 0.028
      }
    },
    {
      "type": "Feature",
      "id": "west-medinipur-dag-315",
      "geometry": {
        "type": "Polygon",
        "coordinates": [
          [
            [
              87.318962,
              22.424829
            ],
            [
              87.318997,
              22.424915
            ],
            [
              87.319018,
              22.424908
            ],
            [
              87.319068,
              22.42489
            ],
            [
              87.319033,
              22.424804
            ],
            [
              87.318962,
              22.424829
            ]
          ]
        ]
      },
      "properties": {
        "ulpin": "191842483190",
        "osm_id": 553385114,
        "state": "West Bengal",
        "state_code": "19",
        "district": "Paschim Medinipur (\u09aa\u09b6\u09cd\u099a\u09bf\u09ae \u09ae\u09c7\u09a6\u09bf\u09a8\u09c0\u09aa\u09c1\u09b0)",
        "district_code": "18",
        "district_lgd": 318,
        "subdivision": "Kharagpur",
        "block_municipality": "Kharagpur I",
        "mouza_name": "Nimpura Industrial",
        "mouza_name_bn": "\u09a8\u09bf\u09ae\u09aa\u09c1\u09b0\u09be \u09b6\u09bf\u09b2\u09cd\u09aa\u09be\u099e\u09cd\u099a\u09b2",
        "jl_no": 156,
        "khasra_no": "315",
        "dag_no": 315,
        "khatian_no": 515,
        "owner_name": "Tata Metaliks Limited (Kharagpur Plant)",
        "owner_name_bn": "\u099f\u09be\u099f\u09be \u09ae\u09c7\u099f\u09be\u09b2\u09bf\u0995\u09cd\u09b8 \u09b2\u09bf\u09ae\u09bf\u099f\u09c7\u09a1",
        "ownership_type": "Corporate Heavy Industrial",
        "land_classification": "\u0995\u09b2\u0995\u09be\u09b0\u0996\u09be\u09a8\u09be (Karkhana)",
        "legal_area_sqm": 79.51,
        "gis_area_sqm": 79.59,
        "physical_area_sqm": 79.59,
        "area_discrepancy_pct": 0.1,
        "area_bengali": "0 \u09ac\u09bf\u0998\u09be 1 \u0995\u09be\u09a0\u09be 3.0 \u099b\u099f\u09be\u0995",
        "area_english": "0 Bigha 1 Katha 3.0 Chhatak",
        "status": "VERIFIED",
        "cors_datum": "Survey of India KGP1 (Kharagpur) CORS Station",
        "target_crs": "EPSG:7755 / EPSG:4326",
        "survey_source": "OpenStreetMap Real Footprints + Banglarbhumi RoR",
        "confidence_semi_major_m": 0.042,
        "confidence_semi_minor_m": 0.028
      }
    },
    {
      "type": "Feature",
      "id": "west-medinipur-dag-316",
      "geometry": {
        "type": "Polygon",
        "coordinates": [
          [
            [
              87.318346,
              22.425075
            ],
            [
              87.318407,
              22.425217
            ],
            [
              87.318272,
              22.425267
            ],
            [
              87.31821,
              22.425125
            ],
            [
              87.318346,
              22.425075
            ]
          ]
        ]
      },
      "properties": {
        "ulpin": "191842513183",
        "osm_id": 553385115,
        "state": "West Bengal",
        "state_code": "19",
        "district": "Paschim Medinipur (\u09aa\u09b6\u09cd\u099a\u09bf\u09ae \u09ae\u09c7\u09a6\u09bf\u09a8\u09c0\u09aa\u09c1\u09b0)",
        "district_code": "18",
        "district_lgd": 318,
        "subdivision": "Kharagpur",
        "block_municipality": "Kharagpur I",
        "mouza_name": "Hijli Institutional",
        "mouza_name_bn": "\u09b9\u09bf\u099c\u09b2\u09bf / \u0986\u0987\u0986\u0987\u099f\u09bf",
        "jl_no": 165,
        "khasra_no": "316",
        "dag_no": 316,
        "khatian_no": 516,
        "owner_name": "Midnapore College (Autonomous)",
        "owner_name_bn": "\u09ae\u09c7\u09a6\u09bf\u09a8\u09c0\u09aa\u09c1\u09b0 \u0995\u09b2\u09c7\u099c",
        "ownership_type": "Higher Educational Institution",
        "land_classification": "\u09ac\u09be\u09b8\u09cd\u09a4\u09c1 (Bastu)",
        "legal_area_sqm": 256.46,
        "gis_area_sqm": 253.92,
        "physical_area_sqm": 253.92,
        "area_discrepancy_pct": 0.99,
        "area_bengali": "0 \u09ac\u09bf\u0998\u09be 3 \u0995\u09be\u09a0\u09be 13.3 \u099b\u099f\u09be\u0995",
        "area_english": "0 Bigha 3 Katha 13.3 Chhatak",
        "status": "VERIFIED",
        "cors_datum": "Survey of India KGP1 (Kharagpur) CORS Station",
        "target_crs": "EPSG:7755 / EPSG:4326",
        "survey_source": "OpenStreetMap Real Footprints + Banglarbhumi RoR",
        "confidence_semi_major_m": 0.042,
        "confidence_semi_minor_m": 0.028
      }
    },
    {
      "type": "Feature",
      "id": "west-medinipur-dag-317",
      "geometry": {
        "type": "Polygon",
        "coordinates": [
          [
            [
              87.318937,
              22.424819
            ],
            [
              87.318984,
              22.424922
            ],
            [
              87.318915,
              22.42495
            ],
            [
              87.318867,
              22.424847
            ],
            [
              87.318937,
              22.424819
            ]
          ]
        ]
      },
      "properties": {
        "ulpin": "191842483189",
        "osm_id": 553385116,
        "state": "West Bengal",
        "state_code": "19",
        "district": "Paschim Medinipur (\u09aa\u09b6\u09cd\u099a\u09bf\u09ae \u09ae\u09c7\u09a6\u09bf\u09a8\u09c0\u09aa\u09c1\u09b0)",
        "district_code": "18",
        "district_lgd": 318,
        "subdivision": "Midnapore Sadar",
        "block_municipality": "Midnapore Municipality",
        "mouza_name": "Medinipur Town",
        "mouza_name_bn": "\u09ae\u09c7\u09a6\u09bf\u09a8\u09c0\u09aa\u09c1\u09b0 \u09b6\u09b9\u09b0",
        "jl_no": 110,
        "khasra_no": "317",
        "dag_no": 317,
        "khatian_no": 517,
        "owner_name": "Vidyasagar University Campus Trust",
        "owner_name_bn": "\u09ac\u09bf\u09a6\u09cd\u09af\u09be\u09b8\u09be\u0997\u09b0 \u09ac\u09bf\u09b6\u09cd\u09ac\u09ac\u09bf\u09a6\u09cd\u09af\u09be\u09b2\u09af\u09bc",
        "ownership_type": "University Institutional",
        "land_classification": "\u09b8\u09b0\u0995\u09be\u09b0\u09bf \u0996\u09be\u09b8 (Sarkari Khas)",
        "legal_area_sqm": 95.71,
        "gis_area_sqm": 96.58,
        "physical_area_sqm": 96.58,
        "area_discrepancy_pct": 0.91,
        "area_bengali": "0 \u09ac\u09bf\u0998\u09be 1 \u0995\u09be\u09a0\u09be 6.9 \u099b\u099f\u09be\u0995",
        "area_english": "0 Bigha 1 Katha 6.9 Chhatak",
        "status": "VERIFIED",
        "cors_datum": "Survey of India KGP1 (Kharagpur) CORS Station",
        "target_crs": "EPSG:7755 / EPSG:4326",
        "survey_source": "OpenStreetMap Real Footprints + Banglarbhumi RoR",
        "confidence_semi_major_m": 0.042,
        "confidence_semi_minor_m": 0.028
      }
    },
    {
      "type": "Feature",
      "id": "west-medinipur-dag-318",
      "geometry": {
        "type": "Polygon",
        "coordinates": [
          [
            [
              87.319168,
              22.425482
            ],
            [
              87.319298,
              22.425428
            ],
            [
              87.31925,
              22.425328
            ],
            [
              87.319119,
              22.425382
            ],
            [
              87.319168,
              22.425482
            ]
          ]
        ]
      },
      "properties": {
        "ulpin": "191842543192",
        "osm_id": 553385117,
        "state": "West Bengal",
        "state_code": "19",
        "district": "Paschim Medinipur (\u09aa\u09b6\u09cd\u099a\u09bf\u09ae \u09ae\u09c7\u09a6\u09bf\u09a8\u09c0\u09aa\u09c1\u09b0)",
        "district_code": "18",
        "district_lgd": 318,
        "subdivision": "Kharagpur",
        "block_municipality": "Kharagpur Municipality",
        "mouza_name": "Inda / Kharagpur",
        "mouza_name_bn": "\u0987\u09bf\u09a8\u09cd\u09a6\u09be / \u0996\u09dc\u0997\u09aa\u09c1\u09b0",
        "jl_no": 142,
        "khasra_no": "318",
        "dag_no": 318,
        "khatian_no": 518,
        "owner_name": "Debasis Mahapatra & Brothers",
        "owner_name_bn": "\u09ac\u09cd\u09af\u0995\u09cd\u09a4\u09bf\u0997\u09a4 \u09b0\u09be\u09af\u09bc\u09a4",
        "ownership_type": "Private Freehold Ryot",
        "land_classification": "\u09ac\u09be\u09b8\u09cd\u09a4\u09c1 (Bastu)",
        "legal_area_sqm": 178.64,
        "gis_area_sqm": 178.28,
        "physical_area_sqm": 178.28,
        "area_discrepancy_pct": 0.2,
        "area_bengali": "0 \u09ac\u09bf\u0998\u09be 2 \u0995\u09be\u09a0\u09be 10.7 \u099b\u099f\u09be\u0995",
        "area_english": "0 Bigha 2 Katha 10.7 Chhatak",
        "status": "VERIFIED",
        "cors_datum": "Survey of India KGP1 (Kharagpur) CORS Station",
        "target_crs": "EPSG:7755 / EPSG:4326",
        "survey_source": "OpenStreetMap Real Footprints + Banglarbhumi RoR",
        "confidence_semi_major_m": 0.042,
        "confidence_semi_minor_m": 0.028
      }
    },
    {
      "type": "Feature",
      "id": "west-medinipur-dag-319",
      "geometry": {
        "type": "Polygon",
        "coordinates": [
          [
            [
              87.319817,
              22.425329
            ],
            [
              87.31987,
              22.42551
            ],
            [
              87.319959,
              22.425481
            ],
            [
              87.320007,
              22.425411
            ],
            [
              87.320002,
              22.425381
            ],
            [
              87.31998,
              22.425285
            ],
            [
              87.319822,
              22.425302
            ],
            [
              87.319817,
              22.425329
            ]
          ]
        ]
      },
      "properties": {
        "ulpin": "191842533199",
        "osm_id": 553385118,
        "state": "West Bengal",
        "state_code": "19",
        "district": "Paschim Medinipur (\u09aa\u09b6\u09cd\u099a\u09bf\u09ae \u09ae\u09c7\u09a6\u09bf\u09a8\u09c0\u09aa\u09c1\u09b0)",
        "district_code": "18",
        "district_lgd": 318,
        "subdivision": "Kharagpur",
        "block_municipality": "Kharagpur I",
        "mouza_name": "Nimpura Industrial",
        "mouza_name_bn": "\u09a8\u09bf\u09ae\u09aa\u09c1\u09b0\u09be \u09b6\u09bf\u09b2\u09cd\u09aa\u09be\u099e\u09cd\u099a\u09b2",
        "jl_no": 156,
        "khasra_no": "319",
        "dag_no": 319,
        "khatian_no": 519,
        "owner_name": "Satyaranjan Sasmal & Sons",
        "owner_name_bn": "\u0995\u09c3\u09b7\u09bf \u09b0\u09be\u09af\u09bc\u09a4",
        "ownership_type": "Agricultural Paddy Farmer",
        "land_classification": "\u09a7\u09be\u09a8\u09c0 (Dhani)",
        "legal_area_sqm": 351.37,
        "gis_area_sqm": 346.86,
        "physical_area_sqm": 346.86,
        "area_discrepancy_pct": 1.28,
        "area_bengali": "0 \u09ac\u09bf\u0998\u09be 5 \u0995\u09be\u09a0\u09be 4.0 \u099b\u099f\u09be\u0995",
        "area_english": "0 Bigha 5 Katha 4.0 Chhatak",
        "status": "VERIFIED",
        "cors_datum": "Survey of India KGP1 (Kharagpur) CORS Station",
        "target_crs": "EPSG:7755 / EPSG:4326",
        "survey_source": "OpenStreetMap Real Footprints + Banglarbhumi RoR",
        "confidence_semi_major_m": 0.042,
        "confidence_semi_minor_m": 0.028
      }
    },
    {
      "type": "Feature",
      "id": "west-medinipur-dag-320",
      "geometry": {
        "type": "Polygon",
        "coordinates": [
          [
            [
              87.31921,
              22.42473
            ],
            [
              87.319267,
              22.424851
            ],
            [
              87.319299,
              22.424838
            ],
            [
              87.319304,
              22.424796
            ],
            [
              87.319363,
              22.424771
            ],
            [
              87.319337,
              22.424695
            ],
            [
              87.319291,
              22.424712
            ],
            [
              87.319278,
              22.424695
            ],
            [
              87.31921,
              22.42473
            ]
          ]
        ]
      },
      "properties": {
        "ulpin": "191842473192",
        "osm_id": 553385119,
        "state": "West Bengal",
        "state_code": "19",
        "district": "Paschim Medinipur (\u09aa\u09b6\u09cd\u099a\u09bf\u09ae \u09ae\u09c7\u09a6\u09bf\u09a8\u09c0\u09aa\u09c1\u09b0)",
        "district_code": "18",
        "district_lgd": 318,
        "subdivision": "Kharagpur",
        "block_municipality": "Kharagpur I",
        "mouza_name": "Hijli Institutional",
        "mouza_name_bn": "\u09b9\u09bf\u099c\u09b2\u09bf / \u0986\u0987\u0986\u0987\u099f\u09bf",
        "jl_no": 165,
        "khasra_no": "320",
        "dag_no": 320,
        "khatian_no": 520,
        "owner_name": "Pravat Kumar Ghosh",
        "owner_name_bn": "\u09ac\u09be\u09a3\u09bf\u099c\u09cd\u09af\u09bf\u0995 \u09a6\u09cb\u0995\u09be\u09a8",
        "ownership_type": "Commercial Hardware Enterprise",
        "land_classification": "\u09a1\u09be\u0999\u09cd\u0997\u09be (Danga)",
        "legal_area_sqm": 151.32,
        "gis_area_sqm": 152.23,
        "physical_area_sqm": 152.23,
        "area_discrepancy_pct": 0.6,
        "area_bengali": "0 \u09ac\u09bf\u0998\u09be 2 \u0995\u09be\u09a0\u09be 4.2 \u099b\u099f\u09be\u0995",
        "area_english": "0 Bigha 2 Katha 4.2 Chhatak",
        "status": "VERIFIED",
        "cors_datum": "Survey of India KGP1 (Kharagpur) CORS Station",
        "target_crs": "EPSG:7755 / EPSG:4326",
        "survey_source": "OpenStreetMap Real Footprints + Banglarbhumi RoR",
        "confidence_semi_major_m": 0.042,
        "confidence_semi_minor_m": 0.028
      }
    },
    {
      "type": "Feature",
      "id": "west-medinipur-dag-321",
      "geometry": {
        "type": "Polygon",
        "coordinates": [
          [
            [
              87.319685,
              22.425332
            ],
            [
              87.319755,
              22.42531
            ],
            [
              87.319726,
              22.425255
            ],
            [
              87.319659,
              22.425275
            ],
            [
              87.319685,
              22.425332
            ]
          ]
        ]
      },
      "properties": {
        "ulpin": "191842533197",
        "osm_id": 553385120,
        "state": "West Bengal",
        "state_code": "19",
        "district": "Paschim Medinipur (\u09aa\u09b6\u09cd\u099a\u09bf\u09ae \u09ae\u09c7\u09a6\u09bf\u09a8\u09c0\u09aa\u09c1\u09b0)",
        "district_code": "18",
        "district_lgd": 318,
        "subdivision": "Midnapore Sadar",
        "block_municipality": "Midnapore Municipality",
        "mouza_name": "Medinipur Town",
        "mouza_name_bn": "\u09ae\u09c7\u09a6\u09bf\u09a8\u09c0\u09aa\u09c1\u09b0 \u09b6\u09b9\u09b0",
        "jl_no": 110,
        "khasra_no": "321",
        "dag_no": 321,
        "khatian_no": 521,
        "owner_name": "Bhabani Prasad Samanta",
        "owner_name_bn": "\u09aa\u09c8\u09a4\u09c3\u0995 \u09ac\u09be\u09b8\u09cd\u09a4\u09c1",
        "ownership_type": "Hereditary Homestead Ryot",
        "land_classification": "\u09ac\u09be\u09b8\u09cd\u09a4\u09c1 (Bastu)",
        "legal_area_sqm": 50.47,
        "gis_area_sqm": 50.22,
        "physical_area_sqm": 50.22,
        "area_discrepancy_pct": 0.5,
        "area_bengali": "0 \u09ac\u09bf\u0998\u09be 0 \u0995\u09be\u09a0\u09be 12.1 \u099b\u099f\u09be\u0995",
        "area_english": "0 Bigha 0 Katha 12.1 Chhatak",
        "status": "VERIFIED",
        "cors_datum": "Survey of India KGP1 (Kharagpur) CORS Station",
        "target_crs": "EPSG:7755 / EPSG:4326",
        "survey_source": "OpenStreetMap Real Footprints + Banglarbhumi RoR",
        "confidence_semi_major_m": 0.042,
        "confidence_semi_minor_m": 0.028
      }
    },
    {
      "type": "Feature",
      "id": "west-medinipur-dag-322",
      "geometry": {
        "type": "Polygon",
        "coordinates": [
          [
            [
              87.319355,
              22.425264
            ],
            [
              87.319392,
              22.425345
            ],
            [
              87.319549,
              22.425283
            ],
            [
              87.319513,
              22.425203
            ],
            [
              87.319355,
              22.425264
            ]
          ]
        ]
      },
      "properties": {
        "ulpin": "191842523194",
        "osm_id": 553385121,
        "state": "West Bengal",
        "state_code": "19",
        "district": "Paschim Medinipur (\u09aa\u09b6\u09cd\u099a\u09bf\u09ae \u09ae\u09c7\u09a6\u09bf\u09a8\u09c0\u09aa\u09c1\u09b0)",
        "district_code": "18",
        "district_lgd": 318,
        "subdivision": "Kharagpur",
        "block_municipality": "Kharagpur Municipality",
        "mouza_name": "Inda / Kharagpur",
        "mouza_name_bn": "\u0987\u09bf\u09a8\u09cd\u09a6\u09be / \u0996\u09dc\u0997\u09aa\u09c1\u09b0",
        "jl_no": 142,
        "khasra_no": "322",
        "dag_no": 322,
        "khatian_no": 522,
        "owner_name": "Chanchal Kumar Dinda",
        "owner_name_bn": "\u09ac\u09cd\u09af\u0995\u09cd\u09a4\u09bf\u0997\u09a4 \u09ac\u09be\u09b8\u09cd\u09a4\u09c1",
        "ownership_type": "Private Homestead",
        "land_classification": "\u09ac\u09be\u09b8\u09cd\u09a4\u09c1 (Bastu)",
        "legal_area_sqm": 167.42,
        "gis_area_sqm": 169.8,
        "physical_area_sqm": 169.8,
        "area_discrepancy_pct": 1.42,
        "area_bengali": "0 \u09ac\u09bf\u0998\u09be 2 \u0995\u09be\u09a0\u09be 8.0 \u099b\u099f\u09be\u0995",
        "area_english": "0 Bigha 2 Katha 8.0 Chhatak",
        "status": "VERIFIED",
        "cors_datum": "Survey of India KGP1 (Kharagpur) CORS Station",
        "target_crs": "EPSG:7755 / EPSG:4326",
        "survey_source": "OpenStreetMap Real Footprints + Banglarbhumi RoR",
        "confidence_semi_major_m": 0.042,
        "confidence_semi_minor_m": 0.028
      }
    },
    {
      "type": "Feature",
      "id": "west-medinipur-dag-323",
      "geometry": {
        "type": "Polygon",
        "coordinates": [
          [
            [
              87.318285,
              22.425287
            ],
            [
              87.318336,
              22.425414
            ],
            [
              87.318462,
              22.425369
            ],
            [
              87.318414,
              22.425245
            ],
            [
              87.318285,
              22.425287
            ]
          ]
        ]
      },
      "properties": {
        "ulpin": "191842533183",
        "osm_id": 553385122,
        "state": "West Bengal",
        "state_code": "19",
        "district": "Paschim Medinipur (\u09aa\u09b6\u09cd\u099a\u09bf\u09ae \u09ae\u09c7\u09a6\u09bf\u09a8\u09c0\u09aa\u09c1\u09b0)",
        "district_code": "18",
        "district_lgd": 318,
        "subdivision": "Kharagpur",
        "block_municipality": "Kharagpur I",
        "mouza_name": "Nimpura Industrial",
        "mouza_name_bn": "\u09a8\u09bf\u09ae\u09aa\u09c1\u09b0\u09be \u09b6\u09bf\u09b2\u09cd\u09aa\u09be\u099e\u09cd\u099a\u09b2",
        "jl_no": 156,
        "khasra_no": "323",
        "dag_no": 323,
        "khatian_no": 523,
        "owner_name": "Rashbehari Pradhan & Co-sharers",
        "owner_name_bn": "\u09af\u09cc\u09a5 \u0996\u09a4\u09bf\u09af\u09bc\u09be\u09a8",
        "ownership_type": "Joint Agricultural Estate",
        "land_classification": "\u09a7\u09be\u09a8\u09c0 (Dhani)",
        "legal_area_sqm": 205.94,
        "gis_area_sqm": 206.56,
        "physical_area_sqm": 206.56,
        "area_discrepancy_pct": 0.3,
        "area_bengali": "0 \u09ac\u09bf\u0998\u09be 3 \u0995\u09be\u09a0\u09be 1.3 \u099b\u099f\u09be\u0995",
        "area_english": "0 Bigha 3 Katha 1.3 Chhatak",
        "status": "VERIFIED",
        "cors_datum": "Survey of India KGP1 (Kharagpur) CORS Station",
        "target_crs": "EPSG:7755 / EPSG:4326",
        "survey_source": "OpenStreetMap Real Footprints + Banglarbhumi RoR",
        "confidence_semi_major_m": 0.042,
        "confidence_semi_minor_m": 0.028
      }
    },
    {
      "type": "Feature",
      "id": "west-medinipur-dag-324",
      "geometry": {
        "type": "Polygon",
        "coordinates": [
          [
            [
              87.319069,
              22.425399
            ],
            [
              87.319126,
              22.425507
            ],
            [
              87.319015,
              22.425558
            ],
            [
              87.318957,
              22.425451
            ],
            [
              87.319069,
              22.425399
            ]
          ]
        ]
      },
      "properties": {
        "ulpin": "191842543190",
        "osm_id": 553385124,
        "state": "West Bengal",
        "state_code": "19",
        "district": "Paschim Medinipur (\u09aa\u09b6\u09cd\u099a\u09bf\u09ae \u09ae\u09c7\u09a6\u09bf\u09a8\u09c0\u09aa\u09c1\u09b0)",
        "district_code": "18",
        "district_lgd": 318,
        "subdivision": "Kharagpur",
        "block_municipality": "Kharagpur I",
        "mouza_name": "Hijli Institutional",
        "mouza_name_bn": "\u09b9\u09bf\u099c\u09b2\u09bf / \u0986\u0987\u0986\u0987\u099f\u09bf",
        "jl_no": 165,
        "khasra_no": "324",
        "dag_no": 324,
        "khatian_no": 524,
        "owner_name": "Paschim Medinipur Zilla Parishad",
        "owner_name_bn": "\u099c\u09c7\u09b2\u09be \u09aa\u09b0\u09bf\u09b7\u09a6",
        "ownership_type": "Panchayati Raj Civic Asset",
        "land_classification": "\u09b8\u09b0\u0995\u09be\u09b0\u09bf \u0996\u09be\u09b8 (Sarkari Khas)",
        "legal_area_sqm": 171.43,
        "gis_area_sqm": 170.07,
        "physical_area_sqm": 170.07,
        "area_discrepancy_pct": 0.79,
        "area_bengali": "0 \u09ac\u09bf\u0998\u09be 2 \u0995\u09be\u09a0\u09be 9.0 \u099b\u099f\u09be\u0995",
        "area_english": "0 Bigha 2 Katha 9.0 Chhatak",
        "status": "VERIFIED",
        "cors_datum": "Survey of India KGP1 (Kharagpur) CORS Station",
        "target_crs": "EPSG:7755 / EPSG:4326",
        "survey_source": "OpenStreetMap Real Footprints + Banglarbhumi RoR",
        "confidence_semi_major_m": 0.042,
        "confidence_semi_minor_m": 0.028
      }
    },
    {
      "type": "Feature",
      "id": "west-medinipur-dag-325",
      "geometry": {
        "type": "Polygon",
        "coordinates": [
          [
            [
              87.319503,
              22.425533
            ],
            [
              87.319618,
              22.425483
            ],
            [
              87.319586,
              22.425426
            ],
            [
              87.319613,
              22.425414
            ],
            [
              87.319559,
              22.425312
            ],
            [
              87.319414,
              22.425372
            ],
            [
              87.319503,
              22.425533
            ]
          ]
        ]
      },
      "properties": {
        "ulpin": "191842543195",
        "osm_id": 553385125,
        "state": "West Bengal",
        "state_code": "19",
        "district": "Paschim Medinipur (\u09aa\u09b6\u09cd\u099a\u09bf\u09ae \u09ae\u09c7\u09a6\u09bf\u09a8\u09c0\u09aa\u09c1\u09b0)",
        "district_code": "18",
        "district_lgd": 318,
        "subdivision": "Midnapore Sadar",
        "block_municipality": "Midnapore Municipality",
        "mouza_name": "Medinipur Town",
        "mouza_name_bn": "\u09ae\u09c7\u09a6\u09bf\u09a8\u09c0\u09aa\u09c1\u09b0 \u09b6\u09b9\u09b0",
        "jl_no": 110,
        "khasra_no": "325",
        "dag_no": 325,
        "khatian_no": 525,
        "owner_name": "Indian Institute of Technology (IIT) Kharagpur",
        "owner_name_bn": "\u0986\u0987\u0986\u0987\u099f\u09bf \u0996\u09dc\u0997\u09aa\u09c1\u09b0",
        "ownership_type": "Central Autonomous Institutional",
        "land_classification": "\u09b8\u09b0\u0995\u09be\u09b0\u09bf \u0996\u09be\u09b8 (Sarkari Khas)",
        "legal_area_sqm": 295.91,
        "gis_area_sqm": 299.2,
        "physical_area_sqm": 299.2,
        "area_discrepancy_pct": 1.11,
        "area_bengali": "0 \u09ac\u09bf\u0998\u09be 4 \u0995\u09be\u09a0\u09be 6.8 \u099b\u099f\u09be\u0995",
        "area_english": "0 Bigha 4 Katha 6.8 Chhatak",
        "status": "VERIFIED",
        "cors_datum": "Survey of India KGP1 (Kharagpur) CORS Station",
        "target_crs": "EPSG:7755 / EPSG:4326",
        "survey_source": "OpenStreetMap Real Footprints + Banglarbhumi RoR",
        "confidence_semi_major_m": 0.042,
        "confidence_semi_minor_m": 0.028
      }
    },
    {
      "type": "Feature",
      "id": "west-medinipur-dag-326",
      "geometry": {
        "type": "Polygon",
        "coordinates": [
          [
            [
              87.320703,
              22.421348
            ],
            [
              87.320681,
              22.421362
            ],
            [
              87.320641,
              22.421309
            ],
            [
              87.320766,
              22.421229
            ],
            [
              87.320754,
              22.421214
            ],
            [
              87.320767,
              22.421205
            ],
            [
              87.320735,
              22.421163
            ],
            [
              87.320505,
              22.421311
            ],
            [
              87.320537,
              22.421354
            ],
            [
              87.320563,
              22.421337
            ],
            [
              87.320628,
              22.421424
            ],
            [
              87.320631,
              22.421422
            ],
            [
              87.320649,
              22.421445
            ],
            [
              87.320656,
              22.42144
            ],
            [
              87.32069,
              22.421484
            ],
            [
              87.320734,
              22.421456
            ],
            [
              87.320722,
              22.421439
            ],
            [
              87.320733,
              22.421431
            ],
            [
              87.320762,
              22.421469
            ],
            [
              87.32097,
              22.421335
            ],
            [
              87.320959,
              22.42132
            ],
            [
              87.320974,
              22.421311
            ],
            [
              87.320941,
              22.421267
            ],
            [
              87.32077,
              22.421377
            ],
            [
              87.320727,
              22.42132
            ],
            [
              87.320749,
              22.421306
            ],
            [
              87.320754,
              22.421298
            ],
            [
              87.320755,
              22.421289
            ],
            [
              87.320751,
              22.421281
            ],
            [
              87.320744,
              22.421276
            ],
            [
              87.320735,
              22.421275
            ],
            [
              87.320727,
              22.421277
            ],
            [
              87.320675,
              22.421311
            ],
            [
              87.320703,
              22.421348
            ]
          ]
        ]
      },
      "properties": {
        "ulpin": "191842133207",
        "osm_id": 553388773,
        "state": "West Bengal",
        "state_code": "19",
        "district": "Paschim Medinipur (\u09aa\u09b6\u09cd\u099a\u09bf\u09ae \u09ae\u09c7\u09a6\u09bf\u09a8\u09c0\u09aa\u09c1\u09b0)",
        "district_code": "18",
        "district_lgd": 318,
        "subdivision": "Kharagpur",
        "block_municipality": "Kharagpur Municipality",
        "mouza_name": "Inda / Kharagpur",
        "mouza_name_bn": "\u0987\u09bf\u09a8\u09cd\u09a6\u09be / \u0996\u09dc\u0997\u09aa\u09c1\u09b0",
        "jl_no": 142,
        "khasra_no": "326",
        "dag_no": 326,
        "khatian_no": 526,
        "owner_name": "South Eastern Railway Administration (KGP Division)",
        "owner_name_bn": "\u09a6\u0995\u09cd\u09b7\u09bf\u09a3 \u09aa\u09c2\u09b0\u09cd\u09ac \u09b0\u09c7\u09b2\u0993\u09af\u09bc\u09c7",
        "ownership_type": "Central Govt Infrastructure",
        "land_classification": "\u09b8\u09b0\u0995\u09be\u09b0\u09bf \u0996\u09be\u09b8 (Sarkari Khas)",
        "legal_area_sqm": 653.7,
        "gis_area_sqm": 653.7,
        "physical_area_sqm": 653.7,
        "area_discrepancy_pct": 0.0,
        "area_bengali": "0 \u09ac\u09bf\u0998\u09be 9 \u0995\u09be\u09a0\u09be 12.4 \u099b\u099f\u09be\u0995",
        "area_english": "0 Bigha 9 Katha 12.4 Chhatak",
        "status": "VERIFIED",
        "cors_datum": "Survey of India KGP1 (Kharagpur) CORS Station",
        "target_crs": "EPSG:7755 / EPSG:4326",
        "survey_source": "OpenStreetMap Real Footprints + Banglarbhumi RoR",
        "confidence_semi_major_m": 0.042,
        "confidence_semi_minor_m": 0.028
      }
    },
    {
      "type": "Feature",
      "id": "west-medinipur-dag-327",
      "geometry": {
        "type": "Polygon",
        "coordinates": [
          [
            [
              87.321187,
              22.423726
            ],
            [
              87.321299,
              22.423688
            ],
            [
              87.321184,
              22.423395
            ],
            [
              87.321072,
              22.423433
            ],
            [
              87.321187,
              22.423726
            ]
          ]
        ]
      },
      "properties": {
        "ulpin": "191842353211",
        "osm_id": 553388775,
        "state": "West Bengal",
        "state_code": "19",
        "district": "Paschim Medinipur (\u09aa\u09b6\u09cd\u099a\u09bf\u09ae \u09ae\u09c7\u09a6\u09bf\u09a8\u09c0\u09aa\u09c1\u09b0)",
        "district_code": "18",
        "district_lgd": 318,
        "subdivision": "Kharagpur",
        "block_municipality": "Kharagpur I",
        "mouza_name": "Nimpura Industrial",
        "mouza_name_bn": "\u09a8\u09bf\u09ae\u09aa\u09c1\u09b0\u09be \u09b6\u09bf\u09b2\u09cd\u09aa\u09be\u099e\u09cd\u099a\u09b2",
        "jl_no": 156,
        "khasra_no": "327",
        "dag_no": 327,
        "khatian_no": 527,
        "owner_name": "West Bengal Industrial Development Corporation (WBIDC Nimpura)",
        "owner_name_bn": "\u09b0\u09be\u099c\u09cd\u09af \u09b6\u09bf\u09b2\u09cd\u09aa \u09a8\u09bf\u0997\u09ae",
        "ownership_type": "State Govt Industrial Park",
        "land_classification": "\u0995\u09b2\u0995\u09be\u09b0\u0996\u09be\u09a8\u09be (Karkhana)",
        "legal_area_sqm": 427.75,
        "gis_area_sqm": 423.1,
        "physical_area_sqm": 423.1,
        "area_discrepancy_pct": 1.09,
        "area_bengali": "0 \u09ac\u09bf\u0998\u09be 6 \u0995\u09be\u09a0\u09be 6.3 \u099b\u099f\u09be\u0995",
        "area_english": "0 Bigha 6 Katha 6.3 Chhatak",
        "status": "VERIFIED",
        "cors_datum": "Survey of India KGP1 (Kharagpur) CORS Station",
        "target_crs": "EPSG:7755 / EPSG:4326",
        "survey_source": "OpenStreetMap Real Footprints + Banglarbhumi RoR",
        "confidence_semi_major_m": 0.042,
        "confidence_semi_minor_m": 0.028
      }
    },
    {
      "type": "Feature",
      "id": "west-medinipur-dag-328",
      "geometry": {
        "type": "Polygon",
        "coordinates": [
          [
            [
              87.32193,
              22.420021
            ],
            [
              87.321555,
              22.42012
            ],
            [
              87.321533,
              22.420001
            ],
            [
              87.321576,
              22.419986
            ],
            [
              87.321528,
              22.419763
            ],
            [
              87.321812,
              22.419679
            ],
            [
              87.321871,
              22.419748
            ],
            [
              87.322,
              22.419704
            ],
            [
              87.32208,
              22.420001
            ],
            [
              87.32193,
              22.420021
            ]
          ]
        ]
      },
      "properties": {
        "ulpin": "191841993217",
        "osm_id": 553388776,
        "state": "West Bengal",
        "state_code": "19",
        "district": "Paschim Medinipur (\u09aa\u09b6\u09cd\u099a\u09bf\u09ae \u09ae\u09c7\u09a6\u09bf\u09a8\u09c0\u09aa\u09c1\u09b0)",
        "district_code": "18",
        "district_lgd": 318,
        "subdivision": "Kharagpur",
        "block_municipality": "Kharagpur I",
        "mouza_name": "Hijli Institutional",
        "mouza_name_bn": "\u09b9\u09bf\u099c\u09b2\u09bf / \u0986\u0987\u0986\u0987\u099f\u09bf",
        "jl_no": 165,
        "khasra_no": "328",
        "dag_no": 328,
        "khatian_no": 528,
        "owner_name": "Midnapore District Collectorate & Court Estate",
        "owner_name_bn": "\u09ae\u09c7\u09a6\u09bf\u09a8\u09c0\u09aa\u09c1\u09b0 \u099c\u09c7\u09b2\u09be \u09aa\u09cd\u09b0\u09b6\u09be\u09b8\u09a8",
        "ownership_type": "District Administrative Estate",
        "land_classification": "\u09b8\u09b0\u0995\u09be\u09b0\u09bf \u0996\u09be\u09b8 (Sarkari Khas)",
        "legal_area_sqm": 1884.48,
        "gis_area_sqm": 1899.68,
        "physical_area_sqm": 1899.68,
        "area_discrepancy_pct": 0.81,
        "area_bengali": "1 \u09ac\u09bf\u0998\u09be 8 \u0995\u09be\u09a0\u09be 2.8 \u099b\u099f\u09be\u0995",
        "area_english": "1 Bigha 8 Katha 2.8 Chhatak",
        "status": "VERIFIED",
        "cors_datum": "Survey of India KGP1 (Kharagpur) CORS Station",
        "target_crs": "EPSG:7755 / EPSG:4326",
        "survey_source": "OpenStreetMap Real Footprints + Banglarbhumi RoR",
        "confidence_semi_major_m": 0.042,
        "confidence_semi_minor_m": 0.028
      }
    },
    {
      "type": "Feature",
      "id": "west-medinipur-dag-329",
      "geometry": {
        "type": "Polygon",
        "coordinates": [
          [
            [
              87.32056,
              22.424709
            ],
            [
              87.320568,
              22.424734
            ],
            [
              87.320621,
              22.424717
            ],
            [
              87.320643,
              22.424779
            ],
            [
              87.320597,
              22.424786
            ],
            [
              87.320624,
              22.424836
            ],
            [
              87.320592,
              22.424851
            ],
            [
              87.320557,
              22.424838
            ],
            [
              87.320509,
              22.424727
            ],
            [
              87.32056,
              22.424709
            ]
          ]
        ]
      },
      "properties": {
        "ulpin": "191842473205",
        "osm_id": 553388779,
        "state": "West Bengal",
        "state_code": "19",
        "district": "Paschim Medinipur (\u09aa\u09b6\u09cd\u099a\u09bf\u09ae \u09ae\u09c7\u09a6\u09bf\u09a8\u09c0\u09aa\u09c1\u09b0)",
        "district_code": "18",
        "district_lgd": 318,
        "subdivision": "Midnapore Sadar",
        "block_municipality": "Midnapore Municipality",
        "mouza_name": "Medinipur Town",
        "mouza_name_bn": "\u09ae\u09c7\u09a6\u09bf\u09a8\u09c0\u09aa\u09c1\u09b0 \u09b6\u09b9\u09b0",
        "jl_no": 110,
        "khasra_no": "329",
        "dag_no": 329,
        "khatian_no": 529,
        "owner_name": "Tata Metaliks Limited (Kharagpur Plant)",
        "owner_name_bn": "\u099f\u09be\u099f\u09be \u09ae\u09c7\u099f\u09be\u09b2\u09bf\u0995\u09cd\u09b8 \u09b2\u09bf\u09ae\u09bf\u099f\u09c7\u09a1",
        "ownership_type": "Corporate Heavy Industrial",
        "land_classification": "\u0995\u09b2\u0995\u09be\u09b0\u0996\u09be\u09a8\u09be (Karkhana)",
        "legal_area_sqm": 124.5,
        "gis_area_sqm": 124.13,
        "physical_area_sqm": 124.13,
        "area_discrepancy_pct": 0.3,
        "area_bengali": "0 \u09ac\u09bf\u0998\u09be 1 \u0995\u09be\u09a0\u09be 13.8 \u099b\u099f\u09be\u0995",
        "area_english": "0 Bigha 1 Katha 13.8 Chhatak",
        "status": "VERIFIED",
        "cors_datum": "Survey of India KGP1 (Kharagpur) CORS Station",
        "target_crs": "EPSG:7755 / EPSG:4326",
        "survey_source": "OpenStreetMap Real Footprints + Banglarbhumi RoR",
        "confidence_semi_major_m": 0.042,
        "confidence_semi_minor_m": 0.028
      }
    },
    {
      "type": "Feature",
      "id": "west-medinipur-dag-330",
      "geometry": {
        "type": "Polygon",
        "coordinates": [
          [
            [
              87.321442,
              22.421164
            ],
            [
              87.321426,
              22.421238
            ],
            [
              87.321493,
              22.421251
            ],
            [
              87.321603,
              22.42129
            ],
            [
              87.32171,
              22.421156
            ],
            [
              87.321638,
              22.421122
            ],
            [
              87.321622,
              22.421164
            ],
            [
              87.32159,
              22.421152
            ],
            [
              87.321566,
              22.421216
            ],
            [
              87.321531,
              22.421216
            ],
            [
              87.321539,
              22.421179
            ],
            [
              87.321442,
              22.421164
            ]
          ]
        ]
      },
      "properties": {
        "ulpin": "191842113215",
        "osm_id": 553388780,
        "state": "West Bengal",
        "state_code": "19",
        "district": "Paschim Medinipur (\u09aa\u09b6\u09cd\u099a\u09bf\u09ae \u09ae\u09c7\u09a6\u09bf\u09a8\u09c0\u09aa\u09c1\u09b0)",
        "district_code": "18",
        "district_lgd": 318,
        "subdivision": "Kharagpur",
        "block_municipality": "Kharagpur Municipality",
        "mouza_name": "Inda / Kharagpur",
        "mouza_name_bn": "\u0987\u09bf\u09a8\u09cd\u09a6\u09be / \u0996\u09dc\u0997\u09aa\u09c1\u09b0",
        "jl_no": 142,
        "khasra_no": "330",
        "dag_no": 330,
        "khatian_no": 530,
        "owner_name": "Midnapore College (Autonomous)",
        "owner_name_bn": "\u09ae\u09c7\u09a6\u09bf\u09a8\u09c0\u09aa\u09c1\u09b0 \u0995\u09b2\u09c7\u099c",
        "ownership_type": "Higher Educational Institution",
        "land_classification": "\u09ac\u09be\u09b8\u09cd\u09a4\u09c1 (Bastu)",
        "legal_area_sqm": 258.42,
        "gis_area_sqm": 254.85,
        "physical_area_sqm": 254.85,
        "area_discrepancy_pct": 1.38,
        "area_bengali": "0 \u09ac\u09bf\u0998\u09be 3 \u0995\u09be\u09a0\u09be 13.8 \u099b\u099f\u09be\u0995",
        "area_english": "0 Bigha 3 Katha 13.8 Chhatak",
        "status": "VERIFIED",
        "cors_datum": "Survey of India KGP1 (Kharagpur) CORS Station",
        "target_crs": "EPSG:7755 / EPSG:4326",
        "survey_source": "OpenStreetMap Real Footprints + Banglarbhumi RoR",
        "confidence_semi_major_m": 0.042,
        "confidence_semi_minor_m": 0.028
      }
    },
    {
      "type": "Feature",
      "id": "west-medinipur-dag-331",
      "geometry": {
        "type": "Polygon",
        "coordinates": [
          [
            [
              87.321423,
              22.421714
            ],
            [
              87.321509,
              22.421717
            ],
            [
              87.321533,
              22.421605
            ],
            [
              87.321614,
              22.421613
            ],
            [
              87.321617,
              22.421563
            ],
            [
              87.321445,
              22.421551
            ],
            [
              87.321445,
              22.421591
            ],
            [
              87.321418,
              22.421591
            ],
            [
              87.321415,
              22.421615
            ],
            [
              87.321437,
              22.42162
            ],
            [
              87.321423,
              22.421714
            ]
          ]
        ]
      },
      "properties": {
        "ulpin": "191842163214",
        "osm_id": 553388783,
        "state": "West Bengal",
        "state_code": "19",
        "district": "Paschim Medinipur (\u09aa\u09b6\u09cd\u099a\u09bf\u09ae \u09ae\u09c7\u09a6\u09bf\u09a8\u09c0\u09aa\u09c1\u09b0)",
        "district_code": "18",
        "district_lgd": 318,
        "subdivision": "Kharagpur",
        "block_municipality": "Kharagpur I",
        "mouza_name": "Nimpura Industrial",
        "mouza_name_bn": "\u09a8\u09bf\u09ae\u09aa\u09c1\u09b0\u09be \u09b6\u09bf\u09b2\u09cd\u09aa\u09be\u099e\u09cd\u099a\u09b2",
        "jl_no": 156,
        "khasra_no": "331",
        "dag_no": 331,
        "khatian_no": 531,
        "owner_name": "Vidyasagar University Campus Trust",
        "owner_name_bn": "\u09ac\u09bf\u09a6\u09cd\u09af\u09be\u09b8\u09be\u0997\u09b0 \u09ac\u09bf\u09b6\u09cd\u09ac\u09ac\u09bf\u09a6\u09cd\u09af\u09be\u09b2\u09af\u09bc",
        "ownership_type": "University Institutional",
        "land_classification": "\u09b8\u09b0\u0995\u09be\u09b0\u09bf \u0996\u09be\u09b8 (Sarkari Khas)",
        "legal_area_sqm": 216.99,
        "gis_area_sqm": 218.08,
        "physical_area_sqm": 218.08,
        "area_discrepancy_pct": 0.5,
        "area_bengali": "0 \u09ac\u09bf\u0998\u09be 3 \u0995\u09be\u09a0\u09be 3.9 \u099b\u099f\u09be\u0995",
        "area_english": "0 Bigha 3 Katha 3.9 Chhatak",
        "status": "VERIFIED",
        "cors_datum": "Survey of India KGP1 (Kharagpur) CORS Station",
        "target_crs": "EPSG:7755 / EPSG:4326",
        "survey_source": "OpenStreetMap Real Footprints + Banglarbhumi RoR",
        "confidence_semi_major_m": 0.042,
        "confidence_semi_minor_m": 0.028
      }
    },
    {
      "type": "Feature",
      "id": "west-medinipur-dag-332",
      "geometry": {
        "type": "Polygon",
        "coordinates": [
          [
            [
              87.32134,
              22.421382
            ],
            [
              87.321321,
              22.421459
            ],
            [
              87.321434,
              22.421481
            ],
            [
              87.32149,
              22.42129
            ],
            [
              87.321418,
              22.421276
            ],
            [
              87.321381,
              22.421392
            ],
            [
              87.32134,
              22.421382
            ]
          ]
        ]
      },
      "properties": {
        "ulpin": "191842133213",
        "osm_id": 553388786,
        "state": "West Bengal",
        "state_code": "19",
        "district": "Paschim Medinipur (\u09aa\u09b6\u09cd\u099a\u09bf\u09ae \u09ae\u09c7\u09a6\u09bf\u09a8\u09c0\u09aa\u09c1\u09b0)",
        "district_code": "18",
        "district_lgd": 318,
        "subdivision": "Kharagpur",
        "block_municipality": "Kharagpur I",
        "mouza_name": "Hijli Institutional",
        "mouza_name_bn": "\u09b9\u09bf\u099c\u09b2\u09bf / \u0986\u0987\u0986\u0987\u099f\u09bf",
        "jl_no": 165,
        "khasra_no": "332",
        "dag_no": 332,
        "khatian_no": 532,
        "owner_name": "Debasis Mahapatra & Brothers",
        "owner_name_bn": "\u09ac\u09cd\u09af\u0995\u09cd\u09a4\u09bf\u0997\u09a4 \u09b0\u09be\u09af\u09bc\u09a4",
        "ownership_type": "Private Freehold Ryot",
        "land_classification": "\u09ac\u09be\u09b8\u09cd\u09a4\u09c1 (Bastu)",
        "legal_area_sqm": 207.27,
        "gis_area_sqm": 206.03,
        "physical_area_sqm": 206.03,
        "area_discrepancy_pct": 0.6,
        "area_bengali": "0 \u09ac\u09bf\u0998\u09be 3 \u0995\u09be\u09a0\u09be 1.6 \u099b\u099f\u09be\u0995",
        "area_english": "0 Bigha 3 Katha 1.6 Chhatak",
        "status": "VERIFIED",
        "cors_datum": "Survey of India KGP1 (Kharagpur) CORS Station",
        "target_crs": "EPSG:7755 / EPSG:4326",
        "survey_source": "OpenStreetMap Real Footprints + Banglarbhumi RoR",
        "confidence_semi_major_m": 0.042,
        "confidence_semi_minor_m": 0.028
      }
    },
    {
      "type": "Feature",
      "id": "west-medinipur-dag-333",
      "geometry": {
        "type": "Polygon",
        "coordinates": [
          [
            [
              87.322671,
              22.419391
            ],
            [
              87.322461,
              22.420061
            ],
            [
              87.322794,
              22.42014
            ],
            [
              87.322982,
              22.419476
            ],
            [
              87.322858,
              22.419396
            ],
            [
              87.322671,
              22.419391
            ]
          ]
        ]
      },
      "properties": {
        "ulpin": "191841963227",
        "osm_id": 553388789,
        "state": "West Bengal",
        "state_code": "19",
        "district": "Paschim Medinipur (\u09aa\u09b6\u09cd\u099a\u09bf\u09ae \u09ae\u09c7\u09a6\u09bf\u09a8\u09c0\u09aa\u09c1\u09b0)",
        "district_code": "18",
        "district_lgd": 318,
        "subdivision": "Midnapore Sadar",
        "block_municipality": "Midnapore Municipality",
        "mouza_name": "Medinipur Town",
        "mouza_name_bn": "\u09ae\u09c7\u09a6\u09bf\u09a8\u09c0\u09aa\u09c1\u09b0 \u09b6\u09b9\u09b0",
        "jl_no": 110,
        "khasra_no": "333",
        "dag_no": 333,
        "khatian_no": 533,
        "owner_name": "Satyaranjan Sasmal & Sons",
        "owner_name_bn": "\u0995\u09c3\u09b7\u09bf \u09b0\u09be\u09af\u09bc\u09a4",
        "ownership_type": "Agricultural Paddy Farmer",
        "land_classification": "\u09a7\u09be\u09a8\u09c0 (Dhani)",
        "legal_area_sqm": 2675.72,
        "gis_area_sqm": 2710.96,
        "physical_area_sqm": 2710.96,
        "area_discrepancy_pct": 1.32,
        "area_bengali": "2 \u09ac\u09bf\u0998\u09be 0 \u0995\u09be\u09a0\u09be 0.0 \u099b\u099f\u09be\u0995",
        "area_english": "2 Bigha 0 Katha 0.0 Chhatak",
        "status": "VERIFIED",
        "cors_datum": "Survey of India KGP1 (Kharagpur) CORS Station",
        "target_crs": "EPSG:7755 / EPSG:4326",
        "survey_source": "OpenStreetMap Real Footprints + Banglarbhumi RoR",
        "confidence_semi_major_m": 0.042,
        "confidence_semi_minor_m": 0.028
      }
    },
    {
      "type": "Feature",
      "id": "west-medinipur-dag-334",
      "geometry": {
        "type": "Polygon",
        "coordinates": [
          [
            [
              87.320477,
              22.420368
            ],
            [
              87.320353,
              22.420418
            ],
            [
              87.320455,
              22.420611
            ],
            [
              87.32053,
              22.420566
            ],
            [
              87.320595,
              22.420537
            ],
            [
              87.320621,
              22.420571
            ],
            [
              87.320707,
              22.420512
            ],
            [
              87.32068,
              22.420452
            ],
            [
              87.320627,
              22.420457
            ],
            [
              87.320605,
              22.420378
            ],
            [
              87.320616,
              22.420338
            ],
            [
              87.3206,
              22.420294
            ],
            [
              87.320552,
              22.420304
            ],
            [
              87.320477,
              22.420289
            ],
            [
              87.320477,
              22.420368
            ]
          ]
        ]
      },
      "properties": {
        "ulpin": "191842043205",
        "osm_id": 553388791,
        "state": "West Bengal",
        "state_code": "19",
        "district": "Paschim Medinipur (\u09aa\u09b6\u09cd\u099a\u09bf\u09ae \u09ae\u09c7\u09a6\u09bf\u09a8\u09c0\u09aa\u09c1\u09b0)",
        "district_code": "18",
        "district_lgd": 318,
        "subdivision": "Kharagpur",
        "block_municipality": "Kharagpur Municipality",
        "mouza_name": "Inda / Kharagpur",
        "mouza_name_bn": "\u0987\u09bf\u09a8\u09cd\u09a6\u09be / \u0996\u09dc\u0997\u09aa\u09c1\u09b0",
        "jl_no": 142,
        "khasra_no": "334",
        "dag_no": 334,
        "khatian_no": 534,
        "owner_name": "Pravat Kumar Ghosh",
        "owner_name_bn": "\u09ac\u09be\u09a3\u09bf\u099c\u09cd\u09af\u09bf\u0995 \u09a6\u09cb\u0995\u09be\u09a8",
        "ownership_type": "Commercial Hardware Enterprise",
        "land_classification": "\u09a1\u09be\u0999\u09cd\u0997\u09be (Danga)",
        "legal_area_sqm": 689.39,
        "gis_area_sqm": 690.77,
        "physical_area_sqm": 690.77,
        "area_discrepancy_pct": 0.2,
        "area_bengali": "0 \u09ac\u09bf\u0998\u09be 10 \u0995\u09be\u09a0\u09be 4.9 \u099b\u099f\u09be\u0995",
        "area_english": "0 Bigha 10 Katha 4.9 Chhatak",
        "status": "VERIFIED",
        "cors_datum": "Survey of India KGP1 (Kharagpur) CORS Station",
        "target_crs": "EPSG:7755 / EPSG:4326",
        "survey_source": "OpenStreetMap Real Footprints + Banglarbhumi RoR",
        "confidence_semi_major_m": 0.042,
        "confidence_semi_minor_m": 0.028
      }
    },
    {
      "type": "Feature",
      "id": "west-medinipur-dag-335",
      "geometry": {
        "type": "Polygon",
        "coordinates": [
          [
            [
              87.319777,
              22.425158
            ],
            [
              87.319806,
              22.425248
            ],
            [
              87.319895,
              22.42522
            ],
            [
              87.319873,
              22.425119
            ],
            [
              87.319777,
              22.425158
            ]
          ]
        ]
      },
      "properties": {
        "ulpin": "191842513198",
        "osm_id": 553388792,
        "state": "West Bengal",
        "state_code": "19",
        "district": "Paschim Medinipur (\u09aa\u09b6\u09cd\u099a\u09bf\u09ae \u09ae\u09c7\u09a6\u09bf\u09a8\u09c0\u09aa\u09c1\u09b0)",
        "district_code": "18",
        "district_lgd": 318,
        "subdivision": "Kharagpur",
        "block_municipality": "Kharagpur I",
        "mouza_name": "Nimpura Industrial",
        "mouza_name_bn": "\u09a8\u09bf\u09ae\u09aa\u09c1\u09b0\u09be \u09b6\u09bf\u09b2\u09cd\u09aa\u09be\u099e\u09cd\u099a\u09b2",
        "jl_no": 156,
        "khasra_no": "335",
        "dag_no": 335,
        "khatian_no": 535,
        "owner_name": "Bhabani Prasad Samanta",
        "owner_name_bn": "\u09aa\u09c8\u09a4\u09c3\u0995 \u09ac\u09be\u09b8\u09cd\u09a4\u09c1",
        "ownership_type": "Hereditary Homestead Ryot",
        "land_classification": "\u09ac\u09be\u09b8\u09cd\u09a4\u09c1 (Bastu)",
        "legal_area_sqm": 111.22,
        "gis_area_sqm": 110.23,
        "physical_area_sqm": 110.23,
        "area_discrepancy_pct": 0.89,
        "area_bengali": "0 \u09ac\u09bf\u0998\u09be 1 \u0995\u09be\u09a0\u09be 10.6 \u099b\u099f\u09be\u0995",
        "area_english": "0 Bigha 1 Katha 10.6 Chhatak",
        "status": "VERIFIED",
        "cors_datum": "Survey of India KGP1 (Kharagpur) CORS Station",
        "target_crs": "EPSG:7755 / EPSG:4326",
        "survey_source": "OpenStreetMap Real Footprints + Banglarbhumi RoR",
        "confidence_semi_major_m": 0.042,
        "confidence_semi_minor_m": 0.028
      }
    },
    {
      "type": "Feature",
      "id": "west-medinipur-dag-336",
      "geometry": {
        "type": "Polygon",
        "coordinates": [
          [
            [
              87.324055,
              22.339695
            ],
            [
              87.324152,
              22.339301
            ],
            [
              87.325507,
              22.339602
            ],
            [
              87.325501,
              22.339666
            ],
            [
              87.325657,
              22.339656
            ],
            [
              87.325525,
              22.340094
            ],
            [
              87.324783,
              22.339923
            ],
            [
              87.324511,
              22.339873
            ],
            [
              87.32419,
              22.339774
            ],
            [
              87.324055,
              22.339695
            ]
          ]
        ]
      },
      "properties": {
        "ulpin": "191833973247",
        "osm_id": 602376222,
        "state": "West Bengal",
        "state_code": "19",
        "district": "Paschim Medinipur (\u09aa\u09b6\u09cd\u099a\u09bf\u09ae \u09ae\u09c7\u09a6\u09bf\u09a8\u09c0\u09aa\u09c1\u09b0)",
        "district_code": "18",
        "district_lgd": 318,
        "subdivision": "Kharagpur",
        "block_municipality": "Kharagpur I",
        "mouza_name": "Hijli Institutional",
        "mouza_name_bn": "\u09b9\u09bf\u099c\u09b2\u09bf / \u0986\u0987\u0986\u0987\u099f\u09bf",
        "jl_no": 165,
        "khasra_no": "336",
        "dag_no": 336,
        "khatian_no": 536,
        "owner_name": "Kharagpur Junction",
        "owner_name_bn": "\u09ac\u09cd\u09af\u0995\u09cd\u09a4\u09bf\u0997\u09a4 \u09ac\u09be\u09b8\u09cd\u09a4\u09c1",
        "ownership_type": "Private Homestead",
        "land_classification": "\u09ac\u09be\u09b8\u09cd\u09a4\u09c1 (Bastu)",
        "legal_area_sqm": 8022.01,
        "gis_area_sqm": 8103.04,
        "physical_area_sqm": 8103.04,
        "area_discrepancy_pct": 1.01,
        "area_bengali": "5 \u09ac\u09bf\u0998\u09be 19 \u0995\u09be\u09a0\u09be 14.8 \u099b\u099f\u09be\u0995",
        "area_english": "5 Bigha 19 Katha 14.8 Chhatak",
        "status": "VERIFIED",
        "cors_datum": "Survey of India KGP1 (Kharagpur) CORS Station",
        "target_crs": "EPSG:7755 / EPSG:4326",
        "survey_source": "OpenStreetMap Real Footprints + Banglarbhumi RoR",
        "confidence_semi_major_m": 0.042,
        "confidence_semi_minor_m": 0.028
      }
    },
    {
      "type": "Feature",
      "id": "west-medinipur-dag-337",
      "geometry": {
        "type": "Polygon",
        "coordinates": [
          [
            [
              87.321504,
              22.421954
            ],
            [
              87.321481,
              22.421964
            ],
            [
              87.321499,
              22.422001
            ],
            [
              87.321491,
              22.422005
            ],
            [
              87.321488,
              22.422013
            ],
            [
              87.32149,
              22.422021
            ],
            [
              87.321496,
              22.422025
            ],
            [
              87.321503,
              22.422027
            ],
            [
              87.32151,
              22.422024
            ],
            [
              87.321529,
              22.422063
            ],
            [
              87.321553,
              22.422054
            ],
            [
              87.321504,
              22.421954
            ]
          ]
        ]
      },
      "properties": {
        "ulpin": "191842203215",
        "osm_id": 609809036,
        "state": "West Bengal",
        "state_code": "19",
        "district": "Paschim Medinipur (\u09aa\u09b6\u09cd\u099a\u09bf\u09ae \u09ae\u09c7\u09a6\u09bf\u09a8\u09c0\u09aa\u09c1\u09b0)",
        "district_code": "18",
        "district_lgd": 318,
        "subdivision": "Midnapore Sadar",
        "block_municipality": "Midnapore Municipality",
        "mouza_name": "Medinipur Town",
        "mouza_name_bn": "\u09ae\u09c7\u09a6\u09bf\u09a8\u09c0\u09aa\u09c1\u09b0 \u09b6\u09b9\u09b0",
        "jl_no": 110,
        "khasra_no": "337",
        "dag_no": 337,
        "khatian_no": 537,
        "owner_name": "Rashbehari Pradhan & Co-sharers",
        "owner_name_bn": "\u09af\u09cc\u09a5 \u0996\u09a4\u09bf\u09af\u09bc\u09be\u09a8",
        "ownership_type": "Joint Agricultural Estate",
        "land_classification": "\u09a7\u09be\u09a8\u09c0 (Dhani)",
        "legal_area_sqm": 35.81,
        "gis_area_sqm": 35.77,
        "physical_area_sqm": 35.77,
        "area_discrepancy_pct": 0.11,
        "area_bengali": "0 \u09ac\u09bf\u0998\u09be 0 \u0995\u09be\u09a0\u09be 8.6 \u099b\u099f\u09be\u0995",
        "area_english": "0 Bigha 0 Katha 8.6 Chhatak",
        "status": "VERIFIED",
        "cors_datum": "Survey of India KGP1 (Kharagpur) CORS Station",
        "target_crs": "EPSG:7755 / EPSG:4326",
        "survey_source": "OpenStreetMap Real Footprints + Banglarbhumi RoR",
        "confidence_semi_major_m": 0.042,
        "confidence_semi_minor_m": 0.028
      }
    },
    {
      "type": "Feature",
      "id": "west-medinipur-dag-338",
      "geometry": {
        "type": "Polygon",
        "coordinates": [
          [
            [
              87.309932,
              22.338079
            ],
            [
              87.309889,
              22.33784
            ],
            [
              87.310108,
              22.337815
            ],
            [
              87.310097,
              22.337751
            ],
            [
              87.310166,
              22.337744
            ],
            [
              87.310224,
              22.338043
            ],
            [
              87.309932,
              22.338079
            ]
          ]
        ]
      },
      "properties": {
        "ulpin": "191833793100",
        "osm_id": 644343916,
        "state": "West Bengal",
        "state_code": "19",
        "district": "Paschim Medinipur (\u09aa\u09b6\u09cd\u099a\u09bf\u09ae \u09ae\u09c7\u09a6\u09bf\u09a8\u09c0\u09aa\u09c1\u09b0)",
        "district_code": "18",
        "district_lgd": 318,
        "subdivision": "Kharagpur",
        "block_municipality": "Kharagpur Municipality",
        "mouza_name": "Inda / Kharagpur",
        "mouza_name_bn": "\u0987\u09bf\u09a8\u09cd\u09a6\u09be / \u0996\u09dc\u0997\u09aa\u09c1\u09b0",
        "jl_no": 142,
        "khasra_no": "338",
        "dag_no": 338,
        "khatian_no": 538,
        "owner_name": "Kharagpur police Station",
        "owner_name_bn": "\u099c\u09c7\u09b2\u09be \u09aa\u09b0\u09bf\u09b7\u09a6",
        "ownership_type": "Panchayati Raj Civic Asset",
        "land_classification": "\u09b8\u09b0\u0995\u09be\u09b0\u09bf \u0996\u09be\u09b8 (Sarkari Khas)",
        "legal_area_sqm": 864.29,
        "gis_area_sqm": 854.04,
        "physical_area_sqm": 854.04,
        "area_discrepancy_pct": 1.19,
        "area_bengali": "0 \u09ac\u09bf\u0998\u09be 12 \u0995\u09be\u09a0\u09be 14.7 \u099b\u099f\u09be\u0995",
        "area_english": "0 Bigha 12 Katha 14.7 Chhatak",
        "status": "VERIFIED",
        "cors_datum": "Survey of India KGP1 (Kharagpur) CORS Station",
        "target_crs": "EPSG:7755 / EPSG:4326",
        "survey_source": "OpenStreetMap Real Footprints + Banglarbhumi RoR",
        "confidence_semi_major_m": 0.042,
        "confidence_semi_minor_m": 0.028
      }
    },
    {
      "type": "Feature",
      "id": "west-medinipur-dag-339",
      "geometry": {
        "type": "Polygon",
        "coordinates": [
          [
            [
              87.316664,
              22.337026
            ],
            [
              87.316614,
              22.337126
            ],
            [
              87.316541,
              22.337094
            ],
            [
              87.316199,
              22.337782
            ],
            [
              87.316851,
              22.33806
            ],
            [
              87.31703,
              22.337699
            ],
            [
              87.317517,
              22.337906
            ],
            [
              87.31768,
              22.337579
            ],
            [
              87.317729,
              22.33748
            ],
            [
              87.316664,
              22.337026
            ]
          ]
        ]
      },
      "properties": {
        "ulpin": "191833743169",
        "osm_id": 644343921,
        "state": "West Bengal",
        "state_code": "19",
        "district": "Paschim Medinipur (\u09aa\u09b6\u09cd\u099a\u09bf\u09ae \u09ae\u09c7\u09a6\u09bf\u09a8\u09c0\u09aa\u09c1\u09b0)",
        "district_code": "18",
        "district_lgd": 318,
        "subdivision": "Kharagpur",
        "block_municipality": "Kharagpur I",
        "mouza_name": "Nimpura Industrial",
        "mouza_name_bn": "\u09a8\u09bf\u09ae\u09aa\u09c1\u09b0\u09be \u09b6\u09bf\u09b2\u09cd\u09aa\u09be\u099e\u09cd\u099a\u09b2",
        "jl_no": 156,
        "khasra_no": "339",
        "dag_no": 339,
        "khatian_no": 539,
        "owner_name": "Diesel Loco Shed",
        "owner_name_bn": "\u0986\u0987\u0986\u0987\u099f\u09bf \u0996\u09dc\u0997\u09aa\u09c1\u09b0",
        "ownership_type": "Central Autonomous Institutional",
        "land_classification": "\u09b8\u09b0\u0995\u09be\u09b0\u09bf \u0996\u09be\u09b8 (Sarkari Khas)",
        "legal_area_sqm": 9769.09,
        "gis_area_sqm": 9837.96,
        "physical_area_sqm": 9837.96,
        "area_discrepancy_pct": 0.7,
        "area_bengali": "7 \u09ac\u09bf\u0998\u09be 6 \u0995\u09be\u09a0\u09be 0.7 \u099b\u099f\u09be\u0995",
        "area_english": "7 Bigha 6 Katha 0.7 Chhatak",
        "status": "VERIFIED",
        "cors_datum": "Survey of India KGP1 (Kharagpur) CORS Station",
        "target_crs": "EPSG:7755 / EPSG:4326",
        "survey_source": "OpenStreetMap Real Footprints + Banglarbhumi RoR",
        "confidence_semi_major_m": 0.042,
        "confidence_semi_minor_m": 0.028
      }
    },
    {
      "type": "Feature",
      "id": "west-medinipur-dag-340",
      "geometry": {
        "type": "Polygon",
        "coordinates": [
          [
            [
              87.326665,
              22.343613
            ],
            [
              87.32677,
              22.343192
            ],
            [
              87.326746,
              22.343124
            ],
            [
              87.326262,
              22.343038
            ],
            [
              87.326283,
              22.342876
            ],
            [
              87.326844,
              22.342982
            ],
            [
              87.326949,
              22.343169
            ],
            [
              87.326831,
              22.343647
            ],
            [
              87.326665,
              22.343613
            ]
          ]
        ]
      },
      "properties": {
        "ulpin": "191834323266",
        "osm_id": 644343922,
        "state": "West Bengal",
        "state_code": "19",
        "district": "Paschim Medinipur (\u09aa\u09b6\u09cd\u099a\u09bf\u09ae \u09ae\u09c7\u09a6\u09bf\u09a8\u09c0\u09aa\u09c1\u09b0)",
        "district_code": "18",
        "district_lgd": 318,
        "subdivision": "Kharagpur",
        "block_municipality": "Kharagpur I",
        "mouza_name": "Hijli Institutional",
        "mouza_name_bn": "\u09b9\u09bf\u099c\u09b2\u09bf / \u0986\u0987\u0986\u0987\u099f\u09bf",
        "jl_no": 165,
        "khasra_no": "340",
        "dag_no": 340,
        "khatian_no": 540,
        "owner_name": "Sub DIvision Office Kharagpur",
        "owner_name_bn": "\u09a6\u0995\u09cd\u09b7\u09bf\u09a3 \u09aa\u09c2\u09b0\u09cd\u09ac \u09b0\u09c7\u09b2\u0993\u09af\u09bc\u09c7",
        "ownership_type": "Central Govt Infrastructure",
        "land_classification": "\u09b8\u09b0\u0995\u09be\u09b0\u09bf \u0996\u09be\u09b8 (Sarkari Khas)",
        "legal_area_sqm": 2127.81,
        "gis_area_sqm": 2119.33,
        "physical_area_sqm": 2119.33,
        "area_discrepancy_pct": 0.4,
        "area_bengali": "1 \u09ac\u09bf\u0998\u09be 11 \u0995\u09be\u09a0\u09be 13.0 \u099b\u099f\u09be\u0995",
        "area_english": "1 Bigha 11 Katha 13.0 Chhatak",
        "status": "VERIFIED",
        "cors_datum": "Survey of India KGP1 (Kharagpur) CORS Station",
        "target_crs": "EPSG:7755 / EPSG:4326",
        "survey_source": "OpenStreetMap Real Footprints + Banglarbhumi RoR",
        "confidence_semi_major_m": 0.042,
        "confidence_semi_minor_m": 0.028
      }
    },
    {
      "type": "Feature",
      "id": "west-medinipur-dag-341",
      "geometry": {
        "type": "Polygon",
        "coordinates": [
          [
            [
              87.271957,
              22.352457
            ],
            [
              87.273803,
              22.359324
            ],
            [
              87.276399,
              22.359085
            ],
            [
              87.278073,
              22.364126
            ],
            [
              87.281399,
              22.363788
            ],
            [
              87.282343,
              22.365277
            ],
            [
              87.282751,
              22.365277
            ],
            [
              87.282944,
              22.365952
            ],
            [
              87.284575,
              22.365753
            ],
            [
              87.286742,
              22.364245
            ],
            [
              87.287064,
              22.363253
            ],
            [
              87.287879,
              22.363253
            ],
            [
              87.290497,
              22.364265
            ],
            [
              87.292836,
              22.365356
            ],
            [
              87.295196,
              22.366785
            ],
            [
              87.294638,
              22.363848
            ],
            [
              87.293866,
              22.362399
            ],
            [
              87.292385,
              22.361189
            ],
            [
              87.286677,
              22.358669
            ],
            [
              87.271957,
              22.352457
            ]
          ]
        ]
      },
      "properties": {
        "ulpin": "191836232846",
        "osm_id": 660770246,
        "state": "West Bengal",
        "state_code": "19",
        "district": "Paschim Medinipur (\u09aa\u09b6\u09cd\u099a\u09bf\u09ae \u09ae\u09c7\u09a6\u09bf\u09a8\u09c0\u09aa\u09c1\u09b0)",
        "district_code": "18",
        "district_lgd": 318,
        "subdivision": "Midnapore Sadar",
        "block_municipality": "Midnapore Municipality",
        "mouza_name": "Medinipur Town",
        "mouza_name_bn": "\u09ae\u09c7\u09a6\u09bf\u09a8\u09c0\u09aa\u09c1\u09b0 \u09b6\u09b9\u09b0",
        "jl_no": 110,
        "khasra_no": "341",
        "dag_no": 341,
        "khatian_no": 541,
        "owner_name": "West Bengal Industrial Development Corporation (WBIDC Nimpura)",
        "owner_name_bn": "\u09b0\u09be\u099c\u09cd\u09af \u09b6\u09bf\u09b2\u09cd\u09aa \u09a8\u09bf\u0997\u09ae",
        "ownership_type": "State Govt Industrial Park",
        "land_classification": "\u0995\u09b2\u0995\u09be\u09b0\u0996\u09be\u09a8\u09be (Karkhana)",
        "legal_area_sqm": 1468745.84,
        "gis_area_sqm": 1491112.53,
        "physical_area_sqm": 1491112.53,
        "area_discrepancy_pct": 1.52,
        "area_bengali": "1097 \u09ac\u09bf\u0998\u09be 17 \u0995\u09be\u09a0\u09be 8.5 \u099b\u099f\u09be\u0995",
        "area_english": "1097 Bigha 17 Katha 8.5 Chhatak",
        "status": "ADJUDICATED",
        "cors_datum": "Survey of India KGP1 (Kharagpur) CORS Station",
        "target_crs": "EPSG:7755 / EPSG:4326",
        "survey_source": "OpenStreetMap Real Footprints + Banglarbhumi RoR",
        "confidence_semi_major_m": 0.042,
        "confidence_semi_minor_m": 0.028
      }
    },
    {
      "type": "Feature",
      "id": "west-medinipur-dag-342",
      "geometry": {
        "type": "Polygon",
        "coordinates": [
          [
            [
              87.299573,
              22.358966
            ],
            [
              87.296677,
              22.367023
            ],
            [
              87.295969,
              22.366864
            ],
            [
              87.295754,
              22.364443
            ],
            [
              87.294917,
              22.362757
            ],
            [
              87.293716,
              22.361387
            ],
            [
              87.292278,
              22.360514
            ],
            [
              87.286506,
              22.358173
            ],
            [
              87.277247,
              22.354303
            ],
            [
              87.27185,
              22.351892
            ],
            [
              87.27141,
              22.351683
            ],
            [
              87.271378,
              22.350155
            ],
            [
              87.277086,
              22.352745
            ],
            [
              87.279382,
              22.353777
            ],
            [
              87.281334,
              22.354442
            ],
            [
              87.290808,
              22.356704
            ],
            [
              87.299573,
              22.358966
            ]
          ]
        ]
      },
      "properties": {
        "ulpin": "191835792867",
        "osm_id": 660770247,
        "state": "West Bengal",
        "state_code": "19",
        "district": "Paschim Medinipur (\u09aa\u09b6\u09cd\u099a\u09bf\u09ae \u09ae\u09c7\u09a6\u09bf\u09a8\u09c0\u09aa\u09c1\u09b0)",
        "district_code": "18",
        "district_lgd": 318,
        "subdivision": "Kharagpur",
        "block_municipality": "Kharagpur Municipality",
        "mouza_name": "Inda / Kharagpur",
        "mouza_name_bn": "\u0987\u09bf\u09a8\u09cd\u09a6\u09be / \u0996\u09dc\u0997\u09aa\u09c1\u09b0",
        "jl_no": 142,
        "khasra_no": "342",
        "dag_no": 342,
        "khatian_no": 542,
        "owner_name": "Midnapore District Collectorate & Court Estate",
        "owner_name_bn": "\u09ae\u09c7\u09a6\u09bf\u09a8\u09c0\u09aa\u09c1\u09b0 \u099c\u09c7\u09b2\u09be \u09aa\u09cd\u09b0\u09b6\u09be\u09b8\u09a8",
        "ownership_type": "District Administrative Estate",
        "land_classification": "\u0995\u09b2\u0995\u09be\u09b0\u0996\u09be\u09a8\u09be (Karkhana)",
        "legal_area_sqm": 890574.58,
        "gis_area_sqm": 894151.18,
        "physical_area_sqm": 894151.18,
        "area_discrepancy_pct": 0.4,
        "area_bengali": "665 \u09ac\u09bf\u0998\u09be 13 \u0995\u09be\u09a0\u09be 15.3 \u099b\u099f\u09be\u0995",
        "area_english": "665 Bigha 13 Katha 15.3 Chhatak",
        "status": "VERIFIED",
        "cors_datum": "Survey of India KGP1 (Kharagpur) CORS Station",
        "target_crs": "EPSG:7755 / EPSG:4326",
        "survey_source": "OpenStreetMap Real Footprints + Banglarbhumi RoR",
        "confidence_semi_major_m": 0.042,
        "confidence_semi_minor_m": 0.028
      }
    },
    {
      "type": "Feature",
      "id": "west-medinipur-dag-343",
      "geometry": {
        "type": "Polygon",
        "coordinates": [
          [
            [
              87.340171,
              22.367856
            ],
            [
              87.340407,
              22.368511
            ],
            [
              87.341652,
              22.369484
            ],
            [
              87.345965,
              22.370694
            ],
            [
              87.350535,
              22.372738
            ],
            [
              87.350407,
              22.370972
            ],
            [
              87.35399,
              22.370952
            ],
            [
              87.36341,
              22.369821
            ],
            [
              87.365835,
              22.371924
            ],
            [
              87.366972,
              22.374424
            ],
            [
              87.368302,
              22.374147
            ],
            [
              87.368731,
              22.373135
            ],
            [
              87.373924,
              22.367063
            ],
            [
              87.372765,
              22.36621
            ],
            [
              87.370899,
              22.368134
            ],
            [
              87.368624,
              22.367003
            ],
            [
              87.368624,
              22.366329
            ],
            [
              87.367315,
              22.365376
            ],
            [
              87.367358,
              22.363134
            ],
            [
              87.363775,
              22.36228
            ],
            [
              87.360964,
              22.360613
            ],
            [
              87.353797,
              22.357002
            ],
            [
              87.352295,
              22.356585
            ],
            [
              87.351932,
              22.356574
            ],
            [
              87.351249,
              22.356596
            ],
            [
              87.350527,
              22.356728
            ],
            [
              87.349943,
              22.356915
            ],
            [
              87.349933,
              22.356151
            ],
            [
              87.34796,
              22.357101
            ],
            [
              87.345235,
              22.357974
            ],
            [
              87.345235,
              22.359165
            ],
            [
              87.343368,
              22.359562
            ],
            [
              87.343283,
              22.361427
            ],
            [
              87.341781,
              22.361606
            ],
            [
              87.341781,
              22.363888
            ],
            [
              87.339206,
              22.364027
            ],
            [
              87.340171,
              22.367856
            ]
          ]
        ]
      },
      "properties": {
        "ulpin": "191836453545",
        "osm_id": 660770248,
        "state": "West Bengal",
        "state_code": "19",
        "district": "Paschim Medinipur (\u09aa\u09b6\u09cd\u099a\u09bf\u09ae \u09ae\u09c7\u09a6\u09bf\u09a8\u09c0\u09aa\u09c1\u09b0)",
        "district_code": "18",
        "district_lgd": 318,
        "subdivision": "Kharagpur",
        "block_municipality": "Kharagpur I",
        "mouza_name": "Nimpura Industrial",
        "mouza_name_bn": "\u09a8\u09bf\u09ae\u09aa\u09c1\u09b0\u09be \u09b6\u09bf\u09b2\u09cd\u09aa\u09be\u099e\u09cd\u099a\u09b2",
        "jl_no": 156,
        "khasra_no": "343",
        "dag_no": 343,
        "khatian_no": 543,
        "owner_name": "Tata Metaliks Limited (Kharagpur Plant)",
        "owner_name_bn": "\u099f\u09be\u099f\u09be \u09ae\u09c7\u099f\u09be\u09b2\u09bf\u0995\u09cd\u09b8 \u09b2\u09bf\u09ae\u09bf\u099f\u09c7\u09a1",
        "ownership_type": "Corporate Heavy Industrial",
        "land_classification": "\u0995\u09b2\u0995\u09be\u09b0\u0996\u09be\u09a8\u09be (Karkhana)",
        "legal_area_sqm": 3825846.61,
        "gis_area_sqm": 3799251.85,
        "physical_area_sqm": 3799251.85,
        "area_discrepancy_pct": 0.7,
        "area_bengali": "2859 \u09ac\u09bf\u0998\u09be 15 \u0995\u09be\u09a0\u09be 13.4 \u099b\u099f\u09be\u0995",
        "area_english": "2859 Bigha 15 Katha 13.4 Chhatak",
        "status": "VERIFIED",
        "cors_datum": "Survey of India KGP1 (Kharagpur) CORS Station",
        "target_crs": "EPSG:7755 / EPSG:4326",
        "survey_source": "OpenStreetMap Real Footprints + Banglarbhumi RoR",
        "confidence_semi_major_m": 0.042,
        "confidence_semi_minor_m": 0.028
      }
    },
    {
      "type": "Feature",
      "id": "west-medinipur-dag-344",
      "geometry": {
        "type": "Polygon",
        "coordinates": [
          [
            [
              87.322014,
              22.421447
            ],
            [
              87.321994,
              22.421504
            ],
            [
              87.322112,
              22.42154
            ],
            [
              87.322393,
              22.421625
            ],
            [
              87.322345,
              22.421758
            ],
            [
              87.321617,
              22.421537
            ],
            [
              87.321641,
              22.421468
            ],
            [
              87.321696,
              22.421485
            ],
            [
              87.321739,
              22.421363
            ],
            [
              87.322014,
              22.421447
            ]
          ]
        ]
      },
      "properties": {
        "ulpin": "191842153219",
        "osm_id": 724635385,
        "state": "West Bengal",
        "state_code": "19",
        "district": "Paschim Medinipur (\u09aa\u09b6\u09cd\u099a\u09bf\u09ae \u09ae\u09c7\u09a6\u09bf\u09a8\u09c0\u09aa\u09c1\u09b0)",
        "district_code": "18",
        "district_lgd": 318,
        "subdivision": "Kharagpur",
        "block_municipality": "Kharagpur I",
        "mouza_name": "Hijli Institutional",
        "mouza_name_bn": "\u09b9\u09bf\u099c\u09b2\u09bf / \u0986\u0987\u0986\u0987\u099f\u09bf",
        "jl_no": 165,
        "khasra_no": "344",
        "dag_no": 344,
        "khatian_no": 544,
        "owner_name": "Midnapore College (Autonomous)",
        "owner_name_bn": "\u09ae\u09c7\u09a6\u09bf\u09a8\u09c0\u09aa\u09c1\u09b0 \u0995\u09b2\u09c7\u099c",
        "ownership_type": "Higher Educational Institution",
        "land_classification": "\u09ac\u09be\u09b8\u09cd\u09a4\u09c1 (Bastu)",
        "legal_area_sqm": 1359.43,
        "gis_area_sqm": 1375.94,
        "physical_area_sqm": 1375.94,
        "area_discrepancy_pct": 1.21,
        "area_bengali": "1 \u09ac\u09bf\u0998\u09be 0 \u0995\u09be\u09a0\u09be 5.2 \u099b\u099f\u09be\u0995",
        "area_english": "1 Bigha 0 Katha 5.2 Chhatak",
        "status": "VERIFIED",
        "cors_datum": "Survey of India KGP1 (Kharagpur) CORS Station",
        "target_crs": "EPSG:7755 / EPSG:4326",
        "survey_source": "OpenStreetMap Real Footprints + Banglarbhumi RoR",
        "confidence_semi_major_m": 0.042,
        "confidence_semi_minor_m": 0.028
      }
    },
    {
      "type": "Feature",
      "id": "west-medinipur-dag-345",
      "geometry": {
        "type": "Polygon",
        "coordinates": [
          [
            [
              87.322187,
              22.420373
            ],
            [
              87.322293,
              22.420401
            ],
            [
              87.322311,
              22.420342
            ],
            [
              87.322378,
              22.42036
            ],
            [
              87.322363,
              22.420407
            ],
            [
              87.322446,
              22.420429
            ],
            [
              87.322459,
              22.420388
            ],
            [
              87.322501,
              22.420399
            ],
            [
              87.32248,
              22.420466
            ],
            [
              87.322579,
              22.420492
            ],
            [
              87.3226,
              22.420423
            ],
            [
              87.322755,
              22.420463
            ],
            [
              87.322743,
              22.420503
            ],
            [
              87.322851,
              22.420532
            ],
            [
              87.322901,
              22.420368
            ],
            [
              87.322836,
              22.420351
            ],
            [
              87.322825,
              22.420387
            ],
            [
              87.322619,
              22.420334
            ],
            [
              87.322643,
              22.420253
            ],
            [
              87.32258,
              22.420237
            ],
            [
              87.322553,
              22.420327
            ],
            [
              87.322227,
              22.420242
            ],
            [
              87.322187,
              22.420373
            ]
          ]
        ]
      },
      "properties": {
        "ulpin": "191842033225",
        "osm_id": 724635387,
        "state": "West Bengal",
        "state_code": "19",
        "district": "Paschim Medinipur (\u09aa\u09b6\u09cd\u099a\u09bf\u09ae \u09ae\u09c7\u09a6\u09bf\u09a8\u09c0\u09aa\u09c1\u09b0)",
        "district_code": "18",
        "district_lgd": 318,
        "subdivision": "Midnapore Sadar",
        "block_municipality": "Midnapore Municipality",
        "mouza_name": "Medinipur Town",
        "mouza_name_bn": "\u09ae\u09c7\u09a6\u09bf\u09a8\u09c0\u09aa\u09c1\u09b0 \u09b6\u09b9\u09b0",
        "jl_no": 110,
        "khasra_no": "345",
        "dag_no": 345,
        "khatian_no": 545,
        "owner_name": "Vidyasagar University Campus Trust",
        "owner_name_bn": "\u09ac\u09bf\u09a6\u09cd\u09af\u09be\u09b8\u09be\u0997\u09b0 \u09ac\u09bf\u09b6\u09cd\u09ac\u09ac\u09bf\u09a6\u09cd\u09af\u09be\u09b2\u09af\u09bc",
        "ownership_type": "University Institutional",
        "land_classification": "\u09b8\u09b0\u0995\u09be\u09b0\u09bf \u0996\u09be\u09b8 (Sarkari Khas)",
        "legal_area_sqm": 1005.59,
        "gis_area_sqm": 1006.6,
        "physical_area_sqm": 1006.6,
        "area_discrepancy_pct": 0.1,
        "area_bengali": "0 \u09ac\u09bf\u0998\u09be 15 \u0995\u09be\u09a0\u09be 0.5 \u099b\u099f\u09be\u0995",
        "area_english": "0 Bigha 15 Katha 0.5 Chhatak",
        "status": "VERIFIED",
        "cors_datum": "Survey of India KGP1 (Kharagpur) CORS Station",
        "target_crs": "EPSG:7755 / EPSG:4326",
        "survey_source": "OpenStreetMap Real Footprints + Banglarbhumi RoR",
        "confidence_semi_major_m": 0.042,
        "confidence_semi_minor_m": 0.028
      }
    },
    {
      "type": "Feature",
      "id": "west-medinipur-dag-346",
      "geometry": {
        "type": "Polygon",
        "coordinates": [
          [
            [
              87.327063,
              22.423074
            ],
            [
              87.327055,
              22.423186
            ],
            [
              87.327264,
              22.423211
            ],
            [
              87.327267,
              22.423181
            ],
            [
              87.32739,
              22.423171
            ],
            [
              87.32739,
              22.423112
            ],
            [
              87.327288,
              22.423112
            ],
            [
              87.327063,
              22.423074
            ]
          ]
        ]
      },
      "properties": {
        "ulpin": "191842313272",
        "osm_id": 724640374,
        "state": "West Bengal",
        "state_code": "19",
        "district": "Paschim Medinipur (\u09aa\u09b6\u09cd\u099a\u09bf\u09ae \u09ae\u09c7\u09a6\u09bf\u09a8\u09c0\u09aa\u09c1\u09b0)",
        "district_code": "18",
        "district_lgd": 318,
        "subdivision": "Kharagpur",
        "block_municipality": "Kharagpur Municipality",
        "mouza_name": "Inda / Kharagpur",
        "mouza_name_bn": "\u0987\u09bf\u09a8\u09cd\u09a6\u09be / \u0996\u09dc\u0997\u09aa\u09c1\u09b0",
        "jl_no": 142,
        "khasra_no": "346",
        "dag_no": 346,
        "khatian_no": 546,
        "owner_name": "Debasis Mahapatra & Brothers",
        "owner_name_bn": "\u09ac\u09cd\u09af\u0995\u09cd\u09a4\u09bf\u0997\u09a4 \u09b0\u09be\u09af\u09bc\u09a4",
        "ownership_type": "Private Freehold Ryot",
        "land_classification": "\u09ac\u09be\u09b8\u09cd\u09a4\u09c1 (Bastu)",
        "legal_area_sqm": 348.59,
        "gis_area_sqm": 345.14,
        "physical_area_sqm": 345.14,
        "area_discrepancy_pct": 0.99,
        "area_bengali": "0 \u09ac\u09bf\u0998\u09be 5 \u0995\u09be\u09a0\u09be 3.4 \u099b\u099f\u09be\u0995",
        "area_english": "0 Bigha 5 Katha 3.4 Chhatak",
        "status": "VERIFIED",
        "cors_datum": "Survey of India KGP1 (Kharagpur) CORS Station",
        "target_crs": "EPSG:7755 / EPSG:4326",
        "survey_source": "OpenStreetMap Real Footprints + Banglarbhumi RoR",
        "confidence_semi_major_m": 0.042,
        "confidence_semi_minor_m": 0.028
      }
    },
    {
      "type": "Feature",
      "id": "west-medinipur-dag-347",
      "geometry": {
        "type": "Polygon",
        "coordinates": [
          [
            [
              87.321817,
              22.420617
            ],
            [
              87.322026,
              22.420564
            ],
            [
              87.321989,
              22.420437
            ],
            [
              87.321779,
              22.420489
            ],
            [
              87.321817,
              22.420617
            ]
          ]
        ]
      },
      "properties": {
        "ulpin": "191842053218",
        "osm_id": 735439390,
        "state": "West Bengal",
        "state_code": "19",
        "district": "Paschim Medinipur (\u09aa\u09b6\u09cd\u099a\u09bf\u09ae \u09ae\u09c7\u09a6\u09bf\u09a8\u09c0\u09aa\u09c1\u09b0)",
        "district_code": "18",
        "district_lgd": 318,
        "subdivision": "Kharagpur",
        "block_municipality": "Kharagpur I",
        "mouza_name": "Nimpura Industrial",
        "mouza_name_bn": "\u09a8\u09bf\u09ae\u09aa\u09c1\u09b0\u09be \u09b6\u09bf\u09b2\u09cd\u09aa\u09be\u099e\u09cd\u099a\u09b2",
        "jl_no": 156,
        "khasra_no": "347",
        "dag_no": 347,
        "khatian_no": 547,
        "owner_name": "Satyaranjan Sasmal & Sons",
        "owner_name_bn": "\u0995\u09c3\u09b7\u09bf \u09b0\u09be\u09af\u09bc\u09a4",
        "ownership_type": "Agricultural Paddy Farmer",
        "land_classification": "\u09a7\u09be\u09a8\u09c0 (Dhani)",
        "legal_area_sqm": 323.39,
        "gis_area_sqm": 326.33,
        "physical_area_sqm": 326.33,
        "area_discrepancy_pct": 0.91,
        "area_bengali": "0 \u09ac\u09bf\u0998\u09be 4 \u0995\u09be\u09a0\u09be 13.4 \u099b\u099f\u09be\u0995",
        "area_english": "0 Bigha 4 Katha 13.4 Chhatak",
        "status": "VERIFIED",
        "cors_datum": "Survey of India KGP1 (Kharagpur) CORS Station",
        "target_crs": "EPSG:7755 / EPSG:4326",
        "survey_source": "OpenStreetMap Real Footprints + Banglarbhumi RoR",
        "confidence_semi_major_m": 0.042,
        "confidence_semi_minor_m": 0.028
      }
    },
    {
      "type": "Feature",
      "id": "west-medinipur-dag-348",
      "geometry": {
        "type": "Polygon",
        "coordinates": [
          [
            [
              87.280873,
              22.381101
            ],
            [
              87.283593,
              22.379107
            ],
            [
              87.283705,
              22.380962
            ],
            [
              87.284869,
              22.379692
            ],
            [
              87.28436,
              22.378755
            ],
            [
              87.285272,
              22.378522
            ],
            [
              87.285012,
              22.377857
            ],
            [
              87.285162,
              22.377797
            ],
            [
              87.2851,
              22.377535
            ],
            [
              87.285084,
              22.377306
            ],
            [
              87.285165,
              22.377143
            ],
            [
              87.285803,
              22.377083
            ],
            [
              87.285723,
              22.376756
            ],
            [
              87.285653,
              22.376012
            ],
            [
              87.285304,
              22.375957
            ],
            [
              87.28525,
              22.375163
            ],
            [
              87.284167,
              22.37492
            ],
            [
              87.282096,
              22.375233
            ],
            [
              87.279999,
              22.375312
            ],
            [
              87.280149,
              22.377356
            ],
            [
              87.280315,
              22.378919
            ],
            [
              87.280734,
              22.380511
            ],
            [
              87.280873,
              22.381101
            ]
          ]
        ]
      },
      "properties": {
        "ulpin": "191837782836",
        "osm_id": 747427621,
        "state": "West Bengal",
        "state_code": "19",
        "district": "Paschim Medinipur (\u09aa\u09b6\u09cd\u099a\u09bf\u09ae \u09ae\u09c7\u09a6\u09bf\u09a8\u09c0\u09aa\u09c1\u09b0)",
        "district_code": "18",
        "district_lgd": 318,
        "subdivision": "Kharagpur",
        "block_municipality": "Kharagpur I",
        "mouza_name": "Hijli Institutional",
        "mouza_name_bn": "\u09b9\u09bf\u099c\u09b2\u09bf / \u0986\u0987\u0986\u0987\u099f\u09bf",
        "jl_no": 165,
        "khasra_no": "348",
        "dag_no": 348,
        "khatian_no": 548,
        "owner_name": "Pravat Kumar Ghosh",
        "owner_name_bn": "\u09ac\u09be\u09a3\u09bf\u099c\u09cd\u09af\u09bf\u0995 \u09a6\u09cb\u0995\u09be\u09a8",
        "ownership_type": "Commercial Hardware Enterprise",
        "land_classification": "\u0995\u09b2\u0995\u09be\u09b0\u0996\u09be\u09a8\u09be (Karkhana)",
        "legal_area_sqm": 283189.84,
        "gis_area_sqm": 282624.59,
        "physical_area_sqm": 282624.59,
        "area_discrepancy_pct": 0.2,
        "area_bengali": "211 \u09ac\u09bf\u0998\u09be 13 \u0995\u09be\u09a0\u09be 10.3 \u099b\u099f\u09be\u0995",
        "area_english": "211 Bigha 13 Katha 10.3 Chhatak",
        "status": "VERIFIED",
        "cors_datum": "Survey of India KGP1 (Kharagpur) CORS Station",
        "target_crs": "EPSG:7755 / EPSG:4326",
        "survey_source": "OpenStreetMap Real Footprints + Banglarbhumi RoR",
        "confidence_semi_major_m": 0.042,
        "confidence_semi_minor_m": 0.028
      }
    },
    {
      "type": "Feature",
      "id": "west-medinipur-dag-349",
      "geometry": {
        "type": "Polygon",
        "coordinates": [
          [
            [
              87.337423,
              22.343179
            ],
            [
              87.337433,
              22.343122
            ],
            [
              87.337562,
              22.343141
            ],
            [
              87.337552,
              22.343198
            ],
            [
              87.337423,
              22.343179
            ]
          ]
        ]
      },
      "properties": {
        "ulpin": "191834313374",
        "osm_id": 749507703,
        "state": "West Bengal",
        "state_code": "19",
        "district": "Paschim Medinipur (\u09aa\u09b6\u09cd\u099a\u09bf\u09ae \u09ae\u09c7\u09a6\u09bf\u09a8\u09c0\u09aa\u09c1\u09b0)",
        "district_code": "18",
        "district_lgd": 318,
        "subdivision": "Midnapore Sadar",
        "block_municipality": "Midnapore Municipality",
        "mouza_name": "Medinipur Town",
        "mouza_name_bn": "\u09ae\u09c7\u09a6\u09bf\u09a8\u09c0\u09aa\u09c1\u09b0 \u09b6\u09b9\u09b0",
        "jl_no": 110,
        "khasra_no": "349",
        "dag_no": 349,
        "khatian_no": 549,
        "owner_name": "Bhabani Prasad Samanta",
        "owner_name_bn": "\u09aa\u09c8\u09a4\u09c3\u0995 \u09ac\u09be\u09b8\u09cd\u09a4\u09c1",
        "ownership_type": "Hereditary Homestead Ryot",
        "land_classification": "\u09ac\u09be\u09b8\u09cd\u09a4\u09c1 (Bastu)",
        "legal_area_sqm": 86.95,
        "gis_area_sqm": 85.83,
        "physical_area_sqm": 85.83,
        "area_discrepancy_pct": 1.29,
        "area_bengali": "0 \u09ac\u09bf\u0998\u09be 1 \u0995\u09be\u09a0\u09be 4.8 \u099b\u099f\u09be\u0995",
        "area_english": "0 Bigha 1 Katha 4.8 Chhatak",
        "status": "VERIFIED",
        "cors_datum": "Survey of India KGP1 (Kharagpur) CORS Station",
        "target_crs": "EPSG:7755 / EPSG:4326",
        "survey_source": "OpenStreetMap Real Footprints + Banglarbhumi RoR",
        "confidence_semi_major_m": 0.042,
        "confidence_semi_minor_m": 0.028
      }
    },
    {
      "type": "Feature",
      "id": "west-medinipur-dag-350",
      "geometry": {
        "type": "Polygon",
        "coordinates": [
          [
            [
              87.300129,
              22.344987
            ],
            [
              87.300138,
              22.345115
            ],
            [
              87.300226,
              22.34511
            ],
            [
              87.300227,
              22.345128
            ],
            [
              87.300304,
              22.345123
            ],
            [
              87.300295,
              22.344987
            ],
            [
              87.300203,
              22.344993
            ],
            [
              87.300202,
              22.344982
            ],
            [
              87.300129,
              22.344987
            ]
          ]
        ]
      },
      "properties": {
        "ulpin": "191834503002",
        "osm_id": 754435504,
        "state": "West Bengal",
        "state_code": "19",
        "district": "Paschim Medinipur (\u09aa\u09b6\u09cd\u099a\u09bf\u09ae \u09ae\u09c7\u09a6\u09bf\u09a8\u09c0\u09aa\u09c1\u09b0)",
        "district_code": "18",
        "district_lgd": 318,
        "subdivision": "Kharagpur",
        "block_municipality": "Kharagpur Municipality",
        "mouza_name": "Inda / Kharagpur",
        "mouza_name_bn": "\u0987\u09bf\u09a8\u09cd\u09a6\u09be / \u0996\u09dc\u0997\u09aa\u09c1\u09b0",
        "jl_no": 142,
        "khasra_no": "350",
        "dag_no": 350,
        "khatian_no": 550,
        "owner_name": "Chanchal Kumar Dinda",
        "owner_name_bn": "\u09ac\u09cd\u09af\u0995\u09cd\u09a4\u09bf\u0997\u09a4 \u09ac\u09be\u09b8\u09cd\u09a4\u09c1",
        "ownership_type": "Private Homestead",
        "land_classification": "\u09ac\u09be\u09b8\u09cd\u09a4\u09c1 (Bastu)",
        "legal_area_sqm": 245.54,
        "gis_area_sqm": 247.02,
        "physical_area_sqm": 247.02,
        "area_discrepancy_pct": 0.6,
        "area_bengali": "0 \u09ac\u09bf\u0998\u09be 3 \u0995\u09be\u09a0\u09be 10.7 \u099b\u099f\u09be\u0995",
        "area_english": "0 Bigha 3 Katha 10.7 Chhatak",
        "status": "VERIFIED",
        "cors_datum": "Survey of India KGP1 (Kharagpur) CORS Station",
        "target_crs": "EPSG:7755 / EPSG:4326",
        "survey_source": "OpenStreetMap Real Footprints + Banglarbhumi RoR",
        "confidence_semi_major_m": 0.042,
        "confidence_semi_minor_m": 0.028
      }
    },
    {
      "type": "Feature",
      "id": "west-medinipur-dag-351",
      "geometry": {
        "type": "Polygon",
        "coordinates": [
          [
            [
              87.333275,
              22.330172
            ],
            [
              87.333375,
              22.330178
            ],
            [
              87.333382,
              22.330077
            ],
            [
              87.333283,
              22.330071
            ],
            [
              87.333275,
              22.330172
            ]
          ]
        ]
      },
      "properties": {
        "ulpin": "191833013333",
        "osm_id": 754437902,
        "state": "West Bengal",
        "state_code": "19",
        "district": "Paschim Medinipur (\u09aa\u09b6\u09cd\u099a\u09bf\u09ae \u09ae\u09c7\u09a6\u09bf\u09a8\u09c0\u09aa\u09c1\u09b0)",
        "district_code": "18",
        "district_lgd": 318,
        "subdivision": "Kharagpur",
        "block_municipality": "Kharagpur I",
        "mouza_name": "Nimpura Industrial",
        "mouza_name_bn": "\u09a8\u09bf\u09ae\u09aa\u09c1\u09b0\u09be \u09b6\u09bf\u09b2\u09cd\u09aa\u09be\u099e\u09cd\u099a\u09b2",
        "jl_no": 156,
        "khasra_no": "351",
        "dag_no": 351,
        "khatian_no": 551,
        "owner_name": "Rashbehari Pradhan & Co-sharers",
        "owner_name_bn": "\u09af\u09cc\u09a5 \u0996\u09a4\u09bf\u09af\u09bc\u09be\u09a8",
        "ownership_type": "Joint Agricultural Estate",
        "land_classification": "\u09a7\u09be\u09a8\u09c0 (Dhani)",
        "legal_area_sqm": 115.42,
        "gis_area_sqm": 114.85,
        "physical_area_sqm": 114.85,
        "area_discrepancy_pct": 0.49,
        "area_bengali": "0 \u09ac\u09bf\u0998\u09be 1 \u0995\u09be\u09a0\u09be 11.6 \u099b\u099f\u09be\u0995",
        "area_english": "0 Bigha 1 Katha 11.6 Chhatak",
        "status": "VERIFIED",
        "cors_datum": "Survey of India KGP1 (Kharagpur) CORS Station",
        "target_crs": "EPSG:7755 / EPSG:4326",
        "survey_source": "OpenStreetMap Real Footprints + Banglarbhumi RoR",
        "confidence_semi_major_m": 0.042,
        "confidence_semi_minor_m": 0.028
      }
    },
    {
      "type": "Feature",
      "id": "west-medinipur-dag-352",
      "geometry": {
        "type": "Polygon",
        "coordinates": [
          [
            [
              87.337219,
              22.331818
            ],
            [
              87.337222,
              22.331736
            ],
            [
              87.337237,
              22.331737
            ],
            [
              87.337238,
              22.331695
            ],
            [
              87.337222,
              22.331695
            ],
            [
              87.337224,
              22.331657
            ],
            [
              87.337332,
              22.331661
            ],
            [
              87.337331,
              22.331691
            ],
            [
              87.337351,
              22.331692
            ],
            [
              87.337349,
              22.331769
            ],
            [
              87.337409,
              22.331771
            ],
            [
              87.337407,
              22.331823
            ],
            [
              87.337219,
              22.331818
            ]
          ]
        ]
      },
      "properties": {
        "ulpin": "191833173372",
        "osm_id": 754451003,
        "state": "West Bengal",
        "state_code": "19",
        "district": "Paschim Medinipur (\u09aa\u09b6\u09cd\u099a\u09bf\u09ae \u09ae\u09c7\u09a6\u09bf\u09a8\u09c0\u09aa\u09c1\u09b0)",
        "district_code": "18",
        "district_lgd": 318,
        "subdivision": "Kharagpur",
        "block_municipality": "Kharagpur I",
        "mouza_name": "Hijli Institutional",
        "mouza_name_bn": "\u09b9\u09bf\u099c\u09b2\u09bf / \u0986\u0987\u0986\u0987\u099f\u09bf",
        "jl_no": 165,
        "khasra_no": "352",
        "dag_no": 352,
        "khatian_no": 552,
        "owner_name": "Paschim Medinipur Zilla Parishad",
        "owner_name_bn": "\u099c\u09c7\u09b2\u09be \u09aa\u09b0\u09bf\u09b7\u09a6",
        "ownership_type": "Panchayati Raj Civic Asset",
        "land_classification": "\u09b8\u09b0\u0995\u09be\u09b0\u09bf \u0996\u09be\u09b8 (Sarkari Khas)",
        "legal_area_sqm": 251.93,
        "gis_area_sqm": 255.51,
        "physical_area_sqm": 255.51,
        "area_discrepancy_pct": 1.42,
        "area_bengali": "0 \u09ac\u09bf\u0998\u09be 3 \u0995\u09be\u09a0\u09be 12.3 \u099b\u099f\u09be\u0995",
        "area_english": "0 Bigha 3 Katha 12.3 Chhatak",
        "status": "VERIFIED",
        "cors_datum": "Survey of India KGP1 (Kharagpur) CORS Station",
        "target_crs": "EPSG:7755 / EPSG:4326",
        "survey_source": "OpenStreetMap Real Footprints + Banglarbhumi RoR",
        "confidence_semi_major_m": 0.042,
        "confidence_semi_minor_m": 0.028
      }
    },
    {
      "type": "Feature",
      "id": "west-medinipur-dag-353",
      "geometry": {
        "type": "Polygon",
        "coordinates": [
          [
            [
              87.318593,
              22.42476
            ],
            [
              87.318672,
              22.424737
            ],
            [
              87.318653,
              22.424682
            ],
            [
              87.318693,
              22.424671
            ],
            [
              87.318663,
              22.424579
            ],
            [
              87.318545,
              22.424613
            ],
            [
              87.318593,
              22.42476
            ]
          ]
        ]
      },
      "properties": {
        "ulpin": "191842463186",
        "osm_id": 754451235,
        "state": "West Bengal",
        "state_code": "19",
        "district": "Paschim Medinipur (\u09aa\u09b6\u09cd\u099a\u09bf\u09ae \u09ae\u09c7\u09a6\u09bf\u09a8\u09c0\u09aa\u09c1\u09b0)",
        "district_code": "18",
        "district_lgd": 318,
        "subdivision": "Midnapore Sadar",
        "block_municipality": "Midnapore Municipality",
        "mouza_name": "Medinipur Town",
        "mouza_name_bn": "\u09ae\u09c7\u09a6\u09bf\u09a8\u09c0\u09aa\u09c1\u09b0 \u09b6\u09b9\u09b0",
        "jl_no": 110,
        "khasra_no": "353",
        "dag_no": 353,
        "khatian_no": 553,
        "owner_name": "Indian Institute of Technology (IIT) Kharagpur",
        "owner_name_bn": "\u0986\u0987\u0986\u0987\u099f\u09bf \u0996\u09dc\u0997\u09aa\u09c1\u09b0",
        "ownership_type": "Central Autonomous Institutional",
        "land_classification": "\u09b8\u09b0\u0995\u09be\u09b0\u09bf \u0996\u09be\u09b8 (Sarkari Khas)",
        "legal_area_sqm": 188.14,
        "gis_area_sqm": 188.71,
        "physical_area_sqm": 188.71,
        "area_discrepancy_pct": 0.3,
        "area_bengali": "0 \u09ac\u09bf\u0998\u09be 2 \u0995\u09be\u09a0\u09be 13.0 \u099b\u099f\u09be\u0995",
        "area_english": "0 Bigha 2 Katha 13.0 Chhatak",
        "status": "VERIFIED",
        "cors_datum": "Survey of India KGP1 (Kharagpur) CORS Station",
        "target_crs": "EPSG:7755 / EPSG:4326",
        "survey_source": "OpenStreetMap Real Footprints + Banglarbhumi RoR",
        "confidence_semi_major_m": 0.042,
        "confidence_semi_minor_m": 0.028
      }
    },
    {
      "type": "Feature",
      "id": "west-medinipur-dag-354",
      "geometry": {
        "type": "Polygon",
        "coordinates": [
          [
            [
              87.318533,
              22.422654
            ],
            [
              87.318611,
              22.422639
            ],
            [
              87.318587,
              22.422533
            ],
            [
              87.318488,
              22.422551
            ],
            [
              87.3185,
              22.422607
            ],
            [
              87.318521,
              22.422603
            ],
            [
              87.318533,
              22.422654
            ]
          ]
        ]
      },
      "properties": {
        "ulpin": "191842263185",
        "osm_id": 754479054,
        "state": "West Bengal",
        "state_code": "19",
        "district": "Paschim Medinipur (\u09aa\u09b6\u09cd\u099a\u09bf\u09ae \u09ae\u09c7\u09a6\u09bf\u09a8\u09c0\u09aa\u09c1\u09b0)",
        "district_code": "18",
        "district_lgd": 318,
        "subdivision": "Kharagpur",
        "block_municipality": "Kharagpur Municipality",
        "mouza_name": "Inda / Kharagpur",
        "mouza_name_bn": "\u0987\u09bf\u09a8\u09cd\u09a6\u09be / \u0996\u09dc\u0997\u09aa\u09c1\u09b0",
        "jl_no": 142,
        "khasra_no": "354",
        "dag_no": 354,
        "khatian_no": 554,
        "owner_name": "South Eastern Railway Administration (KGP Division)",
        "owner_name_bn": "\u09a6\u0995\u09cd\u09b7\u09bf\u09a3 \u09aa\u09c2\u09b0\u09cd\u09ac \u09b0\u09c7\u09b2\u0993\u09af\u09bc\u09c7",
        "ownership_type": "Central Govt Infrastructure",
        "land_classification": "\u09b8\u09b0\u0995\u09be\u09b0\u09bf \u0996\u09be\u09b8 (Sarkari Khas)",
        "legal_area_sqm": 113.54,
        "gis_area_sqm": 112.64,
        "physical_area_sqm": 112.64,
        "area_discrepancy_pct": 0.79,
        "area_bengali": "0 \u09ac\u09bf\u0998\u09be 1 \u0995\u09be\u09a0\u09be 11.2 \u099b\u099f\u09be\u0995",
        "area_english": "0 Bigha 1 Katha 11.2 Chhatak",
        "status": "VERIFIED",
        "cors_datum": "Survey of India KGP1 (Kharagpur) CORS Station",
        "target_crs": "EPSG:7755 / EPSG:4326",
        "survey_source": "OpenStreetMap Real Footprints + Banglarbhumi RoR",
        "confidence_semi_major_m": 0.042,
        "confidence_semi_minor_m": 0.028
      }
    },
    {
      "type": "Feature",
      "id": "west-medinipur-dag-355",
      "geometry": {
        "type": "Polygon",
        "coordinates": [
          [
            [
              87.315068,
              22.420361
            ],
            [
              87.315202,
              22.420294
            ],
            [
              87.315281,
              22.420417
            ],
            [
              87.315232,
              22.42044
            ],
            [
              87.315221,
              22.420419
            ],
            [
              87.315194,
              22.420431
            ],
            [
              87.315202,
              22.420447
            ],
            [
              87.315178,
              22.420458
            ],
            [
              87.315171,
              22.420446
            ],
            [
              87.315125,
              22.420467
            ],
            [
              87.315068,
              22.420361
            ]
          ]
        ]
      },
      "properties": {
        "ulpin": "191842043151",
        "osm_id": 754785328,
        "state": "West Bengal",
        "state_code": "19",
        "district": "Paschim Medinipur (\u09aa\u09b6\u09cd\u099a\u09bf\u09ae \u09ae\u09c7\u09a6\u09bf\u09a8\u09c0\u09aa\u09c1\u09b0)",
        "district_code": "18",
        "district_lgd": 318,
        "subdivision": "Kharagpur",
        "block_municipality": "Kharagpur I",
        "mouza_name": "Nimpura Industrial",
        "mouza_name_bn": "\u09a8\u09bf\u09ae\u09aa\u09c1\u09b0\u09be \u09b6\u09bf\u09b2\u09cd\u09aa\u09be\u099e\u09cd\u099a\u09b2",
        "jl_no": 156,
        "khasra_no": "355",
        "dag_no": 355,
        "khatian_no": 555,
        "owner_name": "West Bengal Industrial Development Corporation (WBIDC Nimpura)",
        "owner_name_bn": "\u09b0\u09be\u099c\u09cd\u09af \u09b6\u09bf\u09b2\u09cd\u09aa \u09a8\u09bf\u0997\u09ae",
        "ownership_type": "State Govt Industrial Park",
        "land_classification": "\u0995\u09b2\u0995\u09be\u09b0\u0996\u09be\u09a8\u09be (Karkhana)",
        "legal_area_sqm": 228.83,
        "gis_area_sqm": 231.38,
        "physical_area_sqm": 231.38,
        "area_discrepancy_pct": 1.11,
        "area_bengali": "0 \u09ac\u09bf\u0998\u09be 3 \u0995\u09be\u09a0\u09be 6.7 \u099b\u099f\u09be\u0995",
        "area_english": "0 Bigha 3 Katha 6.7 Chhatak",
        "status": "VERIFIED",
        "cors_datum": "Survey of India KGP1 (Kharagpur) CORS Station",
        "target_crs": "EPSG:7755 / EPSG:4326",
        "survey_source": "OpenStreetMap Real Footprints + Banglarbhumi RoR",
        "confidence_semi_major_m": 0.042,
        "confidence_semi_minor_m": 0.028
      }
    },
    {
      "type": "Feature",
      "id": "west-medinipur-dag-356",
      "geometry": {
        "type": "Polygon",
        "coordinates": [
          [
            [
              87.318456,
              22.424319
            ],
            [
              87.318573,
              22.424292
            ],
            [
              87.318582,
              22.424323
            ],
            [
              87.318541,
              22.424333
            ],
            [
              87.318551,
              22.424372
            ],
            [
              87.318599,
              22.424361
            ],
            [
              87.31862,
              22.424438
            ],
            [
              87.318491,
              22.424468
            ],
            [
              87.318474,
              22.424405
            ],
            [
              87.318455,
              22.42441
            ],
            [
              87.318449,
              22.424387
            ],
            [
              87.318473,
              22.424382
            ],
            [
              87.318456,
              22.424319
            ]
          ]
        ]
      },
      "properties": {
        "ulpin": "191842433185",
        "osm_id": 755064095,
        "state": "West Bengal",
        "state_code": "19",
        "district": "Paschim Medinipur (\u09aa\u09b6\u09cd\u099a\u09bf\u09ae \u09ae\u09c7\u09a6\u09bf\u09a8\u09c0\u09aa\u09c1\u09b0)",
        "district_code": "18",
        "district_lgd": 318,
        "subdivision": "Kharagpur",
        "block_municipality": "Kharagpur I",
        "mouza_name": "Hijli Institutional",
        "mouza_name_bn": "\u09b9\u09bf\u099c\u09b2\u09bf / \u0986\u0987\u0986\u0987\u099f\u09bf",
        "jl_no": 165,
        "khasra_no": "356",
        "dag_no": 356,
        "khatian_no": 556,
        "owner_name": "Midnapore District Collectorate & Court Estate",
        "owner_name_bn": "\u09ae\u09c7\u09a6\u09bf\u09a8\u09c0\u09aa\u09c1\u09b0 \u099c\u09c7\u09b2\u09be \u09aa\u09cd\u09b0\u09b6\u09be\u09b8\u09a8",
        "ownership_type": "District Administrative Estate",
        "land_classification": "\u09b8\u09b0\u0995\u09be\u09b0\u09bf \u0996\u09be\u09b8 (Sarkari Khas)",
        "legal_area_sqm": 206.54,
        "gis_area_sqm": 206.54,
        "physical_area_sqm": 206.54,
        "area_discrepancy_pct": 0.0,
        "area_bengali": "0 \u09ac\u09bf\u0998\u09be 3 \u0995\u09be\u09a0\u09be 1.4 \u099b\u099f\u09be\u0995",
        "area_english": "0 Bigha 3 Katha 1.4 Chhatak",
        "status": "VERIFIED",
        "cors_datum": "Survey of India KGP1 (Kharagpur) CORS Station",
        "target_crs": "EPSG:7755 / EPSG:4326",
        "survey_source": "OpenStreetMap Real Footprints + Banglarbhumi RoR",
        "confidence_semi_major_m": 0.042,
        "confidence_semi_minor_m": 0.028
      }
    },
    {
      "type": "Feature",
      "id": "west-medinipur-dag-357",
      "geometry": {
        "type": "Polygon",
        "coordinates": [
          [
            [
              87.320758,
              22.42417
            ],
            [
              87.320896,
              22.424113
            ],
            [
              87.320982,
              22.424306
            ],
            [
              87.320931,
              22.424325
            ],
            [
              87.320915,
              22.424289
            ],
            [
              87.320878,
              22.424303
            ],
            [
              87.320896,
              22.424343
            ],
            [
              87.320844,
              22.424363
            ],
            [
              87.320758,
              22.42417
            ]
          ]
        ]
      },
      "properties": {
        "ulpin": "191842423208",
        "osm_id": 756410611,
        "state": "West Bengal",
        "state_code": "19",
        "district": "Paschim Medinipur (\u09aa\u09b6\u09cd\u099a\u09bf\u09ae \u09ae\u09c7\u09a6\u09bf\u09a8\u09c0\u09aa\u09c1\u09b0)",
        "district_code": "18",
        "district_lgd": 318,
        "subdivision": "Midnapore Sadar",
        "block_municipality": "Midnapore Municipality",
        "mouza_name": "Medinipur Town",
        "mouza_name_bn": "\u09ae\u09c7\u09a6\u09bf\u09a8\u09c0\u09aa\u09c1\u09b0 \u09b6\u09b9\u09b0",
        "jl_no": 110,
        "khasra_no": "357",
        "dag_no": 357,
        "khatian_no": 557,
        "owner_name": "Tata Metaliks Limited (Kharagpur Plant)",
        "owner_name_bn": "\u099f\u09be\u099f\u09be \u09ae\u09c7\u099f\u09be\u09b2\u09bf\u0995\u09cd\u09b8 \u09b2\u09bf\u09ae\u09bf\u099f\u09c7\u09a1",
        "ownership_type": "Corporate Heavy Industrial",
        "land_classification": "\u0995\u09b2\u0995\u09be\u09b0\u0996\u09be\u09a8\u09be (Karkhana)",
        "legal_area_sqm": 343.62,
        "gis_area_sqm": 339.88,
        "physical_area_sqm": 339.88,
        "area_discrepancy_pct": 1.09,
        "area_bengali": "0 \u09ac\u09bf\u0998\u09be 5 \u0995\u09be\u09a0\u09be 2.2 \u099b\u099f\u09be\u0995",
        "area_english": "0 Bigha 5 Katha 2.2 Chhatak",
        "status": "VERIFIED",
        "cors_datum": "Survey of India KGP1 (Kharagpur) CORS Station",
        "target_crs": "EPSG:7755 / EPSG:4326",
        "survey_source": "OpenStreetMap Real Footprints + Banglarbhumi RoR",
        "confidence_semi_major_m": 0.042,
        "confidence_semi_minor_m": 0.028
      }
    },
    {
      "type": "Feature",
      "id": "west-medinipur-dag-358",
      "geometry": {
        "type": "Polygon",
        "coordinates": [
          [
            [
              87.320521,
              22.423577
            ],
            [
              87.320614,
              22.423542
            ],
            [
              87.320664,
              22.423655
            ],
            [
              87.320733,
              22.423629
            ],
            [
              87.320647,
              22.423436
            ],
            [
              87.320593,
              22.423456
            ],
            [
              87.320523,
              22.423301
            ],
            [
              87.320416,
              22.423342
            ],
            [
              87.320521,
              22.423577
            ]
          ]
        ]
      },
      "properties": {
        "ulpin": "191842353205",
        "osm_id": 756490105,
        "state": "West Bengal",
        "state_code": "19",
        "district": "Paschim Medinipur (\u09aa\u09b6\u09cd\u099a\u09bf\u09ae \u09ae\u09c7\u09a6\u09bf\u09a8\u09c0\u09aa\u09c1\u09b0)",
        "district_code": "18",
        "district_lgd": 318,
        "subdivision": "Kharagpur",
        "block_municipality": "Kharagpur Municipality",
        "mouza_name": "Inda / Kharagpur",
        "mouza_name_bn": "\u0987\u09bf\u09a8\u09cd\u09a6\u09be / \u0996\u09dc\u0997\u09aa\u09c1\u09b0",
        "jl_no": 142,
        "khasra_no": "358",
        "dag_no": 358,
        "khatian_no": 558,
        "owner_name": "Midnapore College (Autonomous)",
        "owner_name_bn": "\u09ae\u09c7\u09a6\u09bf\u09a8\u09c0\u09aa\u09c1\u09b0 \u0995\u09b2\u09c7\u099c",
        "ownership_type": "Higher Educational Institution",
        "land_classification": "\u09ac\u09be\u09b8\u09cd\u09a4\u09c1 (Bastu)",
        "legal_area_sqm": 493.57,
        "gis_area_sqm": 497.55,
        "physical_area_sqm": 497.55,
        "area_discrepancy_pct": 0.81,
        "area_bengali": "0 \u09ac\u09bf\u0998\u09be 7 \u0995\u09be\u09a0\u09be 6.1 \u099b\u099f\u09be\u0995",
        "area_english": "0 Bigha 7 Katha 6.1 Chhatak",
        "status": "VERIFIED",
        "cors_datum": "Survey of India KGP1 (Kharagpur) CORS Station",
        "target_crs": "EPSG:7755 / EPSG:4326",
        "survey_source": "OpenStreetMap Real Footprints + Banglarbhumi RoR",
        "confidence_semi_major_m": 0.042,
        "confidence_semi_minor_m": 0.028
      }
    },
    {
      "type": "Feature",
      "id": "west-medinipur-dag-359",
      "geometry": {
        "type": "Polygon",
        "coordinates": [
          [
            [
              87.306581,
              22.340254
            ],
            [
              87.306586,
              22.340314
            ],
            [
              87.306667,
              22.340308
            ],
            [
              87.306662,
              22.340248
            ],
            [
              87.306581,
              22.340254
            ]
          ]
        ]
      },
      "properties": {
        "ulpin": "191834023066",
        "osm_id": 756841071,
        "state": "West Bengal",
        "state_code": "19",
        "district": "Paschim Medinipur (\u09aa\u09b6\u09cd\u099a\u09bf\u09ae \u09ae\u09c7\u09a6\u09bf\u09a8\u09c0\u09aa\u09c1\u09b0)",
        "district_code": "18",
        "district_lgd": 318,
        "subdivision": "Kharagpur",
        "block_municipality": "Kharagpur I",
        "mouza_name": "Nimpura Industrial",
        "mouza_name_bn": "\u09a8\u09bf\u09ae\u09aa\u09c1\u09b0\u09be \u09b6\u09bf\u09b2\u09cd\u09aa\u09be\u099e\u09cd\u099a\u09b2",
        "jl_no": 156,
        "khasra_no": "359",
        "dag_no": 359,
        "khatian_no": 559,
        "owner_name": "Vidyasagar University Campus Trust",
        "owner_name_bn": "\u09ac\u09bf\u09a6\u09cd\u09af\u09be\u09b8\u09be\u0997\u09b0 \u09ac\u09bf\u09b6\u09cd\u09ac\u09ac\u09bf\u09a6\u09cd\u09af\u09be\u09b2\u09af\u09bc",
        "ownership_type": "University Institutional",
        "land_classification": "\u09b8\u09b0\u0995\u09be\u09b0\u09bf \u0996\u09be\u09b8 (Sarkari Khas)",
        "legal_area_sqm": 55.81,
        "gis_area_sqm": 55.64,
        "physical_area_sqm": 55.64,
        "area_discrepancy_pct": 0.3,
        "area_bengali": "0 \u09ac\u09bf\u0998\u09be 0 \u0995\u09be\u09a0\u09be 13.3 \u099b\u099f\u09be\u0995",
        "area_english": "0 Bigha 0 Katha 13.3 Chhatak",
        "status": "VERIFIED",
        "cors_datum": "Survey of India KGP1 (Kharagpur) CORS Station",
        "target_crs": "EPSG:7755 / EPSG:4326",
        "survey_source": "OpenStreetMap Real Footprints + Banglarbhumi RoR",
        "confidence_semi_major_m": 0.042,
        "confidence_semi_minor_m": 0.028
      }
    },
    {
      "type": "Feature",
      "id": "west-medinipur-dag-360",
      "geometry": {
        "type": "Polygon",
        "coordinates": [
          [
            [
              87.327551,
              22.423947
            ],
            [
              87.32761,
              22.423945
            ],
            [
              87.327607,
              22.423867
            ],
            [
              87.327547,
              22.423869
            ],
            [
              87.327551,
              22.423947
            ]
          ]
        ]
      },
      "properties": {
        "ulpin": "191842393275",
        "osm_id": 756860998,
        "state": "West Bengal",
        "state_code": "19",
        "district": "Paschim Medinipur (\u09aa\u09b6\u09cd\u099a\u09bf\u09ae \u09ae\u09c7\u09a6\u09bf\u09a8\u09c0\u09aa\u09c1\u09b0)",
        "district_code": "18",
        "district_lgd": 318,
        "subdivision": "Kharagpur",
        "block_municipality": "Kharagpur I",
        "mouza_name": "Hijli Institutional",
        "mouza_name_bn": "\u09b9\u09bf\u099c\u09b2\u09bf / \u0986\u0987\u0986\u0987\u099f\u09bf",
        "jl_no": 165,
        "khasra_no": "360",
        "dag_no": 360,
        "khatian_no": 560,
        "owner_name": "Debasis Mahapatra & Brothers",
        "owner_name_bn": "\u09ac\u09cd\u09af\u0995\u09cd\u09a4\u09bf\u0997\u09a4 \u09b0\u09be\u09af\u09bc\u09a4",
        "ownership_type": "Private Freehold Ryot",
        "land_classification": "\u09ac\u09be\u09b8\u09cd\u09a4\u09c1 (Bastu)",
        "legal_area_sqm": 53.63,
        "gis_area_sqm": 52.89,
        "physical_area_sqm": 52.89,
        "area_discrepancy_pct": 1.38,
        "area_bengali": "0 \u09ac\u09bf\u0998\u09be 0 \u0995\u09be\u09a0\u09be 12.8 \u099b\u099f\u09be\u0995",
        "area_english": "0 Bigha 0 Katha 12.8 Chhatak",
        "status": "VERIFIED",
        "cors_datum": "Survey of India KGP1 (Kharagpur) CORS Station",
        "target_crs": "EPSG:7755 / EPSG:4326",
        "survey_source": "OpenStreetMap Real Footprints + Banglarbhumi RoR",
        "confidence_semi_major_m": 0.042,
        "confidence_semi_minor_m": 0.028
      }
    },
    {
      "type": "Feature",
      "id": "west-medinipur-dag-361",
      "geometry": {
        "type": "Polygon",
        "coordinates": [
          [
            [
              87.315579,
              22.42111
            ],
            [
              87.315756,
              22.421091
            ],
            [
              87.315749,
              22.421035
            ],
            [
              87.315572,
              22.421054
            ],
            [
              87.315579,
              22.42111
            ]
          ]
        ]
      },
      "properties": {
        "ulpin": "191842103156",
        "osm_id": 757221975,
        "state": "West Bengal",
        "state_code": "19",
        "district": "Paschim Medinipur (\u09aa\u09b6\u09cd\u099a\u09bf\u09ae \u09ae\u09c7\u09a6\u09bf\u09a8\u09c0\u09aa\u09c1\u09b0)",
        "district_code": "18",
        "district_lgd": 318,
        "subdivision": "Midnapore Sadar",
        "block_municipality": "Midnapore Municipality",
        "mouza_name": "Medinipur Town",
        "mouza_name_bn": "\u09ae\u09c7\u09a6\u09bf\u09a8\u09c0\u09aa\u09c1\u09b0 \u09b6\u09b9\u09b0",
        "jl_no": 110,
        "khasra_no": "361",
        "dag_no": 361,
        "khatian_no": 561,
        "owner_name": "Satyaranjan Sasmal & Sons",
        "owner_name_bn": "\u0995\u09c3\u09b7\u09bf \u09b0\u09be\u09af\u09bc\u09a4",
        "ownership_type": "Agricultural Paddy Farmer",
        "land_classification": "\u09a7\u09be\u09a8\u09c0 (Dhani)",
        "legal_area_sqm": 113.72,
        "gis_area_sqm": 114.29,
        "physical_area_sqm": 114.29,
        "area_discrepancy_pct": 0.5,
        "area_bengali": "0 \u09ac\u09bf\u0998\u09be 1 \u0995\u09be\u09a0\u09be 11.2 \u099b\u099f\u09be\u0995",
        "area_english": "0 Bigha 1 Katha 11.2 Chhatak",
        "status": "VERIFIED",
        "cors_datum": "Survey of India KGP1 (Kharagpur) CORS Station",
        "target_crs": "EPSG:7755 / EPSG:4326",
        "survey_source": "OpenStreetMap Real Footprints + Banglarbhumi RoR",
        "confidence_semi_major_m": 0.042,
        "confidence_semi_minor_m": 0.028
      }
    },
    {
      "type": "Feature",
      "id": "west-medinipur-dag-362",
      "geometry": {
        "type": "Polygon",
        "coordinates": [
          [
            [
              87.28996,
              22.344368
            ],
            [
              87.290071,
              22.344373
            ],
            [
              87.290081,
              22.344166
            ],
            [
              87.28997,
              22.344161
            ],
            [
              87.28996,
              22.344368
            ]
          ]
        ]
      },
      "properties": {
        "ulpin": "191834422900",
        "osm_id": 757221982,
        "state": "West Bengal",
        "state_code": "19",
        "district": "Paschim Medinipur (\u09aa\u09b6\u09cd\u099a\u09bf\u09ae \u09ae\u09c7\u09a6\u09bf\u09a8\u09c0\u09aa\u09c1\u09b0)",
        "district_code": "18",
        "district_lgd": 318,
        "subdivision": "Kharagpur",
        "block_municipality": "Kharagpur Municipality",
        "mouza_name": "Inda / Kharagpur",
        "mouza_name_bn": "\u0987\u09bf\u09a8\u09cd\u09a6\u09be / \u0996\u09dc\u0997\u09aa\u09c1\u09b0",
        "jl_no": 142,
        "khasra_no": "362",
        "dag_no": 362,
        "khatian_no": 562,
        "owner_name": "Pravat Kumar Ghosh",
        "owner_name_bn": "\u09ac\u09be\u09a3\u09bf\u099c\u09cd\u09af\u09bf\u0995 \u09a6\u09cb\u0995\u09be\u09a8",
        "ownership_type": "Commercial Hardware Enterprise",
        "land_classification": "\u09a1\u09be\u0999\u09cd\u0997\u09be (Danga)",
        "legal_area_sqm": 263.57,
        "gis_area_sqm": 262.0,
        "physical_area_sqm": 262.0,
        "area_discrepancy_pct": 0.6,
        "area_bengali": "0 \u09ac\u09bf\u0998\u09be 3 \u0995\u09be\u09a0\u09be 15.0 \u099b\u099f\u09be\u0995",
        "area_english": "0 Bigha 3 Katha 15.0 Chhatak",
        "status": "VERIFIED",
        "cors_datum": "Survey of India KGP1 (Kharagpur) CORS Station",
        "target_crs": "EPSG:7755 / EPSG:4326",
        "survey_source": "OpenStreetMap Real Footprints + Banglarbhumi RoR",
        "confidence_semi_major_m": 0.042,
        "confidence_semi_minor_m": 0.028
      }
    },
    {
      "type": "Feature",
      "id": "west-medinipur-dag-363",
      "geometry": {
        "type": "Polygon",
        "coordinates": [
          [
            [
              87.323752,
              22.421625
            ],
            [
              87.323731,
              22.421691
            ],
            [
              87.323623,
              22.421662
            ],
            [
              87.323605,
              22.421719
            ],
            [
              87.323518,
              22.421696
            ],
            [
              87.323505,
              22.421738
            ],
            [
              87.323309,
              22.421685
            ],
            [
              87.323273,
              22.421799
            ],
            [
              87.323124,
              22.42176
            ],
            [
              87.323105,
              22.421821
            ],
            [
              87.322952,
              22.42178
            ],
            [
              87.322941,
              22.421816
            ],
            [
              87.322776,
              22.421771
            ],
            [
              87.322806,
              22.421675
            ],
            [
              87.322956,
              22.421716
            ],
            [
              87.323039,
              22.42145
            ],
            [
              87.322886,
              22.421409
            ],
            [
              87.322918,
              22.421305
            ],
            [
              87.323103,
              22.421355
            ],
            [
              87.323089,
              22.421401
            ],
            [
              87.323194,
              22.421429
            ],
            [
              87.323176,
              22.421484
            ],
            [
              87.32334,
              22.421529
            ],
            [
              87.323302,
              22.42165
            ],
            [
              87.323376,
              22.42167
            ],
            [
              87.323386,
              22.421637
            ],
            [
              87.323448,
              22.42144
            ],
            [
              87.323492,
              22.421452
            ],
            [
              87.323518,
              22.42137
            ],
            [
              87.323739,
              22.421429
            ],
            [
              87.323734,
              22.421447
            ],
            [
              87.32378,
              22.421459
            ],
            [
              87.32376,
              22.421522
            ],
            [
              87.323864,
              22.42155
            ],
            [
              87.323834,
              22.421647
            ],
            [
              87.323752,
              22.421625
            ]
          ]
        ]
      },
      "properties": {
        "ulpin": "191842153233",
        "osm_id": 780985548,
        "state": "West Bengal",
        "state_code": "19",
        "district": "Paschim Medinipur (\u09aa\u09b6\u09cd\u099a\u09bf\u09ae \u09ae\u09c7\u09a6\u09bf\u09a8\u09c0\u09aa\u09c1\u09b0)",
        "district_code": "18",
        "district_lgd": 318,
        "subdivision": "Kharagpur",
        "block_municipality": "Kharagpur I",
        "mouza_name": "Nimpura Industrial",
        "mouza_name_bn": "\u09a8\u09bf\u09ae\u09aa\u09c1\u09b0\u09be \u09b6\u09bf\u09b2\u09cd\u09aa\u09be\u099e\u09cd\u099a\u09b2",
        "jl_no": 156,
        "khasra_no": "363",
        "dag_no": 363,
        "khatian_no": 563,
        "owner_name": "Bhabani Prasad Samanta",
        "owner_name_bn": "\u09aa\u09c8\u09a4\u09c3\u0995 \u09ac\u09be\u09b8\u09cd\u09a4\u09c1",
        "ownership_type": "Hereditary Homestead Ryot",
        "land_classification": "\u09ac\u09be\u09b8\u09cd\u09a4\u09c1 (Bastu)",
        "legal_area_sqm": 2874.51,
        "gis_area_sqm": 2912.37,
        "physical_area_sqm": 2912.37,
        "area_discrepancy_pct": 1.32,
        "area_bengali": "2 \u09ac\u09bf\u0998\u09be 2 \u0995\u09be\u09a0\u09be 15.6 \u099b\u099f\u09be\u0995",
        "area_english": "2 Bigha 2 Katha 15.6 Chhatak",
        "status": "VERIFIED",
        "cors_datum": "Survey of India KGP1 (Kharagpur) CORS Station",
        "target_crs": "EPSG:7755 / EPSG:4326",
        "survey_source": "OpenStreetMap Real Footprints + Banglarbhumi RoR",
        "confidence_semi_major_m": 0.042,
        "confidence_semi_minor_m": 0.028
      }
    },
    {
      "type": "Feature",
      "id": "west-medinipur-dag-364",
      "geometry": {
        "type": "Polygon",
        "coordinates": [
          [
            [
              87.316301,
              22.439075
            ],
            [
              87.316294,
              22.439128
            ],
            [
              87.316443,
              22.439146
            ],
            [
              87.316451,
              22.439092
            ],
            [
              87.316301,
              22.439075
            ]
          ]
        ]
      },
      "properties": {
        "ulpin": "191843913163",
        "osm_id": 813839646,
        "state": "West Bengal",
        "state_code": "19",
        "district": "Paschim Medinipur (\u09aa\u09b6\u09cd\u099a\u09bf\u09ae \u09ae\u09c7\u09a6\u09bf\u09a8\u09c0\u09aa\u09c1\u09b0)",
        "district_code": "18",
        "district_lgd": 318,
        "subdivision": "Kharagpur",
        "block_municipality": "Kharagpur I",
        "mouza_name": "Hijli Institutional",
        "mouza_name_bn": "\u09b9\u09bf\u099c\u09b2\u09bf / \u0986\u0987\u0986\u0987\u099f\u09bf",
        "jl_no": 165,
        "khasra_no": "364",
        "dag_no": 364,
        "khatian_no": 564,
        "owner_name": "Chanchal Kumar Dinda",
        "owner_name_bn": "\u09ac\u09cd\u09af\u0995\u09cd\u09a4\u09bf\u0997\u09a4 \u09ac\u09be\u09b8\u09cd\u09a4\u09c1",
        "ownership_type": "Private Homestead",
        "land_classification": "\u09ac\u09be\u09b8\u09cd\u09a4\u09c1 (Bastu)",
        "legal_area_sqm": 92.31,
        "gis_area_sqm": 92.5,
        "physical_area_sqm": 92.5,
        "area_discrepancy_pct": 0.21,
        "area_bengali": "0 \u09ac\u09bf\u0998\u09be 1 \u0995\u09be\u09a0\u09be 6.1 \u099b\u099f\u09be\u0995",
        "area_english": "0 Bigha 1 Katha 6.1 Chhatak",
        "status": "VERIFIED",
        "cors_datum": "Survey of India KGP1 (Kharagpur) CORS Station",
        "target_crs": "EPSG:7755 / EPSG:4326",
        "survey_source": "OpenStreetMap Real Footprints + Banglarbhumi RoR",
        "confidence_semi_major_m": 0.042,
        "confidence_semi_minor_m": 0.028
      }
    },
    {
      "type": "Feature",
      "id": "west-medinipur-dag-365",
      "geometry": {
        "type": "Polygon",
        "coordinates": [
          [
            [
              87.314877,
              22.437482
            ],
            [
              87.315359,
              22.437445
            ],
            [
              87.315349,
              22.437334
            ],
            [
              87.315239,
              22.437343
            ],
            [
              87.315234,
              22.437296
            ],
            [
              87.315011,
              22.437321
            ],
            [
              87.315015,
              22.437369
            ],
            [
              87.314863,
              22.437378
            ],
            [
              87.314877,
              22.437482
            ]
          ]
        ]
      },
      "properties": {
        "ulpin": "191843733150",
        "osm_id": 813839647,
        "state": "West Bengal",
        "state_code": "19",
        "district": "Paschim Medinipur (\u09aa\u09b6\u09cd\u099a\u09bf\u09ae \u09ae\u09c7\u09a6\u09bf\u09a8\u09c0\u09aa\u09c1\u09b0)",
        "district_code": "18",
        "district_lgd": 318,
        "subdivision": "Midnapore Sadar",
        "block_municipality": "Midnapore Municipality",
        "mouza_name": "Medinipur Town",
        "mouza_name_bn": "\u09ae\u09c7\u09a6\u09bf\u09a8\u09c0\u09aa\u09c1\u09b0 \u09b6\u09b9\u09b0",
        "jl_no": 110,
        "khasra_no": "365",
        "dag_no": 365,
        "khatian_no": 565,
        "owner_name": "Rashbehari Pradhan & Co-sharers",
        "owner_name_bn": "\u09af\u09cc\u09a5 \u0996\u09a4\u09bf\u09af\u09bc\u09be\u09a8",
        "ownership_type": "Joint Agricultural Estate",
        "land_classification": "\u09a7\u09be\u09a8\u09c0 (Dhani)",
        "legal_area_sqm": 717.67,
        "gis_area_sqm": 711.27,
        "physical_area_sqm": 711.27,
        "area_discrepancy_pct": 0.89,
        "area_bengali": "0 \u09ac\u09bf\u0998\u09be 10 \u0995\u09be\u09a0\u09be 11.7 \u099b\u099f\u09be\u0995",
        "area_english": "0 Bigha 10 Katha 11.7 Chhatak",
        "status": "VERIFIED",
        "cors_datum": "Survey of India KGP1 (Kharagpur) CORS Station",
        "target_crs": "EPSG:7755 / EPSG:4326",
        "survey_source": "OpenStreetMap Real Footprints + Banglarbhumi RoR",
        "confidence_semi_major_m": 0.042,
        "confidence_semi_minor_m": 0.028
      }
    },
    {
      "type": "Feature",
      "id": "west-medinipur-dag-366",
      "geometry": {
        "type": "Polygon",
        "coordinates": [
          [
            [
              87.316233,
              22.438051
            ],
            [
              87.316146,
              22.437996
            ],
            [
              87.316081,
              22.438084
            ],
            [
              87.316169,
              22.438138
            ],
            [
              87.316233,
              22.438051
            ]
          ]
        ]
      },
      "properties": {
        "ulpin": "191843803161",
        "osm_id": 813839648,
        "state": "West Bengal",
        "state_code": "19",
        "district": "Paschim Medinipur (\u09aa\u09b6\u09cd\u099a\u09bf\u09ae \u09ae\u09c7\u09a6\u09bf\u09a8\u09c0\u09aa\u09c1\u09b0)",
        "district_code": "18",
        "district_lgd": 318,
        "subdivision": "Kharagpur",
        "block_municipality": "Kharagpur Municipality",
        "mouza_name": "Inda / Kharagpur",
        "mouza_name_bn": "\u0987\u09bf\u09a8\u09cd\u09a6\u09be / \u0996\u09dc\u0997\u09aa\u09c1\u09b0",
        "jl_no": 142,
        "khasra_no": "366",
        "dag_no": 366,
        "khatian_no": 566,
        "owner_name": "Paschim Medinipur Zilla Parishad",
        "owner_name_bn": "\u099c\u09c7\u09b2\u09be \u09aa\u09b0\u09bf\u09b7\u09a6",
        "ownership_type": "Panchayati Raj Civic Asset",
        "land_classification": "\u09b8\u09b0\u0995\u09be\u09b0\u09bf \u0996\u09be\u09b8 (Sarkari Khas)",
        "legal_area_sqm": 125.84,
        "gis_area_sqm": 127.11,
        "physical_area_sqm": 127.11,
        "area_discrepancy_pct": 1.01,
        "area_bengali": "0 \u09ac\u09bf\u0998\u09be 1 \u0995\u09be\u09a0\u09be 14.1 \u099b\u099f\u09be\u0995",
        "area_english": "0 Bigha 1 Katha 14.1 Chhatak",
        "status": "VERIFIED",
        "cors_datum": "Survey of India KGP1 (Kharagpur) CORS Station",
        "target_crs": "EPSG:7755 / EPSG:4326",
        "survey_source": "OpenStreetMap Real Footprints + Banglarbhumi RoR",
        "confidence_semi_major_m": 0.042,
        "confidence_semi_minor_m": 0.028
      }
    },
    {
      "type": "Feature",
      "id": "west-medinipur-dag-367",
      "geometry": {
        "type": "Polygon",
        "coordinates": [
          [
            [
              87.315582,
              22.439234
            ],
            [
              87.316219,
              22.439633
            ],
            [
              87.316278,
              22.439552
            ],
            [
              87.315641,
              22.439153
            ],
            [
              87.315582,
              22.439234
            ]
          ]
        ]
      },
      "properties": {
        "ulpin": "191843933158",
        "osm_id": 813839650,
        "state": "West Bengal",
        "state_code": "19",
        "district": "Paschim Medinipur (\u09aa\u09b6\u09cd\u099a\u09bf\u09ae \u09ae\u09c7\u09a6\u09bf\u09a8\u09c0\u09aa\u09c1\u09b0)",
        "district_code": "18",
        "district_lgd": 318,
        "subdivision": "Kharagpur",
        "block_municipality": "Kharagpur I",
        "mouza_name": "Nimpura Industrial",
        "mouza_name_bn": "\u09a8\u09bf\u09ae\u09aa\u09c1\u09b0\u09be \u09b6\u09bf\u09b2\u09cd\u09aa\u09be\u099e\u09cd\u099a\u09b2",
        "jl_no": 156,
        "khasra_no": "367",
        "dag_no": 367,
        "khatian_no": 567,
        "owner_name": "Indian Institute of Technology (IIT) Kharagpur",
        "owner_name_bn": "\u0986\u0987\u0986\u0987\u099f\u09bf \u0996\u09dc\u0997\u09aa\u09c1\u09b0",
        "ownership_type": "Central Autonomous Institutional",
        "land_classification": "\u09b8\u09b0\u0995\u09be\u09b0\u09bf \u0996\u09be\u09b8 (Sarkari Khas)",
        "legal_area_sqm": 855.78,
        "gis_area_sqm": 854.93,
        "physical_area_sqm": 854.93,
        "area_discrepancy_pct": 0.1,
        "area_bengali": "0 \u09ac\u09bf\u0998\u09be 12 \u0995\u09be\u09a0\u09be 12.7 \u099b\u099f\u09be\u0995",
        "area_english": "0 Bigha 12 Katha 12.7 Chhatak",
        "status": "VERIFIED",
        "cors_datum": "Survey of India KGP1 (Kharagpur) CORS Station",
        "target_crs": "EPSG:7755 / EPSG:4326",
        "survey_source": "OpenStreetMap Real Footprints + Banglarbhumi RoR",
        "confidence_semi_major_m": 0.042,
        "confidence_semi_minor_m": 0.028
      }
    },
    {
      "type": "Feature",
      "id": "west-medinipur-dag-368",
      "geometry": {
        "type": "Polygon",
        "coordinates": [
          [
            [
              87.314664,
              22.43897
            ],
            [
              87.314679,
              22.439062
            ],
            [
              87.313891,
              22.439169
            ],
            [
              87.313877,
              22.439077
            ],
            [
              87.314664,
              22.43897
            ]
          ]
        ]
      },
      "properties": {
        "ulpin": "191843903143",
        "osm_id": 813839652,
        "state": "West Bengal",
        "state_code": "19",
        "district": "Paschim Medinipur (\u09aa\u09b6\u09cd\u099a\u09bf\u09ae \u09ae\u09c7\u09a6\u09bf\u09a8\u09c0\u09aa\u09c1\u09b0)",
        "district_code": "18",
        "district_lgd": 318,
        "subdivision": "Kharagpur",
        "block_municipality": "Kharagpur I",
        "mouza_name": "Hijli Institutional",
        "mouza_name_bn": "\u09b9\u09bf\u099c\u09b2\u09bf / \u0986\u0987\u0986\u0987\u099f\u09bf",
        "jl_no": 165,
        "khasra_no": "368",
        "dag_no": 368,
        "khatian_no": 568,
        "owner_name": "South Eastern Railway Administration (KGP Division)",
        "owner_name_bn": "\u09a6\u0995\u09cd\u09b7\u09bf\u09a3 \u09aa\u09c2\u09b0\u09cd\u09ac \u09b0\u09c7\u09b2\u0993\u09af\u09bc\u09c7",
        "ownership_type": "Central Govt Infrastructure",
        "land_classification": "\u09b8\u09b0\u0995\u09be\u09b0\u09bf \u0996\u09be\u09b8 (Sarkari Khas)",
        "legal_area_sqm": 852.1,
        "gis_area_sqm": 842.0,
        "physical_area_sqm": 842.0,
        "area_discrepancy_pct": 1.19,
        "area_bengali": "0 \u09ac\u09bf\u0998\u09be 12 \u0995\u09be\u09a0\u09be 11.8 \u099b\u099f\u09be\u0995",
        "area_english": "0 Bigha 12 Katha 11.8 Chhatak",
        "status": "VERIFIED",
        "cors_datum": "Survey of India KGP1 (Kharagpur) CORS Station",
        "target_crs": "EPSG:7755 / EPSG:4326",
        "survey_source": "OpenStreetMap Real Footprints + Banglarbhumi RoR",
        "confidence_semi_major_m": 0.042,
        "confidence_semi_minor_m": 0.028
      }
    },
    {
      "type": "Feature",
      "id": "west-medinipur-dag-369",
      "geometry": {
        "type": "Polygon",
        "coordinates": [
          [
            [
              87.317351,
              22.420116
            ],
            [
              87.317543,
              22.420062
            ],
            [
              87.3175,
              22.419932
            ],
            [
              87.317308,
              22.419986
            ],
            [
              87.317351,
              22.420116
            ]
          ]
        ]
      },
      "properties": {
        "ulpin": "191842003174",
        "osm_id": 821266107,
        "state": "West Bengal",
        "state_code": "19",
        "district": "Paschim Medinipur (\u09aa\u09b6\u09cd\u099a\u09bf\u09ae \u09ae\u09c7\u09a6\u09bf\u09a8\u09c0\u09aa\u09c1\u09b0)",
        "district_code": "18",
        "district_lgd": 318,
        "subdivision": "Midnapore Sadar",
        "block_municipality": "Midnapore Municipality",
        "mouza_name": "Medinipur Town",
        "mouza_name_bn": "\u09ae\u09c7\u09a6\u09bf\u09a8\u09c0\u09aa\u09c1\u09b0 \u09b6\u09b9\u09b0",
        "jl_no": 110,
        "khasra_no": "369",
        "dag_no": 369,
        "khatian_no": 569,
        "owner_name": "West Bengal Industrial Development Corporation (WBIDC Nimpura)",
        "owner_name_bn": "\u09b0\u09be\u099c\u09cd\u09af \u09b6\u09bf\u09b2\u09cd\u09aa \u09a8\u09bf\u0997\u09ae",
        "ownership_type": "State Govt Industrial Park",
        "land_classification": "\u0995\u09b2\u0995\u09be\u09b0\u0996\u09be\u09a8\u09be (Karkhana)",
        "legal_area_sqm": 308.25,
        "gis_area_sqm": 310.42,
        "physical_area_sqm": 310.42,
        "area_discrepancy_pct": 0.7,
        "area_bengali": "0 \u09ac\u09bf\u0998\u09be 4 \u0995\u09be\u09a0\u09be 9.7 \u099b\u099f\u09be\u0995",
        "area_english": "0 Bigha 4 Katha 9.7 Chhatak",
        "status": "VERIFIED",
        "cors_datum": "Survey of India KGP1 (Kharagpur) CORS Station",
        "target_crs": "EPSG:7755 / EPSG:4326",
        "survey_source": "OpenStreetMap Real Footprints + Banglarbhumi RoR",
        "confidence_semi_major_m": 0.042,
        "confidence_semi_minor_m": 0.028
      }
    },
    {
      "type": "Feature",
      "id": "west-medinipur-dag-370",
      "geometry": {
        "type": "Polygon",
        "coordinates": [
          [
            [
              87.321624,
              22.422659
            ],
            [
              87.321674,
              22.42276
            ],
            [
              87.321782,
              22.422714
            ],
            [
              87.321732,
              22.422613
            ],
            [
              87.321624,
              22.422659
            ]
          ]
        ]
      },
      "properties": {
        "ulpin": "191842263216",
        "osm_id": 821266118,
        "state": "West Bengal",
        "state_code": "19",
        "district": "Paschim Medinipur (\u09aa\u09b6\u09cd\u099a\u09bf\u09ae \u09ae\u09c7\u09a6\u09bf\u09a8\u09c0\u09aa\u09c1\u09b0)",
        "district_code": "18",
        "district_lgd": 318,
        "subdivision": "Kharagpur",
        "block_municipality": "Kharagpur Municipality",
        "mouza_name": "Inda / Kharagpur",
        "mouza_name_bn": "\u0987\u09bf\u09a8\u09cd\u09a6\u09be / \u0996\u09dc\u0997\u09aa\u09c1\u09b0",
        "jl_no": 142,
        "khasra_no": "370",
        "dag_no": 370,
        "khatian_no": 570,
        "owner_name": "Midnapore District Collectorate & Court Estate",
        "owner_name_bn": "\u09ae\u09c7\u09a6\u09bf\u09a8\u09c0\u09aa\u09c1\u09b0 \u099c\u09c7\u09b2\u09be \u09aa\u09cd\u09b0\u09b6\u09be\u09b8\u09a8",
        "ownership_type": "District Administrative Estate",
        "land_classification": "\u09b8\u09b0\u0995\u09be\u09b0\u09bf \u0996\u09be\u09b8 (Sarkari Khas)",
        "legal_area_sqm": 150.88,
        "gis_area_sqm": 150.28,
        "physical_area_sqm": 150.28,
        "area_discrepancy_pct": 0.4,
        "area_bengali": "0 \u09ac\u09bf\u0998\u09be 2 \u0995\u09be\u09a0\u09be 4.1 \u099b\u099f\u09be\u0995",
        "area_english": "0 Bigha 2 Katha 4.1 Chhatak",
        "status": "VERIFIED",
        "cors_datum": "Survey of India KGP1 (Kharagpur) CORS Station",
        "target_crs": "EPSG:7755 / EPSG:4326",
        "survey_source": "OpenStreetMap Real Footprints + Banglarbhumi RoR",
        "confidence_semi_major_m": 0.042,
        "confidence_semi_minor_m": 0.028
      }
    },
    {
      "type": "Feature",
      "id": "west-medinipur-dag-371",
      "geometry": {
        "type": "Polygon",
        "coordinates": [
          [
            [
              87.319839,
              22.421058
            ],
            [
              87.31999,
              22.421381
            ],
            [
              87.32013,
              22.421325
            ],
            [
              87.320109,
              22.42128
            ],
            [
              87.320014,
              22.421318
            ],
            [
              87.319978,
              22.42124
            ],
            [
              87.320072,
              22.421202
            ],
            [
              87.319978,
              22.421003
            ],
            [
              87.319839,
              22.421058
            ]
          ]
        ]
      },
      "properties": {
        "ulpin": "191842123199",
        "osm_id": 821266120,
        "state": "West Bengal",
        "state_code": "19",
        "district": "Paschim Medinipur (\u09aa\u09b6\u09cd\u099a\u09bf\u09ae \u09ae\u09c7\u09a6\u09bf\u09a8\u09c0\u09aa\u09c1\u09b0)",
        "district_code": "18",
        "district_lgd": 318,
        "subdivision": "Kharagpur",
        "block_municipality": "Kharagpur I",
        "mouza_name": "Nimpura Industrial",
        "mouza_name_bn": "\u09a8\u09bf\u09ae\u09aa\u09c1\u09b0\u09be \u09b6\u09bf\u09b2\u09cd\u09aa\u09be\u099e\u09cd\u099a\u09b2",
        "jl_no": 156,
        "khasra_no": "371",
        "dag_no": 371,
        "khatian_no": 571,
        "owner_name": "Tata Metaliks Limited (Kharagpur Plant)",
        "owner_name_bn": "\u099f\u09be\u099f\u09be \u09ae\u09c7\u099f\u09be\u09b2\u09bf\u0995\u09cd\u09b8 \u09b2\u09bf\u09ae\u09bf\u099f\u09c7\u09a1",
        "ownership_type": "Corporate Heavy Industrial",
        "land_classification": "\u0995\u09b2\u0995\u09be\u09b0\u0996\u09be\u09a8\u09be (Karkhana)",
        "legal_area_sqm": 500.56,
        "gis_area_sqm": 508.18,
        "physical_area_sqm": 508.18,
        "area_discrepancy_pct": 1.52,
        "area_bengali": "0 \u09ac\u09bf\u0998\u09be 7 \u0995\u09be\u09a0\u09be 7.7 \u099b\u099f\u09be\u0995",
        "area_english": "0 Bigha 7 Katha 7.7 Chhatak",
        "status": "ADJUDICATED",
        "cors_datum": "Survey of India KGP1 (Kharagpur) CORS Station",
        "target_crs": "EPSG:7755 / EPSG:4326",
        "survey_source": "OpenStreetMap Real Footprints + Banglarbhumi RoR",
        "confidence_semi_major_m": 0.042,
        "confidence_semi_minor_m": 0.028
      }
    },
    {
      "type": "Feature",
      "id": "west-medinipur-dag-372",
      "geometry": {
        "type": "Polygon",
        "coordinates": [
          [
            [
              87.340253,
              22.407432
            ],
            [
              87.340251,
              22.40763
            ],
            [
              87.340393,
              22.407631
            ],
            [
              87.340394,
              22.407587
            ],
            [
              87.340713,
              22.40759
            ],
            [
              87.340714,
              22.407436
            ],
            [
              87.340253,
              22.407432
            ]
          ]
        ]
      },
      "properties": {
        "ulpin": "191840753404",
        "osm_id": 821266124,
        "state": "West Bengal",
        "state_code": "19",
        "district": "Paschim Medinipur (\u09aa\u09b6\u09cd\u099a\u09bf\u09ae \u09ae\u09c7\u09a6\u09bf\u09a8\u09c0\u09aa\u09c1\u09b0)",
        "district_code": "18",
        "district_lgd": 318,
        "subdivision": "Kharagpur",
        "block_municipality": "Kharagpur I",
        "mouza_name": "Hijli Institutional",
        "mouza_name_bn": "\u09b9\u09bf\u099c\u09b2\u09bf / \u0986\u0987\u0986\u0987\u099f\u09bf",
        "jl_no": 165,
        "khasra_no": "372",
        "dag_no": 372,
        "khatian_no": 572,
        "owner_name": "Midnapore College (Autonomous)",
        "owner_name_bn": "\u09ae\u09c7\u09a6\u09bf\u09a8\u09c0\u09aa\u09c1\u09b0 \u0995\u09b2\u09c7\u099c",
        "ownership_type": "Higher Educational Institution",
        "land_classification": "\u09ac\u09be\u09b8\u09cd\u09a4\u09c1 (Bastu)",
        "legal_area_sqm": 875.42,
        "gis_area_sqm": 878.94,
        "physical_area_sqm": 878.94,
        "area_discrepancy_pct": 0.4,
        "area_bengali": "0 \u09ac\u09bf\u0998\u09be 13 \u0995\u09be\u09a0\u09be 1.4 \u099b\u099f\u09be\u0995",
        "area_english": "0 Bigha 13 Katha 1.4 Chhatak",
        "status": "VERIFIED",
        "cors_datum": "Survey of India KGP1 (Kharagpur) CORS Station",
        "target_crs": "EPSG:7755 / EPSG:4326",
        "survey_source": "OpenStreetMap Real Footprints + Banglarbhumi RoR",
        "confidence_semi_major_m": 0.042,
        "confidence_semi_minor_m": 0.028
      }
    },
    {
      "type": "Feature",
      "id": "west-medinipur-dag-373",
      "geometry": {
        "type": "Polygon",
        "coordinates": [
          [
            [
              87.321348,
              22.424634
            ],
            [
              87.321436,
              22.424609
            ],
            [
              87.321408,
              22.424524
            ],
            [
              87.32132,
              22.424549
            ],
            [
              87.321348,
              22.424634
            ]
          ]
        ]
      },
      "properties": {
        "ulpin": "191842453213",
        "osm_id": 821266139,
        "state": "West Bengal",
        "state_code": "19",
        "district": "Paschim Medinipur (\u09aa\u09b6\u09cd\u099a\u09bf\u09ae \u09ae\u09c7\u09a6\u09bf\u09a8\u09c0\u09aa\u09c1\u09b0)",
        "district_code": "18",
        "district_lgd": 318,
        "subdivision": "Midnapore Sadar",
        "block_municipality": "Midnapore Municipality",
        "mouza_name": "Medinipur Town",
        "mouza_name_bn": "\u09ae\u09c7\u09a6\u09bf\u09a8\u09c0\u09aa\u09c1\u09b0 \u09b6\u09b9\u09b0",
        "jl_no": 110,
        "khasra_no": "373",
        "dag_no": 373,
        "khatian_no": 573,
        "owner_name": "Vidyasagar University Campus Trust",
        "owner_name_bn": "\u09ac\u09bf\u09a6\u09cd\u09af\u09be\u09b8\u09be\u0997\u09b0 \u09ac\u09bf\u09b6\u09cd\u09ac\u09ac\u09bf\u09a6\u09cd\u09af\u09be\u09b2\u09af\u09bc",
        "ownership_type": "University Institutional",
        "land_classification": "\u09b8\u09b0\u0995\u09be\u09b0\u09bf \u0996\u09be\u09b8 (Sarkari Khas)",
        "legal_area_sqm": 93.72,
        "gis_area_sqm": 93.07,
        "physical_area_sqm": 93.07,
        "area_discrepancy_pct": 0.69,
        "area_bengali": "0 \u09ac\u09bf\u0998\u09be 1 \u0995\u09be\u09a0\u09be 6.4 \u099b\u099f\u09be\u0995",
        "area_english": "0 Bigha 1 Katha 6.4 Chhatak",
        "status": "VERIFIED",
        "cors_datum": "Survey of India KGP1 (Kharagpur) CORS Station",
        "target_crs": "EPSG:7755 / EPSG:4326",
        "survey_source": "OpenStreetMap Real Footprints + Banglarbhumi RoR",
        "confidence_semi_major_m": 0.042,
        "confidence_semi_minor_m": 0.028
      }
    },
    {
      "type": "Feature",
      "id": "west-medinipur-dag-374",
      "geometry": {
        "type": "Polygon",
        "coordinates": [
          [
            [
              87.293406,
              22.437659
            ],
            [
              87.293618,
              22.437669
            ],
            [
              87.293616,
              22.437711
            ],
            [
              87.29374,
              22.437717
            ],
            [
              87.293743,
              22.437673
            ],
            [
              87.293806,
              22.437676
            ],
            [
              87.293804,
              22.437722
            ],
            [
              87.293938,
              22.437729
            ],
            [
              87.293945,
              22.437598
            ],
            [
              87.293982,
              22.4376
            ],
            [
              87.293976,
              22.437705
            ],
            [
              87.294059,
              22.437709
            ],
            [
              87.294056,
              22.437757
            ],
            [
              87.294292,
              22.437768
            ],
            [
              87.294303,
              22.437573
            ],
            [
              87.294258,
              22.43757
            ],
            [
              87.294259,
              22.437551
            ],
            [
              87.294054,
              22.437541
            ],
            [
              87.294052,
              22.437581
            ],
            [
              87.293956,
              22.437576
            ],
            [
              87.293968,
              22.43736
            ],
            [
              87.293853,
              22.437354
            ],
            [
              87.293857,
              22.437267
            ],
            [
              87.293509,
              22.437251
            ],
            [
              87.293506,
              22.437309
            ],
            [
              87.293425,
              22.437305
            ],
            [
              87.293406,
              22.437659
            ]
          ]
        ]
      },
      "properties": {
        "ulpin": "191843752938",
        "osm_id": 821266143,
        "state": "West Bengal",
        "state_code": "19",
        "district": "Paschim Medinipur (\u09aa\u09b6\u09cd\u099a\u09bf\u09ae \u09ae\u09c7\u09a6\u09bf\u09a8\u09c0\u09aa\u09c1\u09b0)",
        "district_code": "18",
        "district_lgd": 318,
        "subdivision": "Kharagpur",
        "block_municipality": "Kharagpur Municipality",
        "mouza_name": "Inda / Kharagpur",
        "mouza_name_bn": "\u0987\u09bf\u09a8\u09cd\u09a6\u09be / \u0996\u09dc\u0997\u09aa\u09c1\u09b0",
        "jl_no": 142,
        "khasra_no": "374",
        "dag_no": 374,
        "khatian_no": 574,
        "owner_name": "Debasis Mahapatra & Brothers",
        "owner_name_bn": "\u09ac\u09cd\u09af\u0995\u09cd\u09a4\u09bf\u0997\u09a4 \u09b0\u09be\u09af\u09bc\u09a4",
        "ownership_type": "Private Freehold Ryot",
        "land_classification": "\u09ac\u09be\u09b8\u09cd\u09a4\u09c1 (Bastu)",
        "legal_area_sqm": 3171.04,
        "gis_area_sqm": 3209.55,
        "physical_area_sqm": 3209.55,
        "area_discrepancy_pct": 1.21,
        "area_bengali": "2 \u09ac\u09bf\u0998\u09be 7 \u0995\u09be\u09a0\u09be 6.5 \u099b\u099f\u09be\u0995",
        "area_english": "2 Bigha 7 Katha 6.5 Chhatak",
        "status": "VERIFIED",
        "cors_datum": "Survey of India KGP1 (Kharagpur) CORS Station",
        "target_crs": "EPSG:7755 / EPSG:4326",
        "survey_source": "OpenStreetMap Real Footprints + Banglarbhumi RoR",
        "confidence_semi_major_m": 0.042,
        "confidence_semi_minor_m": 0.028
      }
    },
    {
      "type": "Feature",
      "id": "west-medinipur-dag-375",
      "geometry": {
        "type": "Polygon",
        "coordinates": [
          [
            [
              87.325048,
              22.428953
            ],
            [
              87.325034,
              22.428881
            ],
            [
              87.325153,
              22.428861
            ],
            [
              87.325162,
              22.428905
            ],
            [
              87.325097,
              22.428916
            ],
            [
              87.325103,
              22.428944
            ],
            [
              87.325048,
              22.428953
            ]
          ]
        ]
      },
      "properties": {
        "ulpin": "191842893250",
        "osm_id": 821266153,
        "state": "West Bengal",
        "state_code": "19",
        "district": "Paschim Medinipur (\u09aa\u09b6\u09cd\u099a\u09bf\u09ae \u09ae\u09c7\u09a6\u09bf\u09a8\u09c0\u09aa\u09c1\u09b0)",
        "district_code": "18",
        "district_lgd": 318,
        "subdivision": "Kharagpur",
        "block_municipality": "Kharagpur I",
        "mouza_name": "Nimpura Industrial",
        "mouza_name_bn": "\u09a8\u09bf\u09ae\u09aa\u09c1\u09b0\u09be \u09b6\u09bf\u09b2\u09cd\u09aa\u09be\u099e\u09cd\u099a\u09b2",
        "jl_no": 156,
        "khasra_no": "375",
        "dag_no": 375,
        "khatian_no": 575,
        "owner_name": "Satyaranjan Sasmal & Sons",
        "owner_name_bn": "\u0995\u09c3\u09b7\u09bf \u09b0\u09be\u09af\u09bc\u09a4",
        "ownership_type": "Agricultural Paddy Farmer",
        "land_classification": "\u09a7\u09be\u09a8\u09c0 (Dhani)",
        "legal_area_sqm": 79.71,
        "gis_area_sqm": 79.79,
        "physical_area_sqm": 79.79,
        "area_discrepancy_pct": 0.1,
        "area_bengali": "0 \u09ac\u09bf\u0998\u09be 1 \u0995\u09be\u09a0\u09be 3.1 \u099b\u099f\u09be\u0995",
        "area_english": "0 Bigha 1 Katha 3.1 Chhatak",
        "status": "VERIFIED",
        "cors_datum": "Survey of India KGP1 (Kharagpur) CORS Station",
        "target_crs": "EPSG:7755 / EPSG:4326",
        "survey_source": "OpenStreetMap Real Footprints + Banglarbhumi RoR",
        "confidence_semi_major_m": 0.042,
        "confidence_semi_minor_m": 0.028
      }
    },
    {
      "type": "Feature",
      "id": "west-medinipur-dag-376",
      "geometry": {
        "type": "Polygon",
        "coordinates": [
          [
            [
              87.319611,
              22.422767
            ],
            [
              87.319718,
              22.422742
            ],
            [
              87.319699,
              22.422673
            ],
            [
              87.319592,
              22.422698
            ],
            [
              87.319611,
              22.422767
            ]
          ]
        ]
      },
      "properties": {
        "ulpin": "191842273196",
        "osm_id": 821266158,
        "state": "West Bengal",
        "state_code": "19",
        "district": "Paschim Medinipur (\u09aa\u09b6\u09cd\u099a\u09bf\u09ae \u09ae\u09c7\u09a6\u09bf\u09a8\u09c0\u09aa\u09c1\u09b0)",
        "district_code": "18",
        "district_lgd": 318,
        "subdivision": "Kharagpur",
        "block_municipality": "Kharagpur I",
        "mouza_name": "Hijli Institutional",
        "mouza_name_bn": "\u09b9\u09bf\u099c\u09b2\u09bf / \u0986\u0987\u0986\u0987\u099f\u09bf",
        "jl_no": 165,
        "khasra_no": "376",
        "dag_no": 376,
        "khatian_no": 576,
        "owner_name": "Pravat Kumar Ghosh",
        "owner_name_bn": "\u09ac\u09be\u09a3\u09bf\u099c\u09cd\u09af\u09bf\u0995 \u09a6\u09cb\u0995\u09be\u09a8",
        "ownership_type": "Commercial Hardware Enterprise",
        "land_classification": "\u09a1\u09be\u0999\u09cd\u0997\u09be (Danga)",
        "legal_area_sqm": 90.3,
        "gis_area_sqm": 89.41,
        "physical_area_sqm": 89.41,
        "area_discrepancy_pct": 0.99,
        "area_bengali": "0 \u09ac\u09bf\u0998\u09be 1 \u0995\u09be\u09a0\u09be 5.6 \u099b\u099f\u09be\u0995",
        "area_english": "0 Bigha 1 Katha 5.6 Chhatak",
        "status": "VERIFIED",
        "cors_datum": "Survey of India KGP1 (Kharagpur) CORS Station",
        "target_crs": "EPSG:7755 / EPSG:4326",
        "survey_source": "OpenStreetMap Real Footprints + Banglarbhumi RoR",
        "confidence_semi_major_m": 0.042,
        "confidence_semi_minor_m": 0.028
      }
    },
    {
      "type": "Feature",
      "id": "west-medinipur-dag-377",
      "geometry": {
        "type": "Polygon",
        "coordinates": [
          [
            [
              87.321124,
              22.43125
            ],
            [
              87.321263,
              22.431232
            ],
            [
              87.321245,
              22.431116
            ],
            [
              87.321106,
              22.431134
            ],
            [
              87.321124,
              22.43125
            ]
          ]
        ]
      },
      "properties": {
        "ulpin": "191843113211",
        "osm_id": 821266160,
        "state": "West Bengal",
        "state_code": "19",
        "district": "Paschim Medinipur (\u09aa\u09b6\u09cd\u099a\u09bf\u09ae \u09ae\u09c7\u09a6\u09bf\u09a8\u09c0\u09aa\u09c1\u09b0)",
        "district_code": "18",
        "district_lgd": 318,
        "subdivision": "Midnapore Sadar",
        "block_municipality": "Midnapore Municipality",
        "mouza_name": "Medinipur Town",
        "mouza_name_bn": "\u09ae\u09c7\u09a6\u09bf\u09a8\u09c0\u09aa\u09c1\u09b0 \u09b6\u09b9\u09b0",
        "jl_no": 110,
        "khasra_no": "377",
        "dag_no": 377,
        "khatian_no": 577,
        "owner_name": "Bhabani Prasad Samanta",
        "owner_name_bn": "\u09aa\u09c8\u09a4\u09c3\u0995 \u09ac\u09be\u09b8\u09cd\u09a4\u09c1",
        "ownership_type": "Hereditary Homestead Ryot",
        "land_classification": "\u09ac\u09be\u09b8\u09cd\u09a4\u09c1 (Bastu)",
        "legal_area_sqm": 185.47,
        "gis_area_sqm": 187.15,
        "physical_area_sqm": 187.15,
        "area_discrepancy_pct": 0.91,
        "area_bengali": "0 \u09ac\u09bf\u0998\u09be 2 \u0995\u09be\u09a0\u09be 12.4 \u099b\u099f\u09be\u0995",
        "area_english": "0 Bigha 2 Katha 12.4 Chhatak",
        "status": "VERIFIED",
        "cors_datum": "Survey of India KGP1 (Kharagpur) CORS Station",
        "target_crs": "EPSG:7755 / EPSG:4326",
        "survey_source": "OpenStreetMap Real Footprints + Banglarbhumi RoR",
        "confidence_semi_major_m": 0.042,
        "confidence_semi_minor_m": 0.028
      }
    },
    {
      "type": "Feature",
      "id": "west-medinipur-dag-378",
      "geometry": {
        "type": "Polygon",
        "coordinates": [
          [
            [
              87.316921,
              22.42585
            ],
            [
              87.316994,
              22.425826
            ],
            [
              87.31697,
              22.425764
            ],
            [
              87.317044,
              22.42574
            ],
            [
              87.316986,
              22.425586
            ],
            [
              87.316912,
              22.42561
            ],
            [
              87.316876,
              22.425515
            ],
            [
              87.316803,
              22.425539
            ],
            [
              87.316921,
              22.42585
            ]
          ]
        ]
      },
      "properties": {
        "ulpin": "191842563169",
        "osm_id": 821266162,
        "state": "West Bengal",
        "state_code": "19",
        "district": "Paschim Medinipur (\u09aa\u09b6\u09cd\u099a\u09bf\u09ae \u09ae\u09c7\u09a6\u09bf\u09a8\u09c0\u09aa\u09c1\u09b0)",
        "district_code": "18",
        "district_lgd": 318,
        "subdivision": "Kharagpur",
        "block_municipality": "Kharagpur Municipality",
        "mouza_name": "Inda / Kharagpur",
        "mouza_name_bn": "\u0987\u09bf\u09a8\u09cd\u09a6\u09be / \u0996\u09dc\u0997\u09aa\u09c1\u09b0",
        "jl_no": 142,
        "khasra_no": "378",
        "dag_no": 378,
        "khatian_no": 578,
        "owner_name": "Chanchal Kumar Dinda",
        "owner_name_bn": "\u09ac\u09cd\u09af\u0995\u09cd\u09a4\u09bf\u0997\u09a4 \u09ac\u09be\u09b8\u09cd\u09a4\u09c1",
        "ownership_type": "Private Homestead",
        "land_classification": "\u09ac\u09be\u09b8\u09cd\u09a4\u09c1 (Bastu)",
        "legal_area_sqm": 436.26,
        "gis_area_sqm": 435.39,
        "physical_area_sqm": 435.39,
        "area_discrepancy_pct": 0.2,
        "area_bengali": "0 \u09ac\u09bf\u0998\u09be 6 \u0995\u09be\u09a0\u09be 8.4 \u099b\u099f\u09be\u0995",
        "area_english": "0 Bigha 6 Katha 8.4 Chhatak",
        "status": "VERIFIED",
        "cors_datum": "Survey of India KGP1 (Kharagpur) CORS Station",
        "target_crs": "EPSG:7755 / EPSG:4326",
        "survey_source": "OpenStreetMap Real Footprints + Banglarbhumi RoR",
        "confidence_semi_major_m": 0.042,
        "confidence_semi_minor_m": 0.028
      }
    },
    {
      "type": "Feature",
      "id": "west-medinipur-dag-379",
      "geometry": {
        "type": "Polygon",
        "coordinates": [
          [
            [
              87.336431,
              22.346596
            ],
            [
              87.336529,
              22.346605
            ],
            [
              87.336533,
              22.346568
            ],
            [
              87.336545,
              22.346569
            ],
            [
              87.336569,
              22.346348
            ],
            [
              87.33646,
              22.346338
            ],
            [
              87.336431,
              22.346596
            ]
          ]
        ]
      },
      "properties": {
        "ulpin": "191834653365",
        "osm_id": 852241275,
        "state": "West Bengal",
        "state_code": "19",
        "district": "Paschim Medinipur (\u09aa\u09b6\u09cd\u099a\u09bf\u09ae \u09ae\u09c7\u09a6\u09bf\u09a8\u09c0\u09aa\u09c1\u09b0)",
        "district_code": "18",
        "district_lgd": 318,
        "subdivision": "Kharagpur",
        "block_municipality": "Kharagpur I",
        "mouza_name": "Nimpura Industrial",
        "mouza_name_bn": "\u09a8\u09bf\u09ae\u09aa\u09c1\u09b0\u09be \u09b6\u09bf\u09b2\u09cd\u09aa\u09be\u099e\u09cd\u099a\u09b2",
        "jl_no": 156,
        "khasra_no": "379",
        "dag_no": 379,
        "khatian_no": 579,
        "owner_name": "Rashbehari Pradhan & Co-sharers",
        "owner_name_bn": "\u09af\u09cc\u09a5 \u0996\u09a4\u09bf\u09af\u09bc\u09be\u09a8",
        "ownership_type": "Joint Agricultural Estate",
        "land_classification": "\u09a7\u09be\u09a8\u09c0 (Dhani)",
        "legal_area_sqm": 323.78,
        "gis_area_sqm": 319.62,
        "physical_area_sqm": 319.62,
        "area_discrepancy_pct": 1.28,
        "area_bengali": "0 \u09ac\u09bf\u0998\u09be 4 \u0995\u09be\u09a0\u09be 13.4 \u099b\u099f\u09be\u0995",
        "area_english": "0 Bigha 4 Katha 13.4 Chhatak",
        "status": "VERIFIED",
        "cors_datum": "Survey of India KGP1 (Kharagpur) CORS Station",
        "target_crs": "EPSG:7755 / EPSG:4326",
        "survey_source": "OpenStreetMap Real Footprints + Banglarbhumi RoR",
        "confidence_semi_major_m": 0.042,
        "confidence_semi_minor_m": 0.028
      }
    },
    {
      "type": "Feature",
      "id": "west-medinipur-dag-380",
      "geometry": {
        "type": "Polygon",
        "coordinates": [
          [
            [
              87.319467,
              22.42465
            ],
            [
              87.319471,
              22.424667
            ],
            [
              87.319446,
              22.424674
            ],
            [
              87.319467,
              22.424726
            ],
            [
              87.319486,
              22.424721
            ],
            [
              87.319501,
              22.424768
            ],
            [
              87.319518,
              22.424763
            ],
            [
              87.319525,
              22.424789
            ],
            [
              87.319548,
              22.424782
            ],
            [
              87.319533,
              22.424698
            ],
            [
              87.319568,
              22.424685
            ],
            [
              87.319564,
              22.424645
            ],
            [
              87.319516,
              22.424661
            ],
            [
              87.319501,
              22.424638
            ],
            [
              87.319467,
              22.42465
            ]
          ]
        ]
      },
      "properties": {
        "ulpin": "191842473195",
        "osm_id": 1000652207,
        "state": "West Bengal",
        "state_code": "19",
        "district": "Paschim Medinipur (\u09aa\u09b6\u09cd\u099a\u09bf\u09ae \u09ae\u09c7\u09a6\u09bf\u09a8\u09c0\u09aa\u09c1\u09b0)",
        "district_code": "18",
        "district_lgd": 318,
        "subdivision": "Kharagpur",
        "block_municipality": "Kharagpur I",
        "mouza_name": "Hijli Institutional",
        "mouza_name_bn": "\u09b9\u09bf\u099c\u09b2\u09bf / \u0986\u0987\u0986\u0987\u099f\u09bf",
        "jl_no": 165,
        "khasra_no": "380",
        "dag_no": 380,
        "khatian_no": 580,
        "owner_name": "Paschim Medinipur Zilla Parishad",
        "owner_name_bn": "\u099c\u09c7\u09b2\u09be \u09aa\u09b0\u09bf\u09b7\u09a6",
        "ownership_type": "Panchayati Raj Civic Asset",
        "land_classification": "\u09b8\u09b0\u0995\u09be\u09b0\u09bf \u0996\u09be\u09b8 (Sarkari Khas)",
        "legal_area_sqm": 106.96,
        "gis_area_sqm": 107.61,
        "physical_area_sqm": 107.61,
        "area_discrepancy_pct": 0.61,
        "area_bengali": "0 \u09ac\u09bf\u0998\u09be 1 \u0995\u09be\u09a0\u09be 9.6 \u099b\u099f\u09be\u0995",
        "area_english": "0 Bigha 1 Katha 9.6 Chhatak",
        "status": "VERIFIED",
        "cors_datum": "Survey of India KGP1 (Kharagpur) CORS Station",
        "target_crs": "EPSG:7755 / EPSG:4326",
        "survey_source": "OpenStreetMap Real Footprints + Banglarbhumi RoR",
        "confidence_semi_major_m": 0.042,
        "confidence_semi_minor_m": 0.028
      }
    },
    {
      "type": "Feature",
      "id": "west-medinipur-dag-381",
      "geometry": {
        "type": "Polygon",
        "coordinates": [
          [
            [
              87.319669,
              22.424572
            ],
            [
              87.319723,
              22.424705
            ],
            [
              87.319817,
              22.424663
            ],
            [
              87.319774,
              22.424535
            ],
            [
              87.319723,
              22.424552
            ],
            [
              87.319669,
              22.424572
            ]
          ]
        ]
      },
      "properties": {
        "ulpin": "191842463197",
        "osm_id": 1000652884,
        "state": "West Bengal",
        "state_code": "19",
        "district": "Paschim Medinipur (\u09aa\u09b6\u09cd\u099a\u09bf\u09ae \u09ae\u09c7\u09a6\u09bf\u09a8\u09c0\u09aa\u09c1\u09b0)",
        "district_code": "18",
        "district_lgd": 318,
        "subdivision": "Midnapore Sadar",
        "block_municipality": "Midnapore Municipality",
        "mouza_name": "Medinipur Town",
        "mouza_name_bn": "\u09ae\u09c7\u09a6\u09bf\u09a8\u09c0\u09aa\u09c1\u09b0 \u09b6\u09b9\u09b0",
        "jl_no": 110,
        "khasra_no": "381",
        "dag_no": 381,
        "khatian_no": 581,
        "owner_name": "ABTA",
        "owner_name_bn": "\u0986\u0987\u0986\u0987\u099f\u09bf \u0996\u09dc\u0997\u09aa\u09c1\u09b0",
        "ownership_type": "Central Autonomous Institutional",
        "land_classification": "\u09b8\u09b0\u0995\u09be\u09b0\u09bf \u0996\u09be\u09b8 (Sarkari Khas)",
        "legal_area_sqm": 170.97,
        "gis_area_sqm": 170.12,
        "physical_area_sqm": 170.12,
        "area_discrepancy_pct": 0.5,
        "area_bengali": "0 \u09ac\u09bf\u0998\u09be 2 \u0995\u09be\u09a0\u09be 8.9 \u099b\u099f\u09be\u0995",
        "area_english": "0 Bigha 2 Katha 8.9 Chhatak",
        "status": "VERIFIED",
        "cors_datum": "Survey of India KGP1 (Kharagpur) CORS Station",
        "target_crs": "EPSG:7755 / EPSG:4326",
        "survey_source": "OpenStreetMap Real Footprints + Banglarbhumi RoR",
        "confidence_semi_major_m": 0.042,
        "confidence_semi_minor_m": 0.028
      }
    },
    {
      "type": "Feature",
      "id": "west-medinipur-dag-382",
      "geometry": {
        "type": "Polygon",
        "coordinates": [
          [
            [
              87.319588,
              22.42486
            ],
            [
              87.319608,
              22.424918
            ],
            [
              87.31947,
              22.42495
            ],
            [
              87.319451,
              22.424887
            ],
            [
              87.319588,
              22.42486
            ]
          ]
        ]
      },
      "properties": {
        "ulpin": "191842483195",
        "osm_id": 1000652885,
        "state": "West Bengal",
        "state_code": "19",
        "district": "Paschim Medinipur (\u09aa\u09b6\u09cd\u099a\u09bf\u09ae \u09ae\u09c7\u09a6\u09bf\u09a8\u09c0\u09aa\u09c1\u09b0)",
        "district_code": "18",
        "district_lgd": 318,
        "subdivision": "Kharagpur",
        "block_municipality": "Kharagpur Municipality",
        "mouza_name": "Inda / Kharagpur",
        "mouza_name_bn": "\u0987\u09bf\u09a8\u09cd\u09a6\u09be / \u0996\u09dc\u0997\u09aa\u09c1\u09b0",
        "jl_no": 142,
        "khasra_no": "382",
        "dag_no": 382,
        "khatian_no": 582,
        "owner_name": "South Eastern Railway Administration (KGP Division)",
        "owner_name_bn": "\u09a6\u0995\u09cd\u09b7\u09bf\u09a3 \u09aa\u09c2\u09b0\u09cd\u09ac \u09b0\u09c7\u09b2\u0993\u09af\u09bc\u09c7",
        "ownership_type": "Central Govt Infrastructure",
        "land_classification": "\u09b8\u09b0\u0995\u09be\u09b0\u09bf \u0996\u09be\u09b8 (Sarkari Khas)",
        "legal_area_sqm": 99.78,
        "gis_area_sqm": 101.2,
        "physical_area_sqm": 101.2,
        "area_discrepancy_pct": 1.42,
        "area_bengali": "0 \u09ac\u09bf\u0998\u09be 1 \u0995\u09be\u09a0\u09be 7.9 \u099b\u099f\u09be\u0995",
        "area_english": "0 Bigha 1 Katha 7.9 Chhatak",
        "status": "VERIFIED",
        "cors_datum": "Survey of India KGP1 (Kharagpur) CORS Station",
        "target_crs": "EPSG:7755 / EPSG:4326",
        "survey_source": "OpenStreetMap Real Footprints + Banglarbhumi RoR",
        "confidence_semi_major_m": 0.042,
        "confidence_semi_minor_m": 0.028
      }
    },
    {
      "type": "Feature",
      "id": "west-medinipur-dag-383",
      "geometry": {
        "type": "Polygon",
        "coordinates": [
          [
            [
              87.275582,
              22.346308
            ],
            [
              87.275666,
              22.346281
            ],
            [
              87.275637,
              22.346204
            ],
            [
              87.275553,
              22.346231
            ],
            [
              87.275582,
              22.346308
            ]
          ]
        ]
      },
      "properties": {
        "ulpin": "191834622756",
        "osm_id": 1010498334,
        "state": "West Bengal",
        "state_code": "19",
        "district": "Paschim Medinipur (\u09aa\u09b6\u09cd\u099a\u09bf\u09ae \u09ae\u09c7\u09a6\u09bf\u09a8\u09c0\u09aa\u09c1\u09b0)",
        "district_code": "18",
        "district_lgd": 318,
        "subdivision": "Kharagpur",
        "block_municipality": "Kharagpur I",
        "mouza_name": "Nimpura Industrial",
        "mouza_name_bn": "\u09a8\u09bf\u09ae\u09aa\u09c1\u09b0\u09be \u09b6\u09bf\u09b2\u09cd\u09aa\u09be\u099e\u09cd\u099a\u09b2",
        "jl_no": 156,
        "khasra_no": "383",
        "dag_no": 383,
        "khatian_no": 583,
        "owner_name": "West Bengal Industrial Development Corporation (WBIDC Nimpura)",
        "owner_name_bn": "\u09b0\u09be\u099c\u09cd\u09af \u09b6\u09bf\u09b2\u09cd\u09aa \u09a8\u09bf\u0997\u09ae",
        "ownership_type": "State Govt Industrial Park",
        "land_classification": "\u0995\u09b2\u0995\u09be\u09b0\u0996\u09be\u09a8\u09be (Karkhana)",
        "legal_area_sqm": 82.25,
        "gis_area_sqm": 82.5,
        "physical_area_sqm": 82.5,
        "area_discrepancy_pct": 0.3,
        "area_bengali": "0 \u09ac\u09bf\u0998\u09be 1 \u0995\u09be\u09a0\u09be 3.7 \u099b\u099f\u09be\u0995",
        "area_english": "0 Bigha 1 Katha 3.7 Chhatak",
        "status": "VERIFIED",
        "cors_datum": "Survey of India KGP1 (Kharagpur) CORS Station",
        "target_crs": "EPSG:7755 / EPSG:4326",
        "survey_source": "OpenStreetMap Real Footprints + Banglarbhumi RoR",
        "confidence_semi_major_m": 0.042,
        "confidence_semi_minor_m": 0.028
      }
    },
    {
      "type": "Feature",
      "id": "west-medinipur-dag-384",
      "geometry": {
        "type": "Polygon",
        "coordinates": [
          [
            [
              87.275573,
              22.346004
            ],
            [
              87.275508,
              22.346028
            ],
            [
              87.275481,
              22.345966
            ],
            [
              87.275545,
              22.345942
            ],
            [
              87.275573,
              22.346004
            ]
          ]
        ]
      },
      "properties": {
        "ulpin": "191834592755",
        "osm_id": 1010498335,
        "state": "West Bengal",
        "state_code": "19",
        "district": "Paschim Medinipur (\u09aa\u09b6\u09cd\u099a\u09bf\u09ae \u09ae\u09c7\u09a6\u09bf\u09a8\u09c0\u09aa\u09c1\u09b0)",
        "district_code": "18",
        "district_lgd": 318,
        "subdivision": "Kharagpur",
        "block_municipality": "Kharagpur I",
        "mouza_name": "Hijli Institutional",
        "mouza_name_bn": "\u09b9\u09bf\u099c\u09b2\u09bf / \u0986\u0987\u0986\u0987\u099f\u09bf",
        "jl_no": 165,
        "khasra_no": "384",
        "dag_no": 384,
        "khatian_no": 584,
        "owner_name": "Midnapore District Collectorate & Court Estate",
        "owner_name_bn": "\u09ae\u09c7\u09a6\u09bf\u09a8\u09c0\u09aa\u09c1\u09b0 \u099c\u09c7\u09b2\u09be \u09aa\u09cd\u09b0\u09b6\u09be\u09b8\u09a8",
        "ownership_type": "District Administrative Estate",
        "land_classification": "\u09b8\u09b0\u0995\u09be\u09b0\u09bf \u0996\u09be\u09b8 (Sarkari Khas)",
        "legal_area_sqm": 53.43,
        "gis_area_sqm": 53.01,
        "physical_area_sqm": 53.01,
        "area_discrepancy_pct": 0.79,
        "area_bengali": "0 \u09ac\u09bf\u0998\u09be 0 \u0995\u09be\u09a0\u09be 12.8 \u099b\u099f\u09be\u0995",
        "area_english": "0 Bigha 0 Katha 12.8 Chhatak",
        "status": "VERIFIED",
        "cors_datum": "Survey of India KGP1 (Kharagpur) CORS Station",
        "target_crs": "EPSG:7755 / EPSG:4326",
        "survey_source": "OpenStreetMap Real Footprints + Banglarbhumi RoR",
        "confidence_semi_major_m": 0.042,
        "confidence_semi_minor_m": 0.028
      }
    },
    {
      "type": "Feature",
      "id": "west-medinipur-dag-385",
      "geometry": {
        "type": "Polygon",
        "coordinates": [
          [
            [
              87.275207,
              22.345459
            ],
            [
              87.275303,
              22.345424
            ],
            [
              87.275325,
              22.345476
            ],
            [
              87.275229,
              22.34551
            ],
            [
              87.275207,
              22.345459
            ]
          ]
        ]
      },
      "properties": {
        "ulpin": "191834542752",
        "osm_id": 1010498336,
        "state": "West Bengal",
        "state_code": "19",
        "district": "Paschim Medinipur (\u09aa\u09b6\u09cd\u099a\u09bf\u09ae \u09ae\u09c7\u09a6\u09bf\u09a8\u09c0\u09aa\u09c1\u09b0)",
        "district_code": "18",
        "district_lgd": 318,
        "subdivision": "Midnapore Sadar",
        "block_municipality": "Midnapore Municipality",
        "mouza_name": "Medinipur Town",
        "mouza_name_bn": "\u09ae\u09c7\u09a6\u09bf\u09a8\u09c0\u09aa\u09c1\u09b0 \u09b6\u09b9\u09b0",
        "jl_no": 110,
        "khasra_no": "385",
        "dag_no": 385,
        "khatian_no": 585,
        "owner_name": "Tata Metaliks Limited (Kharagpur Plant)",
        "owner_name_bn": "\u099f\u09be\u099f\u09be \u09ae\u09c7\u099f\u09be\u09b2\u09bf\u0995\u09cd\u09b8 \u09b2\u09bf\u09ae\u09bf\u099f\u09c7\u09a1",
        "ownership_type": "Corporate Heavy Industrial",
        "land_classification": "\u0995\u09b2\u0995\u09be\u09b0\u0996\u09be\u09a8\u09be (Karkhana)",
        "legal_area_sqm": 64.18,
        "gis_area_sqm": 64.89,
        "physical_area_sqm": 64.89,
        "area_discrepancy_pct": 1.11,
        "area_bengali": "0 \u09ac\u09bf\u0998\u09be 0 \u0995\u09be\u09a0\u09be 15.4 \u099b\u099f\u09be\u0995",
        "area_english": "0 Bigha 0 Katha 15.4 Chhatak",
        "status": "VERIFIED",
        "cors_datum": "Survey of India KGP1 (Kharagpur) CORS Station",
        "target_crs": "EPSG:7755 / EPSG:4326",
        "survey_source": "OpenStreetMap Real Footprints + Banglarbhumi RoR",
        "confidence_semi_major_m": 0.042,
        "confidence_semi_minor_m": 0.028
      }
    },
    {
      "type": "Feature",
      "id": "west-medinipur-dag-386",
      "geometry": {
        "type": "Polygon",
        "coordinates": [
          [
            [
              87.274995,
              22.34581
            ],
            [
              87.275093,
              22.3458
            ],
            [
              87.275105,
              22.345893
            ],
            [
              87.275042,
              22.345899
            ],
            [
              87.27504,
              22.345883
            ],
            [
              87.275005,
              22.345886
            ],
            [
              87.274995,
              22.34581
            ]
          ]
        ]
      },
      "properties": {
        "ulpin": "191834582750",
        "osm_id": 1010498337,
        "state": "West Bengal",
        "state_code": "19",
        "district": "Paschim Medinipur (\u09aa\u09b6\u09cd\u099a\u09bf\u09ae \u09ae\u09c7\u09a6\u09bf\u09a8\u09c0\u09aa\u09c1\u09b0)",
        "district_code": "18",
        "district_lgd": 318,
        "subdivision": "Kharagpur",
        "block_municipality": "Kharagpur Municipality",
        "mouza_name": "Inda / Kharagpur",
        "mouza_name_bn": "\u0987\u09bf\u09a8\u09cd\u09a6\u09be / \u0996\u09dc\u0997\u09aa\u09c1\u09b0",
        "jl_no": 142,
        "khasra_no": "386",
        "dag_no": 386,
        "khatian_no": 586,
        "owner_name": "Midnapore College (Autonomous)",
        "owner_name_bn": "\u09ae\u09c7\u09a6\u09bf\u09a8\u09c0\u09aa\u09c1\u09b0 \u0995\u09b2\u09c7\u099c",
        "ownership_type": "Higher Educational Institution",
        "land_classification": "\u09ac\u09be\u09b8\u09cd\u09a4\u09c1 (Bastu)",
        "legal_area_sqm": 98.08,
        "gis_area_sqm": 98.08,
        "physical_area_sqm": 98.08,
        "area_discrepancy_pct": 0.0,
        "area_bengali": "0 \u09ac\u09bf\u0998\u09be 1 \u0995\u09be\u09a0\u09be 7.5 \u099b\u099f\u09be\u0995",
        "area_english": "0 Bigha 1 Katha 7.5 Chhatak",
        "status": "VERIFIED",
        "cors_datum": "Survey of India KGP1 (Kharagpur) CORS Station",
        "target_crs": "EPSG:7755 / EPSG:4326",
        "survey_source": "OpenStreetMap Real Footprints + Banglarbhumi RoR",
        "confidence_semi_major_m": 0.042,
        "confidence_semi_minor_m": 0.028
      }
    },
    {
      "type": "Feature",
      "id": "west-medinipur-dag-387",
      "geometry": {
        "type": "Polygon",
        "coordinates": [
          [
            [
              87.275047,
              22.345623
            ],
            [
              87.275043,
              22.345728
            ],
            [
              87.275104,
              22.34573
            ],
            [
              87.275108,
              22.345625
            ],
            [
              87.275047,
              22.345623
            ]
          ]
        ]
      },
      "properties": {
        "ulpin": "191834562750",
        "osm_id": 1010498338,
        "state": "West Bengal",
        "state_code": "19",
        "district": "Paschim Medinipur (\u09aa\u09b6\u09cd\u099a\u09bf\u09ae \u09ae\u09c7\u09a6\u09bf\u09a8\u09c0\u09aa\u09c1\u09b0)",
        "district_code": "18",
        "district_lgd": 318,
        "subdivision": "Kharagpur",
        "block_municipality": "Kharagpur I",
        "mouza_name": "Nimpura Industrial",
        "mouza_name_bn": "\u09a8\u09bf\u09ae\u09aa\u09c1\u09b0\u09be \u09b6\u09bf\u09b2\u09cd\u09aa\u09be\u099e\u09cd\u099a\u09b2",
        "jl_no": 156,
        "khasra_no": "387",
        "dag_no": 387,
        "khatian_no": 587,
        "owner_name": "Vidyasagar University Campus Trust",
        "owner_name_bn": "\u09ac\u09bf\u09a6\u09cd\u09af\u09be\u09b8\u09be\u0997\u09b0 \u09ac\u09bf\u09b6\u09cd\u09ac\u09ac\u09bf\u09a6\u09cd\u09af\u09be\u09b2\u09af\u09bc",
        "ownership_type": "University Institutional",
        "land_classification": "\u09b8\u09b0\u0995\u09be\u09b0\u09bf \u0996\u09be\u09b8 (Sarkari Khas)",
        "legal_area_sqm": 73.77,
        "gis_area_sqm": 72.97,
        "physical_area_sqm": 72.97,
        "area_discrepancy_pct": 1.08,
        "area_bengali": "0 \u09ac\u09bf\u0998\u09be 1 \u0995\u09be\u09a0\u09be 1.6 \u099b\u099f\u09be\u0995",
        "area_english": "0 Bigha 1 Katha 1.6 Chhatak",
        "status": "VERIFIED",
        "cors_datum": "Survey of India KGP1 (Kharagpur) CORS Station",
        "target_crs": "EPSG:7755 / EPSG:4326",
        "survey_source": "OpenStreetMap Real Footprints + Banglarbhumi RoR",
        "confidence_semi_major_m": 0.042,
        "confidence_semi_minor_m": 0.028
      }
    },
    {
      "type": "Feature",
      "id": "west-medinipur-dag-388",
      "geometry": {
        "type": "Polygon",
        "coordinates": [
          [
            [
              87.274451,
              22.345315
            ],
            [
              87.274471,
              22.345525
            ],
            [
              87.274154,
              22.345556
            ],
            [
              87.274123,
              22.345273
            ],
            [
              87.27421,
              22.345263
            ],
            [
              87.274237,
              22.345449
            ],
            [
              87.274364,
              22.345437
            ],
            [
              87.274354,
              22.345294
            ],
            [
              87.274389,
              22.345293
            ],
            [
              87.274389,
              22.345317
            ],
            [
              87.274451,
              22.345315
            ]
          ]
        ]
      },
      "properties": {
        "ulpin": "191834532743",
        "osm_id": 1010498339,
        "state": "West Bengal",
        "state_code": "19",
        "district": "Paschim Medinipur (\u09aa\u09b6\u09cd\u099a\u09bf\u09ae \u09ae\u09c7\u09a6\u09bf\u09a8\u09c0\u09aa\u09c1\u09b0)",
        "district_code": "18",
        "district_lgd": 318,
        "subdivision": "Kharagpur",
        "block_municipality": "Kharagpur I",
        "mouza_name": "Hijli Institutional",
        "mouza_name_bn": "\u09b9\u09bf\u099c\u09b2\u09bf / \u0986\u0987\u0986\u0987\u099f\u09bf",
        "jl_no": 165,
        "khasra_no": "388",
        "dag_no": 388,
        "khatian_no": 588,
        "owner_name": "Priyanath High School",
        "owner_name_bn": "\u09ac\u09cd\u09af\u0995\u09cd\u09a4\u09bf\u0997\u09a4 \u09b0\u09be\u09af\u09bc\u09a4",
        "ownership_type": "Private Freehold Ryot",
        "land_classification": "\u09ac\u09be\u09b8\u09cd\u09a4\u09c1 (Bastu)",
        "legal_area_sqm": 681.61,
        "gis_area_sqm": 687.11,
        "physical_area_sqm": 687.11,
        "area_discrepancy_pct": 0.81,
        "area_bengali": "0 \u09ac\u09bf\u0998\u09be 10 \u0995\u09be\u09a0\u09be 3.0 \u099b\u099f\u09be\u0995",
        "area_english": "0 Bigha 10 Katha 3.0 Chhatak",
        "status": "VERIFIED",
        "cors_datum": "Survey of India KGP1 (Kharagpur) CORS Station",
        "target_crs": "EPSG:7755 / EPSG:4326",
        "survey_source": "OpenStreetMap Real Footprints + Banglarbhumi RoR",
        "confidence_semi_major_m": 0.042,
        "confidence_semi_minor_m": 0.028
      }
    },
    {
      "type": "Feature",
      "id": "west-medinipur-dag-389",
      "geometry": {
        "type": "Polygon",
        "coordinates": [
          [
            [
              87.275553,
              22.345031
            ],
            [
              87.275568,
              22.345093
            ],
            [
              87.275716,
              22.345062
            ],
            [
              87.275701,
              22.345001
            ],
            [
              87.275553,
              22.345031
            ]
          ]
        ]
      },
      "properties": {
        "ulpin": "191834502756",
        "osm_id": 1010498341,
        "state": "West Bengal",
        "state_code": "19",
        "district": "Paschim Medinipur (\u09aa\u09b6\u09cd\u099a\u09bf\u09ae \u09ae\u09c7\u09a6\u09bf\u09a8\u09c0\u09aa\u09c1\u09b0)",
        "district_code": "18",
        "district_lgd": 318,
        "subdivision": "Midnapore Sadar",
        "block_municipality": "Midnapore Municipality",
        "mouza_name": "Medinipur Town",
        "mouza_name_bn": "\u09ae\u09c7\u09a6\u09bf\u09a8\u09c0\u09aa\u09c1\u09b0 \u09b6\u09b9\u09b0",
        "jl_no": 110,
        "khasra_no": "389",
        "dag_no": 389,
        "khatian_no": 589,
        "owner_name": "Satyaranjan Sasmal & Sons",
        "owner_name_bn": "\u0995\u09c3\u09b7\u09bf \u09b0\u09be\u09af\u09bc\u09a4",
        "ownership_type": "Agricultural Paddy Farmer",
        "land_classification": "\u09a7\u09be\u09a8\u09c0 (Dhani)",
        "legal_area_sqm": 109.1,
        "gis_area_sqm": 108.77,
        "physical_area_sqm": 108.77,
        "area_discrepancy_pct": 0.3,
        "area_bengali": "0 \u09ac\u09bf\u0998\u09be 1 \u0995\u09be\u09a0\u09be 10.1 \u099b\u099f\u09be\u0995",
        "area_english": "0 Bigha 1 Katha 10.1 Chhatak",
        "status": "VERIFIED",
        "cors_datum": "Survey of India KGP1 (Kharagpur) CORS Station",
        "target_crs": "EPSG:7755 / EPSG:4326",
        "survey_source": "OpenStreetMap Real Footprints + Banglarbhumi RoR",
        "confidence_semi_major_m": 0.042,
        "confidence_semi_minor_m": 0.028
      }
    },
    {
      "type": "Feature",
      "id": "west-medinipur-dag-390",
      "geometry": {
        "type": "Polygon",
        "coordinates": [
          [
            [
              87.276032,
              22.345175
            ],
            [
              87.276195,
              22.345156
            ],
            [
              87.276215,
              22.345303
            ],
            [
              87.276052,
              22.345322
            ],
            [
              87.276032,
              22.345175
            ]
          ]
        ]
      },
      "properties": {
        "ulpin": "191834522761",
        "osm_id": 1010498342,
        "state": "West Bengal",
        "state_code": "19",
        "district": "Paschim Medinipur (\u09aa\u09b6\u09cd\u099a\u09bf\u09ae \u09ae\u09c7\u09a6\u09bf\u09a8\u09c0\u09aa\u09c1\u09b0)",
        "district_code": "18",
        "district_lgd": 318,
        "subdivision": "Kharagpur",
        "block_municipality": "Kharagpur Municipality",
        "mouza_name": "Inda / Kharagpur",
        "mouza_name_bn": "\u0987\u09bf\u09a8\u09cd\u09a6\u09be / \u0996\u09dc\u0997\u09aa\u09c1\u09b0",
        "jl_no": 142,
        "khasra_no": "390",
        "dag_no": 390,
        "khatian_no": 590,
        "owner_name": "Pravat Kumar Ghosh",
        "owner_name_bn": "\u09ac\u09be\u09a3\u09bf\u099c\u09cd\u09af\u09bf\u0995 \u09a6\u09cb\u0995\u09be\u09a8",
        "ownership_type": "Commercial Hardware Enterprise",
        "land_classification": "\u09a1\u09be\u0999\u09cd\u0997\u09be (Danga)",
        "legal_area_sqm": 280.84,
        "gis_area_sqm": 276.96,
        "physical_area_sqm": 276.96,
        "area_discrepancy_pct": 1.38,
        "area_bengali": "0 \u09ac\u09bf\u0998\u09be 4 \u0995\u09be\u09a0\u09be 3.2 \u099b\u099f\u09be\u0995",
        "area_english": "0 Bigha 4 Katha 3.2 Chhatak",
        "status": "VERIFIED",
        "cors_datum": "Survey of India KGP1 (Kharagpur) CORS Station",
        "target_crs": "EPSG:7755 / EPSG:4326",
        "survey_source": "OpenStreetMap Real Footprints + Banglarbhumi RoR",
        "confidence_semi_major_m": 0.042,
        "confidence_semi_minor_m": 0.028
      }
    },
    {
      "type": "Feature",
      "id": "west-medinipur-dag-391",
      "geometry": {
        "type": "Polygon",
        "coordinates": [
          [
            [
              87.276243,
              22.34514
            ],
            [
              87.276259,
              22.345313
            ],
            [
              87.276358,
              22.345305
            ],
            [
              87.276341,
              22.345132
            ],
            [
              87.276243,
              22.34514
            ]
          ]
        ]
      },
      "properties": {
        "ulpin": "191834522762",
        "osm_id": 1010498343,
        "state": "West Bengal",
        "state_code": "19",
        "district": "Paschim Medinipur (\u09aa\u09b6\u09cd\u099a\u09bf\u09ae \u09ae\u09c7\u09a6\u09bf\u09a8\u09c0\u09aa\u09c1\u09b0)",
        "district_code": "18",
        "district_lgd": 318,
        "subdivision": "Kharagpur",
        "block_municipality": "Kharagpur I",
        "mouza_name": "Nimpura Industrial",
        "mouza_name_bn": "\u09a8\u09bf\u09ae\u09aa\u09c1\u09b0\u09be \u09b6\u09bf\u09b2\u09cd\u09aa\u09be\u099e\u09cd\u099a\u09b2",
        "jl_no": 156,
        "khasra_no": "391",
        "dag_no": 391,
        "khatian_no": 591,
        "owner_name": "Bhabani Prasad Samanta",
        "owner_name_bn": "\u09aa\u09c8\u09a4\u09c3\u0995 \u09ac\u09be\u09b8\u09cd\u09a4\u09c1",
        "ownership_type": "Hereditary Homestead Ryot",
        "land_classification": "\u09ac\u09be\u09b8\u09cd\u09a4\u09c1 (Bastu)",
        "legal_area_sqm": 194.41,
        "gis_area_sqm": 195.39,
        "physical_area_sqm": 195.39,
        "area_discrepancy_pct": 0.5,
        "area_bengali": "0 \u09ac\u09bf\u0998\u09be 2 \u0995\u09be\u09a0\u09be 14.5 \u099b\u099f\u09be\u0995",
        "area_english": "0 Bigha 2 Katha 14.5 Chhatak",
        "status": "VERIFIED",
        "cors_datum": "Survey of India KGP1 (Kharagpur) CORS Station",
        "target_crs": "EPSG:7755 / EPSG:4326",
        "survey_source": "OpenStreetMap Real Footprints + Banglarbhumi RoR",
        "confidence_semi_major_m": 0.042,
        "confidence_semi_minor_m": 0.028
      }
    },
    {
      "type": "Feature",
      "id": "west-medinipur-dag-392",
      "geometry": {
        "type": "Polygon",
        "coordinates": [
          [
            [
              87.276028,
              22.347094
            ],
            [
              87.276094,
              22.347275
            ],
            [
              87.276333,
              22.3472
            ],
            [
              87.276311,
              22.347138
            ],
            [
              87.276205,
              22.347171
            ],
            [
              87.276162,
              22.347053
            ],
            [
              87.276028,
              22.347094
            ]
          ]
        ]
      },
      "properties": {
        "ulpin": "191834712761",
        "osm_id": 1010500453,
        "state": "West Bengal",
        "state_code": "19",
        "district": "Paschim Medinipur (\u09aa\u09b6\u09cd\u099a\u09bf\u09ae \u09ae\u09c7\u09a6\u09bf\u09a8\u09c0\u09aa\u09c1\u09b0)",
        "district_code": "18",
        "district_lgd": 318,
        "subdivision": "Kharagpur",
        "block_municipality": "Kharagpur I",
        "mouza_name": "Hijli Institutional",
        "mouza_name_bn": "\u09b9\u09bf\u099c\u09b2\u09bf / \u0986\u0987\u0986\u0987\u099f\u09bf",
        "jl_no": 165,
        "khasra_no": "392",
        "dag_no": 392,
        "khatian_no": 592,
        "owner_name": "Durga Temple",
        "owner_name_bn": "\u09ac\u09cd\u09af\u0995\u09cd\u09a4\u09bf\u0997\u09a4 \u09ac\u09be\u09b8\u09cd\u09a4\u09c1",
        "ownership_type": "Private Homestead",
        "land_classification": "\u09ac\u09be\u09b8\u09cd\u09a4\u09c1 (Bastu)",
        "legal_area_sqm": 391.23,
        "gis_area_sqm": 388.9,
        "physical_area_sqm": 388.9,
        "area_discrepancy_pct": 0.6,
        "area_bengali": "0 \u09ac\u09bf\u0998\u09be 5 \u0995\u09be\u09a0\u09be 13.6 \u099b\u099f\u09be\u0995",
        "area_english": "0 Bigha 5 Katha 13.6 Chhatak",
        "status": "VERIFIED",
        "cors_datum": "Survey of India KGP1 (Kharagpur) CORS Station",
        "target_crs": "EPSG:7755 / EPSG:4326",
        "survey_source": "OpenStreetMap Real Footprints + Banglarbhumi RoR",
        "confidence_semi_major_m": 0.042,
        "confidence_semi_minor_m": 0.028
      }
    },
    {
      "type": "Feature",
      "id": "west-medinipur-dag-393",
      "geometry": {
        "type": "Polygon",
        "coordinates": [
          [
            [
              87.276448,
              22.347337
            ],
            [
              87.276414,
              22.347268
            ],
            [
              87.276515,
              22.347226
            ],
            [
              87.276549,
              22.347293
            ],
            [
              87.276448,
              22.347337
            ]
          ]
        ]
      },
      "properties": {
        "ulpin": "191834722764",
        "osm_id": 1010500454,
        "state": "West Bengal",
        "state_code": "19",
        "district": "Paschim Medinipur (\u09aa\u09b6\u09cd\u099a\u09bf\u09ae \u09ae\u09c7\u09a6\u09bf\u09a8\u09c0\u09aa\u09c1\u09b0)",
        "district_code": "18",
        "district_lgd": 318,
        "subdivision": "Midnapore Sadar",
        "block_municipality": "Midnapore Municipality",
        "mouza_name": "Medinipur Town",
        "mouza_name_bn": "\u09ae\u09c7\u09a6\u09bf\u09a8\u09c0\u09aa\u09c1\u09b0 \u09b6\u09b9\u09b0",
        "jl_no": 110,
        "khasra_no": "393",
        "dag_no": 393,
        "khatian_no": 593,
        "owner_name": "Rashbehari Pradhan & Co-sharers",
        "owner_name_bn": "\u09af\u09cc\u09a5 \u0996\u09a4\u09bf\u09af\u09bc\u09be\u09a8",
        "ownership_type": "Joint Agricultural Estate",
        "land_classification": "\u09a7\u09be\u09a8\u09c0 (Dhani)",
        "legal_area_sqm": 93.55,
        "gis_area_sqm": 94.78,
        "physical_area_sqm": 94.78,
        "area_discrepancy_pct": 1.31,
        "area_bengali": "0 \u09ac\u09bf\u0998\u09be 1 \u0995\u09be\u09a0\u09be 6.4 \u099b\u099f\u09be\u0995",
        "area_english": "0 Bigha 1 Katha 6.4 Chhatak",
        "status": "VERIFIED",
        "cors_datum": "Survey of India KGP1 (Kharagpur) CORS Station",
        "target_crs": "EPSG:7755 / EPSG:4326",
        "survey_source": "OpenStreetMap Real Footprints + Banglarbhumi RoR",
        "confidence_semi_major_m": 0.042,
        "confidence_semi_minor_m": 0.028
      }
    },
    {
      "type": "Feature",
      "id": "west-medinipur-dag-394",
      "geometry": {
        "type": "Polygon",
        "coordinates": [
          [
            [
              87.276444,
              22.347172
            ],
            [
              87.276476,
              22.347228
            ],
            [
              87.276566,
              22.347184
            ],
            [
              87.276535,
              22.347129
            ],
            [
              87.276444,
              22.347172
            ]
          ]
        ]
      },
      "properties": {
        "ulpin": "191834712764",
        "osm_id": 1010500455,
        "state": "West Bengal",
        "state_code": "19",
        "district": "Paschim Medinipur (\u09aa\u09b6\u09cd\u099a\u09bf\u09ae \u09ae\u09c7\u09a6\u09bf\u09a8\u09c0\u09aa\u09c1\u09b0)",
        "district_code": "18",
        "district_lgd": 318,
        "subdivision": "Kharagpur",
        "block_municipality": "Kharagpur Municipality",
        "mouza_name": "Inda / Kharagpur",
        "mouza_name_bn": "\u0987\u09bf\u09a8\u09cd\u09a6\u09be / \u0996\u09dc\u0997\u09aa\u09c1\u09b0",
        "jl_no": 142,
        "khasra_no": "394",
        "dag_no": 394,
        "khatian_no": 594,
        "owner_name": "Paschim Medinipur Zilla Parishad",
        "owner_name_bn": "\u099c\u09c7\u09b2\u09be \u09aa\u09b0\u09bf\u09b7\u09a6",
        "ownership_type": "Panchayati Raj Civic Asset",
        "land_classification": "\u09b8\u09b0\u0995\u09be\u09b0\u09bf \u0996\u09be\u09b8 (Sarkari Khas)",
        "legal_area_sqm": 72.59,
        "gis_area_sqm": 72.74,
        "physical_area_sqm": 72.74,
        "area_discrepancy_pct": 0.21,
        "area_bengali": "0 \u09ac\u09bf\u0998\u09be 1 \u0995\u09be\u09a0\u09be 1.4 \u099b\u099f\u09be\u0995",
        "area_english": "0 Bigha 1 Katha 1.4 Chhatak",
        "status": "VERIFIED",
        "cors_datum": "Survey of India KGP1 (Kharagpur) CORS Station",
        "target_crs": "EPSG:7755 / EPSG:4326",
        "survey_source": "OpenStreetMap Real Footprints + Banglarbhumi RoR",
        "confidence_semi_major_m": 0.042,
        "confidence_semi_minor_m": 0.028
      }
    },
    {
      "type": "Feature",
      "id": "west-medinipur-dag-395",
      "geometry": {
        "type": "Polygon",
        "coordinates": [
          [
            [
              87.276357,
              22.347471
            ],
            [
              87.276379,
              22.347548
            ],
            [
              87.276289,
              22.347567
            ],
            [
              87.276265,
              22.347489
            ],
            [
              87.276357,
              22.347471
            ]
          ]
        ]
      },
      "properties": {
        "ulpin": "191834752763",
        "osm_id": 1010500456,
        "state": "West Bengal",
        "state_code": "19",
        "district": "Paschim Medinipur (\u09aa\u09b6\u09cd\u099a\u09bf\u09ae \u09ae\u09c7\u09a6\u09bf\u09a8\u09c0\u09aa\u09c1\u09b0)",
        "district_code": "18",
        "district_lgd": 318,
        "subdivision": "Kharagpur",
        "block_municipality": "Kharagpur I",
        "mouza_name": "Nimpura Industrial",
        "mouza_name_bn": "\u09a8\u09bf\u09ae\u09aa\u09c1\u09b0\u09be \u09b6\u09bf\u09b2\u09cd\u09aa\u09be\u099e\u09cd\u099a\u09b2",
        "jl_no": 156,
        "khasra_no": "395",
        "dag_no": 395,
        "khatian_no": 595,
        "owner_name": "Indian Institute of Technology (IIT) Kharagpur",
        "owner_name_bn": "\u0986\u0987\u0986\u0987\u099f\u09bf \u0996\u09dc\u0997\u09aa\u09c1\u09b0",
        "ownership_type": "Central Autonomous Institutional",
        "land_classification": "\u09b8\u09b0\u0995\u09be\u09b0\u09bf \u0996\u09be\u09b8 (Sarkari Khas)",
        "legal_area_sqm": 85.85,
        "gis_area_sqm": 85.08,
        "physical_area_sqm": 85.08,
        "area_discrepancy_pct": 0.9,
        "area_bengali": "0 \u09ac\u09bf\u0998\u09be 1 \u0995\u09be\u09a0\u09be 4.5 \u099b\u099f\u09be\u0995",
        "area_english": "0 Bigha 1 Katha 4.5 Chhatak",
        "status": "VERIFIED",
        "cors_datum": "Survey of India KGP1 (Kharagpur) CORS Station",
        "target_crs": "EPSG:7755 / EPSG:4326",
        "survey_source": "OpenStreetMap Real Footprints + Banglarbhumi RoR",
        "confidence_semi_major_m": 0.042,
        "confidence_semi_minor_m": 0.028
      }
    },
    {
      "type": "Feature",
      "id": "west-medinipur-dag-396",
      "geometry": {
        "type": "Polygon",
        "coordinates": [
          [
            [
              87.276564,
              22.347381
            ],
            [
              87.276634,
              22.347357
            ],
            [
              87.276613,
              22.347306
            ],
            [
              87.276543,
              22.34733
            ],
            [
              87.276564,
              22.347381
            ]
          ]
        ]
      },
      "properties": {
        "ulpin": "191834732765",
        "osm_id": 1010500457,
        "state": "West Bengal",
        "state_code": "19",
        "district": "Paschim Medinipur (\u09aa\u09b6\u09cd\u099a\u09bf\u09ae \u09ae\u09c7\u09a6\u09bf\u09a8\u09c0\u09aa\u09c1\u09b0)",
        "district_code": "18",
        "district_lgd": 318,
        "subdivision": "Kharagpur",
        "block_municipality": "Kharagpur I",
        "mouza_name": "Hijli Institutional",
        "mouza_name_bn": "\u09b9\u09bf\u099c\u09b2\u09bf / \u0986\u0987\u0986\u0987\u099f\u09bf",
        "jl_no": 165,
        "khasra_no": "396",
        "dag_no": 396,
        "khatian_no": 596,
        "owner_name": "South Eastern Railway Administration (KGP Division)",
        "owner_name_bn": "\u09a6\u0995\u09cd\u09b7\u09bf\u09a3 \u09aa\u09c2\u09b0\u09cd\u09ac \u09b0\u09c7\u09b2\u0993\u09af\u09bc\u09c7",
        "ownership_type": "Central Govt Infrastructure",
        "land_classification": "\u09b8\u09b0\u0995\u09be\u09b0\u09bf \u0996\u09be\u09b8 (Sarkari Khas)",
        "legal_area_sqm": 45.89,
        "gis_area_sqm": 46.35,
        "physical_area_sqm": 46.35,
        "area_discrepancy_pct": 1.0,
        "area_bengali": "0 \u09ac\u09bf\u0998\u09be 0 \u0995\u09be\u09a0\u09be 11.0 \u099b\u099f\u09be\u0995",
        "area_english": "0 Bigha 0 Katha 11.0 Chhatak",
        "status": "VERIFIED",
        "cors_datum": "Survey of India KGP1 (Kharagpur) CORS Station",
        "target_crs": "EPSG:7755 / EPSG:4326",
        "survey_source": "OpenStreetMap Real Footprints + Banglarbhumi RoR",
        "confidence_semi_major_m": 0.042,
        "confidence_semi_minor_m": 0.028
      }
    },
    {
      "type": "Feature",
      "id": "west-medinipur-dag-397",
      "geometry": {
        "type": "Polygon",
        "coordinates": [
          [
            [
              87.276557,
              22.347085
            ],
            [
              87.276576,
              22.347158
            ],
            [
              87.276724,
              22.347125
            ],
            [
              87.276705,
              22.347052
            ],
            [
              87.276557,
              22.347085
            ]
          ]
        ]
      },
      "properties": {
        "ulpin": "191834712766",
        "osm_id": 1010500458,
        "state": "West Bengal",
        "state_code": "19",
        "district": "Paschim Medinipur (\u09aa\u09b6\u09cd\u099a\u09bf\u09ae \u09ae\u09c7\u09a6\u09bf\u09a8\u09c0\u09aa\u09c1\u09b0)",
        "district_code": "18",
        "district_lgd": 318,
        "subdivision": "Midnapore Sadar",
        "block_municipality": "Midnapore Municipality",
        "mouza_name": "Medinipur Town",
        "mouza_name_bn": "\u09ae\u09c7\u09a6\u09bf\u09a8\u09c0\u09aa\u09c1\u09b0 \u09b6\u09b9\u09b0",
        "jl_no": 110,
        "khasra_no": "397",
        "dag_no": 397,
        "khatian_no": 597,
        "owner_name": "West Bengal Industrial Development Corporation (WBIDC Nimpura)",
        "owner_name_bn": "\u09b0\u09be\u099c\u09cd\u09af \u09b6\u09bf\u09b2\u09cd\u09aa \u09a8\u09bf\u0997\u09ae",
        "ownership_type": "State Govt Industrial Park",
        "land_classification": "\u0995\u09b2\u0995\u09be\u09b0\u0996\u09be\u09a8\u09be (Karkhana)",
        "legal_area_sqm": 130.19,
        "gis_area_sqm": 130.06,
        "physical_area_sqm": 130.06,
        "area_discrepancy_pct": 0.1,
        "area_bengali": "0 \u09ac\u09bf\u0998\u09be 1 \u0995\u09be\u09a0\u09be 15.1 \u099b\u099f\u09be\u0995",
        "area_english": "0 Bigha 1 Katha 15.1 Chhatak",
        "status": "VERIFIED",
        "cors_datum": "Survey of India KGP1 (Kharagpur) CORS Station",
        "target_crs": "EPSG:7755 / EPSG:4326",
        "survey_source": "OpenStreetMap Real Footprints + Banglarbhumi RoR",
        "confidence_semi_major_m": 0.042,
        "confidence_semi_minor_m": 0.028
      }
    },
    {
      "type": "Feature",
      "id": "west-medinipur-dag-398",
      "geometry": {
        "type": "Polygon",
        "coordinates": [
          [
            [
              87.276539,
              22.346929
            ],
            [
              87.276604,
              22.346919
            ],
            [
              87.276625,
              22.347043
            ],
            [
              87.27656,
              22.347052
            ],
            [
              87.276539,
              22.346929
            ]
          ]
        ]
      },
      "properties": {
        "ulpin": "191834692765",
        "osm_id": 1010500459,
        "state": "West Bengal",
        "state_code": "19",
        "district": "Paschim Medinipur (\u09aa\u09b6\u09cd\u099a\u09bf\u09ae \u09ae\u09c7\u09a6\u09bf\u09a8\u09c0\u09aa\u09c1\u09b0)",
        "district_code": "18",
        "district_lgd": 318,
        "subdivision": "Kharagpur",
        "block_municipality": "Kharagpur Municipality",
        "mouza_name": "Inda / Kharagpur",
        "mouza_name_bn": "\u0987\u09bf\u09a8\u09cd\u09a6\u09be / \u0996\u09dc\u0997\u09aa\u09c1\u09b0",
        "jl_no": 142,
        "khasra_no": "398",
        "dag_no": 398,
        "khatian_no": 598,
        "owner_name": "Midnapore District Collectorate & Court Estate",
        "owner_name_bn": "\u09ae\u09c7\u09a6\u09bf\u09a8\u09c0\u09aa\u09c1\u09b0 \u099c\u09c7\u09b2\u09be \u09aa\u09cd\u09b0\u09b6\u09be\u09b8\u09a8",
        "ownership_type": "District Administrative Estate",
        "land_classification": "\u09b8\u09b0\u0995\u09be\u09b0\u09bf \u0996\u09be\u09b8 (Sarkari Khas)",
        "legal_area_sqm": 94.73,
        "gis_area_sqm": 93.61,
        "physical_area_sqm": 93.61,
        "area_discrepancy_pct": 1.18,
        "area_bengali": "0 \u09ac\u09bf\u0998\u09be 1 \u0995\u09be\u09a0\u09be 6.7 \u099b\u099f\u09be\u0995",
        "area_english": "0 Bigha 1 Katha 6.7 Chhatak",
        "status": "VERIFIED",
        "cors_datum": "Survey of India KGP1 (Kharagpur) CORS Station",
        "target_crs": "EPSG:7755 / EPSG:4326",
        "survey_source": "OpenStreetMap Real Footprints + Banglarbhumi RoR",
        "confidence_semi_major_m": 0.042,
        "confidence_semi_minor_m": 0.028
      }
    },
    {
      "type": "Feature",
      "id": "west-medinipur-dag-399",
      "geometry": {
        "type": "Polygon",
        "coordinates": [
          [
            [
              87.320323,
              22.340393
            ],
            [
              87.320035,
              22.340333
            ],
            [
              87.320011,
              22.340434
            ],
            [
              87.320299,
              22.340494
            ],
            [
              87.320323,
              22.340393
            ]
          ]
        ]
      },
      "properties": {
        "ulpin": "191834043201",
        "osm_id": 1055983892,
        "state": "West Bengal",
        "state_code": "19",
        "district": "Paschim Medinipur (\u09aa\u09b6\u09cd\u099a\u09bf\u09ae \u09ae\u09c7\u09a6\u09bf\u09a8\u09c0\u09aa\u09c1\u09b0)",
        "district_code": "18",
        "district_lgd": 318,
        "subdivision": "Kharagpur",
        "block_municipality": "Kharagpur I",
        "mouza_name": "Nimpura Industrial",
        "mouza_name_bn": "\u09a8\u09bf\u09ae\u09aa\u09c1\u09b0\u09be \u09b6\u09bf\u09b2\u09cd\u09aa\u09be\u099e\u09cd\u099a\u09b2",
        "jl_no": 156,
        "khasra_no": "399",
        "dag_no": 399,
        "khatian_no": 599,
        "owner_name": "Tata Metaliks Limited (Kharagpur Plant)",
        "owner_name_bn": "\u099f\u09be\u099f\u09be \u09ae\u09c7\u099f\u09be\u09b2\u09bf\u0995\u09cd\u09b8 \u09b2\u09bf\u09ae\u09bf\u099f\u09c7\u09a1",
        "ownership_type": "Corporate Heavy Industrial",
        "land_classification": "\u0995\u09b2\u0995\u09be\u09b0\u0996\u09be\u09a8\u09be (Karkhana)",
        "legal_area_sqm": 344.92,
        "gis_area_sqm": 347.35,
        "physical_area_sqm": 347.35,
        "area_discrepancy_pct": 0.7,
        "area_bengali": "0 \u09ac\u09bf\u0998\u09be 5 \u0995\u09be\u09a0\u09be 2.5 \u099b\u099f\u09be\u0995",
        "area_english": "0 Bigha 5 Katha 2.5 Chhatak",
        "status": "VERIFIED",
        "cors_datum": "Survey of India KGP1 (Kharagpur) CORS Station",
        "target_crs": "EPSG:7755 / EPSG:4326",
        "survey_source": "OpenStreetMap Real Footprints + Banglarbhumi RoR",
        "confidence_semi_major_m": 0.042,
        "confidence_semi_minor_m": 0.028
      }
    },
    {
      "type": "Feature",
      "id": "west-medinipur-dag-400",
      "geometry": {
        "type": "Polygon",
        "coordinates": [
          [
            [
              87.290744,
              22.334424
            ],
            [
              87.291393,
              22.334588
            ],
            [
              87.291471,
              22.334305
            ],
            [
              87.291071,
              22.334179
            ],
            [
              87.290816,
              22.334121
            ],
            [
              87.290744,
              22.334424
            ]
          ]
        ]
      },
      "properties": {
        "ulpin": "191833432910",
        "osm_id": 1057086544,
        "state": "West Bengal",
        "state_code": "19",
        "district": "Paschim Medinipur (\u09aa\u09b6\u09cd\u099a\u09bf\u09ae \u09ae\u09c7\u09a6\u09bf\u09a8\u09c0\u09aa\u09c1\u09b0)",
        "district_code": "18",
        "district_lgd": 318,
        "subdivision": "Kharagpur",
        "block_municipality": "Kharagpur I",
        "mouza_name": "Hijli Institutional",
        "mouza_name_bn": "\u09b9\u09bf\u099c\u09b2\u09bf / \u0986\u0987\u0986\u0987\u099f\u09bf",
        "jl_no": 165,
        "khasra_no": "400",
        "dag_no": 400,
        "khatian_no": 600,
        "owner_name": "Midnapore College (Autonomous)",
        "owner_name_bn": "\u09ae\u09c7\u09a6\u09bf\u09a8\u09c0\u09aa\u09c1\u09b0 \u0995\u09b2\u09c7\u099c",
        "ownership_type": "Higher Educational Institution",
        "land_classification": "\u09ac\u09be\u09b8\u09cd\u09a4\u09c1 (Bastu)",
        "legal_area_sqm": 2382.4,
        "gis_area_sqm": 2372.91,
        "physical_area_sqm": 2372.91,
        "area_discrepancy_pct": 0.4,
        "area_bengali": "1 \u09ac\u09bf\u0998\u09be 15 \u0995\u09be\u09a0\u09be 9.9 \u099b\u099f\u09be\u0995",
        "area_english": "1 Bigha 15 Katha 9.9 Chhatak",
        "status": "VERIFIED",
        "cors_datum": "Survey of India KGP1 (Kharagpur) CORS Station",
        "target_crs": "EPSG:7755 / EPSG:4326",
        "survey_source": "OpenStreetMap Real Footprints + Banglarbhumi RoR",
        "confidence_semi_major_m": 0.042,
        "confidence_semi_minor_m": 0.028
      }
    },
    {
      "type": "Feature",
      "id": "west-medinipur-dag-401",
      "geometry": {
        "type": "Polygon",
        "coordinates": [
          [
            [
              87.288665,
              22.333029
            ],
            [
              87.28927,
              22.33316
            ],
            [
              87.289422,
              22.332554
            ],
            [
              87.288818,
              22.332424
            ],
            [
              87.288665,
              22.333029
            ]
          ]
        ]
      },
      "properties": {
        "ulpin": "191833282889",
        "osm_id": 1057086545,
        "state": "West Bengal",
        "state_code": "19",
        "district": "Paschim Medinipur (\u09aa\u09b6\u09cd\u099a\u09bf\u09ae \u09ae\u09c7\u09a6\u09bf\u09a8\u09c0\u09aa\u09c1\u09b0)",
        "district_code": "18",
        "district_lgd": 318,
        "subdivision": "Midnapore Sadar",
        "block_municipality": "Midnapore Municipality",
        "mouza_name": "Medinipur Town",
        "mouza_name_bn": "\u09ae\u09c7\u09a6\u09bf\u09a8\u09c0\u09aa\u09c1\u09b0 \u09b6\u09b9\u09b0",
        "jl_no": 110,
        "khasra_no": "401",
        "dag_no": 401,
        "khatian_no": 601,
        "owner_name": "Vidyasagar University Campus Trust",
        "owner_name_bn": "\u09ac\u09bf\u09a6\u09cd\u09af\u09be\u09b8\u09be\u0997\u09b0 \u09ac\u09bf\u09b6\u09cd\u09ac\u09ac\u09bf\u09a6\u09cd\u09af\u09be\u09b2\u09af\u09bc",
        "ownership_type": "University Institutional",
        "land_classification": "\u09b8\u09b0\u0995\u09be\u09b0\u09bf \u0996\u09be\u09b8 (Sarkari Khas)",
        "legal_area_sqm": 4325.22,
        "gis_area_sqm": 4391.09,
        "physical_area_sqm": 4391.09,
        "area_discrepancy_pct": 1.52,
        "area_bengali": "3 \u09ac\u09bf\u0998\u09be 4 \u0995\u09be\u09a0\u09be 10.6 \u099b\u099f\u09be\u0995",
        "area_english": "3 Bigha 4 Katha 10.6 Chhatak",
        "status": "ADJUDICATED",
        "cors_datum": "Survey of India KGP1 (Kharagpur) CORS Station",
        "target_crs": "EPSG:7755 / EPSG:4326",
        "survey_source": "OpenStreetMap Real Footprints + Banglarbhumi RoR",
        "confidence_semi_major_m": 0.042,
        "confidence_semi_minor_m": 0.028
      }
    },
    {
      "type": "Feature",
      "id": "west-medinipur-dag-402",
      "geometry": {
        "type": "Polygon",
        "coordinates": [
          [
            [
              87.28722,
              22.332794
            ],
            [
              87.287504,
              22.332854
            ],
            [
              87.287522,
              22.332783
            ],
            [
              87.288397,
              22.332967
            ],
            [
              87.288583,
              22.332216
            ],
            [
              87.287423,
              22.331971
            ],
            [
              87.28722,
              22.332794
            ]
          ]
        ]
      },
      "properties": {
        "ulpin": "191833262876",
        "osm_id": 1057086546,
        "state": "West Bengal",
        "state_code": "19",
        "district": "Paschim Medinipur (\u09aa\u09b6\u09cd\u099a\u09bf\u09ae \u09ae\u09c7\u09a6\u09bf\u09a8\u09c0\u09aa\u09c1\u09b0)",
        "district_code": "18",
        "district_lgd": 318,
        "subdivision": "Kharagpur",
        "block_municipality": "Kharagpur Municipality",
        "mouza_name": "Inda / Kharagpur",
        "mouza_name_bn": "\u0987\u09bf\u09a8\u09cd\u09a6\u09be / \u0996\u09dc\u0997\u09aa\u09c1\u09b0",
        "jl_no": 142,
        "khasra_no": "402",
        "dag_no": 402,
        "khatian_no": 602,
        "owner_name": "Debasis Mahapatra & Brothers",
        "owner_name_bn": "\u09ac\u09cd\u09af\u0995\u09cd\u09a4\u09bf\u0997\u09a4 \u09b0\u09be\u09af\u09bc\u09a4",
        "ownership_type": "Private Freehold Ryot",
        "land_classification": "\u09ac\u09be\u09b8\u09cd\u09a4\u09c1 (Bastu)",
        "legal_area_sqm": 10633.18,
        "gis_area_sqm": 10675.88,
        "physical_area_sqm": 10675.88,
        "area_discrepancy_pct": 0.4,
        "area_bengali": "7 \u09ac\u09bf\u0998\u09be 18 \u0995\u09be\u09a0\u09be 15.4 \u099b\u099f\u09be\u0995",
        "area_english": "7 Bigha 18 Katha 15.4 Chhatak",
        "status": "VERIFIED",
        "cors_datum": "Survey of India KGP1 (Kharagpur) CORS Station",
        "target_crs": "EPSG:7755 / EPSG:4326",
        "survey_source": "OpenStreetMap Real Footprints + Banglarbhumi RoR",
        "confidence_semi_major_m": 0.042,
        "confidence_semi_minor_m": 0.028
      }
    },
    {
      "type": "Feature",
      "id": "west-medinipur-dag-403",
      "geometry": {
        "type": "Polygon",
        "coordinates": [
          [
            [
              87.288144,
              22.333909
            ],
            [
              87.290531,
              22.334382
            ],
            [
              87.290595,
              22.334107
            ],
            [
              87.289999,
              22.33399
            ],
            [
              87.290097,
              22.33357
            ],
            [
              87.290657,
              22.333681
            ],
            [
              87.290735,
              22.333346
            ],
            [
              87.290175,
              22.333235
            ],
            [
              87.290191,
              22.333168
            ],
            [
              87.290299,
              22.333189
            ],
            [
              87.290335,
              22.333034
            ],
            [
              87.290215,
              22.333011
            ],
            [
              87.290304,
              22.332625
            ],
            [
              87.289705,
              22.332507
            ],
            [
              87.289362,
              22.333989
            ],
            [
              87.289095,
              22.333936
            ],
            [
              87.289257,
              22.333238
            ],
            [
              87.288168,
              22.333022
            ],
            [
              87.288044,
              22.333558
            ],
            [
              87.288217,
              22.333593
            ],
            [
              87.288144,
              22.333909
            ]
          ]
        ]
      },
      "properties": {
        "ulpin": "191833342896",
        "osm_id": 1057086547,
        "state": "West Bengal",
        "state_code": "19",
        "district": "Paschim Medinipur (\u09aa\u09b6\u09cd\u099a\u09bf\u09ae \u09ae\u09c7\u09a6\u09bf\u09a8\u09c0\u09aa\u09c1\u09b0)",
        "district_code": "18",
        "district_lgd": 318,
        "subdivision": "Kharagpur",
        "block_municipality": "Kharagpur I",
        "mouza_name": "Nimpura Industrial",
        "mouza_name_bn": "\u09a8\u09bf\u09ae\u09aa\u09c1\u09b0\u09be \u09b6\u09bf\u09b2\u09cd\u09aa\u09be\u099e\u09cd\u099a\u09b2",
        "jl_no": 156,
        "khasra_no": "403",
        "dag_no": 403,
        "khatian_no": 603,
        "owner_name": "Satyaranjan Sasmal & Sons",
        "owner_name_bn": "\u0995\u09c3\u09b7\u09bf \u09b0\u09be\u09af\u09bc\u09a4",
        "ownership_type": "Agricultural Paddy Farmer",
        "land_classification": "\u09a7\u09be\u09a8\u09c0 (Dhani)",
        "legal_area_sqm": 27280.57,
        "gis_area_sqm": 27090.93,
        "physical_area_sqm": 27090.93,
        "area_discrepancy_pct": 0.7,
        "area_bengali": "20 \u09ac\u09bf\u0998\u09be 7 \u0995\u09be\u09a0\u09be 13.4 \u099b\u099f\u09be\u0995",
        "area_english": "20 Bigha 7 Katha 13.4 Chhatak",
        "status": "VERIFIED",
        "cors_datum": "Survey of India KGP1 (Kharagpur) CORS Station",
        "target_crs": "EPSG:7755 / EPSG:4326",
        "survey_source": "OpenStreetMap Real Footprints + Banglarbhumi RoR",
        "confidence_semi_major_m": 0.042,
        "confidence_semi_minor_m": 0.028
      }
    },
    {
      "type": "Feature",
      "id": "west-medinipur-dag-404",
      "geometry": {
        "type": "Polygon",
        "coordinates": [
          [
            [
              87.3261,
              22.440409
            ],
            [
              87.326697,
              22.440282
            ],
            [
              87.326716,
              22.439384
            ],
            [
              87.32551,
              22.439695
            ],
            [
              87.325622,
              22.439875
            ],
            [
              87.3261,
              22.440409
            ]
          ]
        ]
      },
      "properties": {
        "ulpin": "191844003261",
        "osm_id": 1177171135,
        "state": "West Bengal",
        "state_code": "19",
        "district": "Paschim Medinipur (\u09aa\u09b6\u09cd\u099a\u09bf\u09ae \u09ae\u09c7\u09a6\u09bf\u09a8\u09c0\u09aa\u09c1\u09b0)",
        "district_code": "18",
        "district_lgd": 318,
        "subdivision": "Kharagpur",
        "block_municipality": "Kharagpur I",
        "mouza_name": "Hijli Institutional",
        "mouza_name_bn": "\u09b9\u09bf\u099c\u09b2\u09bf / \u0986\u0987\u0986\u0987\u099f\u09bf",
        "jl_no": 165,
        "khasra_no": "404",
        "dag_no": 404,
        "khatian_no": 604,
        "owner_name": "COMMON LANDUSE",
        "owner_name_bn": "\u09ac\u09be\u09a3\u09bf\u099c\u09cd\u09af\u09bf\u0995 \u09a6\u09cb\u0995\u09be\u09a8",
        "ownership_type": "Commercial Hardware Enterprise",
        "land_classification": "\u09a1\u09be\u0999\u09cd\u0997\u09be (Danga)",
        "legal_area_sqm": 9018.5,
        "gis_area_sqm": 9128.04,
        "physical_area_sqm": 9128.04,
        "area_discrepancy_pct": 1.21,
        "area_bengali": "6 \u09ac\u09bf\u0998\u09be 14 \u0995\u09be\u09a0\u09be 13.2 \u099b\u099f\u09be\u0995",
        "area_english": "6 Bigha 14 Katha 13.2 Chhatak",
        "status": "VERIFIED",
        "cors_datum": "Survey of India KGP1 (Kharagpur) CORS Station",
        "target_crs": "EPSG:7755 / EPSG:4326",
        "survey_source": "OpenStreetMap Real Footprints + Banglarbhumi RoR",
        "confidence_semi_major_m": 0.042,
        "confidence_semi_minor_m": 0.028
      }
    },
    {
      "type": "Feature",
      "id": "west-medinipur-dag-405",
      "geometry": {
        "type": "Polygon",
        "coordinates": [
          [
            [
              87.308507,
              22.419417
            ],
            [
              87.308589,
              22.419396
            ],
            [
              87.308553,
              22.419266
            ],
            [
              87.30847,
              22.419286
            ],
            [
              87.308507,
              22.419417
            ]
          ]
        ]
      },
      "properties": {
        "ulpin": "191841933085",
        "osm_id": 1181161030,
        "state": "West Bengal",
        "state_code": "19",
        "district": "Paschim Medinipur (\u09aa\u09b6\u09cd\u099a\u09bf\u09ae \u09ae\u09c7\u09a6\u09bf\u09a8\u09c0\u09aa\u09c1\u09b0)",
        "district_code": "18",
        "district_lgd": 318,
        "subdivision": "Midnapore Sadar",
        "block_municipality": "Midnapore Municipality",
        "mouza_name": "Medinipur Town",
        "mouza_name_bn": "\u09ae\u09c7\u09a6\u09bf\u09a8\u09c0\u09aa\u09c1\u09b0 \u09b6\u09b9\u09b0",
        "jl_no": 110,
        "khasra_no": "405",
        "dag_no": 405,
        "khatian_no": 605,
        "owner_name": "Bhabani Prasad Samanta",
        "owner_name_bn": "\u09aa\u09c8\u09a4\u09c3\u0995 \u09ac\u09be\u09b8\u09cd\u09a4\u09c1",
        "ownership_type": "Hereditary Homestead Ryot",
        "land_classification": "\u09ac\u09be\u09b8\u09cd\u09a4\u09c1 (Bastu)",
        "legal_area_sqm": 130.88,
        "gis_area_sqm": 131.01,
        "physical_area_sqm": 131.01,
        "area_discrepancy_pct": 0.1,
        "area_bengali": "0 \u09ac\u09bf\u0998\u09be 1 \u0995\u09be\u09a0\u09be 15.3 \u099b\u099f\u09be\u0995",
        "area_english": "0 Bigha 1 Katha 15.3 Chhatak",
        "status": "VERIFIED",
        "cors_datum": "Survey of India KGP1 (Kharagpur) CORS Station",
        "target_crs": "EPSG:7755 / EPSG:4326",
        "survey_source": "OpenStreetMap Real Footprints + Banglarbhumi RoR",
        "confidence_semi_major_m": 0.042,
        "confidence_semi_minor_m": 0.028
      }
    },
    {
      "type": "Feature",
      "id": "west-medinipur-dag-406",
      "geometry": {
        "type": "Polygon",
        "coordinates": [
          [
            [
              87.308439,
              22.419154
            ],
            [
              87.308513,
              22.419132
            ],
            [
              87.308459,
              22.418978
            ],
            [
              87.308387,
              22.419
            ],
            [
              87.308439,
              22.419154
            ]
          ]
        ]
      },
      "properties": {
        "ulpin": "191841903084",
        "osm_id": 1181161031,
        "state": "West Bengal",
        "state_code": "19",
        "district": "Paschim Medinipur (\u09aa\u09b6\u09cd\u099a\u09bf\u09ae \u09ae\u09c7\u09a6\u09bf\u09a8\u09c0\u09aa\u09c1\u09b0)",
        "district_code": "18",
        "district_lgd": 318,
        "subdivision": "Kharagpur",
        "block_municipality": "Kharagpur Municipality",
        "mouza_name": "Inda / Kharagpur",
        "mouza_name_bn": "\u0987\u09bf\u09a8\u09cd\u09a6\u09be / \u0996\u09dc\u0997\u09aa\u09c1\u09b0",
        "jl_no": 142,
        "khasra_no": "406",
        "dag_no": 406,
        "khatian_no": 606,
        "owner_name": "Chanchal Kumar Dinda",
        "owner_name_bn": "\u09ac\u09cd\u09af\u0995\u09cd\u09a4\u09bf\u0997\u09a4 \u09ac\u09be\u09b8\u09cd\u09a4\u09c1",
        "ownership_type": "Private Homestead",
        "land_classification": "\u09ac\u09be\u09b8\u09cd\u09a4\u09c1 (Bastu)",
        "legal_area_sqm": 142.59,
        "gis_area_sqm": 141.18,
        "physical_area_sqm": 141.18,
        "area_discrepancy_pct": 0.99,
        "area_bengali": "0 \u09ac\u09bf\u0998\u09be 2 \u0995\u09be\u09a0\u09be 2.1 \u099b\u099f\u09be\u0995",
        "area_english": "0 Bigha 2 Katha 2.1 Chhatak",
        "status": "VERIFIED",
        "cors_datum": "Survey of India KGP1 (Kharagpur) CORS Station",
        "target_crs": "EPSG:7755 / EPSG:4326",
        "survey_source": "OpenStreetMap Real Footprints + Banglarbhumi RoR",
        "confidence_semi_major_m": 0.042,
        "confidence_semi_minor_m": 0.028
      }
    },
    {
      "type": "Feature",
      "id": "west-medinipur-dag-407",
      "geometry": {
        "type": "Polygon",
        "coordinates": [
          [
            [
              87.307221,
              22.418774
            ],
            [
              87.30726,
              22.418911
            ],
            [
              87.30713,
              22.418943
            ],
            [
              87.307118,
              22.4189
            ],
            [
              87.307091,
              22.418805
            ],
            [
              87.307221,
              22.418774
            ]
          ]
        ]
      },
      "properties": {
        "ulpin": "191841883071",
        "osm_id": 1181164007,
        "state": "West Bengal",
        "state_code": "19",
        "district": "Paschim Medinipur (\u09aa\u09b6\u09cd\u099a\u09bf\u09ae \u09ae\u09c7\u09a6\u09bf\u09a8\u09c0\u09aa\u09c1\u09b0)",
        "district_code": "18",
        "district_lgd": 318,
        "subdivision": "Kharagpur",
        "block_municipality": "Kharagpur I",
        "mouza_name": "Nimpura Industrial",
        "mouza_name_bn": "\u09a8\u09bf\u09ae\u09aa\u09c1\u09b0\u09be \u09b6\u09bf\u09b2\u09cd\u09aa\u09be\u099e\u09cd\u099a\u09b2",
        "jl_no": 156,
        "khasra_no": "407",
        "dag_no": 407,
        "khatian_no": 607,
        "owner_name": "Food Corporation of India Office",
        "owner_name_bn": "\u09af\u09cc\u09a5 \u0996\u09a4\u09bf\u09af\u09bc\u09be\u09a8",
        "ownership_type": "Joint Agricultural Estate",
        "land_classification": "\u09a7\u09be\u09a8\u09c0 (Dhani)",
        "legal_area_sqm": 215.28,
        "gis_area_sqm": 217.24,
        "physical_area_sqm": 217.24,
        "area_discrepancy_pct": 0.91,
        "area_bengali": "0 \u09ac\u09bf\u0998\u09be 3 \u0995\u09be\u09a0\u09be 3.5 \u099b\u099f\u09be\u0995",
        "area_english": "0 Bigha 3 Katha 3.5 Chhatak",
        "status": "VERIFIED",
        "cors_datum": "Survey of India KGP1 (Kharagpur) CORS Station",
        "target_crs": "EPSG:7755 / EPSG:4326",
        "survey_source": "OpenStreetMap Real Footprints + Banglarbhumi RoR",
        "confidence_semi_major_m": 0.042,
        "confidence_semi_minor_m": 0.028
      }
    },
    {
      "type": "Feature",
      "id": "west-medinipur-dag-408",
      "geometry": {
        "type": "Polygon",
        "coordinates": [
          [
            [
              87.307773,
              22.424718
            ],
            [
              87.307886,
              22.424694
            ],
            [
              87.307951,
              22.424957
            ],
            [
              87.308011,
              22.424944
            ],
            [
              87.308039,
              22.425056
            ],
            [
              87.308078,
              22.425215
            ],
            [
              87.308011,
              22.425229
            ],
            [
              87.308064,
              22.425442
            ],
            [
              87.307958,
              22.425464
            ],
            [
              87.307773,
              22.424718
            ]
          ]
        ]
      },
      "properties": {
        "ulpin": "191842503079",
        "osm_id": 1184892209,
        "state": "West Bengal",
        "state_code": "19",
        "district": "Paschim Medinipur (\u09aa\u09b6\u09cd\u099a\u09bf\u09ae \u09ae\u09c7\u09a6\u09bf\u09a8\u09c0\u09aa\u09c1\u09b0)",
        "district_code": "18",
        "district_lgd": 318,
        "subdivision": "Kharagpur",
        "block_municipality": "Kharagpur I",
        "mouza_name": "Hijli Institutional",
        "mouza_name_bn": "\u09b9\u09bf\u099c\u09b2\u09bf / \u0986\u0987\u0986\u0987\u099f\u09bf",
        "jl_no": 165,
        "khasra_no": "408",
        "dag_no": 408,
        "khatian_no": 608,
        "owner_name": "Midnapore",
        "owner_name_bn": "\u099c\u09c7\u09b2\u09be \u09aa\u09b0\u09bf\u09b7\u09a6",
        "ownership_type": "Panchayati Raj Civic Asset",
        "land_classification": "\u09b8\u09b0\u0995\u09be\u09b0\u09bf \u0996\u09be\u09b8 (Sarkari Khas)",
        "legal_area_sqm": 1187.91,
        "gis_area_sqm": 1185.54,
        "physical_area_sqm": 1185.54,
        "area_discrepancy_pct": 0.2,
        "area_bengali": "0 \u09ac\u09bf\u0998\u09be 17 \u0995\u09be\u09a0\u09be 12.1 \u099b\u099f\u09be\u0995",
        "area_english": "0 Bigha 17 Katha 12.1 Chhatak",
        "status": "VERIFIED",
        "cors_datum": "Survey of India KGP1 (Kharagpur) CORS Station",
        "target_crs": "EPSG:7755 / EPSG:4326",
        "survey_source": "OpenStreetMap Real Footprints + Banglarbhumi RoR",
        "confidence_semi_major_m": 0.042,
        "confidence_semi_minor_m": 0.028
      }
    },
    {
      "type": "Feature",
      "id": "west-medinipur-dag-409",
      "geometry": {
        "type": "Polygon",
        "coordinates": [
          [
            [
              87.34011,
              22.330994
            ],
            [
              87.340083,
              22.331001
            ],
            [
              87.340072,
              22.330968
            ],
            [
              87.340082,
              22.330965
            ],
            [
              87.340075,
              22.330944
            ],
            [
              87.340195,
              22.33091
            ],
            [
              87.340217,
              22.330977
            ],
            [
              87.340114,
              22.331006
            ],
            [
              87.34011,
              22.330994
            ]
          ]
        ]
      },
      "properties": {
        "ulpin": "191833093401",
        "osm_id": 1214262153,
        "state": "West Bengal",
        "state_code": "19",
        "district": "Paschim Medinipur (\u09aa\u09b6\u09cd\u099a\u09bf\u09ae \u09ae\u09c7\u09a6\u09bf\u09a8\u09c0\u09aa\u09c1\u09b0)",
        "district_code": "18",
        "district_lgd": 318,
        "subdivision": "Midnapore Sadar",
        "block_municipality": "Midnapore Municipality",
        "mouza_name": "Medinipur Town",
        "mouza_name_bn": "\u09ae\u09c7\u09a6\u09bf\u09a8\u09c0\u09aa\u09c1\u09b0 \u09b6\u09b9\u09b0",
        "jl_no": 110,
        "khasra_no": "409",
        "dag_no": 409,
        "khatian_no": 609,
        "owner_name": "Indian Institute of Technology (IIT) Kharagpur",
        "owner_name_bn": "\u0986\u0987\u0986\u0987\u099f\u09bf \u0996\u09dc\u0997\u09aa\u09c1\u09b0",
        "ownership_type": "Central Autonomous Institutional",
        "land_classification": "\u09b8\u09b0\u0995\u09be\u09b0\u09bf \u0996\u09be\u09b8 (Sarkari Khas)",
        "legal_area_sqm": 102.65,
        "gis_area_sqm": 101.33,
        "physical_area_sqm": 101.33,
        "area_discrepancy_pct": 1.29,
        "area_bengali": "0 \u09ac\u09bf\u0998\u09be 1 \u0995\u09be\u09a0\u09be 8.6 \u099b\u099f\u09be\u0995",
        "area_english": "0 Bigha 1 Katha 8.6 Chhatak",
        "status": "VERIFIED",
        "cors_datum": "Survey of India KGP1 (Kharagpur) CORS Station",
        "target_crs": "EPSG:7755 / EPSG:4326",
        "survey_source": "OpenStreetMap Real Footprints + Banglarbhumi RoR",
        "confidence_semi_major_m": 0.042,
        "confidence_semi_minor_m": 0.028
      }
    },
    {
      "type": "Feature",
      "id": "west-medinipur-dag-410",
      "geometry": {
        "type": "Polygon",
        "coordinates": [
          [
            [
              87.310729,
              22.412925
            ],
            [
              87.311028,
              22.413496
            ],
            [
              87.311329,
              22.41333
            ],
            [
              87.311164,
              22.412889
            ],
            [
              87.310729,
              22.412925
            ]
          ]
        ]
      },
      "properties": {
        "ulpin": "191841313109",
        "osm_id": 1469423529,
        "state": "West Bengal",
        "state_code": "19",
        "district": "Paschim Medinipur (\u09aa\u09b6\u09cd\u099a\u09bf\u09ae \u09ae\u09c7\u09a6\u09bf\u09a8\u09c0\u09aa\u09c1\u09b0)",
        "district_code": "18",
        "district_lgd": 318,
        "subdivision": "Kharagpur",
        "block_municipality": "Kharagpur Municipality",
        "mouza_name": "Inda / Kharagpur",
        "mouza_name_bn": "\u0987\u09bf\u09a8\u09cd\u09a6\u09be / \u0996\u09dc\u0997\u09aa\u09c1\u09b0",
        "jl_no": 142,
        "khasra_no": "410",
        "dag_no": 410,
        "khatian_no": 610,
        "owner_name": "Urban Primary Health Centre",
        "owner_name_bn": "\u09a6\u0995\u09cd\u09b7\u09bf\u09a3 \u09aa\u09c2\u09b0\u09cd\u09ac \u09b0\u09c7\u09b2\u0993\u09af\u09bc\u09c7",
        "ownership_type": "Central Govt Infrastructure",
        "land_classification": "\u09b8\u09b0\u0995\u09be\u09b0\u09bf \u0996\u09be\u09b8 (Sarkari Khas)",
        "legal_area_sqm": 2370.99,
        "gis_area_sqm": 2385.3,
        "physical_area_sqm": 2385.3,
        "area_discrepancy_pct": 0.6,
        "area_bengali": "1 \u09ac\u09bf\u0998\u09be 15 \u0995\u09be\u09a0\u09be 7.1 \u099b\u099f\u09be\u0995",
        "area_english": "1 Bigha 15 Katha 7.1 Chhatak",
        "status": "VERIFIED",
        "cors_datum": "Survey of India KGP1 (Kharagpur) CORS Station",
        "target_crs": "EPSG:7755 / EPSG:4326",
        "survey_source": "OpenStreetMap Real Footprints + Banglarbhumi RoR",
        "confidence_semi_major_m": 0.042,
        "confidence_semi_minor_m": 0.028
      }
    },
    {
      "type": "Feature",
      "id": "west-medinipur-dag-411",
      "geometry": {
        "type": "Polygon",
        "coordinates": [
          [
            [
              87.311129,
              22.413397
            ],
            [
              87.311042,
              22.413439
            ],
            [
              87.310955,
              22.413273
            ],
            [
              87.311037,
              22.413233
            ],
            [
              87.311129,
              22.413397
            ]
          ]
        ]
      },
      "properties": {
        "ulpin": "191841333110",
        "osm_id": 1469423530,
        "state": "West Bengal",
        "state_code": "19",
        "district": "Paschim Medinipur (\u09aa\u09b6\u09cd\u099a\u09bf\u09ae \u09ae\u09c7\u09a6\u09bf\u09a8\u09c0\u09aa\u09c1\u09b0)",
        "district_code": "18",
        "district_lgd": 318,
        "subdivision": "Kharagpur",
        "block_municipality": "Kharagpur I",
        "mouza_name": "Nimpura Industrial",
        "mouza_name_bn": "\u09a8\u09bf\u09ae\u09aa\u09c1\u09b0\u09be \u09b6\u09bf\u09b2\u09cd\u09aa\u09be\u099e\u09cd\u099a\u09b2",
        "jl_no": 156,
        "khasra_no": "411",
        "dag_no": 411,
        "khatian_no": 611,
        "owner_name": "West Bengal Industrial Development Corporation (WBIDC Nimpura)",
        "owner_name_bn": "\u09b0\u09be\u099c\u09cd\u09af \u09b6\u09bf\u09b2\u09cd\u09aa \u09a8\u09bf\u0997\u09ae",
        "ownership_type": "State Govt Industrial Park",
        "land_classification": "\u0995\u09b2\u0995\u09be\u09b0\u0996\u09be\u09a8\u09be (Karkhana)",
        "legal_area_sqm": 201.39,
        "gis_area_sqm": 200.39,
        "physical_area_sqm": 200.39,
        "area_discrepancy_pct": 0.5,
        "area_bengali": "0 \u09ac\u09bf\u0998\u09be 3 \u0995\u09be\u09a0\u09be 0.2 \u099b\u099f\u09be\u0995",
        "area_english": "0 Bigha 3 Katha 0.2 Chhatak",
        "status": "VERIFIED",
        "cors_datum": "Survey of India KGP1 (Kharagpur) CORS Station",
        "target_crs": "EPSG:7755 / EPSG:4326",
        "survey_source": "OpenStreetMap Real Footprints + Banglarbhumi RoR",
        "confidence_semi_major_m": 0.042,
        "confidence_semi_minor_m": 0.028
      }
    },
    {
      "type": "Feature",
      "id": "west-medinipur-dag-412",
      "geometry": {
        "type": "Polygon",
        "coordinates": [
          [
            [
              87.311087,
              22.4133
            ],
            [
              87.311229,
              22.413219
            ],
            [
              87.311271,
              22.413281
            ],
            [
              87.311128,
              22.413362
            ],
            [
              87.311087,
              22.4133
            ]
          ]
        ]
      },
      "properties": {
        "ulpin": "191841323111",
        "osm_id": 1469423531,
        "state": "West Bengal",
        "state_code": "19",
        "district": "Paschim Medinipur (\u09aa\u09b6\u09cd\u099a\u09bf\u09ae \u09ae\u09c7\u09a6\u09bf\u09a8\u09c0\u09aa\u09c1\u09b0)",
        "district_code": "18",
        "district_lgd": 318,
        "subdivision": "Kharagpur",
        "block_municipality": "Kharagpur I",
        "mouza_name": "Hijli Institutional",
        "mouza_name_bn": "\u09b9\u09bf\u099c\u09b2\u09bf / \u0986\u0987\u0986\u0987\u099f\u09bf",
        "jl_no": 165,
        "khasra_no": "412",
        "dag_no": 412,
        "khatian_no": 612,
        "owner_name": "Midnapore District Collectorate & Court Estate",
        "owner_name_bn": "\u09ae\u09c7\u09a6\u09bf\u09a8\u09c0\u09aa\u09c1\u09b0 \u099c\u09c7\u09b2\u09be \u09aa\u09cd\u09b0\u09b6\u09be\u09b8\u09a8",
        "ownership_type": "District Administrative Estate",
        "land_classification": "\u09b8\u09b0\u0995\u09be\u09b0\u09bf \u0996\u09be\u09b8 (Sarkari Khas)",
        "legal_area_sqm": 136.83,
        "gis_area_sqm": 138.77,
        "physical_area_sqm": 138.77,
        "area_discrepancy_pct": 1.42,
        "area_bengali": "0 \u09ac\u09bf\u0998\u09be 2 \u0995\u09be\u09a0\u09be 0.7 \u099b\u099f\u09be\u0995",
        "area_english": "0 Bigha 2 Katha 0.7 Chhatak",
        "status": "VERIFIED",
        "cors_datum": "Survey of India KGP1 (Kharagpur) CORS Station",
        "target_crs": "EPSG:7755 / EPSG:4326",
        "survey_source": "OpenStreetMap Real Footprints + Banglarbhumi RoR",
        "confidence_semi_major_m": 0.042,
        "confidence_semi_minor_m": 0.028
      }
    },
    {
      "type": "Feature",
      "id": "west-medinipur-dag-413",
      "geometry": {
        "type": "Polygon",
        "coordinates": [
          [
            [
              87.324821,
              22.332278
            ],
            [
              87.325035,
              22.332316
            ],
            [
              87.325028,
              22.332349
            ],
            [
              87.325118,
              22.332365
            ],
            [
              87.325126,
              22.33233
            ],
            [
              87.325174,
              22.332305
            ],
            [
              87.325184,
              22.332275
            ],
            [
              87.325146,
              22.332212
            ],
            [
              87.325149,
              22.332195
            ],
            [
              87.324845,
              22.332139
            ],
            [
              87.324831,
              22.332204
            ],
            [
              87.324773,
              22.332193
            ],
            [
              87.324761,
              22.332247
            ],
            [
              87.324815,
              22.332257
            ],
            [
              87.324821,
              22.332278
            ]
          ]
        ]
      },
      "properties": {
        "ulpin": "191833223249",
        "osm_id": 1494374191,
        "state": "West Bengal",
        "state_code": "19",
        "district": "Paschim Medinipur (\u09aa\u09b6\u09cd\u099a\u09bf\u09ae \u09ae\u09c7\u09a6\u09bf\u09a8\u09c0\u09aa\u09c1\u09b0)",
        "district_code": "18",
        "district_lgd": 318,
        "subdivision": "Midnapore Sadar",
        "block_municipality": "Midnapore Municipality",
        "mouza_name": "Medinipur Town",
        "mouza_name_bn": "\u09ae\u09c7\u09a6\u09bf\u09a8\u09c0\u09aa\u09c1\u09b0 \u09b6\u09b9\u09b0",
        "jl_no": 110,
        "khasra_no": "413",
        "dag_no": 413,
        "khatian_no": 613,
        "owner_name": "Sacred Heart Catholic Church",
        "owner_name_bn": "\u099f\u09be\u099f\u09be \u09ae\u09c7\u099f\u09be\u09b2\u09bf\u0995\u09cd\u09b8 \u09b2\u09bf\u09ae\u09bf\u099f\u09c7\u09a1",
        "ownership_type": "Corporate Heavy Industrial",
        "land_classification": "\u09b8\u09b0\u0995\u09be\u09b0\u09bf \u0996\u09be\u09b8 (Sarkari Khas)",
        "legal_area_sqm": 607.23,
        "gis_area_sqm": 609.06,
        "physical_area_sqm": 609.06,
        "area_discrepancy_pct": 0.3,
        "area_bengali": "0 \u09ac\u09bf\u0998\u09be 9 \u0995\u09be\u09a0\u09be 1.2 \u099b\u099f\u09be\u0995",
        "area_english": "0 Bigha 9 Katha 1.2 Chhatak",
        "status": "VERIFIED",
        "cors_datum": "Survey of India KGP1 (Kharagpur) CORS Station",
        "target_crs": "EPSG:7755 / EPSG:4326",
        "survey_source": "OpenStreetMap Real Footprints + Banglarbhumi RoR",
        "confidence_semi_major_m": 0.042,
        "confidence_semi_minor_m": 0.028
      }
    },
    {
      "type": "Feature",
      "id": "west-medinipur-dag-414",
      "geometry": {
        "type": "Polygon",
        "coordinates": [
          [
            [
              87.324084,
              22.332172
            ],
            [
              87.324217,
              22.331532
            ],
            [
              87.324436,
              22.331571
            ],
            [
              87.324416,
              22.331667
            ],
            [
              87.324302,
              22.331646
            ],
            [
              87.324256,
              22.331867
            ],
            [
              87.324293,
              22.331874
            ],
            [
              87.324285,
              22.33191
            ],
            [
              87.324237,
              22.331901
            ],
            [
              87.324207,
              22.332044
            ],
            [
              87.324308,
              22.332061
            ],
            [
              87.324277,
              22.332206
            ],
            [
              87.324084,
              22.332172
            ]
          ]
        ]
      },
      "properties": {
        "ulpin": "191833183242",
        "osm_id": 1494374192,
        "state": "West Bengal",
        "state_code": "19",
        "district": "Paschim Medinipur (\u09aa\u09b6\u09cd\u099a\u09bf\u09ae \u09ae\u09c7\u09a6\u09bf\u09a8\u09c0\u09aa\u09c1\u09b0)",
        "district_code": "18",
        "district_lgd": 318,
        "subdivision": "Kharagpur",
        "block_municipality": "Kharagpur Municipality",
        "mouza_name": "Inda / Kharagpur",
        "mouza_name_bn": "\u0987\u09bf\u09a8\u09cd\u09a6\u09be / \u0996\u09dc\u0997\u09aa\u09c1\u09b0",
        "jl_no": 142,
        "khasra_no": "414",
        "dag_no": 414,
        "khatian_no": 614,
        "owner_name": "Midnapore College (Autonomous)",
        "owner_name_bn": "\u09ae\u09c7\u09a6\u09bf\u09a8\u09c0\u09aa\u09c1\u09b0 \u0995\u09b2\u09c7\u099c",
        "ownership_type": "Higher Educational Institution",
        "land_classification": "\u09ac\u09be\u09b8\u09cd\u09a4\u09c1 (Bastu)",
        "legal_area_sqm": 1075.86,
        "gis_area_sqm": 1067.32,
        "physical_area_sqm": 1067.32,
        "area_discrepancy_pct": 0.79,
        "area_bengali": "0 \u09ac\u09bf\u0998\u09be 16 \u0995\u09be\u09a0\u09be 1.3 \u099b\u099f\u09be\u0995",
        "area_english": "0 Bigha 16 Katha 1.3 Chhatak",
        "status": "VERIFIED",
        "cors_datum": "Survey of India KGP1 (Kharagpur) CORS Station",
        "target_crs": "EPSG:7755 / EPSG:4326",
        "survey_source": "OpenStreetMap Real Footprints + Banglarbhumi RoR",
        "confidence_semi_major_m": 0.042,
        "confidence_semi_minor_m": 0.028
      }
    },
    {
      "type": "Feature",
      "id": "west-medinipur-dag-415",
      "geometry": {
        "type": "Polygon",
        "coordinates": [
          [
            [
              87.32351,
              22.332271
            ],
            [
              87.324014,
              22.332377
            ],
            [
              87.324278,
              22.331347
            ],
            [
              87.324597,
              22.330971
            ],
            [
              87.324904,
              22.330006
            ],
            [
              87.324016,
              22.329844
            ],
            [
              87.32351,
              22.332271
            ]
          ]
        ]
      },
      "properties": {
        "ulpin": "191833123241",
        "osm_id": 1494374193,
        "state": "West Bengal",
        "state_code": "19",
        "district": "Paschim Medinipur (\u09aa\u09b6\u09cd\u099a\u09bf\u09ae \u09ae\u09c7\u09a6\u09bf\u09a8\u09c0\u09aa\u09c1\u09b0)",
        "district_code": "18",
        "district_lgd": 318,
        "subdivision": "Kharagpur",
        "block_municipality": "Kharagpur I",
        "mouza_name": "Nimpura Industrial",
        "mouza_name_bn": "\u09a8\u09bf\u09ae\u09aa\u09c1\u09b0\u09be \u09b6\u09bf\u09b2\u09cd\u09aa\u09be\u099e\u09cd\u099a\u09b2",
        "jl_no": 156,
        "khasra_no": "415",
        "dag_no": 415,
        "khatian_no": 615,
        "owner_name": "St. Agnes School",
        "owner_name_bn": "\u09ac\u09bf\u09a6\u09cd\u09af\u09be\u09b8\u09be\u0997\u09b0 \u09ac\u09bf\u09b6\u09cd\u09ac\u09ac\u09bf\u09a6\u09cd\u09af\u09be\u09b2\u09af\u09bc",
        "ownership_type": "University Institutional",
        "land_classification": "\u09b8\u09b0\u0995\u09be\u09b0\u09bf \u0996\u09be\u09b8 (Sarkari Khas)",
        "legal_area_sqm": 19288.15,
        "gis_area_sqm": 19502.68,
        "physical_area_sqm": 19502.68,
        "area_discrepancy_pct": 1.11,
        "area_bengali": "14 \u09ac\u09bf\u0998\u09be 8 \u0995\u09be\u09a0\u09be 5.7 \u099b\u099f\u09be\u0995",
        "area_english": "14 Bigha 8 Katha 5.7 Chhatak",
        "status": "VERIFIED",
        "cors_datum": "Survey of India KGP1 (Kharagpur) CORS Station",
        "target_crs": "EPSG:7755 / EPSG:4326",
        "survey_source": "OpenStreetMap Real Footprints + Banglarbhumi RoR",
        "confidence_semi_major_m": 0.042,
        "confidence_semi_minor_m": 0.028
      }
    },
    {
      "type": "Feature",
      "id": "west-medinipur-dag-416",
      "geometry": {
        "type": "Polygon",
        "coordinates": [
          [
            [
              87.324214,
              22.331075
            ],
            [
              87.324306,
              22.330676
            ],
            [
              87.324273,
              22.330666
            ],
            [
              87.324286,
              22.330611
            ],
            [
              87.324328,
              22.330618
            ],
            [
              87.324336,
              22.330569
            ],
            [
              87.324393,
              22.330578
            ],
            [
              87.324407,
              22.330553
            ],
            [
              87.32402,
              22.330473
            ],
            [
              87.324031,
              22.330408
            ],
            [
              87.324082,
              22.330415
            ],
            [
              87.324091,
              22.330387
            ],
            [
              87.324146,
              22.330395
            ],
            [
              87.324154,
              22.33037
            ],
            [
              87.324085,
              22.33036
            ],
            [
              87.324153,
              22.33008
            ],
            [
              87.324223,
              22.3301
            ],
            [
              87.32423,
              22.330072
            ],
            [
              87.324116,
              22.330045
            ],
            [
              87.324137,
              22.329976
            ],
            [
              87.324202,
              22.329989
            ],
            [
              87.32421,
              22.329967
            ],
            [
              87.324667,
              22.330062
            ],
            [
              87.324653,
              22.330145
            ],
            [
              87.324257,
              22.330075
            ],
            [
              87.32425,
              22.330106
            ],
            [
              87.324304,
              22.330113
            ],
            [
              87.32425,
              22.330382
            ],
            [
              87.324196,
              22.330382
            ],
            [
              87.324182,
              22.330407
            ],
            [
              87.324508,
              22.330468
            ],
            [
              87.324518,
              22.330406
            ],
            [
              87.324587,
              22.33042
            ],
            [
              87.324584,
              22.330434
            ],
            [
              87.324575,
              22.330483
            ],
            [
              87.324628,
              22.330498
            ],
            [
              87.324613,
              22.330588
            ],
            [
              87.32445,
              22.330557
            ],
            [
              87.324442,
              22.330589
            ],
            [
              87.324485,
              22.330602
            ],
            [
              87.324476,
              22.330651
            ],
            [
              87.324576,
              22.330668
            ],
            [
              87.324559,
              22.330734
            ],
            [
              87.324469,
              22.330721
            ],
            [
              87.324354,
              22.331102
            ],
            [
              87.324214,
              22.331075
            ]
          ]
        ]
      },
      "properties": {
        "ulpin": "191833043243",
        "osm_id": 1494374194,
        "state": "West Bengal",
        "state_code": "19",
        "district": "Paschim Medinipur (\u09aa\u09b6\u09cd\u099a\u09bf\u09ae \u09ae\u09c7\u09a6\u09bf\u09a8\u09c0\u09aa\u09c1\u09b0)",
        "district_code": "18",
        "district_lgd": 318,
        "subdivision": "Kharagpur",
        "block_municipality": "Kharagpur I",
        "mouza_name": "Hijli Institutional",
        "mouza_name_bn": "\u09b9\u09bf\u099c\u09b2\u09bf / \u0986\u0987\u0986\u0987\u099f\u09bf",
        "jl_no": 165,
        "khasra_no": "416",
        "dag_no": 416,
        "khatian_no": 616,
        "owner_name": "Debasis Mahapatra & Brothers",
        "owner_name_bn": "\u09ac\u09cd\u09af\u0995\u09cd\u09a4\u09bf\u0997\u09a4 \u09b0\u09be\u09af\u09bc\u09a4",
        "ownership_type": "Private Freehold Ryot",
        "land_classification": "\u09ac\u09be\u09b8\u09cd\u09a4\u09c1 (Bastu)",
        "legal_area_sqm": 2833.3,
        "gis_area_sqm": 2833.3,
        "physical_area_sqm": 2833.3,
        "area_discrepancy_pct": 0.0,
        "area_bengali": "2 \u09ac\u09bf\u0998\u09be 2 \u0995\u09be\u09a0\u09be 5.7 \u099b\u099f\u09be\u0995",
        "area_english": "2 Bigha 2 Katha 5.7 Chhatak",
        "status": "VERIFIED",
        "cors_datum": "Survey of India KGP1 (Kharagpur) CORS Station",
        "target_crs": "EPSG:7755 / EPSG:4326",
        "survey_source": "OpenStreetMap Real Footprints + Banglarbhumi RoR",
        "confidence_semi_major_m": 0.042,
        "confidence_semi_minor_m": 0.028
      }
    },
    {
      "type": "Feature",
      "id": "west-medinipur-dag-417",
      "geometry": {
        "type": "Polygon",
        "coordinates": [
          [
            [
              87.324064,
              22.332263
            ],
            [
              87.325464,
              22.332553
            ],
            [
              87.325701,
              22.331611
            ],
            [
              87.324278,
              22.331347
            ],
            [
              87.324064,
              22.332263
            ]
          ]
        ]
      },
      "properties": {
        "ulpin": "191833203247",
        "osm_id": 1494374195,
        "state": "West Bengal",
        "state_code": "19",
        "district": "Paschim Medinipur (\u09aa\u09b6\u09cd\u099a\u09bf\u09ae \u09ae\u09c7\u09a6\u09bf\u09a8\u09c0\u09aa\u09c1\u09b0)",
        "district_code": "18",
        "district_lgd": 318,
        "subdivision": "Midnapore Sadar",
        "block_municipality": "Midnapore Municipality",
        "mouza_name": "Medinipur Town",
        "mouza_name_bn": "\u09ae\u09c7\u09a6\u09bf\u09a8\u09c0\u09aa\u09c1\u09b0 \u09b6\u09b9\u09b0",
        "jl_no": 110,
        "khasra_no": "417",
        "dag_no": 417,
        "khatian_no": 617,
        "owner_name": "Sacred Heart High School",
        "owner_name_bn": "\u0995\u09c3\u09b7\u09bf \u09b0\u09be\u09af\u09bc\u09a4",
        "ownership_type": "Agricultural Paddy Farmer",
        "land_classification": "\u09b8\u09b0\u0995\u09be\u09b0\u09bf \u0996\u09be\u09b8 (Sarkari Khas)",
        "legal_area_sqm": 15802.52,
        "gis_area_sqm": 15630.58,
        "physical_area_sqm": 15630.58,
        "area_discrepancy_pct": 1.09,
        "area_bengali": "11 \u09ac\u09bf\u0998\u09be 16 \u0995\u09be\u09a0\u09be 3.9 \u099b\u099f\u09be\u0995",
        "area_english": "11 Bigha 16 Katha 3.9 Chhatak",
        "status": "VERIFIED",
        "cors_datum": "Survey of India KGP1 (Kharagpur) CORS Station",
        "target_crs": "EPSG:7755 / EPSG:4326",
        "survey_source": "OpenStreetMap Real Footprints + Banglarbhumi RoR",
        "confidence_semi_major_m": 0.042,
        "confidence_semi_minor_m": 0.028
      }
    },
    {
      "type": "Feature",
      "id": "west-medinipur-dag-418",
      "geometry": {
        "type": "Polygon",
        "coordinates": [
          [
            [
              87.315121,
              22.332419
            ],
            [
              87.315278,
              22.332437
            ],
            [
              87.315286,
              22.332379
            ],
            [
              87.315237,
              22.332373
            ],
            [
              87.315242,
              22.332333
            ],
            [
              87.315193,
              22.332327
            ],
            [
              87.315188,
              22.332364
            ],
            [
              87.315129,
              22.332357
            ],
            [
              87.315121,
              22.332419
            ]
          ]
        ]
      },
      "properties": {
        "ulpin": "191833233151",
        "osm_id": 1494374196,
        "state": "West Bengal",
        "state_code": "19",
        "district": "Paschim Medinipur (\u09aa\u09b6\u09cd\u099a\u09bf\u09ae \u09ae\u09c7\u09a6\u09bf\u09a8\u09c0\u09aa\u09c1\u09b0)",
        "district_code": "18",
        "district_lgd": 318,
        "subdivision": "Kharagpur",
        "block_municipality": "Kharagpur Municipality",
        "mouza_name": "Inda / Kharagpur",
        "mouza_name_bn": "\u0987\u09bf\u09a8\u09cd\u09a6\u09be / \u0996\u09dc\u0997\u09aa\u09c1\u09b0",
        "jl_no": 142,
        "khasra_no": "418",
        "dag_no": 418,
        "khatian_no": 618,
        "owner_name": "Rly Qtr 518-E",
        "owner_name_bn": "\u09ac\u09be\u09a3\u09bf\u099c\u09cd\u09af\u09bf\u0995 \u09a6\u09cb\u0995\u09be\u09a8",
        "ownership_type": "Commercial Hardware Enterprise",
        "land_classification": "\u09a1\u09be\u0999\u09cd\u0997\u09be (Danga)",
        "legal_area_sqm": 130.14,
        "gis_area_sqm": 131.19,
        "physical_area_sqm": 131.19,
        "area_discrepancy_pct": 0.81,
        "area_bengali": "0 \u09ac\u09bf\u0998\u09be 1 \u0995\u09be\u09a0\u09be 15.1 \u099b\u099f\u09be\u0995",
        "area_english": "0 Bigha 1 Katha 15.1 Chhatak",
        "status": "VERIFIED",
        "cors_datum": "Survey of India KGP1 (Kharagpur) CORS Station",
        "target_crs": "EPSG:7755 / EPSG:4326",
        "survey_source": "OpenStreetMap Real Footprints + Banglarbhumi RoR",
        "confidence_semi_major_m": 0.042,
        "confidence_semi_minor_m": 0.028
      }
    },
    {
      "type": "Feature",
      "id": "west-medinipur-dag-419",
      "geometry": {
        "type": "Polygon",
        "coordinates": [
          [
            [
              87.315282,
              22.332636
            ],
            [
              87.315439,
              22.332654
            ],
            [
              87.315447,
              22.332596
            ],
            [
              87.315398,
              22.33259
            ],
            [
              87.315403,
              22.332549
            ],
            [
              87.315354,
              22.332544
            ],
            [
              87.315349,
              22.33258
            ],
            [
              87.315291,
              22.332574
            ],
            [
              87.315282,
              22.332636
            ]
          ]
        ]
      },
      "properties": {
        "ulpin": "191833253153",
        "osm_id": 1494374197,
        "state": "West Bengal",
        "state_code": "19",
        "district": "Paschim Medinipur (\u09aa\u09b6\u09cd\u099a\u09bf\u09ae \u09ae\u09c7\u09a6\u09bf\u09a8\u09c0\u09aa\u09c1\u09b0)",
        "district_code": "18",
        "district_lgd": 318,
        "subdivision": "Kharagpur",
        "block_municipality": "Kharagpur I",
        "mouza_name": "Nimpura Industrial",
        "mouza_name_bn": "\u09a8\u09bf\u09ae\u09aa\u09c1\u09b0\u09be \u09b6\u09bf\u09b2\u09cd\u09aa\u09be\u099e\u09cd\u099a\u09b2",
        "jl_no": 156,
        "khasra_no": "419",
        "dag_no": 419,
        "khatian_no": 619,
        "owner_name": "Rly Qtr 518-F",
        "owner_name_bn": "\u09aa\u09c8\u09a4\u09c3\u0995 \u09ac\u09be\u09b8\u09cd\u09a4\u09c1",
        "ownership_type": "Hereditary Homestead Ryot",
        "land_classification": "\u09ac\u09be\u09b8\u09cd\u09a4\u09c1 (Bastu)",
        "legal_area_sqm": 131.87,
        "gis_area_sqm": 131.48,
        "physical_area_sqm": 131.48,
        "area_discrepancy_pct": 0.3,
        "area_bengali": "0 \u09ac\u09bf\u0998\u09be 1 \u0995\u09be\u09a0\u09be 15.5 \u099b\u099f\u09be\u0995",
        "area_english": "0 Bigha 1 Katha 15.5 Chhatak",
        "status": "VERIFIED",
        "cors_datum": "Survey of India KGP1 (Kharagpur) CORS Station",
        "target_crs": "EPSG:7755 / EPSG:4326",
        "survey_source": "OpenStreetMap Real Footprints + Banglarbhumi RoR",
        "confidence_semi_major_m": 0.042,
        "confidence_semi_minor_m": 0.028
      }
    },
    {
      "type": "Feature",
      "id": "west-medinipur-dag-420",
      "geometry": {
        "type": "Polygon",
        "coordinates": [
          [
            [
              87.315555,
              22.332677
            ],
            [
              87.315712,
              22.332695
            ],
            [
              87.31572,
              22.332637
            ],
            [
              87.315671,
              22.332632
            ],
            [
              87.315676,
              22.332591
            ],
            [
              87.315627,
              22.332586
            ],
            [
              87.315622,
              22.332622
            ],
            [
              87.315563,
              22.332615
            ],
            [
              87.315555,
              22.332677
            ]
          ]
        ]
      },
      "properties": {
        "ulpin": "191833263156",
        "osm_id": 1494374198,
        "state": "West Bengal",
        "state_code": "19",
        "district": "Paschim Medinipur (\u09aa\u09b6\u09cd\u099a\u09bf\u09ae \u09ae\u09c7\u09a6\u09bf\u09a8\u09c0\u09aa\u09c1\u09b0)",
        "district_code": "18",
        "district_lgd": 318,
        "subdivision": "Kharagpur",
        "block_municipality": "Kharagpur I",
        "mouza_name": "Hijli Institutional",
        "mouza_name_bn": "\u09b9\u09bf\u099c\u09b2\u09bf / \u0986\u0987\u0986\u0987\u099f\u09bf",
        "jl_no": 165,
        "khasra_no": "420",
        "dag_no": 420,
        "khatian_no": 620,
        "owner_name": "Rly Qtr 518-E",
        "owner_name_bn": "\u09ac\u09cd\u09af\u0995\u09cd\u09a4\u09bf\u0997\u09a4 \u09ac\u09be\u09b8\u09cd\u09a4\u09c1",
        "ownership_type": "Private Homestead",
        "land_classification": "\u09ac\u09be\u09b8\u09cd\u09a4\u09c1 (Bastu)",
        "legal_area_sqm": 132.47,
        "gis_area_sqm": 130.64,
        "physical_area_sqm": 130.64,
        "area_discrepancy_pct": 1.38,
        "area_bengali": "0 \u09ac\u09bf\u0998\u09be 1 \u0995\u09be\u09a0\u09be 15.7 \u099b\u099f\u09be\u0995",
        "area_english": "0 Bigha 1 Katha 15.7 Chhatak",
        "status": "VERIFIED",
        "cors_datum": "Survey of India KGP1 (Kharagpur) CORS Station",
        "target_crs": "EPSG:7755 / EPSG:4326",
        "survey_source": "OpenStreetMap Real Footprints + Banglarbhumi RoR",
        "confidence_semi_major_m": 0.042,
        "confidence_semi_minor_m": 0.028
      }
    },
    {
      "type": "Feature",
      "id": "west-medinipur-dag-421",
      "geometry": {
        "type": "Polygon",
        "coordinates": [
          [
            [
              87.315803,
              22.332549
            ],
            [
              87.315959,
              22.332574
            ],
            [
              87.31597,
              22.332517
            ],
            [
              87.315921,
              22.332509
            ],
            [
              87.315929,
              22.332469
            ],
            [
              87.31588,
              22.332461
            ],
            [
              87.315873,
              22.332497
            ],
            [
              87.315815,
              22.332488
            ],
            [
              87.315803,
              22.332549
            ]
          ]
        ]
      },
      "properties": {
        "ulpin": "191833253158",
        "osm_id": 1494374199,
        "state": "West Bengal",
        "state_code": "19",
        "district": "Paschim Medinipur (\u09aa\u09b6\u09cd\u099a\u09bf\u09ae \u09ae\u09c7\u09a6\u09bf\u09a8\u09c0\u09aa\u09c1\u09b0)",
        "district_code": "18",
        "district_lgd": 318,
        "subdivision": "Midnapore Sadar",
        "block_municipality": "Midnapore Municipality",
        "mouza_name": "Medinipur Town",
        "mouza_name_bn": "\u09ae\u09c7\u09a6\u09bf\u09a8\u09c0\u09aa\u09c1\u09b0 \u09b6\u09b9\u09b0",
        "jl_no": 110,
        "khasra_no": "421",
        "dag_no": 421,
        "khatian_no": 621,
        "owner_name": "Rly Qtr 518-E",
        "owner_name_bn": "\u09af\u09cc\u09a5 \u0996\u09a4\u09bf\u09af\u09bc\u09be\u09a8",
        "ownership_type": "Joint Agricultural Estate",
        "land_classification": "\u09a7\u09be\u09a8\u09c0 (Dhani)",
        "legal_area_sqm": 129.57,
        "gis_area_sqm": 130.22,
        "physical_area_sqm": 130.22,
        "area_discrepancy_pct": 0.5,
        "area_bengali": "0 \u09ac\u09bf\u0998\u09be 1 \u0995\u09be\u09a0\u09be 15.0 \u099b\u099f\u09be\u0995",
        "area_english": "0 Bigha 1 Katha 15.0 Chhatak",
        "status": "VERIFIED",
        "cors_datum": "Survey of India KGP1 (Kharagpur) CORS Station",
        "target_crs": "EPSG:7755 / EPSG:4326",
        "survey_source": "OpenStreetMap Real Footprints + Banglarbhumi RoR",
        "confidence_semi_major_m": 0.042,
        "confidence_semi_minor_m": 0.028
      }
    },
    {
      "type": "Feature",
      "id": "west-medinipur-dag-422",
      "geometry": {
        "type": "Polygon",
        "coordinates": [
          [
            [
              87.348201,
              22.430958
            ],
            [
              87.348226,
              22.430912
            ],
            [
              87.348301,
              22.430947
            ],
            [
              87.348353,
              22.430851
            ],
            [
              87.348124,
              22.430744
            ],
            [
              87.348155,
              22.430688
            ],
            [
              87.348085,
              22.430656
            ],
            [
              87.348056,
              22.430708
            ],
            [
              87.347862,
              22.430618
            ],
            [
              87.347819,
              22.430697
            ],
            [
              87.347926,
              22.430747
            ],
            [
              87.34789,
              22.430813
            ],
            [
              87.348201,
              22.430958
            ]
          ]
        ]
      },
      "properties": {
        "ulpin": "191843073480",
        "osm_id": 1531223735,
        "state": "West Bengal",
        "state_code": "19",
        "district": "Paschim Medinipur (\u09aa\u09b6\u09cd\u099a\u09bf\u09ae \u09ae\u09c7\u09a6\u09bf\u09a8\u09c0\u09aa\u09c1\u09b0)",
        "district_code": "18",
        "district_lgd": 318,
        "subdivision": "Kharagpur",
        "block_municipality": "Kharagpur Municipality",
        "mouza_name": "Inda / Kharagpur",
        "mouza_name_bn": "\u0987\u09bf\u09a8\u09cd\u09a6\u09be / \u0996\u09dc\u0997\u09aa\u09c1\u09b0",
        "jl_no": 142,
        "khasra_no": "422",
        "dag_no": 422,
        "khatian_no": 622,
        "owner_name": "Paschim Medinipur Zilla Parishad",
        "owner_name_bn": "\u099c\u09c7\u09b2\u09be \u09aa\u09b0\u09bf\u09b7\u09a6",
        "ownership_type": "Panchayati Raj Civic Asset",
        "land_classification": "\u09b8\u09b0\u0995\u09be\u09b0\u09bf \u0996\u09be\u09b8 (Sarkari Khas)",
        "legal_area_sqm": 918.64,
        "gis_area_sqm": 913.16,
        "physical_area_sqm": 913.16,
        "area_discrepancy_pct": 0.6,
        "area_bengali": "0 \u09ac\u09bf\u0998\u09be 13 \u0995\u09be\u09a0\u09be 11.7 \u099b\u099f\u09be\u0995",
        "area_english": "0 Bigha 13 Katha 11.7 Chhatak",
        "status": "VERIFIED",
        "cors_datum": "Survey of India KGP1 (Kharagpur) CORS Station",
        "target_crs": "EPSG:7755 / EPSG:4326",
        "survey_source": "OpenStreetMap Real Footprints + Banglarbhumi RoR",
        "confidence_semi_major_m": 0.042,
        "confidence_semi_minor_m": 0.028
      }
    },
    {
      "type": "Feature",
      "id": "west-medinipur-dag-423",
      "geometry": {
        "type": "Polygon",
        "coordinates": [
          [
            [
              87.349572,
              22.431439
            ],
            [
              87.349653,
              22.431286
            ],
            [
              87.349558,
              22.431243
            ],
            [
              87.349477,
              22.431396
            ],
            [
              87.349572,
              22.431439
            ]
          ]
        ]
      },
      "properties": {
        "ulpin": "191843133495",
        "osm_id": 1531223743,
        "state": "West Bengal",
        "state_code": "19",
        "district": "Paschim Medinipur (\u09aa\u09b6\u09cd\u099a\u09bf\u09ae \u09ae\u09c7\u09a6\u09bf\u09a8\u09c0\u09aa\u09c1\u09b0)",
        "district_code": "18",
        "district_lgd": 318,
        "subdivision": "Kharagpur",
        "block_municipality": "Kharagpur I",
        "mouza_name": "Nimpura Industrial",
        "mouza_name_bn": "\u09a8\u09bf\u09ae\u09aa\u09c1\u09b0\u09be \u09b6\u09bf\u09b2\u09cd\u09aa\u09be\u099e\u09cd\u099a\u09b2",
        "jl_no": 156,
        "khasra_no": "423",
        "dag_no": 423,
        "khatian_no": 623,
        "owner_name": "Indian Institute of Technology (IIT) Kharagpur",
        "owner_name_bn": "\u0986\u0987\u0986\u0987\u099f\u09bf \u0996\u09dc\u0997\u09aa\u09c1\u09b0",
        "ownership_type": "Central Autonomous Institutional",
        "land_classification": "\u09b8\u09b0\u0995\u09be\u09b0\u09bf \u0996\u09be\u09b8 (Sarkari Khas)",
        "legal_area_sqm": 202.34,
        "gis_area_sqm": 205.01,
        "physical_area_sqm": 205.01,
        "area_discrepancy_pct": 1.32,
        "area_bengali": "0 \u09ac\u09bf\u0998\u09be 3 \u0995\u09be\u09a0\u09be 0.4 \u099b\u099f\u09be\u0995",
        "area_english": "0 Bigha 3 Katha 0.4 Chhatak",
        "status": "VERIFIED",
        "cors_datum": "Survey of India KGP1 (Kharagpur) CORS Station",
        "target_crs": "EPSG:7755 / EPSG:4326",
        "survey_source": "OpenStreetMap Real Footprints + Banglarbhumi RoR",
        "confidence_semi_major_m": 0.042,
        "confidence_semi_minor_m": 0.028
      }
    },
    {
      "type": "Feature",
      "id": "west-medinipur-dag-424",
      "geometry": {
        "type": "Polygon",
        "coordinates": [
          [
            [
              87.349842,
              22.43099
            ],
            [
              87.350013,
              22.431073
            ],
            [
              87.34998,
              22.431132
            ],
            [
              87.349808,
              22.43105
            ],
            [
              87.349842,
              22.43099
            ]
          ]
        ]
      },
      "properties": {
        "ulpin": "191843103498",
        "osm_id": 1531223744,
        "state": "West Bengal",
        "state_code": "19",
        "district": "Paschim Medinipur (\u09aa\u09b6\u09cd\u099a\u09bf\u09ae \u09ae\u09c7\u09a6\u09bf\u09a8\u09c0\u09aa\u09c1\u09b0)",
        "district_code": "18",
        "district_lgd": 318,
        "subdivision": "Kharagpur",
        "block_municipality": "Kharagpur I",
        "mouza_name": "Hijli Institutional",
        "mouza_name_bn": "\u09b9\u09bf\u099c\u09b2\u09bf / \u0986\u0987\u0986\u0987\u099f\u09bf",
        "jl_no": 165,
        "khasra_no": "424",
        "dag_no": 424,
        "khatian_no": 624,
        "owner_name": "South Eastern Railway Administration (KGP Division)",
        "owner_name_bn": "\u09a6\u0995\u09cd\u09b7\u09bf\u09a3 \u09aa\u09c2\u09b0\u09cd\u09ac \u09b0\u09c7\u09b2\u0993\u09af\u09bc\u09c7",
        "ownership_type": "Central Govt Infrastructure",
        "land_classification": "\u09b8\u09b0\u0995\u09be\u09b0\u09bf \u0996\u09be\u09b8 (Sarkari Khas)",
        "legal_area_sqm": 147.25,
        "gis_area_sqm": 147.55,
        "physical_area_sqm": 147.55,
        "area_discrepancy_pct": 0.2,
        "area_bengali": "0 \u09ac\u09bf\u0998\u09be 2 \u0995\u09be\u09a0\u09be 3.2 \u099b\u099f\u09be\u0995",
        "area_english": "0 Bigha 2 Katha 3.2 Chhatak",
        "status": "VERIFIED",
        "cors_datum": "Survey of India KGP1 (Kharagpur) CORS Station",
        "target_crs": "EPSG:7755 / EPSG:4326",
        "survey_source": "OpenStreetMap Real Footprints + Banglarbhumi RoR",
        "confidence_semi_major_m": 0.042,
        "confidence_semi_minor_m": 0.028
      }
    },
    {
      "type": "Feature",
      "id": "west-medinipur-dag-425",
      "geometry": {
        "type": "Polygon",
        "coordinates": [
          [
            [
              87.349977,
              22.430733
            ],
            [
              87.350148,
              22.430816
            ],
            [
              87.350114,
              22.430875
            ],
            [
              87.349943,
              22.430793
            ],
            [
              87.349977,
              22.430733
            ]
          ]
        ]
      },
      "properties": {
        "ulpin": "191843073500",
        "osm_id": 1531223745,
        "state": "West Bengal",
        "state_code": "19",
        "district": "Paschim Medinipur (\u09aa\u09b6\u09cd\u099a\u09bf\u09ae \u09ae\u09c7\u09a6\u09bf\u09a8\u09c0\u09aa\u09c1\u09b0)",
        "district_code": "18",
        "district_lgd": 318,
        "subdivision": "Midnapore Sadar",
        "block_municipality": "Midnapore Municipality",
        "mouza_name": "Medinipur Town",
        "mouza_name_bn": "\u09ae\u09c7\u09a6\u09bf\u09a8\u09c0\u09aa\u09c1\u09b0 \u09b6\u09b9\u09b0",
        "jl_no": 110,
        "khasra_no": "425",
        "dag_no": 425,
        "khatian_no": 625,
        "owner_name": "West Bengal Industrial Development Corporation (WBIDC Nimpura)",
        "owner_name_bn": "\u09b0\u09be\u099c\u09cd\u09af \u09b6\u09bf\u09b2\u09cd\u09aa \u09a8\u09bf\u0997\u09ae",
        "ownership_type": "State Govt Industrial Park",
        "land_classification": "\u0995\u09b2\u0995\u09be\u09b0\u0996\u09be\u09a8\u09be (Karkhana)",
        "legal_area_sqm": 149.01,
        "gis_area_sqm": 147.68,
        "physical_area_sqm": 147.68,
        "area_discrepancy_pct": 0.89,
        "area_bengali": "0 \u09ac\u09bf\u0998\u09be 2 \u0995\u09be\u09a0\u09be 3.6 \u099b\u099f\u09be\u0995",
        "area_english": "0 Bigha 2 Katha 3.6 Chhatak",
        "status": "VERIFIED",
        "cors_datum": "Survey of India KGP1 (Kharagpur) CORS Station",
        "target_crs": "EPSG:7755 / EPSG:4326",
        "survey_source": "OpenStreetMap Real Footprints + Banglarbhumi RoR",
        "confidence_semi_major_m": 0.042,
        "confidence_semi_minor_m": 0.028
      }
    },
    {
      "type": "Feature",
      "id": "west-medinipur-dag-426",
      "geometry": {
        "type": "Polygon",
        "coordinates": [
          [
            [
              87.349178,
              22.430345
            ],
            [
              87.349349,
              22.430428
            ],
            [
              87.349315,
              22.430487
            ],
            [
              87.349144,
              22.430405
            ],
            [
              87.349178,
              22.430345
            ]
          ]
        ]
      },
      "properties": {
        "ulpin": "191843043492",
        "osm_id": 1531223746,
        "state": "West Bengal",
        "state_code": "19",
        "district": "Paschim Medinipur (\u09aa\u09b6\u09cd\u099a\u09bf\u09ae \u09ae\u09c7\u09a6\u09bf\u09a8\u09c0\u09aa\u09c1\u09b0)",
        "district_code": "18",
        "district_lgd": 318,
        "subdivision": "Kharagpur",
        "block_municipality": "Kharagpur Municipality",
        "mouza_name": "Inda / Kharagpur",
        "mouza_name_bn": "\u0987\u09bf\u09a8\u09cd\u09a6\u09be / \u0996\u09dc\u0997\u09aa\u09c1\u09b0",
        "jl_no": 142,
        "khasra_no": "426",
        "dag_no": 426,
        "khatian_no": 626,
        "owner_name": "Midnapore District Collectorate & Court Estate",
        "owner_name_bn": "\u09ae\u09c7\u09a6\u09bf\u09a8\u09c0\u09aa\u09c1\u09b0 \u099c\u09c7\u09b2\u09be \u09aa\u09cd\u09b0\u09b6\u09be\u09b8\u09a8",
        "ownership_type": "District Administrative Estate",
        "land_classification": "\u09b8\u09b0\u0995\u09be\u09b0\u09bf \u0996\u09be\u09b8 (Sarkari Khas)",
        "legal_area_sqm": 146.2,
        "gis_area_sqm": 147.68,
        "physical_area_sqm": 147.68,
        "area_discrepancy_pct": 1.01,
        "area_bengali": "0 \u09ac\u09bf\u0998\u09be 2 \u0995\u09be\u09a0\u09be 3.0 \u099b\u099f\u09be\u0995",
        "area_english": "0 Bigha 2 Katha 3.0 Chhatak",
        "status": "VERIFIED",
        "cors_datum": "Survey of India KGP1 (Kharagpur) CORS Station",
        "target_crs": "EPSG:7755 / EPSG:4326",
        "survey_source": "OpenStreetMap Real Footprints + Banglarbhumi RoR",
        "confidence_semi_major_m": 0.042,
        "confidence_semi_minor_m": 0.028
      }
    },
    {
      "type": "Feature",
      "id": "west-medinipur-dag-427",
      "geometry": {
        "type": "Polygon",
        "coordinates": [
          [
            [
              87.349151,
              22.430678
            ],
            [
              87.349322,
              22.430761
            ],
            [
              87.349289,
              22.43082
            ],
            [
              87.349117,
              22.430737
            ],
            [
              87.349151,
              22.430678
            ]
          ]
        ]
      },
      "properties": {
        "ulpin": "191843073492",
        "osm_id": 1531223747,
        "state": "West Bengal",
        "state_code": "19",
        "district": "Paschim Medinipur (\u09aa\u09b6\u09cd\u099a\u09bf\u09ae \u09ae\u09c7\u09a6\u09bf\u09a8\u09c0\u09aa\u09c1\u09b0)",
        "district_code": "18",
        "district_lgd": 318,
        "subdivision": "Kharagpur",
        "block_municipality": "Kharagpur I",
        "mouza_name": "Nimpura Industrial",
        "mouza_name_bn": "\u09a8\u09bf\u09ae\u09aa\u09c1\u09b0\u09be \u09b6\u09bf\u09b2\u09cd\u09aa\u09be\u099e\u09cd\u099a\u09b2",
        "jl_no": 156,
        "khasra_no": "427",
        "dag_no": 427,
        "khatian_no": 627,
        "owner_name": "Tata Metaliks Limited (Kharagpur Plant)",
        "owner_name_bn": "\u099f\u09be\u099f\u09be \u09ae\u09c7\u099f\u09be\u09b2\u09bf\u0995\u09cd\u09b8 \u09b2\u09bf\u09ae\u09bf\u099f\u09c7\u09a1",
        "ownership_type": "Corporate Heavy Industrial",
        "land_classification": "\u0995\u09b2\u0995\u09be\u09b0\u0996\u09be\u09a8\u09be (Karkhana)",
        "legal_area_sqm": 146.92,
        "gis_area_sqm": 146.77,
        "physical_area_sqm": 146.77,
        "area_discrepancy_pct": 0.1,
        "area_bengali": "0 \u09ac\u09bf\u0998\u09be 2 \u0995\u09be\u09a0\u09be 3.1 \u099b\u099f\u09be\u0995",
        "area_english": "0 Bigha 2 Katha 3.1 Chhatak",
        "status": "VERIFIED",
        "cors_datum": "Survey of India KGP1 (Kharagpur) CORS Station",
        "target_crs": "EPSG:7755 / EPSG:4326",
        "survey_source": "OpenStreetMap Real Footprints + Banglarbhumi RoR",
        "confidence_semi_major_m": 0.042,
        "confidence_semi_minor_m": 0.028
      }
    },
    {
      "type": "Feature",
      "id": "west-medinipur-dag-428",
      "geometry": {
        "type": "Polygon",
        "coordinates": [
          [
            [
              87.333282,
              22.414984
            ],
            [
              87.33332,
              22.41498
            ],
            [
              87.333368,
              22.414983
            ],
            [
              87.333397,
              22.414987
            ],
            [
              87.333416,
              22.415064
            ],
            [
              87.333328,
              22.415084
            ],
            [
              87.33329,
              22.415027
            ],
            [
              87.333282,
              22.414984
            ]
          ]
        ]
      },
      "properties": {
        "ulpin": "191841503333",
        "osm_id": 1534161761,
        "state": "West Bengal",
        "state_code": "19",
        "district": "Paschim Medinipur (\u09aa\u09b6\u09cd\u099a\u09bf\u09ae \u09ae\u09c7\u09a6\u09bf\u09a8\u09c0\u09aa\u09c1\u09b0)",
        "district_code": "18",
        "district_lgd": 318,
        "subdivision": "Kharagpur",
        "block_municipality": "Kharagpur I",
        "mouza_name": "Hijli Institutional",
        "mouza_name_bn": "\u09b9\u09bf\u099c\u09b2\u09bf / \u0986\u0987\u0986\u0987\u099f\u09bf",
        "jl_no": 165,
        "khasra_no": "428",
        "dag_no": 428,
        "khatian_no": 628,
        "owner_name": "Midnapore College (Autonomous)",
        "owner_name_bn": "\u09ae\u09c7\u09a6\u09bf\u09a8\u09c0\u09aa\u09c1\u09b0 \u0995\u09b2\u09c7\u099c",
        "ownership_type": "Higher Educational Institution",
        "land_classification": "\u09ac\u09be\u09b8\u09cd\u09a4\u09c1 (Bastu)",
        "legal_area_sqm": 117.3,
        "gis_area_sqm": 115.91,
        "physical_area_sqm": 115.91,
        "area_discrepancy_pct": 1.18,
        "area_bengali": "0 \u09ac\u09bf\u0998\u09be 1 \u0995\u09be\u09a0\u09be 12.1 \u099b\u099f\u09be\u0995",
        "area_english": "0 Bigha 1 Katha 12.1 Chhatak",
        "status": "VERIFIED",
        "cors_datum": "Survey of India KGP1 (Kharagpur) CORS Station",
        "target_crs": "EPSG:7755 / EPSG:4326",
        "survey_source": "OpenStreetMap Real Footprints + Banglarbhumi RoR",
        "confidence_semi_major_m": 0.042,
        "confidence_semi_minor_m": 0.028
      }
    },
    {
      "type": "Feature",
      "id": "west-medinipur-dag-429",
      "geometry": {
        "type": "Polygon",
        "coordinates": [
          [
            [
              87.33202,
              22.415619
            ],
            [
              87.331987,
              22.415541
            ],
            [
              87.331983,
              22.415505
            ],
            [
              87.332012,
              22.415491
            ],
            [
              87.332031,
              22.415519
            ],
            [
              87.332071,
              22.415515
            ],
            [
              87.332091,
              22.415596
            ],
            [
              87.33202,
              22.415619
            ]
          ]
        ]
      },
      "properties": {
        "ulpin": "191841553320",
        "osm_id": 1534161762,
        "state": "West Bengal",
        "state_code": "19",
        "district": "Paschim Medinipur (\u09aa\u09b6\u09cd\u099a\u09bf\u09ae \u09ae\u09c7\u09a6\u09bf\u09a8\u09c0\u09aa\u09c1\u09b0)",
        "district_code": "18",
        "district_lgd": 318,
        "subdivision": "Midnapore Sadar",
        "block_municipality": "Midnapore Municipality",
        "mouza_name": "Medinipur Town",
        "mouza_name_bn": "\u09ae\u09c7\u09a6\u09bf\u09a8\u09c0\u09aa\u09c1\u09b0 \u09b6\u09b9\u09b0",
        "jl_no": 110,
        "khasra_no": "429",
        "dag_no": 429,
        "khatian_no": 629,
        "owner_name": "Vidyasagar University Campus Trust",
        "owner_name_bn": "\u09ac\u09bf\u09a6\u09cd\u09af\u09be\u09b8\u09be\u0997\u09b0 \u09ac\u09bf\u09b6\u09cd\u09ac\u09ac\u09bf\u09a6\u09cd\u09af\u09be\u09b2\u09af\u09bc",
        "ownership_type": "University Institutional",
        "land_classification": "\u09b8\u09b0\u0995\u09be\u09b0\u09bf \u0996\u09be\u09b8 (Sarkari Khas)",
        "legal_area_sqm": 96.46,
        "gis_area_sqm": 97.14,
        "physical_area_sqm": 97.14,
        "area_discrepancy_pct": 0.7,
        "area_bengali": "0 \u09ac\u09bf\u0998\u09be 1 \u0995\u09be\u09a0\u09be 7.1 \u099b\u099f\u09be\u0995",
        "area_english": "0 Bigha 1 Katha 7.1 Chhatak",
        "status": "VERIFIED",
        "cors_datum": "Survey of India KGP1 (Kharagpur) CORS Station",
        "target_crs": "EPSG:7755 / EPSG:4326",
        "survey_source": "OpenStreetMap Real Footprints + Banglarbhumi RoR",
        "confidence_semi_major_m": 0.042,
        "confidence_semi_minor_m": 0.028
      }
    },
    {
      "type": "Feature",
      "id": "west-medinipur-dag-430",
      "geometry": {
        "type": "Polygon",
        "coordinates": [
          [
            [
              87.332255,
              22.415443
            ],
            [
              87.332238,
              22.415395
            ],
            [
              87.332246,
              22.415353
            ],
            [
              87.332306,
              22.415347
            ],
            [
              87.332345,
              22.415363
            ],
            [
              87.332346,
              22.415424
            ],
            [
              87.332255,
              22.415443
            ]
          ]
        ]
      },
      "properties": {
        "ulpin": "191841533322",
        "osm_id": 1534161763,
        "state": "West Bengal",
        "state_code": "19",
        "district": "Paschim Medinipur (\u09aa\u09b6\u09cd\u099a\u09bf\u09ae \u09ae\u09c7\u09a6\u09bf\u09a8\u09c0\u09aa\u09c1\u09b0)",
        "district_code": "18",
        "district_lgd": 318,
        "subdivision": "Kharagpur",
        "block_municipality": "Kharagpur Municipality",
        "mouza_name": "Inda / Kharagpur",
        "mouza_name_bn": "\u0987\u09bf\u09a8\u09cd\u09a6\u09be / \u0996\u09dc\u0997\u09aa\u09c1\u09b0",
        "jl_no": 142,
        "khasra_no": "430",
        "dag_no": 430,
        "khatian_no": 630,
        "owner_name": "Debasis Mahapatra & Brothers",
        "owner_name_bn": "\u09ac\u09cd\u09af\u0995\u09cd\u09a4\u09bf\u0997\u09a4 \u09b0\u09be\u09af\u09bc\u09a4",
        "ownership_type": "Private Freehold Ryot",
        "land_classification": "\u09ac\u09be\u09b8\u09cd\u09a4\u09c1 (Bastu)",
        "legal_area_sqm": 95.28,
        "gis_area_sqm": 94.9,
        "physical_area_sqm": 94.9,
        "area_discrepancy_pct": 0.4,
        "area_bengali": "0 \u09ac\u09bf\u0998\u09be 1 \u0995\u09be\u09a0\u09be 6.8 \u099b\u099f\u09be\u0995",
        "area_english": "0 Bigha 1 Katha 6.8 Chhatak",
        "status": "VERIFIED",
        "cors_datum": "Survey of India KGP1 (Kharagpur) CORS Station",
        "target_crs": "EPSG:7755 / EPSG:4326",
        "survey_source": "OpenStreetMap Real Footprints + Banglarbhumi RoR",
        "confidence_semi_major_m": 0.042,
        "confidence_semi_minor_m": 0.028
      }
    },
    {
      "type": "Feature",
      "id": "west-medinipur-dag-431",
      "geometry": {
        "type": "Polygon",
        "coordinates": [
          [
            [
              87.331549,
              22.415699
            ],
            [
              87.33154,
              22.415632
            ],
            [
              87.331636,
              22.415616
            ],
            [
              87.331649,
              22.415694
            ],
            [
              87.331549,
              22.415699
            ]
          ]
        ]
      },
      "properties": {
        "ulpin": "191841563315",
        "osm_id": 1534161764,
        "state": "West Bengal",
        "state_code": "19",
        "district": "Paschim Medinipur (\u09aa\u09b6\u09cd\u099a\u09bf\u09ae \u09ae\u09c7\u09a6\u09bf\u09a8\u09c0\u09aa\u09c1\u09b0)",
        "district_code": "18",
        "district_lgd": 318,
        "subdivision": "Kharagpur",
        "block_municipality": "Kharagpur I",
        "mouza_name": "Nimpura Industrial",
        "mouza_name_bn": "\u09a8\u09bf\u09ae\u09aa\u09c1\u09b0\u09be \u09b6\u09bf\u09b2\u09cd\u09aa\u09be\u099e\u09cd\u099a\u09b2",
        "jl_no": 156,
        "khasra_no": "431",
        "dag_no": 431,
        "khatian_no": 631,
        "owner_name": "Satyaranjan Sasmal & Sons",
        "owner_name_bn": "\u0995\u09c3\u09b7\u09bf \u09b0\u09be\u09af\u09bc\u09a4",
        "ownership_type": "Agricultural Paddy Farmer",
        "land_classification": "\u09a7\u09be\u09a8\u09c0 (Dhani)",
        "legal_area_sqm": 80.92,
        "gis_area_sqm": 82.15,
        "physical_area_sqm": 82.15,
        "area_discrepancy_pct": 1.52,
        "area_bengali": "0 \u09ac\u09bf\u0998\u09be 1 \u0995\u09be\u09a0\u09be 3.4 \u099b\u099f\u09be\u0995",
        "area_english": "0 Bigha 1 Katha 3.4 Chhatak",
        "status": "ADJUDICATED",
        "cors_datum": "Survey of India KGP1 (Kharagpur) CORS Station",
        "target_crs": "EPSG:7755 / EPSG:4326",
        "survey_source": "OpenStreetMap Real Footprints + Banglarbhumi RoR",
        "confidence_semi_major_m": 0.042,
        "confidence_semi_minor_m": 0.028
      }
    },
    {
      "type": "Feature",
      "id": "west-medinipur-dag-432",
      "geometry": {
        "type": "Polygon",
        "coordinates": [
          [
            [
              87.331536,
              22.415716
            ],
            [
              87.331418,
              22.415729
            ],
            [
              87.331423,
              22.415635
            ],
            [
              87.331532,
              22.415622
            ],
            [
              87.331536,
              22.415716
            ]
          ]
        ]
      },
      "properties": {
        "ulpin": "191841563314",
        "osm_id": 1534161765,
        "state": "West Bengal",
        "state_code": "19",
        "district": "Paschim Medinipur (\u09aa\u09b6\u09cd\u099a\u09bf\u09ae \u09ae\u09c7\u09a6\u09bf\u09a8\u09c0\u09aa\u09c1\u09b0)",
        "district_code": "18",
        "district_lgd": 318,
        "subdivision": "Kharagpur",
        "block_municipality": "Kharagpur I",
        "mouza_name": "Hijli Institutional",
        "mouza_name_bn": "\u09b9\u09bf\u099c\u09b2\u09bf / \u0986\u0987\u0986\u0987\u099f\u09bf",
        "jl_no": 165,
        "khasra_no": "432",
        "dag_no": 432,
        "khatian_no": 632,
        "owner_name": "Pravat Kumar Ghosh",
        "owner_name_bn": "\u09ac\u09be\u09a3\u09bf\u099c\u09cd\u09af\u09bf\u0995 \u09a6\u09cb\u0995\u09be\u09a8",
        "ownership_type": "Commercial Hardware Enterprise",
        "land_classification": "\u09a1\u09be\u0999\u09cd\u0997\u09be (Danga)",
        "legal_area_sqm": 120.83,
        "gis_area_sqm": 121.32,
        "physical_area_sqm": 121.32,
        "area_discrepancy_pct": 0.41,
        "area_bengali": "0 \u09ac\u09bf\u0998\u09be 1 \u0995\u09be\u09a0\u09be 12.9 \u099b\u099f\u09be\u0995",
        "area_english": "0 Bigha 1 Katha 12.9 Chhatak",
        "status": "VERIFIED",
        "cors_datum": "Survey of India KGP1 (Kharagpur) CORS Station",
        "target_crs": "EPSG:7755 / EPSG:4326",
        "survey_source": "OpenStreetMap Real Footprints + Banglarbhumi RoR",
        "confidence_semi_major_m": 0.042,
        "confidence_semi_minor_m": 0.028
      }
    },
    {
      "type": "Feature",
      "id": "west-medinipur-dag-433",
      "geometry": {
        "type": "Polygon",
        "coordinates": [
          [
            [
              87.331801,
              22.415686
            ],
            [
              87.331772,
              22.415598
            ],
            [
              87.331874,
              22.415592
            ],
            [
              87.331887,
              22.415682
            ],
            [
              87.331801,
              22.415686
            ]
          ]
        ]
      },
      "properties": {
        "ulpin": "191841563318",
        "osm_id": 1534161766,
        "state": "West Bengal",
        "state_code": "19",
        "district": "Paschim Medinipur (\u09aa\u09b6\u09cd\u099a\u09bf\u09ae \u09ae\u09c7\u09a6\u09bf\u09a8\u09c0\u09aa\u09c1\u09b0)",
        "district_code": "18",
        "district_lgd": 318,
        "subdivision": "Midnapore Sadar",
        "block_municipality": "Midnapore Municipality",
        "mouza_name": "Medinipur Town",
        "mouza_name_bn": "\u09ae\u09c7\u09a6\u09bf\u09a8\u09c0\u09aa\u09c1\u09b0 \u09b6\u09b9\u09b0",
        "jl_no": 110,
        "khasra_no": "433",
        "dag_no": 433,
        "khatian_no": 633,
        "owner_name": "Bhabani Prasad Samanta",
        "owner_name_bn": "\u09aa\u09c8\u09a4\u09c3\u0995 \u09ac\u09be\u09b8\u09cd\u09a4\u09c1",
        "ownership_type": "Hereditary Homestead Ryot",
        "land_classification": "\u09ac\u09be\u09b8\u09cd\u09a4\u09c1 (Bastu)",
        "legal_area_sqm": 97.05,
        "gis_area_sqm": 96.38,
        "physical_area_sqm": 96.38,
        "area_discrepancy_pct": 0.69,
        "area_bengali": "0 \u09ac\u09bf\u0998\u09be 1 \u0995\u09be\u09a0\u09be 7.2 \u099b\u099f\u09be\u0995",
        "area_english": "0 Bigha 1 Katha 7.2 Chhatak",
        "status": "VERIFIED",
        "cors_datum": "Survey of India KGP1 (Kharagpur) CORS Station",
        "target_crs": "EPSG:7755 / EPSG:4326",
        "survey_source": "OpenStreetMap Real Footprints + Banglarbhumi RoR",
        "confidence_semi_major_m": 0.042,
        "confidence_semi_minor_m": 0.028
      }
    },
    {
      "type": "Feature",
      "id": "west-medinipur-dag-434",
      "geometry": {
        "type": "Polygon",
        "coordinates": [
          [
            [
              87.331937,
              22.415811
            ],
            [
              87.331906,
              22.415743
            ],
            [
              87.331992,
              22.41573
            ],
            [
              87.332021,
              22.415812
            ],
            [
              87.331937,
              22.415811
            ]
          ]
        ]
      },
      "properties": {
        "ulpin": "191841573319",
        "osm_id": 1534161767,
        "state": "West Bengal",
        "state_code": "19",
        "district": "Paschim Medinipur (\u09aa\u09b6\u09cd\u099a\u09bf\u09ae \u09ae\u09c7\u09a6\u09bf\u09a8\u09c0\u09aa\u09c1\u09b0)",
        "district_code": "18",
        "district_lgd": 318,
        "subdivision": "Kharagpur",
        "block_municipality": "Kharagpur Municipality",
        "mouza_name": "Inda / Kharagpur",
        "mouza_name_bn": "\u0987\u09bf\u09a8\u09cd\u09a6\u09be / \u0996\u09dc\u0997\u09aa\u09c1\u09b0",
        "jl_no": 142,
        "khasra_no": "434",
        "dag_no": 434,
        "khatian_no": 634,
        "owner_name": "Chanchal Kumar Dinda",
        "owner_name_bn": "\u09ac\u09cd\u09af\u0995\u09cd\u09a4\u09bf\u0997\u09a4 \u09ac\u09be\u09b8\u09cd\u09a4\u09c1",
        "ownership_type": "Private Homestead",
        "land_classification": "\u09ac\u09be\u09b8\u09cd\u09a4\u09c1 (Bastu)",
        "legal_area_sqm": 73.69,
        "gis_area_sqm": 74.58,
        "physical_area_sqm": 74.58,
        "area_discrepancy_pct": 1.21,
        "area_bengali": "0 \u09ac\u09bf\u0998\u09be 1 \u0995\u09be\u09a0\u09be 1.6 \u099b\u099f\u09be\u0995",
        "area_english": "0 Bigha 1 Katha 1.6 Chhatak",
        "status": "VERIFIED",
        "cors_datum": "Survey of India KGP1 (Kharagpur) CORS Station",
        "target_crs": "EPSG:7755 / EPSG:4326",
        "survey_source": "OpenStreetMap Real Footprints + Banglarbhumi RoR",
        "confidence_semi_major_m": 0.042,
        "confidence_semi_minor_m": 0.028
      }
    },
    {
      "type": "Feature",
      "id": "west-medinipur-dag-435",
      "geometry": {
        "type": "Polygon",
        "coordinates": [
          [
            [
              87.332037,
              22.415704
            ],
            [
              87.33202,
              22.415642
            ],
            [
              87.332092,
              22.415619
            ],
            [
              87.332106,
              22.415679
            ],
            [
              87.332037,
              22.415704
            ]
          ]
        ]
      },
      "properties": {
        "ulpin": "191841563320",
        "osm_id": 1534161768,
        "state": "West Bengal",
        "state_code": "19",
        "district": "Paschim Medinipur (\u09aa\u09b6\u09cd\u099a\u09bf\u09ae \u09ae\u09c7\u09a6\u09bf\u09a8\u09c0\u09aa\u09c1\u09b0)",
        "district_code": "18",
        "district_lgd": 318,
        "subdivision": "Kharagpur",
        "block_municipality": "Kharagpur I",
        "mouza_name": "Nimpura Industrial",
        "mouza_name_bn": "\u09a8\u09bf\u09ae\u09aa\u09c1\u09b0\u09be \u09b6\u09bf\u09b2\u09cd\u09aa\u09be\u099e\u09cd\u099a\u09b2",
        "jl_no": 156,
        "khasra_no": "435",
        "dag_no": 435,
        "khatian_no": 635,
        "owner_name": "Rashbehari Pradhan & Co-sharers",
        "owner_name_bn": "\u09af\u09cc\u09a5 \u0996\u09a4\u09bf\u09af\u09bc\u09be\u09a8",
        "ownership_type": "Joint Agricultural Estate",
        "land_classification": "\u09a7\u09be\u09a8\u09c0 (Dhani)",
        "legal_area_sqm": 53.11,
        "gis_area_sqm": 53.16,
        "physical_area_sqm": 53.16,
        "area_discrepancy_pct": 0.09,
        "area_bengali": "0 \u09ac\u09bf\u0998\u09be 0 \u0995\u09be\u09a0\u09be 12.7 \u099b\u099f\u09be\u0995",
        "area_english": "0 Bigha 0 Katha 12.7 Chhatak",
        "status": "VERIFIED",
        "cors_datum": "Survey of India KGP1 (Kharagpur) CORS Station",
        "target_crs": "EPSG:7755 / EPSG:4326",
        "survey_source": "OpenStreetMap Real Footprints + Banglarbhumi RoR",
        "confidence_semi_major_m": 0.042,
        "confidence_semi_minor_m": 0.028
      }
    },
    {
      "type": "Feature",
      "id": "west-medinipur-dag-436",
      "geometry": {
        "type": "Polygon",
        "coordinates": [
          [
            [
              87.330662,
              22.414283
            ],
            [
              87.330619,
              22.414151
            ],
            [
              87.330671,
              22.414139
            ],
            [
              87.330719,
              22.414267
            ],
            [
              87.330662,
              22.414283
            ]
          ]
        ]
      },
      "properties": {
        "ulpin": "191841423306",
        "osm_id": 1534161769,
        "state": "West Bengal",
        "state_code": "19",
        "district": "Paschim Medinipur (\u09aa\u09b6\u09cd\u099a\u09bf\u09ae \u09ae\u09c7\u09a6\u09bf\u09a8\u09c0\u09aa\u09c1\u09b0)",
        "district_code": "18",
        "district_lgd": 318,
        "subdivision": "Kharagpur",
        "block_municipality": "Kharagpur I",
        "mouza_name": "Hijli Institutional",
        "mouza_name_bn": "\u09b9\u09bf\u099c\u09b2\u09bf / \u0986\u0987\u0986\u0987\u099f\u09bf",
        "jl_no": 165,
        "khasra_no": "436",
        "dag_no": 436,
        "khatian_no": 636,
        "owner_name": "Paschim Medinipur Zilla Parishad",
        "owner_name_bn": "\u099c\u09c7\u09b2\u09be \u09aa\u09b0\u09bf\u09b7\u09a6",
        "ownership_type": "Panchayati Raj Civic Asset",
        "land_classification": "\u09b8\u09b0\u0995\u09be\u09b0\u09bf \u0996\u09be\u09b8 (Sarkari Khas)",
        "legal_area_sqm": 88.74,
        "gis_area_sqm": 87.86,
        "physical_area_sqm": 87.86,
        "area_discrepancy_pct": 0.99,
        "area_bengali": "0 \u09ac\u09bf\u0998\u09be 1 \u0995\u09be\u09a0\u09be 5.2 \u099b\u099f\u09be\u0995",
        "area_english": "0 Bigha 1 Katha 5.2 Chhatak",
        "status": "VERIFIED",
        "cors_datum": "Survey of India KGP1 (Kharagpur) CORS Station",
        "target_crs": "EPSG:7755 / EPSG:4326",
        "survey_source": "OpenStreetMap Real Footprints + Banglarbhumi RoR",
        "confidence_semi_major_m": 0.042,
        "confidence_semi_minor_m": 0.028
      }
    },
    {
      "type": "Feature",
      "id": "west-medinipur-dag-437",
      "geometry": {
        "type": "Polygon",
        "coordinates": [
          [
            [
              87.333473,
              22.41062
            ],
            [
              87.33342,
              22.410625
            ],
            [
              87.333416,
              22.410643
            ],
            [
              87.333385,
              22.410652
            ],
            [
              87.333408,
              22.410704
            ],
            [
              87.33339,
              22.410708
            ],
            [
              87.333396,
              22.410733
            ],
            [
              87.333468,
              22.410728
            ],
            [
              87.333459,
              22.410707
            ],
            [
              87.333487,
              22.41071
            ],
            [
              87.333473,
              22.41062
            ]
          ]
        ]
      },
      "properties": {
        "ulpin": "191841063334",
        "osm_id": 1534161770,
        "state": "West Bengal",
        "state_code": "19",
        "district": "Paschim Medinipur (\u09aa\u09b6\u09cd\u099a\u09bf\u09ae \u09ae\u09c7\u09a6\u09bf\u09a8\u09c0\u09aa\u09c1\u09b0)",
        "district_code": "18",
        "district_lgd": 318,
        "subdivision": "Midnapore Sadar",
        "block_municipality": "Midnapore Municipality",
        "mouza_name": "Medinipur Town",
        "mouza_name_bn": "\u09ae\u09c7\u09a6\u09bf\u09a8\u09c0\u09aa\u09c1\u09b0 \u09b6\u09b9\u09b0",
        "jl_no": 110,
        "khasra_no": "437",
        "dag_no": 437,
        "khatian_no": 637,
        "owner_name": "Indian Institute of Technology (IIT) Kharagpur",
        "owner_name_bn": "\u0986\u0987\u0986\u0987\u099f\u09bf \u0996\u09dc\u0997\u09aa\u09c1\u09b0",
        "ownership_type": "Central Autonomous Institutional",
        "land_classification": "\u09b8\u09b0\u0995\u09be\u09b0\u09bf \u0996\u09be\u09b8 (Sarkari Khas)",
        "legal_area_sqm": 93.3,
        "gis_area_sqm": 94.15,
        "physical_area_sqm": 94.15,
        "area_discrepancy_pct": 0.91,
        "area_bengali": "0 \u09ac\u09bf\u0998\u09be 1 \u0995\u09be\u09a0\u09be 6.3 \u099b\u099f\u09be\u0995",
        "area_english": "0 Bigha 1 Katha 6.3 Chhatak",
        "status": "VERIFIED",
        "cors_datum": "Survey of India KGP1 (Kharagpur) CORS Station",
        "target_crs": "EPSG:7755 / EPSG:4326",
        "survey_source": "OpenStreetMap Real Footprints + Banglarbhumi RoR",
        "confidence_semi_major_m": 0.042,
        "confidence_semi_minor_m": 0.028
      }
    },
    {
      "type": "Feature",
      "id": "west-medinipur-dag-438",
      "geometry": {
        "type": "Polygon",
        "coordinates": [
          [
            [
              87.331796,
              22.414004
            ],
            [
              87.331795,
              22.413938
            ],
            [
              87.331896,
              22.413941
            ],
            [
              87.331895,
              22.414
            ],
            [
              87.331796,
              22.414004
            ]
          ]
        ]
      },
      "properties": {
        "ulpin": "191841393318",
        "osm_id": 1534164587,
        "state": "West Bengal",
        "state_code": "19",
        "district": "Paschim Medinipur (\u09aa\u09b6\u09cd\u099a\u09bf\u09ae \u09ae\u09c7\u09a6\u09bf\u09a8\u09c0\u09aa\u09c1\u09b0)",
        "district_code": "18",
        "district_lgd": 318,
        "subdivision": "Kharagpur",
        "block_municipality": "Kharagpur Municipality",
        "mouza_name": "Inda / Kharagpur",
        "mouza_name_bn": "\u0987\u09bf\u09a8\u09cd\u09a6\u09be / \u0996\u09dc\u0997\u09aa\u09c1\u09b0",
        "jl_no": 142,
        "khasra_no": "438",
        "dag_no": 438,
        "khatian_no": 638,
        "owner_name": "South Eastern Railway Administration (KGP Division)",
        "owner_name_bn": "\u09a6\u0995\u09cd\u09b7\u09bf\u09a3 \u09aa\u09c2\u09b0\u09cd\u09ac \u09b0\u09c7\u09b2\u0993\u09af\u09bc\u09c7",
        "ownership_type": "Central Govt Infrastructure",
        "land_classification": "\u09b8\u09b0\u0995\u09be\u09b0\u09bf \u0996\u09be\u09b8 (Sarkari Khas)",
        "legal_area_sqm": 71.25,
        "gis_area_sqm": 71.11,
        "physical_area_sqm": 71.11,
        "area_discrepancy_pct": 0.2,
        "area_bengali": "0 \u09ac\u09bf\u0998\u09be 1 \u0995\u09be\u09a0\u09be 1.0 \u099b\u099f\u09be\u0995",
        "area_english": "0 Bigha 1 Katha 1.0 Chhatak",
        "status": "VERIFIED",
        "cors_datum": "Survey of India KGP1 (Kharagpur) CORS Station",
        "target_crs": "EPSG:7755 / EPSG:4326",
        "survey_source": "OpenStreetMap Real Footprints + Banglarbhumi RoR",
        "confidence_semi_major_m": 0.042,
        "confidence_semi_minor_m": 0.028
      }
    },
    {
      "type": "Feature",
      "id": "west-medinipur-dag-439",
      "geometry": {
        "type": "Polygon",
        "coordinates": [
          [
            [
              87.331935,
              22.413988
            ],
            [
              87.331922,
              22.413894
            ],
            [
              87.331985,
              22.413887
            ],
            [
              87.331997,
              22.413981
            ],
            [
              87.331935,
              22.413988
            ]
          ]
        ]
      },
      "properties": {
        "ulpin": "191841393319",
        "osm_id": 1534164588,
        "state": "West Bengal",
        "state_code": "19",
        "district": "Paschim Medinipur (\u09aa\u09b6\u09cd\u099a\u09bf\u09ae \u09ae\u09c7\u09a6\u09bf\u09a8\u09c0\u09aa\u09c1\u09b0)",
        "district_code": "18",
        "district_lgd": 318,
        "subdivision": "Kharagpur",
        "block_municipality": "Kharagpur I",
        "mouza_name": "Nimpura Industrial",
        "mouza_name_bn": "\u09a8\u09bf\u09ae\u09aa\u09c1\u09b0\u09be \u09b6\u09bf\u09b2\u09cd\u09aa\u09be\u099e\u09cd\u099a\u09b2",
        "jl_no": 156,
        "khasra_no": "439",
        "dag_no": 439,
        "khatian_no": 639,
        "owner_name": "West Bengal Industrial Development Corporation (WBIDC Nimpura)",
        "owner_name_bn": "\u09b0\u09be\u099c\u09cd\u09af \u09b6\u09bf\u09b2\u09cd\u09aa \u09a8\u09bf\u0997\u09ae",
        "ownership_type": "State Govt Industrial Park",
        "land_classification": "\u0995\u09b2\u0995\u09be\u09b0\u0996\u09be\u09a8\u09be (Karkhana)",
        "legal_area_sqm": 68.72,
        "gis_area_sqm": 67.84,
        "physical_area_sqm": 67.84,
        "area_discrepancy_pct": 1.28,
        "area_bengali": "0 \u09ac\u09bf\u0998\u09be 1 \u0995\u09be\u09a0\u09be 0.4 \u099b\u099f\u09be\u0995",
        "area_english": "0 Bigha 1 Katha 0.4 Chhatak",
        "status": "VERIFIED",
        "cors_datum": "Survey of India KGP1 (Kharagpur) CORS Station",
        "target_crs": "EPSG:7755 / EPSG:4326",
        "survey_source": "OpenStreetMap Real Footprints + Banglarbhumi RoR",
        "confidence_semi_major_m": 0.042,
        "confidence_semi_minor_m": 0.028
      }
    },
    {
      "type": "Feature",
      "id": "west-medinipur-dag-440",
      "geometry": {
        "type": "Polygon",
        "coordinates": [
          [
            [
              87.332002,
              22.413928
            ],
            [
              87.331985,
              22.413856
            ],
            [
              87.332014,
              22.413835
            ],
            [
              87.332075,
              22.413879
            ],
            [
              87.332063,
              22.413922
            ],
            [
              87.332002,
              22.413928
            ]
          ]
        ]
      },
      "properties": {
        "ulpin": "191841383320",
        "osm_id": 1534164589,
        "state": "West Bengal",
        "state_code": "19",
        "district": "Paschim Medinipur (\u09aa\u09b6\u09cd\u099a\u09bf\u09ae \u09ae\u09c7\u09a6\u09bf\u09a8\u09c0\u09aa\u09c1\u09b0)",
        "district_code": "18",
        "district_lgd": 318,
        "subdivision": "Kharagpur",
        "block_municipality": "Kharagpur I",
        "mouza_name": "Hijli Institutional",
        "mouza_name_bn": "\u09b9\u09bf\u099c\u09b2\u09bf / \u0986\u0987\u0986\u0987\u099f\u09bf",
        "jl_no": 165,
        "khasra_no": "440",
        "dag_no": 440,
        "khatian_no": 640,
        "owner_name": "Midnapore District Collectorate & Court Estate",
        "owner_name_bn": "\u09ae\u09c7\u09a6\u09bf\u09a8\u09c0\u09aa\u09c1\u09b0 \u099c\u09c7\u09b2\u09be \u09aa\u09cd\u09b0\u09b6\u09be\u09b8\u09a8",
        "ownership_type": "District Administrative Estate",
        "land_classification": "\u09b8\u09b0\u0995\u09be\u09b0\u09bf \u0996\u09be\u09b8 (Sarkari Khas)",
        "legal_area_sqm": 63.32,
        "gis_area_sqm": 63.7,
        "physical_area_sqm": 63.7,
        "area_discrepancy_pct": 0.6,
        "area_bengali": "0 \u09ac\u09bf\u0998\u09be 0 \u0995\u09be\u09a0\u09be 15.1 \u099b\u099f\u09be\u0995",
        "area_english": "0 Bigha 0 Katha 15.1 Chhatak",
        "status": "VERIFIED",
        "cors_datum": "Survey of India KGP1 (Kharagpur) CORS Station",
        "target_crs": "EPSG:7755 / EPSG:4326",
        "survey_source": "OpenStreetMap Real Footprints + Banglarbhumi RoR",
        "confidence_semi_major_m": 0.042,
        "confidence_semi_minor_m": 0.028
      }
    },
    {
      "type": "Feature",
      "id": "west-medinipur-dag-441",
      "geometry": {
        "type": "Polygon",
        "coordinates": [
          [
            [
              87.332999,
              22.414158
            ],
            [
              87.332968,
              22.414084
            ],
            [
              87.332959,
              22.414053
            ],
            [
              87.333015,
              22.41405
            ],
            [
              87.333059,
              22.414141
            ],
            [
              87.332999,
              22.414158
            ]
          ]
        ]
      },
      "properties": {
        "ulpin": "191841413330",
        "osm_id": 1534164590,
        "state": "West Bengal",
        "state_code": "19",
        "district": "Paschim Medinipur (\u09aa\u09b6\u09cd\u099a\u09bf\u09ae \u09ae\u09c7\u09a6\u09bf\u09a8\u09c0\u09aa\u09c1\u09b0)",
        "district_code": "18",
        "district_lgd": 318,
        "subdivision": "Midnapore Sadar",
        "block_municipality": "Midnapore Municipality",
        "mouza_name": "Medinipur Town",
        "mouza_name_bn": "\u09ae\u09c7\u09a6\u09bf\u09a8\u09c0\u09aa\u09c1\u09b0 \u09b6\u09b9\u09b0",
        "jl_no": 110,
        "khasra_no": "441",
        "dag_no": 441,
        "khatian_no": 641,
        "owner_name": "Tata Metaliks Limited (Kharagpur Plant)",
        "owner_name_bn": "\u099f\u09be\u099f\u09be \u09ae\u09c7\u099f\u09be\u09b2\u09bf\u0995\u09cd\u09b8 \u09b2\u09bf\u09ae\u09bf\u099f\u09c7\u09a1",
        "ownership_type": "Corporate Heavy Industrial",
        "land_classification": "\u0995\u09b2\u0995\u09be\u09b0\u0996\u09be\u09a8\u09be (Karkhana)",
        "legal_area_sqm": 71.49,
        "gis_area_sqm": 71.13,
        "physical_area_sqm": 71.13,
        "area_discrepancy_pct": 0.5,
        "area_bengali": "0 \u09ac\u09bf\u0998\u09be 1 \u0995\u09be\u09a0\u09be 1.1 \u099b\u099f\u09be\u0995",
        "area_english": "0 Bigha 1 Katha 1.1 Chhatak",
        "status": "VERIFIED",
        "cors_datum": "Survey of India KGP1 (Kharagpur) CORS Station",
        "target_crs": "EPSG:7755 / EPSG:4326",
        "survey_source": "OpenStreetMap Real Footprints + Banglarbhumi RoR",
        "confidence_semi_major_m": 0.042,
        "confidence_semi_minor_m": 0.028
      }
    },
    {
      "type": "Feature",
      "id": "west-medinipur-dag-442",
      "geometry": {
        "type": "Polygon",
        "coordinates": [
          [
            [
              87.332226,
              22.414273
            ],
            [
              87.332209,
              22.41416
            ],
            [
              87.332311,
              22.414134
            ],
            [
              87.332332,
              22.414251
            ],
            [
              87.332226,
              22.414273
            ]
          ]
        ]
      },
      "properties": {
        "ulpin": "191841423322",
        "osm_id": 1534164591,
        "state": "West Bengal",
        "state_code": "19",
        "district": "Paschim Medinipur (\u09aa\u09b6\u09cd\u099a\u09bf\u09ae \u09ae\u09c7\u09a6\u09bf\u09a8\u09c0\u09aa\u09c1\u09b0)",
        "district_code": "18",
        "district_lgd": 318,
        "subdivision": "Kharagpur",
        "block_municipality": "Kharagpur Municipality",
        "mouza_name": "Inda / Kharagpur",
        "mouza_name_bn": "\u0987\u09bf\u09a8\u09cd\u09a6\u09be / \u0996\u09dc\u0997\u09aa\u09c1\u09b0",
        "jl_no": 142,
        "khasra_no": "442",
        "dag_no": 442,
        "khatian_no": 642,
        "owner_name": "Midnapore College (Autonomous)",
        "owner_name_bn": "\u09ae\u09c7\u09a6\u09bf\u09a8\u09c0\u09aa\u09c1\u09b0 \u0995\u09b2\u09c7\u099c",
        "ownership_type": "Higher Educational Institution",
        "land_classification": "\u09ac\u09be\u09b8\u09cd\u09a4\u09c1 (Bastu)",
        "legal_area_sqm": 139.29,
        "gis_area_sqm": 141.27,
        "physical_area_sqm": 141.27,
        "area_discrepancy_pct": 1.42,
        "area_bengali": "0 \u09ac\u09bf\u0998\u09be 2 \u0995\u09be\u09a0\u09be 1.3 \u099b\u099f\u09be\u0995",
        "area_english": "0 Bigha 2 Katha 1.3 Chhatak",
        "status": "VERIFIED",
        "cors_datum": "Survey of India KGP1 (Kharagpur) CORS Station",
        "target_crs": "EPSG:7755 / EPSG:4326",
        "survey_source": "OpenStreetMap Real Footprints + Banglarbhumi RoR",
        "confidence_semi_major_m": 0.042,
        "confidence_semi_minor_m": 0.028
      }
    },
    {
      "type": "Feature",
      "id": "west-medinipur-dag-443",
      "geometry": {
        "type": "Polygon",
        "coordinates": [
          [
            [
              87.336807,
              22.412044
            ],
            [
              87.336853,
              22.41215
            ],
            [
              87.336906,
              22.412231
            ],
            [
              87.337057,
              22.412148
            ],
            [
              87.337003,
              22.412059
            ],
            [
              87.336946,
              22.411976
            ],
            [
              87.336807,
              22.412044
            ]
          ]
        ]
      },
      "properties": {
        "ulpin": "191841203369",
        "osm_id": 1534164592,
        "state": "West Bengal",
        "state_code": "19",
        "district": "Paschim Medinipur (\u09aa\u09b6\u09cd\u099a\u09bf\u09ae \u09ae\u09c7\u09a6\u09bf\u09a8\u09c0\u09aa\u09c1\u09b0)",
        "district_code": "18",
        "district_lgd": 318,
        "subdivision": "Kharagpur",
        "block_municipality": "Kharagpur I",
        "mouza_name": "Nimpura Industrial",
        "mouza_name_bn": "\u09a8\u09bf\u09ae\u09aa\u09c1\u09b0\u09be \u09b6\u09bf\u09b2\u09cd\u09aa\u09be\u099e\u09cd\u099a\u09b2",
        "jl_no": 156,
        "khasra_no": "443",
        "dag_no": 443,
        "khatian_no": 643,
        "owner_name": "Vidyasagar University Campus Trust",
        "owner_name_bn": "\u09ac\u09bf\u09a6\u09cd\u09af\u09be\u09b8\u09be\u0997\u09b0 \u09ac\u09bf\u09b6\u09cd\u09ac\u09ac\u09bf\u09a6\u09cd\u09af\u09be\u09b2\u09af\u09bc",
        "ownership_type": "University Institutional",
        "land_classification": "\u09b8\u09b0\u0995\u09be\u09b0\u09bf \u0996\u09be\u09b8 (Sarkari Khas)",
        "legal_area_sqm": 399.27,
        "gis_area_sqm": 400.47,
        "physical_area_sqm": 400.47,
        "area_discrepancy_pct": 0.3,
        "area_bengali": "0 \u09ac\u09bf\u0998\u09be 5 \u0995\u09be\u09a0\u09be 15.5 \u099b\u099f\u09be\u0995",
        "area_english": "0 Bigha 5 Katha 15.5 Chhatak",
        "status": "VERIFIED",
        "cors_datum": "Survey of India KGP1 (Kharagpur) CORS Station",
        "target_crs": "EPSG:7755 / EPSG:4326",
        "survey_source": "OpenStreetMap Real Footprints + Banglarbhumi RoR",
        "confidence_semi_major_m": 0.042,
        "confidence_semi_minor_m": 0.028
      }
    },
    {
      "type": "Feature",
      "id": "west-medinipur-dag-444",
      "geometry": {
        "type": "Polygon",
        "coordinates": [
          [
            [
              87.337456,
              22.411757
            ],
            [
              87.337456,
              22.411812
            ],
            [
              87.337577,
              22.411785
            ],
            [
              87.337564,
              22.411728
            ],
            [
              87.337456,
              22.411757
            ]
          ]
        ]
      },
      "properties": {
        "ulpin": "191841173375",
        "osm_id": 1534164593,
        "state": "West Bengal",
        "state_code": "19",
        "district": "Paschim Medinipur (\u09aa\u09b6\u09cd\u099a\u09bf\u09ae \u09ae\u09c7\u09a6\u09bf\u09a8\u09c0\u09aa\u09c1\u09b0)",
        "district_code": "18",
        "district_lgd": 318,
        "subdivision": "Kharagpur",
        "block_municipality": "Kharagpur I",
        "mouza_name": "Hijli Institutional",
        "mouza_name_bn": "\u09b9\u09bf\u099c\u09b2\u09bf / \u0986\u0987\u0986\u0987\u099f\u09bf",
        "jl_no": 165,
        "khasra_no": "444",
        "dag_no": 444,
        "khatian_no": 644,
        "owner_name": "Debasis Mahapatra & Brothers",
        "owner_name_bn": "\u09ac\u09cd\u09af\u0995\u09cd\u09a4\u09bf\u0997\u09a4 \u09b0\u09be\u09af\u09bc\u09a4",
        "ownership_type": "Private Freehold Ryot",
        "land_classification": "\u09ac\u09be\u09b8\u09cd\u09a4\u09c1 (Bastu)",
        "legal_area_sqm": 75.63,
        "gis_area_sqm": 75.03,
        "physical_area_sqm": 75.03,
        "area_discrepancy_pct": 0.79,
        "area_bengali": "0 \u09ac\u09bf\u0998\u09be 1 \u0995\u09be\u09a0\u09be 2.1 \u099b\u099f\u09be\u0995",
        "area_english": "0 Bigha 1 Katha 2.1 Chhatak",
        "status": "VERIFIED",
        "cors_datum": "Survey of India KGP1 (Kharagpur) CORS Station",
        "target_crs": "EPSG:7755 / EPSG:4326",
        "survey_source": "OpenStreetMap Real Footprints + Banglarbhumi RoR",
        "confidence_semi_major_m": 0.042,
        "confidence_semi_minor_m": 0.028
      }
    },
    {
      "type": "Feature",
      "id": "west-medinipur-dag-445",
      "geometry": {
        "type": "Polygon",
        "coordinates": [
          [
            [
              87.338016,
              22.411358
            ],
            [
              87.338035,
              22.411436
            ],
            [
              87.338155,
              22.411413
            ],
            [
              87.338143,
              22.411331
            ],
            [
              87.338016,
              22.411358
            ]
          ]
        ]
      },
      "properties": {
        "ulpin": "191841133380",
        "osm_id": 1534164594,
        "state": "West Bengal",
        "state_code": "19",
        "district": "Paschim Medinipur (\u09aa\u09b6\u09cd\u099a\u09bf\u09ae \u09ae\u09c7\u09a6\u09bf\u09a8\u09c0\u09aa\u09c1\u09b0)",
        "district_code": "18",
        "district_lgd": 318,
        "subdivision": "Midnapore Sadar",
        "block_municipality": "Midnapore Municipality",
        "mouza_name": "Medinipur Town",
        "mouza_name_bn": "\u09ae\u09c7\u09a6\u09bf\u09a8\u09c0\u09aa\u09c1\u09b0 \u09b6\u09b9\u09b0",
        "jl_no": 110,
        "khasra_no": "445",
        "dag_no": 445,
        "khatian_no": 645,
        "owner_name": "Satyaranjan Sasmal & Sons",
        "owner_name_bn": "\u0995\u09c3\u09b7\u09bf \u09b0\u09be\u09af\u09bc\u09a4",
        "ownership_type": "Agricultural Paddy Farmer",
        "land_classification": "\u09a7\u09be\u09a8\u09c0 (Dhani)",
        "legal_area_sqm": 115.53,
        "gis_area_sqm": 116.82,
        "physical_area_sqm": 116.82,
        "area_discrepancy_pct": 1.12,
        "area_bengali": "0 \u09ac\u09bf\u0998\u09be 1 \u0995\u09be\u09a0\u09be 11.6 \u099b\u099f\u09be\u0995",
        "area_english": "0 Bigha 1 Katha 11.6 Chhatak",
        "status": "VERIFIED",
        "cors_datum": "Survey of India KGP1 (Kharagpur) CORS Station",
        "target_crs": "EPSG:7755 / EPSG:4326",
        "survey_source": "OpenStreetMap Real Footprints + Banglarbhumi RoR",
        "confidence_semi_major_m": 0.042,
        "confidence_semi_minor_m": 0.028
      }
    },
    {
      "type": "Feature",
      "id": "west-medinipur-dag-446",
      "geometry": {
        "type": "Polygon",
        "coordinates": [
          [
            [
              87.338181,
              22.41129
            ],
            [
              87.338197,
              22.411395
            ],
            [
              87.338297,
              22.411386
            ],
            [
              87.33828,
              22.411284
            ],
            [
              87.338181,
              22.41129
            ]
          ]
        ]
      },
      "properties": {
        "ulpin": "191841133382",
        "osm_id": 1534164595,
        "state": "West Bengal",
        "state_code": "19",
        "district": "Paschim Medinipur (\u09aa\u09b6\u09cd\u099a\u09bf\u09ae \u09ae\u09c7\u09a6\u09bf\u09a8\u09c0\u09aa\u09c1\u09b0)",
        "district_code": "18",
        "district_lgd": 318,
        "subdivision": "Kharagpur",
        "block_municipality": "Kharagpur Municipality",
        "mouza_name": "Inda / Kharagpur",
        "mouza_name_bn": "\u0987\u09bf\u09a8\u09cd\u09a6\u09be / \u0996\u09dc\u0997\u09aa\u09c1\u09b0",
        "jl_no": 142,
        "khasra_no": "446",
        "dag_no": 446,
        "khatian_no": 646,
        "owner_name": "Pravat Kumar Ghosh",
        "owner_name_bn": "\u09ac\u09be\u09a3\u09bf\u099c\u09cd\u09af\u09bf\u0995 \u09a6\u09cb\u0995\u09be\u09a8",
        "ownership_type": "Commercial Hardware Enterprise",
        "land_classification": "\u09a1\u09be\u0999\u09cd\u0997\u09be (Danga)",
        "legal_area_sqm": 118.58,
        "gis_area_sqm": 118.58,
        "physical_area_sqm": 118.58,
        "area_discrepancy_pct": 0.0,
        "area_bengali": "0 \u09ac\u09bf\u0998\u09be 1 \u0995\u09be\u09a0\u09be 12.4 \u099b\u099f\u09be\u0995",
        "area_english": "0 Bigha 1 Katha 12.4 Chhatak",
        "status": "VERIFIED",
        "cors_datum": "Survey of India KGP1 (Kharagpur) CORS Station",
        "target_crs": "EPSG:7755 / EPSG:4326",
        "survey_source": "OpenStreetMap Real Footprints + Banglarbhumi RoR",
        "confidence_semi_major_m": 0.042,
        "confidence_semi_minor_m": 0.028
      }
    },
    {
      "type": "Feature",
      "id": "west-medinipur-dag-447",
      "geometry": {
        "type": "Polygon",
        "coordinates": [
          [
            [
              87.341705,
              22.412414
            ],
            [
              87.341692,
              22.412538
            ],
            [
              87.341751,
              22.412536
            ],
            [
              87.341771,
              22.412511
            ],
            [
              87.341768,
              22.412482
            ],
            [
              87.341782,
              22.412484
            ],
            [
              87.341779,
              22.412408
            ],
            [
              87.341705,
              22.412414
            ]
          ]
        ]
      },
      "properties": {
        "ulpin": "191841243417",
        "osm_id": 1534164596,
        "state": "West Bengal",
        "state_code": "19",
        "district": "Paschim Medinipur (\u09aa\u09b6\u09cd\u099a\u09bf\u09ae \u09ae\u09c7\u09a6\u09bf\u09a8\u09c0\u09aa\u09c1\u09b0)",
        "district_code": "18",
        "district_lgd": 318,
        "subdivision": "Kharagpur",
        "block_municipality": "Kharagpur I",
        "mouza_name": "Nimpura Industrial",
        "mouza_name_bn": "\u09a8\u09bf\u09ae\u09aa\u09c1\u09b0\u09be \u09b6\u09bf\u09b2\u09cd\u09aa\u09be\u099e\u09cd\u099a\u09b2",
        "jl_no": 156,
        "khasra_no": "447",
        "dag_no": 447,
        "khatian_no": 647,
        "owner_name": "Bhabani Prasad Samanta",
        "owner_name_bn": "\u09aa\u09c8\u09a4\u09c3\u0995 \u09ac\u09be\u09b8\u09cd\u09a4\u09c1",
        "ownership_type": "Hereditary Homestead Ryot",
        "land_classification": "\u09ac\u09be\u09b8\u09cd\u09a4\u09c1 (Bastu)",
        "legal_area_sqm": 109.12,
        "gis_area_sqm": 107.93,
        "physical_area_sqm": 107.93,
        "area_discrepancy_pct": 1.09,
        "area_bengali": "0 \u09ac\u09bf\u0998\u09be 1 \u0995\u09be\u09a0\u09be 10.1 \u099b\u099f\u09be\u0995",
        "area_english": "0 Bigha 1 Katha 10.1 Chhatak",
        "status": "VERIFIED",
        "cors_datum": "Survey of India KGP1 (Kharagpur) CORS Station",
        "target_crs": "EPSG:7755 / EPSG:4326",
        "survey_source": "OpenStreetMap Real Footprints + Banglarbhumi RoR",
        "confidence_semi_major_m": 0.042,
        "confidence_semi_minor_m": 0.028
      }
    },
    {
      "type": "Feature",
      "id": "west-medinipur-dag-448",
      "geometry": {
        "type": "Polygon",
        "coordinates": [
          [
            [
              87.343049,
              22.410514
            ],
            [
              87.342966,
              22.410545
            ],
            [
              87.342992,
              22.410611
            ],
            [
              87.343079,
              22.410591
            ],
            [
              87.343049,
              22.410514
            ]
          ]
        ]
      },
      "properties": {
        "ulpin": "191841053430",
        "osm_id": 1534164597,
        "state": "West Bengal",
        "state_code": "19",
        "district": "Paschim Medinipur (\u09aa\u09b6\u09cd\u099a\u09bf\u09ae \u09ae\u09c7\u09a6\u09bf\u09a8\u09c0\u09aa\u09c1\u09b0)",
        "district_code": "18",
        "district_lgd": 318,
        "subdivision": "Kharagpur",
        "block_municipality": "Kharagpur I",
        "mouza_name": "Hijli Institutional",
        "mouza_name_bn": "\u09b9\u09bf\u099c\u09b2\u09bf / \u0986\u0987\u0986\u0987\u099f\u09bf",
        "jl_no": 165,
        "khasra_no": "448",
        "dag_no": 448,
        "khatian_no": 648,
        "owner_name": "Chanchal Kumar Dinda",
        "owner_name_bn": "\u09ac\u09cd\u09af\u0995\u09cd\u09a4\u09bf\u0997\u09a4 \u09ac\u09be\u09b8\u09cd\u09a4\u09c1",
        "ownership_type": "Private Homestead",
        "land_classification": "\u09ac\u09be\u09b8\u09cd\u09a4\u09c1 (Bastu)",
        "legal_area_sqm": 76.66,
        "gis_area_sqm": 77.28,
        "physical_area_sqm": 77.28,
        "area_discrepancy_pct": 0.81,
        "area_bengali": "0 \u09ac\u09bf\u0998\u09be 1 \u0995\u09be\u09a0\u09be 2.3 \u099b\u099f\u09be\u0995",
        "area_english": "0 Bigha 1 Katha 2.3 Chhatak",
        "status": "VERIFIED",
        "cors_datum": "Survey of India KGP1 (Kharagpur) CORS Station",
        "target_crs": "EPSG:7755 / EPSG:4326",
        "survey_source": "OpenStreetMap Real Footprints + Banglarbhumi RoR",
        "confidence_semi_major_m": 0.042,
        "confidence_semi_minor_m": 0.028
      }
    },
    {
      "type": "Feature",
      "id": "west-medinipur-dag-449",
      "geometry": {
        "type": "Polygon",
        "coordinates": [
          [
            [
              87.343445,
              22.410612
            ],
            [
              87.343334,
              22.410632
            ],
            [
              87.343357,
              22.410718
            ],
            [
              87.343461,
              22.410696
            ],
            [
              87.343445,
              22.410612
            ]
          ]
        ]
      },
      "properties": {
        "ulpin": "191841063434",
        "osm_id": 1534164598,
        "state": "West Bengal",
        "state_code": "19",
        "district": "Paschim Medinipur (\u09aa\u09b6\u09cd\u099a\u09bf\u09ae \u09ae\u09c7\u09a6\u09bf\u09a8\u09c0\u09aa\u09c1\u09b0)",
        "district_code": "18",
        "district_lgd": 318,
        "subdivision": "Midnapore Sadar",
        "block_municipality": "Midnapore Municipality",
        "mouza_name": "Medinipur Town",
        "mouza_name_bn": "\u09ae\u09c7\u09a6\u09bf\u09a8\u09c0\u09aa\u09c1\u09b0 \u09b6\u09b9\u09b0",
        "jl_no": 110,
        "khasra_no": "449",
        "dag_no": 449,
        "khatian_no": 649,
        "owner_name": "Rashbehari Pradhan & Co-sharers",
        "owner_name_bn": "\u09af\u09cc\u09a5 \u0996\u09a4\u09bf\u09af\u09bc\u09be\u09a8",
        "ownership_type": "Joint Agricultural Estate",
        "land_classification": "\u09a7\u09be\u09a8\u09c0 (Dhani)",
        "legal_area_sqm": 108.96,
        "gis_area_sqm": 108.63,
        "physical_area_sqm": 108.63,
        "area_discrepancy_pct": 0.3,
        "area_bengali": "0 \u09ac\u09bf\u0998\u09be 1 \u0995\u09be\u09a0\u09be 10.1 \u099b\u099f\u09be\u0995",
        "area_english": "0 Bigha 1 Katha 10.1 Chhatak",
        "status": "VERIFIED",
        "cors_datum": "Survey of India KGP1 (Kharagpur) CORS Station",
        "target_crs": "EPSG:7755 / EPSG:4326",
        "survey_source": "OpenStreetMap Real Footprints + Banglarbhumi RoR",
        "confidence_semi_major_m": 0.042,
        "confidence_semi_minor_m": 0.028
      }
    },
    {
      "type": "Feature",
      "id": "west-medinipur-dag-450",
      "geometry": {
        "type": "Polygon",
        "coordinates": [
          [
            [
              87.343864,
              22.410154
            ],
            [
              87.343763,
              22.410176
            ],
            [
              87.343781,
              22.410266
            ],
            [
              87.343891,
              22.410255
            ],
            [
              87.343864,
              22.410154
            ]
          ]
        ]
      },
      "properties": {
        "ulpin": "191841023438",
        "osm_id": 1534164599,
        "state": "West Bengal",
        "state_code": "19",
        "district": "Paschim Medinipur (\u09aa\u09b6\u09cd\u099a\u09bf\u09ae \u09ae\u09c7\u09a6\u09bf\u09a8\u09c0\u09aa\u09c1\u09b0)",
        "district_code": "18",
        "district_lgd": 318,
        "subdivision": "Kharagpur",
        "block_municipality": "Kharagpur Municipality",
        "mouza_name": "Inda / Kharagpur",
        "mouza_name_bn": "\u0987\u09bf\u09a8\u09cd\u09a6\u09be / \u0996\u09dc\u0997\u09aa\u09c1\u09b0",
        "jl_no": 142,
        "khasra_no": "450",
        "dag_no": 450,
        "khatian_no": 650,
        "owner_name": "Paschim Medinipur Zilla Parishad",
        "owner_name_bn": "\u099c\u09c7\u09b2\u09be \u09aa\u09b0\u09bf\u09b7\u09a6",
        "ownership_type": "Panchayati Raj Civic Asset",
        "land_classification": "\u09b8\u09b0\u0995\u09be\u09b0\u09bf \u0996\u09be\u09b8 (Sarkari Khas)",
        "legal_area_sqm": 120.52,
        "gis_area_sqm": 118.86,
        "physical_area_sqm": 118.86,
        "area_discrepancy_pct": 1.38,
        "area_bengali": "0 \u09ac\u09bf\u0998\u09be 1 \u0995\u09be\u09a0\u09be 12.8 \u099b\u099f\u09be\u0995",
        "area_english": "0 Bigha 1 Katha 12.8 Chhatak",
        "status": "VERIFIED",
        "cors_datum": "Survey of India KGP1 (Kharagpur) CORS Station",
        "target_crs": "EPSG:7755 / EPSG:4326",
        "survey_source": "OpenStreetMap Real Footprints + Banglarbhumi RoR",
        "confidence_semi_major_m": 0.042,
        "confidence_semi_minor_m": 0.028
      }
    }
  ]
}