{
  "type": "FeatureCollection",
  "features": [
    {
      "type": "Feature",
      "id": 2418762103,
      "geometry": {
        "type": "Point",
        "coordinates": [
          85.3378341,
          23.3536122
        ]
      },
      "properties": {
        "osm_id": 2418762103,
        "category": "Civic & Government Institutions",
        "name": "Chutia Police Station.",
        "highway": null,
        "railway": null,
        "waterway": null,
        "amenity": "police",
        "city": "Ranchi",
        "district": "Ranchi",
        "state": "Jharkhand",
        "state_code": "20"
      }
    },
    {
      "type": "Feature",
      "id": 2418764279,
      "geometry": {
        "type": "Point",
        "coordinates": [
          85.3334033,
          23.3584151
        ]
      },
      "properties": {
        "osm_id": 2418764279,
        "category": "Civic & Government Institutions",
        "name": "St. Paul's Boys High School.",
        "highway": null,
        "railway": null,
        "waterway": null,
        "amenity": "school",
        "city": "Ranchi",
        "district": "Ranchi",
        "state": "Jharkhand",
        "state_code": "20"
      }
    },
    {
      "type": "Feature",
      "id": 2419782059,
      "geometry": {
        "type": "Point",
        "coordinates": [
          85.3356417,
          23.3567665
        ]
      },
      "properties": {
        "osm_id": 2419782059,
        "category": "Civic & Government Institutions",
        "name": "School for the Blind.",
        "highway": null,
        "railway": null,
        "waterway": null,
        "amenity": "school",
        "city": "Ranchi",
        "district": "Ranchi",
        "state": "Jharkhand",
        "state_code": "20"
      }
    },
    {
      "type": "Feature",
      "id": 2419792821,
      "geometry": {
        "type": "Point",
        "coordinates": [
          85.3234632,
          23.3779006
        ]
      },
      "properties": {
        "osm_id": 2419792821,
        "category": "Civic & Government Institutions",
        "name": "Ranchi Civil Court.",
        "highway": null,
        "railway": null,
        "waterway": null,
        "amenity": "courthouse",
        "city": "Ranchi",
        "district": "Ranchi",
        "state": "Jharkhand",
        "state_code": "20"
      }
    },
    {
      "type": "Feature",
      "id": 2419810969,
      "geometry": {
        "type": "Point",
        "coordinates": [
          85.3300172,
          23.3498788
        ]
      },
      "properties": {
        "osm_id": 2419810969,
        "category": "Civic & Government Institutions",
        "name": "Guru Nanak Hospital",
        "highway": null,
        "railway": null,
        "waterway": null,
        "amenity": "hospital",
        "city": "Ranchi",
        "district": "Ranchi",
        "state": "Jharkhand",
        "state_code": "20"
      }
    },
    {
      "type": "Feature",
      "id": 2426808679,
      "geometry": {
        "type": "Point",
        "coordinates": [
          85.3228386,
          23.3787712
        ]
      },
      "properties": {
        "osm_id": 2426808679,
        "category": "Civic & Government Institutions",
        "name": "State Bank of India",
        "highway": null,
        "railway": null,
        "waterway": null,
        "amenity": "bank",
        "city": "Ranchi",
        "district": "Ranchi",
        "state": "Jharkhand",
        "state_code": "20"
      }
    },
    {
      "type": "Feature",
      "id": 2895065489,
      "geometry": {
        "type": "Point",
        "coordinates": [
          85.2832626,
          23.3485383
        ]
      },
      "properties": {
        "osm_id": 2895065489,
        "category": "Civic & Government Institutions",
        "name": "Institute of Science & Management",
        "highway": null,
        "railway": null,
        "waterway": null,
        "amenity": "college",
        "city": "Ranchi",
        "district": "Ranchi",
        "state": "Jharkhand",
        "state_code": "20"
      }
    },
    {
      "type": "Feature",
      "id": 2906747023,
      "geometry": {
        "type": "Point",
        "coordinates": [
          85.3386709,
          23.3540188
        ]
      },
      "properties": {
        "osm_id": 2906747023,
        "category": "Civic & Government Institutions",
        "name": "Canara Bank",
        "highway": null,
        "railway": null,
        "waterway": null,
        "amenity": "bank",
        "city": "Ranchi",
        "district": "Ranchi",
        "state": "Jharkhand",
        "state_code": "20"
      }
    },
    {
      "type": "Feature",
      "id": 2906747025,
      "geometry": {
        "type": "Point",
        "coordinates": [
          85.3387656,
          23.353899
        ]
      },
      "properties": {
        "osm_id": 2906747025,
        "category": "Civic & Government Institutions",
        "name": "Indira Gandhi Chowk;SBI Chutia",
        "highway": null,
        "railway": null,
        "waterway": null,
        "amenity": "bank",
        "city": "Ranchi",
        "district": "Ranchi",
        "state": "Jharkhand",
        "state_code": "20"
      }
    },
    {
      "type": "Feature",
      "id": 2910317672,
      "geometry": {
        "type": "Point",
        "coordinates": [
          85.299354,
          23.3523982
        ]
      },
      "properties": {
        "osm_id": 2910317672,
        "category": "Civic & Government Institutions",
        "name": "Punjab National Bank",
        "highway": null,
        "railway": null,
        "waterway": null,
        "amenity": "bank",
        "city": "Ranchi",
        "district": "Ranchi",
        "state": "Jharkhand",
        "state_code": "20"
      }
    },
    {
      "type": "Feature",
      "id": 2910323146,
      "geometry": {
        "type": "Point",
        "coordinates": [
          85.3088016,
          23.3496619
        ]
      },
      "properties": {
        "osm_id": 2910323146,
        "category": "Civic & Government Institutions",
        "name": "Allahabad Bank",
        "highway": null,
        "railway": null,
        "waterway": null,
        "amenity": "bank",
        "city": "Ranchi",
        "district": "Ranchi",
        "state": "Jharkhand",
        "state_code": "20"
      }
    },
    {
      "type": "Feature",
      "id": 2910329235,
      "geometry": {
        "type": "Point",
        "coordinates": [
          85.3037216,
          23.3505334
        ]
      },
      "properties": {
        "osm_id": 2910329235,
        "category": "Civic & Government Institutions",
        "name": "HDFC Bank",
        "highway": null,
        "railway": null,
        "waterway": null,
        "amenity": "bank",
        "city": "Ranchi",
        "district": "Ranchi",
        "state": "Jharkhand",
        "state_code": "20"
      }
    },
    {
      "type": "Feature",
      "id": 2910348514,
      "geometry": {
        "type": "Point",
        "coordinates": [
          85.3246278,
          23.3791108
        ]
      },
      "properties": {
        "osm_id": 2910348514,
        "category": "Civic & Government Institutions",
        "name": "dental hospital",
        "highway": null,
        "railway": null,
        "waterway": null,
        "amenity": "hospital",
        "city": "Ranchi",
        "district": "Ranchi",
        "state": "Jharkhand",
        "state_code": "20"
      }
    },
    {
      "type": "Feature",
      "id": 2910348519,
      "geometry": {
        "type": "Point",
        "coordinates": [
          85.3240356,
          23.3558996
        ]
      },
      "properties": {
        "osm_id": 2910348519,
        "category": "Civic & Government Institutions",
        "name": "Inderind Bank",
        "highway": null,
        "railway": null,
        "waterway": null,
        "amenity": "bank",
        "city": "Ranchi",
        "district": "Ranchi",
        "state": "Jharkhand",
        "state_code": "20"
      }
    },
    {
      "type": "Feature",
      "id": 2910354674,
      "geometry": {
        "type": "Point",
        "coordinates": [
          85.3332241,
          23.3761641
        ]
      },
      "properties": {
        "osm_id": 2910354674,
        "category": "Civic & Government Institutions",
        "name": "Ranchi Womens College, Arts Block",
        "highway": null,
        "railway": null,
        "waterway": null,
        "amenity": "college",
        "city": "Ranchi",
        "district": "Ranchi",
        "state": "Jharkhand",
        "state_code": "20"
      }
    },
    {
      "type": "Feature",
      "id": 2910354697,
      "geometry": {
        "type": "Point",
        "coordinates": [
          85.3029774,
          23.3586547
        ]
      },
      "properties": {
        "osm_id": 2910354697,
        "category": "Civic & Government Institutions",
        "name": "Allahabad Bank",
        "highway": null,
        "railway": null,
        "waterway": null,
        "amenity": "bank",
        "city": "Ranchi",
        "district": "Ranchi",
        "state": "Jharkhand",
        "state_code": "20"
      }
    },
    {
      "type": "Feature",
      "id": 2910356290,
      "geometry": {
        "type": "Point",
        "coordinates": [
          85.3237671,
          23.3553139
        ]
      },
      "properties": {
        "osm_id": 2910356290,
        "category": "Civic & Government Institutions",
        "name": "Punjab bank",
        "highway": null,
        "railway": null,
        "waterway": null,
        "amenity": "bank",
        "city": "Ranchi",
        "district": "Ranchi",
        "state": "Jharkhand",
        "state_code": "20"
      }
    },
    {
      "type": "Feature",
      "id": 2910359241,
      "geometry": {
        "type": "Point",
        "coordinates": [
          85.3238761,
          23.3727343
        ]
      },
      "properties": {
        "osm_id": 2910359241,
        "category": "Civic & Government Institutions",
        "name": "HDFC Bank",
        "highway": null,
        "railway": null,
        "waterway": null,
        "amenity": "bank",
        "city": "Ranchi",
        "district": "Ranchi",
        "state": "Jharkhand",
        "state_code": "20"
      }
    },
    {
      "type": "Feature",
      "id": 2910359414,
      "geometry": {
        "type": "Point",
        "coordinates": [
          85.3233792,
          23.3707665
        ]
      },
      "properties": {
        "osm_id": 2910359414,
        "category": "Civic & Government Institutions",
        "name": "Punjab National Bank",
        "highway": null,
        "railway": null,
        "waterway": null,
        "amenity": "bank",
        "city": "Ranchi",
        "district": "Ranchi",
        "state": "Jharkhand",
        "state_code": "20"
      }
    },
    {
      "type": "Feature",
      "id": 2910371301,
      "geometry": {
        "type": "Point",
        "coordinates": [
          85.3249664,
          23.3768572
        ]
      },
      "properties": {
        "osm_id": 2910371301,
        "category": "Civic & Government Institutions",
        "name": "pragya kendra",
        "highway": null,
        "railway": null,
        "waterway": null,
        "amenity": "bank",
        "city": "Ranchi",
        "district": "Ranchi",
        "state": "Jharkhand",
        "state_code": "20"
      }
    },
    {
      "type": "Feature",
      "id": 2910372011,
      "geometry": {
        "type": "Point",
        "coordinates": [
          85.3253557,
          23.3703449
        ]
      },
      "properties": {
        "osm_id": 2910372011,
        "category": "Civic & Government Institutions",
        "name": "Punjab National Bank",
        "highway": null,
        "railway": null,
        "waterway": null,
        "amenity": "bank",
        "city": "Ranchi",
        "district": "Ranchi",
        "state": "Jharkhand",
        "state_code": "20"
      }
    },
    {
      "type": "Feature",
      "id": 2910373269,
      "geometry": {
        "type": "Point",
        "coordinates": [
          85.324666,
          23.3780332
        ]
      },
      "properties": {
        "osm_id": 2910373269,
        "category": "Civic & Government Institutions",
        "name": "R B I",
        "highway": null,
        "railway": null,
        "waterway": null,
        "amenity": "bank",
        "city": "Ranchi",
        "district": "Ranchi",
        "state": "Jharkhand",
        "state_code": "20"
      }
    },
    {
      "type": "Feature",
      "id": 2910379109,
      "geometry": {
        "type": "Point",
        "coordinates": [
          85.3222564,
          23.3787102
        ]
      },
      "properties": {
        "osm_id": 2910379109,
        "category": "Civic & Government Institutions",
        "name": "State Bank of India",
        "highway": null,
        "railway": null,
        "waterway": null,
        "amenity": "bank",
        "city": "Ranchi",
        "district": "Ranchi",
        "state": "Jharkhand",
        "state_code": "20"
      }
    },
    {
      "type": "Feature",
      "id": 2910383874,
      "geometry": {
        "type": "Point",
        "coordinates": [
          85.3225392,
          23.3787173
        ]
      },
      "properties": {
        "osm_id": 2910383874,
        "category": "Civic & Government Institutions",
        "name": "State Bank of India",
        "highway": null,
        "railway": null,
        "waterway": null,
        "amenity": "bank",
        "city": "Ranchi",
        "district": "Ranchi",
        "state": "Jharkhand",
        "state_code": "20"
      }
    },
    {
      "type": "Feature",
      "id": 2912302977,
      "geometry": {
        "type": "Point",
        "coordinates": [
          85.324564,
          23.3660152
        ]
      },
      "properties": {
        "osm_id": 2912302977,
        "category": "Civic & Government Institutions",
        "name": "police station",
        "highway": null,
        "railway": null,
        "waterway": null,
        "amenity": "police",
        "city": "Ranchi",
        "district": "Ranchi",
        "state": "Jharkhand",
        "state_code": "20"
      }
    },
    {
      "type": "Feature",
      "id": 2912307677,
      "geometry": {
        "type": "Point",
        "coordinates": [
          85.3249932,
          23.3637502
        ]
      },
      "properties": {
        "osm_id": 2912307677,
        "category": "Civic & Government Institutions",
        "name": "Federal Bank",
        "highway": null,
        "railway": null,
        "waterway": null,
        "amenity": "bank",
        "city": "Ranchi",
        "district": "Ranchi",
        "state": "Jharkhand",
        "state_code": "20"
      }
    },
    {
      "type": "Feature",
      "id": 2912309054,
      "geometry": {
        "type": "Point",
        "coordinates": [
          85.3209972,
          23.3786806
        ]
      },
      "properties": {
        "osm_id": 2912309054,
        "category": "Civic & Government Institutions",
        "name": "UCO Bank",
        "highway": null,
        "railway": null,
        "waterway": null,
        "amenity": "bank",
        "city": "Ranchi",
        "district": "Ranchi",
        "state": "Jharkhand",
        "state_code": "20"
      }
    },
    {
      "type": "Feature",
      "id": 2912309181,
      "geometry": {
        "type": "Point",
        "coordinates": [
          85.3258401,
          23.361272
        ]
      },
      "properties": {
        "osm_id": 2912309181,
        "category": "Civic & Government Institutions",
        "name": "Federal Bank",
        "highway": null,
        "railway": null,
        "waterway": null,
        "amenity": "bank",
        "city": "Ranchi",
        "district": "Ranchi",
        "state": "Jharkhand",
        "state_code": "20"
      }
    },
    {
      "type": "Feature",
      "id": 2935816064,
      "geometry": {
        "type": "Point",
        "coordinates": [
          85.3679699,
          23.3819077
        ]
      },
      "properties": {
        "osm_id": 2935816064,
        "category": "Civic & Government Institutions",
        "name": "emam kothi",
        "highway": null,
        "railway": null,
        "waterway": null,
        "amenity": "bank",
        "city": "Ranchi",
        "district": "Ranchi",
        "state": "Jharkhand",
        "state_code": "20"
      }
    },
    {
      "type": "Feature",
      "id": 2938899337,
      "geometry": {
        "type": "Point",
        "coordinates": [
          85.3233988,
          23.3551135
        ]
      },
      "properties": {
        "osm_id": 2938899337,
        "category": "Civic & Government Institutions",
        "name": "State Bank of India",
        "highway": null,
        "railway": null,
        "waterway": null,
        "amenity": "bank",
        "city": "Ranchi",
        "district": "Ranchi",
        "state": "Jharkhand",
        "state_code": "20"
      }
    },
    {
      "type": "Feature",
      "id": 3010489954,
      "geometry": {
        "type": "Point",
        "coordinates": [
          85.3312404,
          23.3795712
        ]
      },
      "properties": {
        "osm_id": 3010489954,
        "category": "Civic & Government Institutions",
        "name": "State Bank of India",
        "highway": null,
        "railway": null,
        "waterway": null,
        "amenity": "bank",
        "city": "Ranchi",
        "district": "Ranchi",
        "state": "Jharkhand",
        "state_code": "20"
      }
    },
    {
      "type": "Feature",
      "id": 3012289832,
      "geometry": {
        "type": "Point",
        "coordinates": [
          85.3301138,
          23.3780073
        ]
      },
      "properties": {
        "osm_id": 3012289832,
        "category": "Civic & Government Institutions",
        "name": "Ranchi Infrastructure (Civic & Government Institutions)",
        "highway": null,
        "railway": null,
        "waterway": null,
        "amenity": "bank",
        "city": "Ranchi",
        "district": "Ranchi",
        "state": "Jharkhand",
        "state_code": "20"
      }
    },
    {
      "type": "Feature",
      "id": 3585016399,
      "geometry": {
        "type": "Point",
        "coordinates": [
          85.3285143,
          23.3797308
        ]
      },
      "properties": {
        "osm_id": 3585016399,
        "category": "Civic & Government Institutions",
        "name": "Kripal Darshan",
        "highway": null,
        "railway": null,
        "waterway": null,
        "amenity": "hospital",
        "city": "Ranchi",
        "district": "Ranchi",
        "state": "Jharkhand",
        "state_code": "20"
      }
    },
    {
      "type": "Feature",
      "id": 3585021893,
      "geometry": {
        "type": "Point",
        "coordinates": [
          85.3369761,
          23.3740197
        ]
      },
      "properties": {
        "osm_id": 3585021893,
        "category": "Civic & Government Institutions",
        "name": "State Bank of India",
        "highway": null,
        "railway": null,
        "waterway": null,
        "amenity": "bank",
        "city": "Ranchi",
        "district": "Ranchi",
        "state": "Jharkhand",
        "state_code": "20"
      }
    },
    {
      "type": "Feature",
      "id": 3585031094,
      "geometry": {
        "type": "Point",
        "coordinates": [
          85.3328128,
          23.3761979
        ]
      },
      "properties": {
        "osm_id": 3585031094,
        "category": "Civic & Government Institutions",
        "name": "New mediciner",
        "highway": null,
        "railway": null,
        "waterway": null,
        "amenity": "hospital",
        "city": "Ranchi",
        "district": "Ranchi",
        "state": "Jharkhand",
        "state_code": "20"
      }
    },
    {
      "type": "Feature",
      "id": 3682074065,
      "geometry": {
        "type": "Point",
        "coordinates": [
          85.345645,
          23.3524549
        ]
      },
      "properties": {
        "osm_id": 3682074065,
        "category": "Civic & Government Institutions",
        "name": "Panjab & Sindh Bank ATM;Bank of India ATM",
        "highway": null,
        "railway": null,
        "waterway": null,
        "amenity": "bank",
        "city": "Ranchi",
        "district": "Ranchi",
        "state": "Jharkhand",
        "state_code": "20"
      }
    },
    {
      "type": "Feature",
      "id": 4240597043,
      "geometry": {
        "type": "Point",
        "coordinates": [
          85.3419331,
          23.3524435
        ]
      },
      "properties": {
        "osm_id": 4240597043,
        "category": "Civic & Government Institutions",
        "name": "st. colombus public school.",
        "highway": null,
        "railway": null,
        "waterway": null,
        "amenity": "school",
        "city": "Ranchi",
        "district": "Ranchi",
        "state": "Jharkhand",
        "state_code": "20"
      }
    },
    {
      "type": "Feature",
      "id": 4245882812,
      "geometry": {
        "type": "Point",
        "coordinates": [
          85.3366554,
          23.367837
        ]
      },
      "properties": {
        "osm_id": 4245882812,
        "category": "Civic & Government Institutions",
        "name": "bishop bahu bazar",
        "highway": null,
        "railway": null,
        "waterway": null,
        "amenity": "school",
        "city": "Ranchi",
        "district": "Ranchi",
        "state": "Jharkhand",
        "state_code": "20"
      }
    },
    {
      "type": "Feature",
      "id": 4245886854,
      "geometry": {
        "type": "Point",
        "coordinates": [
          85.3198009,
          23.3552059
        ]
      },
      "properties": {
        "osm_id": 4245886854,
        "category": "Civic & Government Institutions",
        "name": "Guru Nanak Higher Secondary school",
        "highway": null,
        "railway": null,
        "waterway": null,
        "amenity": "school",
        "city": "Ranchi",
        "district": "Ranchi",
        "state": "Jharkhand",
        "state_code": "20"
      }
    },
    {
      "type": "Feature",
      "id": 4246041122,
      "geometry": {
        "type": "Point",
        "coordinates": [
          85.3326437,
          23.3758395
        ]
      },
      "properties": {
        "osm_id": 4246041122,
        "category": "Civic & Government Institutions",
        "name": "THYRO CARE",
        "highway": null,
        "railway": null,
        "waterway": null,
        "amenity": "hospital",
        "city": "Ranchi",
        "district": "Ranchi",
        "state": "Jharkhand",
        "state_code": "20"
      }
    },
    {
      "type": "Feature",
      "id": 4246041123,
      "geometry": {
        "type": "Point",
        "coordinates": [
          85.332684,
          23.3759602
        ]
      },
      "properties": {
        "osm_id": 4246041123,
        "category": "Civic & Government Institutions",
        "name": "PEARL SKIN CLINIC",
        "highway": null,
        "railway": null,
        "waterway": null,
        "amenity": "hospital",
        "city": "Ranchi",
        "district": "Ranchi",
        "state": "Jharkhand",
        "state_code": "20"
      }
    },
    {
      "type": "Feature",
      "id": 4246295488,
      "geometry": {
        "type": "Point",
        "coordinates": [
          85.345682,
          23.3645461
        ]
      },
      "properties": {
        "osm_id": 4246295488,
        "category": "Civic & Government Institutions",
        "name": "HDFC Bank",
        "highway": null,
        "railway": null,
        "waterway": null,
        "amenity": "bank",
        "city": "Ranchi",
        "district": "Ranchi",
        "state": "Jharkhand",
        "state_code": "20"
      }
    },
    {
      "type": "Feature",
      "id": 4248823882,
      "geometry": {
        "type": "Point",
        "coordinates": [
          85.3252686,
          23.369271
        ]
      },
      "properties": {
        "osm_id": 4248823882,
        "category": "Civic & Government Institutions",
        "name": "HDFC Bank",
        "highway": null,
        "railway": null,
        "waterway": null,
        "amenity": "bank",
        "city": "Ranchi",
        "district": "Ranchi",
        "state": "Jharkhand",
        "state_code": "20"
      }
    },
    {
      "type": "Feature",
      "id": 4249972573,
      "geometry": {
        "type": "Point",
        "coordinates": [
          85.331755,
          23.3765771
        ]
      },
      "properties": {
        "osm_id": 4249972573,
        "category": "Civic & Government Institutions",
        "name": "HDFC Bank",
        "highway": null,
        "railway": null,
        "waterway": null,
        "amenity": "bank",
        "city": "Ranchi",
        "district": "Ranchi",
        "state": "Jharkhand",
        "state_code": "20"
      }
    },
    {
      "type": "Feature",
      "id": 4253960173,
      "geometry": {
        "type": "Point",
        "coordinates": [
          85.3472085,
          23.3656933
        ]
      },
      "properties": {
        "osm_id": 4253960173,
        "category": "Civic & Government Institutions",
        "name": "Bank of India",
        "highway": null,
        "railway": null,
        "waterway": null,
        "amenity": "bank",
        "city": "Ranchi",
        "district": "Ranchi",
        "state": "Jharkhand",
        "state_code": "20"
      }
    },
    {
      "type": "Feature",
      "id": 4254516846,
      "geometry": {
        "type": "Point",
        "coordinates": [
          85.3083924,
          23.3225248
        ]
      },
      "properties": {
        "osm_id": 4254516846,
        "category": "Civic & Government Institutions",
        "name": "Florence Nightingale School",
        "highway": null,
        "railway": null,
        "waterway": null,
        "amenity": "school",
        "city": "Ranchi",
        "district": "Ranchi",
        "state": "Jharkhand",
        "state_code": "20"
      }
    },
    {
      "type": "Feature",
      "id": 4254518260,
      "geometry": {
        "type": "Point",
        "coordinates": [
          85.3090082,
          23.3220568
        ]
      },
      "properties": {
        "osm_id": 4254518260,
        "category": "Civic & Government Institutions",
        "name": "Canara Bank",
        "highway": null,
        "railway": null,
        "waterway": null,
        "amenity": "bank",
        "city": "Ranchi",
        "district": "Ranchi",
        "state": "Jharkhand",
        "state_code": "20"
      }
    },
    {
      "type": "Feature",
      "id": 5046044281,
      "geometry": {
        "type": "Point",
        "coordinates": [
          85.3391886,
          23.3710266
        ]
      },
      "properties": {
        "osm_id": 5046044281,
        "category": "Civic & Government Institutions",
        "name": "ICICI Bank",
        "highway": null,
        "railway": null,
        "waterway": null,
        "amenity": "bank",
        "city": "Ranchi",
        "district": "Ranchi",
        "state": "Jharkhand",
        "state_code": "20"
      }
    },
    {
      "type": "Feature",
      "id": 5855405553,
      "geometry": {
        "type": "Point",
        "coordinates": [
          85.3523023,
          23.3753524
        ]
      },
      "properties": {
        "osm_id": 5855405553,
        "category": "Civic & Government Institutions",
        "name": "nirmaya",
        "highway": null,
        "railway": null,
        "waterway": null,
        "amenity": "hospital",
        "city": "Ranchi",
        "district": "Ranchi",
        "state": "Jharkhand",
        "state_code": "20"
      }
    },
    {
      "type": "Feature",
      "id": 5855473480,
      "geometry": {
        "type": "Point",
        "coordinates": [
          85.3553995,
          23.3765113
        ]
      },
      "properties": {
        "osm_id": 5855473480,
        "category": "Civic & Government Institutions",
        "name": "State Bank of India",
        "highway": null,
        "railway": null,
        "waterway": null,
        "amenity": "bank",
        "city": "Ranchi",
        "district": "Ranchi",
        "state": "Jharkhand",
        "state_code": "20"
      }
    },
    {
      "type": "Feature",
      "id": 5855476121,
      "geometry": {
        "type": "Point",
        "coordinates": [
          85.3553392,
          23.3765038
        ]
      },
      "properties": {
        "osm_id": 5855476121,
        "category": "Civic & Government Institutions",
        "name": "Bank of India",
        "highway": null,
        "railway": null,
        "waterway": null,
        "amenity": "bank",
        "city": "Ranchi",
        "district": "Ranchi",
        "state": "Jharkhand",
        "state_code": "20"
      }
    },
    {
      "type": "Feature",
      "id": 6022124824,
      "geometry": {
        "type": "Point",
        "coordinates": [
          85.3297516,
          23.3795613
        ]
      },
      "properties": {
        "osm_id": 6022124824,
        "category": "Civic & Government Institutions",
        "name": "ranchi womens college",
        "highway": null,
        "railway": null,
        "waterway": null,
        "amenity": "university",
        "city": "Ranchi",
        "district": "Ranchi",
        "state": "Jharkhand",
        "state_code": "20"
      }
    },
    {
      "type": "Feature",
      "id": 6108256107,
      "geometry": {
        "type": "Point",
        "coordinates": [
          85.3151127,
          23.3360832
        ]
      },
      "properties": {
        "osm_id": 6108256107,
        "category": "Civic & Government Institutions",
        "name": "PNB Nirmala College Branch",
        "highway": null,
        "railway": null,
        "waterway": null,
        "amenity": "bank",
        "city": "Ranchi",
        "district": "Ranchi",
        "state": "Jharkhand",
        "state_code": "20"
      }
    },
    {
      "type": "Feature",
      "id": 6235382452,
      "geometry": {
        "type": "Point",
        "coordinates": [
          85.3131063,
          23.3350004
        ]
      },
      "properties": {
        "osm_id": 6235382452,
        "category": "Civic & Government Institutions",
        "name": "Nilmala College Town Hall",
        "highway": null,
        "railway": null,
        "waterway": null,
        "amenity": "townhall",
        "city": "Ranchi",
        "district": "Ranchi",
        "state": "Jharkhand",
        "state_code": "20"
      }
    },
    {
      "type": "Feature",
      "id": 6235433846,
      "geometry": {
        "type": "Point",
        "coordinates": [
          85.3188065,
          23.3351634
        ]
      },
      "properties": {
        "osm_id": 6235433846,
        "category": "Civic & Government Institutions",
        "name": "aushdhalay medical store",
        "highway": null,
        "railway": null,
        "waterway": null,
        "amenity": "hospital",
        "city": "Ranchi",
        "district": "Ranchi",
        "state": "Jharkhand",
        "state_code": "20"
      }
    },
    {
      "type": "Feature",
      "id": 6235440568,
      "geometry": {
        "type": "Point",
        "coordinates": [
          85.3195852,
          23.3350014
        ]
      },
      "properties": {
        "osm_id": 6235440568,
        "category": "Civic & Government Institutions",
        "name": "M S Pharma",
        "highway": null,
        "railway": null,
        "waterway": null,
        "amenity": "hospital",
        "city": "Ranchi",
        "district": "Ranchi",
        "state": "Jharkhand",
        "state_code": "20"
      }
    },
    {
      "type": "Feature",
      "id": 6235807990,
      "geometry": {
        "type": "Point",
        "coordinates": [
          85.3160416,
          23.331365
        ]
      },
      "properties": {
        "osm_id": 6235807990,
        "category": "Civic & Government Institutions",
        "name": "Lakshmi Nursing Home",
        "highway": null,
        "railway": null,
        "waterway": null,
        "amenity": "hospital",
        "city": "Ranchi",
        "district": "Ranchi",
        "state": "Jharkhand",
        "state_code": "20"
      }
    },
    {
      "type": "Feature",
      "id": 6366673504,
      "geometry": {
        "type": "Point",
        "coordinates": [
          85.3319415,
          23.3714686
        ]
      },
      "properties": {
        "osm_id": 6366673504,
        "category": "Civic & Government Institutions",
        "name": "Canara Bank",
        "highway": null,
        "railway": null,
        "waterway": null,
        "amenity": "bank",
        "city": "Ranchi",
        "district": "Ranchi",
        "state": "Jharkhand",
        "state_code": "20"
      }
    },
    {
      "type": "Feature",
      "id": 6888435263,
      "geometry": {
        "type": "Point",
        "coordinates": [
          85.3172117,
          23.3709196
        ]
      },
      "properties": {
        "osm_id": 6888435263,
        "category": "Civic & Government Institutions",
        "name": "Nagarmal Modi Seva Sadan Hospital Blood Bank",
        "highway": null,
        "railway": null,
        "waterway": null,
        "amenity": "blood_bank",
        "city": "Ranchi",
        "district": "Ranchi",
        "state": "Jharkhand",
        "state_code": "20"
      }
    },
    {
      "type": "Feature",
      "id": 6888435298,
      "geometry": {
        "type": "Point",
        "coordinates": [
          85.3280058,
          23.3882645
        ]
      },
      "properties": {
        "osm_id": 6888435298,
        "category": "Civic & Government Institutions",
        "name": "Indian Red Cross Society (IRCS) Blood Bank, Morabadi",
        "highway": null,
        "railway": null,
        "waterway": null,
        "amenity": "blood_bank",
        "city": "Ranchi",
        "district": "Ranchi",
        "state": "Jharkhand",
        "state_code": "20"
      }
    },
    {
      "type": "Feature",
      "id": 6897677450,
      "geometry": {
        "type": "Point",
        "coordinates": [
          85.3516473,
          23.3957776
        ]
      },
      "properties": {
        "osm_id": 6897677450,
        "category": "Civic & Government Institutions",
        "name": "Jharkhand Blood Bank, Bariatu",
        "highway": null,
        "railway": null,
        "waterway": null,
        "amenity": "blood_bank",
        "city": "Ranchi",
        "district": "Ranchi",
        "state": "Jharkhand",
        "state_code": "20"
      }
    },
    {
      "type": "Feature",
      "id": 6902131204,
      "geometry": {
        "type": "Point",
        "coordinates": [
          85.2774934,
          23.313505
        ]
      },
      "properties": {
        "osm_id": 6902131204,
        "category": "Civic & Government Institutions",
        "name": "Heavy Engineering Corporation, Plant Hospital Blood Bank",
        "highway": null,
        "railway": null,
        "waterway": null,
        "amenity": "blood_bank",
        "city": "Ranchi",
        "district": "Ranchi",
        "state": "Jharkhand",
        "state_code": "20"
      }
    },
    {
      "type": "Feature",
      "id": 6902141133,
      "geometry": {
        "type": "Point",
        "coordinates": [
          85.3807182,
          23.3495179
        ]
      },
      "properties": {
        "osm_id": 6902141133,
        "category": "Civic & Government Institutions",
        "name": "Sainik Hospital Blood Bank, Namkum",
        "highway": null,
        "railway": null,
        "waterway": null,
        "amenity": "blood_bank",
        "city": "Ranchi",
        "district": "Ranchi",
        "state": "Jharkhand",
        "state_code": "20"
      }
    },
    {
      "type": "Feature",
      "id": 6902141134,
      "geometry": {
        "type": "Point",
        "coordinates": [
          85.3215175,
          23.4084351
        ]
      },
      "properties": {
        "osm_id": 6902141134,
        "category": "Civic & Government Institutions",
        "name": "CCL Hospital Blood Bank, Ranchi",
        "highway": null,
        "railway": null,
        "waterway": null,
        "amenity": "blood_bank",
        "city": "Ranchi",
        "district": "Ranchi",
        "state": "Jharkhand",
        "state_code": "20"
      }
    },
    {
      "type": "Feature",
      "id": 6902141143,
      "geometry": {
        "type": "Point",
        "coordinates": [
          85.3505221,
          23.3890853
        ]
      },
      "properties": {
        "osm_id": 6902141143,
        "category": "Civic & Government Institutions",
        "name": "Rajendra Institute of Medical Science (RIMS) Blood Bank, Bariyatu",
        "highway": null,
        "railway": null,
        "waterway": null,
        "amenity": "blood_bank",
        "city": "Ranchi",
        "district": "Ranchi",
        "state": "Jharkhand",
        "state_code": "20"
      }
    },
    {
      "type": "Feature",
      "id": 6902141148,
      "geometry": {
        "type": "Point",
        "coordinates": [
          85.346366,
          23.3894964
        ]
      },
      "properties": {
        "osm_id": 6902141148,
        "category": "Civic & Government Institutions",
        "name": "Archi Blood Bank, Jharkhand",
        "highway": null,
        "railway": null,
        "waterway": null,
        "amenity": "blood_bank",
        "city": "Ranchi",
        "district": "Ranchi",
        "state": "Jharkhand",
        "state_code": "20"
      }
    },
    {
      "type": "Feature",
      "id": 6902141153,
      "geometry": {
        "type": "Point",
        "coordinates": [
          85.3299479,
          23.350002
        ]
      },
      "properties": {
        "osm_id": 6902141153,
        "category": "Civic & Government Institutions",
        "name": "Gurunanak Hospital and Research Centre Blood Bank",
        "highway": null,
        "railway": null,
        "waterway": null,
        "amenity": "hospital",
        "city": "Ranchi",
        "district": "Ranchi",
        "state": "Jharkhand",
        "state_code": "20"
      }
    },
    {
      "type": "Feature",
      "id": 6902141158,
      "geometry": {
        "type": "Point",
        "coordinates": [
          85.2721506,
          23.3732425
        ]
      },
      "properties": {
        "osm_id": 6902141158,
        "category": "Civic & Government Institutions",
        "name": "Devkamal Hospital and Research Centre Blood Bank",
        "highway": null,
        "railway": null,
        "waterway": null,
        "amenity": "blood_bank",
        "city": "Ranchi",
        "district": "Ranchi",
        "state": "Jharkhand",
        "state_code": "20"
      }
    },
    {
      "type": "Feature",
      "id": 7011055175,
      "geometry": {
        "type": "Point",
        "coordinates": [
          85.3650476,
          23.4000325
        ]
      },
      "properties": {
        "osm_id": 7011055175,
        "category": "Civic & Government Institutions",
        "name": "Asha Kiran Hospital",
        "highway": null,
        "railway": null,
        "waterway": null,
        "amenity": "hospital",
        "city": "Ranchi",
        "district": "Ranchi",
        "state": "Jharkhand",
        "state_code": "20"
      }
    },
    {
      "type": "Feature",
      "id": 7011104500,
      "geometry": {
        "type": "Point",
        "coordinates": [
          85.3315414,
          23.3722061
        ]
      },
      "properties": {
        "osm_id": 7011104500,
        "category": "Civic & Government Institutions",
        "name": "Prabhawathi Hospital",
        "highway": null,
        "railway": null,
        "waterway": null,
        "amenity": "hospital",
        "city": "Ranchi",
        "district": "Ranchi",
        "state": "Jharkhand",
        "state_code": "20"
      }
    },
    {
      "type": "Feature",
      "id": 7011104523,
      "geometry": {
        "type": "Point",
        "coordinates": [
          85.3571351,
          23.4005101
        ]
      },
      "properties": {
        "osm_id": 7011104523,
        "category": "Civic & Government Institutions",
        "name": "Shirdi Sai Hospital and Research Centre",
        "highway": null,
        "railway": null,
        "waterway": null,
        "amenity": "hospital",
        "city": "Ranchi",
        "district": "Ranchi",
        "state": "Jharkhand",
        "state_code": "20"
      }
    },
    {
      "type": "Feature",
      "id": 7011287234,
      "geometry": {
        "type": "Point",
        "coordinates": [
          85.3146281,
          23.3934156
        ]
      },
      "properties": {
        "osm_id": 7011287234,
        "category": "Civic & Government Institutions",
        "name": "Mungraj Gulraj Sarawgi Seva Niketan",
        "highway": null,
        "railway": null,
        "waterway": null,
        "amenity": "hospital",
        "city": "Ranchi",
        "district": "Ranchi",
        "state": "Jharkhand",
        "state_code": "20"
      }
    },
    {
      "type": "Feature",
      "id": 7011287251,
      "geometry": {
        "type": "Point",
        "coordinates": [
          85.3374926,
          23.3677501
        ]
      },
      "properties": {
        "osm_id": 7011287251,
        "category": "Civic & Government Institutions",
        "name": "The Kashyap Memorial Eye Hospital - Ranchi",
        "highway": null,
        "railway": null,
        "waterway": null,
        "amenity": "hospital",
        "city": "Ranchi",
        "district": "Ranchi",
        "state": "Jharkhand",
        "state_code": "20"
      }
    },
    {
      "type": "Feature",
      "id": 7011287266,
      "geometry": {
        "type": "Point",
        "coordinates": [
          85.3337469,
          23.3879153
        ]
      },
      "properties": {
        "osm_id": 7011287266,
        "category": "Civic & Government Institutions",
        "name": "Rani Childern Hospital and Reserch Centre",
        "highway": null,
        "railway": null,
        "waterway": null,
        "amenity": "hospital",
        "city": "Ranchi",
        "district": "Ranchi",
        "state": "Jharkhand",
        "state_code": "20"
      }
    },
    {
      "type": "Feature",
      "id": 7011349848,
      "geometry": {
        "type": "Point",
        "coordinates": [
          85.3387687,
          23.3996362
        ]
      },
      "properties": {
        "osm_id": 7011349848,
        "category": "Civic & Government Institutions",
        "name": "Ivf and Infertility Research Hospital",
        "highway": null,
        "railway": null,
        "waterway": null,
        "amenity": "hospital",
        "city": "Ranchi",
        "district": "Ranchi",
        "state": "Jharkhand",
        "state_code": "20"
      }
    },
    {
      "type": "Feature",
      "id": 7011463955,
      "geometry": {
        "type": "Point",
        "coordinates": [
          85.3358571,
          23.3754117
        ]
      },
      "properties": {
        "osm_id": 7011463955,
        "category": "Civic & Government Institutions",
        "name": "Kamal Eye Clinic",
        "highway": null,
        "railway": null,
        "waterway": null,
        "amenity": "hospital",
        "city": "Ranchi",
        "district": "Ranchi",
        "state": "Jharkhand",
        "state_code": "20"
      }
    },
    {
      "type": "Feature",
      "id": 7011534538,
      "geometry": {
        "type": "Point",
        "coordinates": [
          85.2988534,
          23.3504366
        ]
      },
      "properties": {
        "osm_id": 7011534538,
        "category": "Civic & Government Institutions",
        "name": "Om Sri Sai Hospital and Research Centre",
        "highway": null,
        "railway": null,
        "waterway": null,
        "amenity": "hospital",
        "city": "Ranchi",
        "district": "Ranchi",
        "state": "Jharkhand",
        "state_code": "20"
      }
    },
    {
      "type": "Feature",
      "id": 7011865224,
      "geometry": {
        "type": "Point",
        "coordinates": [
          85.295401,
          23.3834206
        ]
      },
      "properties": {
        "osm_id": 7011865224,
        "category": "Civic & Government Institutions",
        "name": "S.K. Roy Memorial Hospital",
        "highway": null,
        "railway": null,
        "waterway": null,
        "amenity": "hospital",
        "city": "Ranchi",
        "district": "Ranchi",
        "state": "Jharkhand",
        "state_code": "20"
      }
    },
    {
      "type": "Feature",
      "id": 7011889206,
      "geometry": {
        "type": "Point",
        "coordinates": [
          85.3388438,
          23.3701206
        ]
      },
      "properties": {
        "osm_id": 7011889206,
        "category": "Civic & Government Institutions",
        "name": "K. C. Roy Memorial Hospital",
        "highway": null,
        "railway": null,
        "waterway": null,
        "amenity": "hospital",
        "city": "Ranchi",
        "district": "Ranchi",
        "state": "Jharkhand",
        "state_code": "20"
      }
    },
    {
      "type": "Feature",
      "id": 7011891305,
      "geometry": {
        "type": "Point",
        "coordinates": [
          85.3548143,
          23.3984036
        ]
      },
      "properties": {
        "osm_id": 7011891305,
        "category": "Civic & Government Institutions",
        "name": "Alam Hospital And Research Centre Pvt Ltd",
        "highway": null,
        "railway": null,
        "waterway": null,
        "amenity": "hospital",
        "city": "Ranchi",
        "district": "Ranchi",
        "state": "Jharkhand",
        "state_code": "20"
      }
    },
    {
      "type": "Feature",
      "id": 7011895976,
      "geometry": {
        "type": "Point",
        "coordinates": [
          85.3201474,
          23.3756259
        ]
      },
      "properties": {
        "osm_id": 7011895976,
        "category": "Civic & Government Institutions",
        "name": "Jeevan Jyoti Health Centre",
        "highway": null,
        "railway": null,
        "waterway": null,
        "amenity": "hospital",
        "city": "Ranchi",
        "district": "Ranchi",
        "state": "Jharkhand",
        "state_code": "20"
      }
    },
    {
      "type": "Feature",
      "id": 7012081829,
      "geometry": {
        "type": "Point",
        "coordinates": [
          85.3522333,
          23.3741868
        ]
      },
      "properties": {
        "osm_id": 7012081829,
        "category": "Civic & Government Institutions",
        "name": "Matri Prerna Eye Hospital",
        "highway": null,
        "railway": null,
        "waterway": null,
        "amenity": "hospital",
        "city": "Ranchi",
        "district": "Ranchi",
        "state": "Jharkhand",
        "state_code": "20"
      }
    },
    {
      "type": "Feature",
      "id": 7012081834,
      "geometry": {
        "type": "Point",
        "coordinates": [
          85.322206,
          23.3825466
        ]
      },
      "properties": {
        "osm_id": 7012081834,
        "category": "Civic & Government Institutions",
        "name": "Rani Hospital, Ranchi",
        "highway": null,
        "railway": null,
        "waterway": null,
        "amenity": "hospital",
        "city": "Ranchi",
        "district": "Ranchi",
        "state": "Jharkhand",
        "state_code": "20"
      }
    },
    {
      "type": "Feature",
      "id": 7012150017,
      "geometry": {
        "type": "Point",
        "coordinates": [
          85.3243827,
          23.3799012
        ]
      },
      "properties": {
        "osm_id": 7012150017,
        "category": "Civic & Government Institutions",
        "name": "Well View Health Reasearch Nursing Centre",
        "highway": null,
        "railway": null,
        "waterway": null,
        "amenity": "hospital",
        "city": "Ranchi",
        "district": "Ranchi",
        "state": "Jharkhand",
        "state_code": "20"
      }
    },
    {
      "type": "Feature",
      "id": 7012162934,
      "geometry": {
        "type": "Point",
        "coordinates": [
          85.3520617,
          23.3999525
        ]
      },
      "properties": {
        "osm_id": 7012162934,
        "category": "Civic & Government Institutions",
        "name": "Hill View Hospital And Research Centre",
        "highway": null,
        "railway": null,
        "waterway": null,
        "amenity": "hospital",
        "city": "Ranchi",
        "district": "Ranchi",
        "state": "Jharkhand",
        "state_code": "20"
      }
    },
    {
      "type": "Feature",
      "id": 7012180121,
      "geometry": {
        "type": "Point",
        "coordinates": [
          85.3072433,
          23.3552668
        ]
      },
      "properties": {
        "osm_id": 7012180121,
        "category": "Civic & Government Institutions",
        "name": "Aastha Mother and Child Care Centre",
        "highway": null,
        "railway": null,
        "waterway": null,
        "amenity": "hospital",
        "city": "Ranchi",
        "district": "Ranchi",
        "state": "Jharkhand",
        "state_code": "20"
      }
    },
    {
      "type": "Feature",
      "id": 7012216009,
      "geometry": {
        "type": "Point",
        "coordinates": [
          85.3034413,
          23.3584458
        ]
      },
      "properties": {
        "osm_id": 7012216009,
        "category": "Civic & Government Institutions",
        "name": "Harmu Hospital & Research Centre",
        "highway": null,
        "railway": null,
        "waterway": null,
        "amenity": "hospital",
        "city": "Ranchi",
        "district": "Ranchi",
        "state": "Jharkhand",
        "state_code": "20"
      }
    },
    {
      "type": "Feature",
      "id": 7012358753,
      "geometry": {
        "type": "Point",
        "coordinates": [
          85.3347507,
          23.3820825
        ]
      },
      "properties": {
        "osm_id": 7012358753,
        "category": "Civic & Government Institutions",
        "name": "R P Orthopaedic Hospital Research Center Pvt Ltd",
        "highway": null,
        "railway": null,
        "waterway": null,
        "amenity": "hospital",
        "city": "Ranchi",
        "district": "Ranchi",
        "state": "Jharkhand",
        "state_code": "20"
      }
    },
    {
      "type": "Feature",
      "id": 7012381420,
      "geometry": {
        "type": "Point",
        "coordinates": [
          85.3224219,
          23.3824284
        ]
      },
      "properties": {
        "osm_id": 7012381420,
        "category": "Civic & Government Institutions",
        "name": "Shree Jagannath Hospital and Research Centre",
        "highway": null,
        "railway": null,
        "waterway": null,
        "amenity": "hospital",
        "city": "Ranchi",
        "district": "Ranchi",
        "state": "Jharkhand",
        "state_code": "20"
      }
    },
    {
      "type": "Feature",
      "id": 7012667624,
      "geometry": {
        "type": "Point",
        "coordinates": [
          85.317893,
          23.4035157
        ]
      },
      "properties": {
        "osm_id": 7012667624,
        "category": "Civic & Government Institutions",
        "name": "Sunita Maternity Home and Research Centre",
        "highway": null,
        "railway": null,
        "waterway": null,
        "amenity": "hospital",
        "city": "Ranchi",
        "district": "Ranchi",
        "state": "Jharkhand",
        "state_code": "20"
      }
    },
    {
      "type": "Feature",
      "id": 7012706096,
      "geometry": {
        "type": "Point",
        "coordinates": [
          85.3159685,
          23.406899
        ]
      },
      "properties": {
        "osm_id": 7012706096,
        "category": "Civic & Government Institutions",
        "name": "Rohini Mohini Hospital",
        "highway": null,
        "railway": null,
        "waterway": null,
        "amenity": "hospital",
        "city": "Ranchi",
        "district": "Ranchi",
        "state": "Jharkhand",
        "state_code": "20"
      }
    },
    {
      "type": "Feature",
      "id": 7012729854,
      "geometry": {
        "type": "Point",
        "coordinates": [
          85.3306952,
          23.3711092
        ]
      },
      "properties": {
        "osm_id": 7012729854,
        "category": "Civic & Government Institutions",
        "name": "Rjsior Hospital",
        "highway": null,
        "railway": null,
        "waterway": null,
        "amenity": "hospital",
        "city": "Ranchi",
        "district": "Ranchi",
        "state": "Jharkhand",
        "state_code": "20"
      }
    },
    {
      "type": "Feature",
      "id": 7013106534,
      "geometry": {
        "type": "Point",
        "coordinates": [
          85.3337737,
          23.3709935
        ]
      },
      "properties": {
        "osm_id": 7013106534,
        "category": "Civic & Government Institutions",
        "name": "Jinwani Hospital",
        "highway": null,
        "railway": null,
        "waterway": null,
        "amenity": "hospital",
        "city": "Ranchi",
        "district": "Ranchi",
        "state": "Jharkhand",
        "state_code": "20"
      }
    },
    {
      "type": "Feature",
      "id": 7015255173,
      "geometry": {
        "type": "Point",
        "coordinates": [
          85.334866,
          23.382101
        ]
      },
      "properties": {
        "osm_id": 7015255173,
        "category": "Civic & Government Institutions",
        "name": "Ram Pyari Ortho Hospital Research Centre Pvt Ltd",
        "highway": null,
        "railway": null,
        "waterway": null,
        "amenity": "hospital",
        "city": "Ranchi",
        "district": "Ranchi",
        "state": "Jharkhand",
        "state_code": "20"
      }
    },
    {
      "type": "Feature",
      "id": 7015262937,
      "geometry": {
        "type": "Point",
        "coordinates": [
          85.307033,
          23.3841655
        ]
      },
      "properties": {
        "osm_id": 7015262937,
        "category": "Civic & Government Institutions",
        "name": "Vivekanand Hospital",
        "highway": null,
        "railway": null,
        "waterway": null,
        "amenity": "hospital",
        "city": "Ranchi",
        "district": "Ranchi",
        "state": "Jharkhand",
        "state_code": "20"
      }
    },
    {
      "type": "Feature",
      "id": 7121765914,
      "geometry": {
        "type": "Point",
        "coordinates": [
          85.3436529,
          23.3650956
        ]
      },
      "properties": {
        "osm_id": 7121765914,
        "category": "Civic & Government Institutions",
        "name": "Jharkhand National Hospital",
        "highway": null,
        "railway": null,
        "waterway": null,
        "amenity": "hospital",
        "city": "Ranchi",
        "district": "Ranchi",
        "state": "Jharkhand",
        "state_code": "20"
      }
    },
    {
      "type": "Feature",
      "id": 7121765927,
      "geometry": {
        "type": "Point",
        "coordinates": [
          85.3335052,
          23.3430974
        ]
      },
      "properties": {
        "osm_id": 7121765927,
        "category": "Civic & Government Institutions",
        "name": "J.A.P 1 Hospital",
        "highway": null,
        "railway": null,
        "waterway": null,
        "amenity": "hospital",
        "city": "Ranchi",
        "district": "Ranchi",
        "state": "Jharkhand",
        "state_code": "20"
      }
    },
    {
      "type": "Feature",
      "id": 7121765935,
      "geometry": {
        "type": "Point",
        "coordinates": [
          85.2774868,
          23.3084177
        ]
      },
      "properties": {
        "osm_id": 7121765935,
        "category": "Civic & Government Institutions",
        "name": "ESIC Dhurwa",
        "highway": null,
        "railway": null,
        "waterway": null,
        "amenity": "hospital",
        "city": "Ranchi",
        "district": "Ranchi",
        "state": "Jharkhand",
        "state_code": "20"
      }
    },
    {
      "type": "Feature",
      "id": 7121765940,
      "geometry": {
        "type": "Point",
        "coordinates": [
          85.3362337,
          23.3509095
        ]
      },
      "properties": {
        "osm_id": 7121765940,
        "category": "Civic & Government Institutions",
        "name": "South Eastern Railway Government Hospital",
        "highway": null,
        "railway": null,
        "waterway": null,
        "amenity": "hospital",
        "city": "Ranchi",
        "district": "Ranchi",
        "state": "Jharkhand",
        "state_code": "20"
      }
    },
    {
      "type": "Feature",
      "id": 7673773448,
      "geometry": {
        "type": "Point",
        "coordinates": [
          85.3092322,
          23.3596313
        ]
      },
      "properties": {
        "osm_id": 7673773448,
        "category": "Civic & Government Institutions",
        "name": "Harmu Hospital",
        "highway": null,
        "railway": null,
        "waterway": null,
        "amenity": "hospital",
        "city": "Ranchi",
        "district": "Ranchi",
        "state": "Jharkhand",
        "state_code": "20"
      }
    },
    {
      "type": "Feature",
      "id": 7673773449,
      "geometry": {
        "type": "Point",
        "coordinates": [
          85.3137526,
          23.3182647
        ]
      },
      "properties": {
        "osm_id": 7673773449,
        "category": "Civic & Government Institutions",
        "name": "Disha Nursing Home",
        "highway": null,
        "railway": null,
        "waterway": null,
        "amenity": "hospital",
        "city": "Ranchi",
        "district": "Ranchi",
        "state": "Jharkhand",
        "state_code": "20"
      }
    },
    {
      "type": "Feature",
      "id": 7673773456,
      "geometry": {
        "type": "Point",
        "coordinates": [
          85.2756902,
          23.3736148
        ]
      },
      "properties": {
        "osm_id": 7673773456,
        "category": "Civic & Government Institutions",
        "name": "Jaslok Hospital",
        "highway": null,
        "railway": null,
        "waterway": null,
        "amenity": "hospital",
        "city": "Ranchi",
        "district": "Ranchi",
        "state": "Jharkhand",
        "state_code": "20"
      }
    },
    {
      "type": "Feature",
      "id": 7673773459,
      "geometry": {
        "type": "Point",
        "coordinates": [
          85.3637404,
          23.3313459
        ]
      },
      "properties": {
        "osm_id": 7673773459,
        "category": "Civic & Government Institutions",
        "name": "The Vinayka Hospital and Research Centre",
        "highway": null,
        "railway": null,
        "waterway": null,
        "amenity": "hospital",
        "city": "Ranchi",
        "district": "Ranchi",
        "state": "Jharkhand",
        "state_code": "20"
      }
    },
    {
      "type": "Feature",
      "id": 7673773462,
      "geometry": {
        "type": "Point",
        "coordinates": [
          85.3892273,
          23.3996205
        ]
      },
      "properties": {
        "osm_id": 7673773462,
        "category": "Civic & Government Institutions",
        "name": "Pragati Hospital and Research Centre",
        "highway": null,
        "railway": null,
        "waterway": null,
        "amenity": "hospital",
        "city": "Ranchi",
        "district": "Ranchi",
        "state": "Jharkhand",
        "state_code": "20"
      }
    },
    {
      "type": "Feature",
      "id": 7673773463,
      "geometry": {
        "type": "Point",
        "coordinates": [
          85.3626805,
          23.330131
        ]
      },
      "properties": {
        "osm_id": 7673773463,
        "category": "Civic & Government Institutions",
        "name": "Max Orthopaedic Hospital",
        "highway": null,
        "railway": null,
        "waterway": null,
        "amenity": "hospital",
        "city": "Ranchi",
        "district": "Ranchi",
        "state": "Jharkhand",
        "state_code": "20"
      }
    },
    {
      "type": "Feature",
      "id": 7673773466,
      "geometry": {
        "type": "Point",
        "coordinates": [
          85.3278963,
          23.3602088
        ]
      },
      "properties": {
        "osm_id": 7673773466,
        "category": "Civic & Government Institutions",
        "name": "Anjuman Hospital",
        "highway": null,
        "railway": null,
        "waterway": null,
        "amenity": "hospital",
        "city": "Ranchi",
        "district": "Ranchi",
        "state": "Jharkhand",
        "state_code": "20"
      }
    },
    {
      "type": "Feature",
      "id": 7673773469,
      "geometry": {
        "type": "Point",
        "coordinates": [
          85.32984,
          23.3621213
        ]
      },
      "properties": {
        "osm_id": 7673773469,
        "category": "Civic & Government Institutions",
        "name": "Hopewell Hospital",
        "highway": null,
        "railway": null,
        "waterway": null,
        "amenity": "hospital",
        "city": "Ranchi",
        "district": "Ranchi",
        "state": "Jharkhand",
        "state_code": "20"
      }
    },
    {
      "type": "Feature",
      "id": 7673773479,
      "geometry": {
        "type": "Point",
        "coordinates": [
          85.3157164,
          23.3329266
        ]
      },
      "properties": {
        "osm_id": 7673773479,
        "category": "Civic & Government Institutions",
        "name": "Eye Hospital",
        "highway": null,
        "railway": null,
        "waterway": null,
        "amenity": "hospital",
        "city": "Ranchi",
        "district": "Ranchi",
        "state": "Jharkhand",
        "state_code": "20"
      }
    },
    {
      "type": "Feature",
      "id": 7673773481,
      "geometry": {
        "type": "Point",
        "coordinates": [
          85.3165954,
          23.4188638
        ]
      },
      "properties": {
        "osm_id": 7673773481,
        "category": "Civic & Government Institutions",
        "name": "Samadhan Hospital",
        "highway": null,
        "railway": null,
        "waterway": null,
        "amenity": "hospital",
        "city": "Ranchi",
        "district": "Ranchi",
        "state": "Jharkhand",
        "state_code": "20"
      }
    },
    {
      "type": "Feature",
      "id": 7673773493,
      "geometry": {
        "type": "Point",
        "coordinates": [
          85.3080093,
          23.3269918
        ]
      },
      "properties": {
        "osm_id": 7673773493,
        "category": "Civic & Government Institutions",
        "name": "Sheetal Nursing Home",
        "highway": null,
        "railway": null,
        "waterway": null,
        "amenity": "hospital",
        "city": "Ranchi",
        "district": "Ranchi",
        "state": "Jharkhand",
        "state_code": "20"
      }
    },
    {
      "type": "Feature",
      "id": 7673773495,
      "geometry": {
        "type": "Point",
        "coordinates": [
          85.320156,
          23.332059
        ]
      },
      "properties": {
        "osm_id": 7673773495,
        "category": "Civic & Government Institutions",
        "name": "Siddharth Children Hospital",
        "highway": null,
        "railway": null,
        "waterway": null,
        "amenity": "hospital",
        "city": "Ranchi",
        "district": "Ranchi",
        "state": "Jharkhand",
        "state_code": "20"
      }
    },
    {
      "type": "Feature",
      "id": 7673773498,
      "geometry": {
        "type": "Point",
        "coordinates": [
          85.3147337,
          23.4020957
        ]
      },
      "properties": {
        "osm_id": 7673773498,
        "category": "Civic & Government Institutions",
        "name": "Matruchaya Mahila Hospital",
        "highway": null,
        "railway": null,
        "waterway": null,
        "amenity": "hospital",
        "city": "Ranchi",
        "district": "Ranchi",
        "state": "Jharkhand",
        "state_code": "20"
      }
    },
    {
      "type": "Feature",
      "id": 7673773504,
      "geometry": {
        "type": "Point",
        "coordinates": [
          85.3893148,
          23.3998338
        ]
      },
      "properties": {
        "osm_id": 7673773504,
        "category": "Civic & Government Institutions",
        "name": "Kandy Hill Hospital",
        "highway": null,
        "railway": null,
        "waterway": null,
        "amenity": "hospital",
        "city": "Ranchi",
        "district": "Ranchi",
        "state": "Jharkhand",
        "state_code": "20"
      }
    },
    {
      "type": "Feature",
      "id": 7673773505,
      "geometry": {
        "type": "Point",
        "coordinates": [
          85.3179212,
          23.4038919
        ]
      },
      "properties": {
        "osm_id": 7673773505,
        "category": "Civic & Government Institutions",
        "name": "Sunita Maternity Home",
        "highway": null,
        "railway": null,
        "waterway": null,
        "amenity": "hospital",
        "city": "Ranchi",
        "district": "Ranchi",
        "state": "Jharkhand",
        "state_code": "20"
      }
    },
    {
      "type": "Feature",
      "id": 7673773509,
      "geometry": {
        "type": "Point",
        "coordinates": [
          85.3207447,
          23.3507435
        ]
      },
      "properties": {
        "osm_id": 7673773509,
        "category": "Civic & Government Institutions",
        "name": "Dr. Lal's Hospital & Research Centre",
        "highway": null,
        "railway": null,
        "waterway": null,
        "amenity": "hospital",
        "city": "Ranchi",
        "district": "Ranchi",
        "state": "Jharkhand",
        "state_code": "20"
      }
    },
    {
      "type": "Feature",
      "id": 7673773511,
      "geometry": {
        "type": "Point",
        "coordinates": [
          85.282005,
          23.375352
        ]
      },
      "properties": {
        "osm_id": 7673773511,
        "category": "Civic & Government Institutions",
        "name": "Sourya Children Hospital & Research Centre",
        "highway": null,
        "railway": null,
        "waterway": null,
        "amenity": "hospital",
        "city": "Ranchi",
        "district": "Ranchi",
        "state": "Jharkhand",
        "state_code": "20"
      }
    },
    {
      "type": "Feature",
      "id": 7676866162,
      "geometry": {
        "type": "Point",
        "coordinates": [
          85.3598301,
          23.4005668
        ]
      },
      "properties": {
        "osm_id": 7676866162,
        "category": "Civic & Government Institutions",
        "name": "Ashirvad Hospital & Research Centre",
        "highway": null,
        "railway": null,
        "waterway": null,
        "amenity": "hospital",
        "city": "Ranchi",
        "district": "Ranchi",
        "state": "Jharkhand",
        "state_code": "20"
      }
    },
    {
      "type": "Feature",
      "id": 7676866163,
      "geometry": {
        "type": "Point",
        "coordinates": [
          85.335544,
          23.376507
        ]
      },
      "properties": {
        "osm_id": 7676866163,
        "category": "Civic & Government Institutions",
        "name": "Amrita Nursing Home",
        "highway": null,
        "railway": null,
        "waterway": null,
        "amenity": "hospital",
        "city": "Ranchi",
        "district": "Ranchi",
        "state": "Jharkhand",
        "state_code": "20"
      }
    },
    {
      "type": "Feature",
      "id": 7676866164,
      "geometry": {
        "type": "Point",
        "coordinates": [
          85.3591316,
          23.3985822
        ]
      },
      "properties": {
        "osm_id": 7676866164,
        "category": "Civic & Government Institutions",
        "name": "Dr. Siddhartha Sinha Neuro Psychiatrist",
        "highway": null,
        "railway": null,
        "waterway": null,
        "amenity": "hospital",
        "city": "Ranchi",
        "district": "Ranchi",
        "state": "Jharkhand",
        "state_code": "20"
      }
    },
    {
      "type": "Feature",
      "id": 7676866165,
      "geometry": {
        "type": "Point",
        "coordinates": [
          85.28895,
          23.3844607
        ]
      },
      "properties": {
        "osm_id": 7676866165,
        "category": "Civic & Government Institutions",
        "name": "Singal Surgical Hospital",
        "highway": null,
        "railway": null,
        "waterway": null,
        "amenity": "hospital",
        "city": "Ranchi",
        "district": "Ranchi",
        "state": "Jharkhand",
        "state_code": "20"
      }
    },
    {
      "type": "Feature",
      "id": 7676866167,
      "geometry": {
        "type": "Point",
        "coordinates": [
          85.3406922,
          23.3676832
        ]
      },
      "properties": {
        "osm_id": 7676866167,
        "category": "Civic & Government Institutions",
        "name": "Dr. Saroj Rai's Skin Care Hospital",
        "highway": null,
        "railway": null,
        "waterway": null,
        "amenity": "hospital",
        "city": "Ranchi",
        "district": "Ranchi",
        "state": "Jharkhand",
        "state_code": "20"
      }
    },
    {
      "type": "Feature",
      "id": 7676866168,
      "geometry": {
        "type": "Point",
        "coordinates": [
          85.303822,
          23.379752
        ]
      },
      "properties": {
        "osm_id": 7676866168,
        "category": "Civic & Government Institutions",
        "name": "Hargobind Nursing Home",
        "highway": null,
        "railway": null,
        "waterway": null,
        "amenity": "hospital",
        "city": "Ranchi",
        "district": "Ranchi",
        "state": "Jharkhand",
        "state_code": "20"
      }
    },
    {
      "type": "Feature",
      "id": 7676866169,
      "geometry": {
        "type": "Point",
        "coordinates": [
          85.3761079,
          23.3984492
        ]
      },
      "properties": {
        "osm_id": 7676866169,
        "category": "Civic & Government Institutions",
        "name": "Balpan Children Hospital",
        "highway": null,
        "railway": null,
        "waterway": null,
        "amenity": "hospital",
        "city": "Ranchi",
        "district": "Ranchi",
        "state": "Jharkhand",
        "state_code": "20"
      }
    },
    {
      "type": "Feature",
      "id": 7676866171,
      "geometry": {
        "type": "Point",
        "coordinates": [
          85.3317718,
          23.3735867
        ]
      },
      "properties": {
        "osm_id": 7676866171,
        "category": "Civic & Government Institutions",
        "name": "Vellore Children Hospital",
        "highway": null,
        "railway": null,
        "waterway": null,
        "amenity": "hospital",
        "city": "Ranchi",
        "district": "Ranchi",
        "state": "Jharkhand",
        "state_code": "20"
      }
    },
    {
      "type": "Feature",
      "id": 7676866173,
      "geometry": {
        "type": "Point",
        "coordinates": [
          85.3643535,
          23.38092
        ]
      },
      "properties": {
        "osm_id": 7676866173,
        "category": "Civic & Government Institutions",
        "name": "Vinayak Nursing Home",
        "highway": null,
        "railway": null,
        "waterway": null,
        "amenity": "hospital",
        "city": "Ranchi",
        "district": "Ranchi",
        "state": "Jharkhand",
        "state_code": "20"
      }
    },
    {
      "type": "Feature",
      "id": 7676866174,
      "geometry": {
        "type": "Point",
        "coordinates": [
          85.2936506,
          23.3813159
        ]
      },
      "properties": {
        "osm_id": 7676866174,
        "category": "Civic & Government Institutions",
        "name": "City Trust Hospital & Research Centre",
        "highway": null,
        "railway": null,
        "waterway": null,
        "amenity": "hospital",
        "city": "Ranchi",
        "district": "Ranchi",
        "state": "Jharkhand",
        "state_code": "20"
      }
    },
    {
      "type": "Feature",
      "id": 7676866175,
      "geometry": {
        "type": "Point",
        "coordinates": [
          85.346213,
          23.391236
        ]
      },
      "properties": {
        "osm_id": 7676866175,
        "category": "Civic & Government Institutions",
        "name": "Health Point Hospital",
        "highway": null,
        "railway": null,
        "waterway": null,
        "amenity": "hospital",
        "city": "Ranchi",
        "district": "Ranchi",
        "state": "Jharkhand",
        "state_code": "20"
      }
    },
    {
      "type": "Feature",
      "id": 7676866176,
      "geometry": {
        "type": "Point",
        "coordinates": [
          85.3020332,
          23.3820248
        ]
      },
      "properties": {
        "osm_id": 7676866176,
        "category": "Civic & Government Institutions",
        "name": "Baba Hospital",
        "highway": null,
        "railway": null,
        "waterway": null,
        "amenity": "hospital",
        "city": "Ranchi",
        "district": "Ranchi",
        "state": "Jharkhand",
        "state_code": "20"
      }
    },
    {
      "type": "Feature",
      "id": 7676866177,
      "geometry": {
        "type": "Point",
        "coordinates": [
          85.3611747,
          23.3961368
        ]
      },
      "properties": {
        "osm_id": 7676866177,
        "category": "Civic & Government Institutions",
        "name": "Dr. R.K. Verma Hospital",
        "highway": null,
        "railway": null,
        "waterway": null,
        "amenity": "hospital",
        "city": "Ranchi",
        "district": "Ranchi",
        "state": "Jharkhand",
        "state_code": "20"
      }
    },
    {
      "type": "Feature",
      "id": 7676866181,
      "geometry": {
        "type": "Point",
        "coordinates": [
          85.3479904,
          23.3905938
        ]
      },
      "properties": {
        "osm_id": 7676866181,
        "category": "Civic & Government Institutions",
        "name": "RIMS Hospital",
        "highway": null,
        "railway": null,
        "waterway": null,
        "amenity": "hospital",
        "city": "Ranchi",
        "district": "Ranchi",
        "state": "Jharkhand",
        "state_code": "20"
      }
    },
    {
      "type": "Feature",
      "id": 7676866183,
      "geometry": {
        "type": "Point",
        "coordinates": [
          85.356637,
          23.379825
        ]
      },
      "properties": {
        "osm_id": 7676866183,
        "category": "Civic & Government Institutions",
        "name": "Grace Villa and Mother Teresa Health Centre",
        "highway": null,
        "railway": null,
        "waterway": null,
        "amenity": "hospital",
        "city": "Ranchi",
        "district": "Ranchi",
        "state": "Jharkhand",
        "state_code": "20"
      }
    },
    {
      "type": "Feature",
      "id": 7676866184,
      "geometry": {
        "type": "Point",
        "coordinates": [
          85.352458,
          23.395954
        ]
      },
      "properties": {
        "osm_id": 7676866184,
        "category": "Civic & Government Institutions",
        "name": "Life Care Trust Hospital",
        "highway": null,
        "railway": null,
        "waterway": null,
        "amenity": "hospital",
        "city": "Ranchi",
        "district": "Ranchi",
        "state": "Jharkhand",
        "state_code": "20"
      }
    },
    {
      "type": "Feature",
      "id": 7676866185,
      "geometry": {
        "type": "Point",
        "coordinates": [
          85.357673,
          23.402271
        ]
      },
      "properties": {
        "osm_id": 7676866185,
        "category": "Civic & Government Institutions",
        "name": "R R Eye Foundation",
        "highway": null,
        "railway": null,
        "waterway": null,
        "amenity": "hospital",
        "city": "Ranchi",
        "district": "Ranchi",
        "state": "Jharkhand",
        "state_code": "20"
      }
    },
    {
      "type": "Feature",
      "id": 7676866190,
      "geometry": {
        "type": "Point",
        "coordinates": [
          85.3473825,
          23.3926241
        ]
      },
      "properties": {
        "osm_id": 7676866190,
        "category": "Civic & Government Institutions",
        "name": "Ishaan Skin Care Hospital",
        "highway": null,
        "railway": null,
        "waterway": null,
        "amenity": "hospital",
        "city": "Ranchi",
        "district": "Ranchi",
        "state": "Jharkhand",
        "state_code": "20"
      }
    },
    {
      "type": "Feature",
      "id": 7676866192,
      "geometry": {
        "type": "Point",
        "coordinates": [
          85.353709,
          23.3939047
        ]
      },
      "properties": {
        "osm_id": 7676866192,
        "category": "Civic & Government Institutions",
        "name": "Lake View Hospital",
        "highway": null,
        "railway": null,
        "waterway": null,
        "amenity": "hospital",
        "city": "Ranchi",
        "district": "Ranchi",
        "state": "Jharkhand",
        "state_code": "20"
      }
    },
    {
      "type": "Feature",
      "id": 7676866195,
      "geometry": {
        "type": "Point",
        "coordinates": [
          85.3796672,
          23.3963061
        ]
      },
      "properties": {
        "osm_id": 7676866195,
        "category": "Civic & Government Institutions",
        "name": "Ranchi Nursing Hospital",
        "highway": null,
        "railway": null,
        "waterway": null,
        "amenity": "hospital",
        "city": "Ranchi",
        "district": "Ranchi",
        "state": "Jharkhand",
        "state_code": "20"
      }
    },
    {
      "type": "Feature",
      "id": 7676866196,
      "geometry": {
        "type": "Point",
        "coordinates": [
          85.3166668,
          23.3819784
        ]
      },
      "properties": {
        "osm_id": 7676866196,
        "category": "Civic & Government Institutions",
        "name": "Jagannath Hospital & Research Centre",
        "highway": null,
        "railway": null,
        "waterway": null,
        "amenity": "hospital",
        "city": "Ranchi",
        "district": "Ranchi",
        "state": "Jharkhand",
        "state_code": "20"
      }
    },
    {
      "type": "Feature",
      "id": 7676866197,
      "geometry": {
        "type": "Point",
        "coordinates": [
          85.3806595,
          23.3966202
        ]
      },
      "properties": {
        "osm_id": 7676866197,
        "category": "Civic & Government Institutions",
        "name": "Dr. B.K. Singh Hospital",
        "highway": null,
        "railway": null,
        "waterway": null,
        "amenity": "hospital",
        "city": "Ranchi",
        "district": "Ranchi",
        "state": "Jharkhand",
        "state_code": "20"
      }
    },
    {
      "type": "Feature",
      "id": 7676866199,
      "geometry": {
        "type": "Point",
        "coordinates": [
          85.379536,
          23.396421
        ]
      },
      "properties": {
        "osm_id": 7676866199,
        "category": "Civic & Government Institutions",
        "name": "Bhawani Children Hospital",
        "highway": null,
        "railway": null,
        "waterway": null,
        "amenity": "hospital",
        "city": "Ranchi",
        "district": "Ranchi",
        "state": "Jharkhand",
        "state_code": "20"
      }
    },
    {
      "type": "Feature",
      "id": 7676866200,
      "geometry": {
        "type": "Point",
        "coordinates": [
          85.3442734,
          23.3653288
        ]
      },
      "properties": {
        "osm_id": 7676866200,
        "category": "Civic & Government Institutions",
        "name": "Madhuri Nursing Home",
        "highway": null,
        "railway": null,
        "waterway": null,
        "amenity": "hospital",
        "city": "Ranchi",
        "district": "Ranchi",
        "state": "Jharkhand",
        "state_code": "20"
      }
    },
    {
      "type": "Feature",
      "id": 7676866202,
      "geometry": {
        "type": "Point",
        "coordinates": [
          85.3241476,
          23.3792211
        ]
      },
      "properties": {
        "osm_id": 7676866202,
        "category": "Civic & Government Institutions",
        "name": "Dr. Ajit Sahay Children's Hospital",
        "highway": null,
        "railway": null,
        "waterway": null,
        "amenity": "hospital",
        "city": "Ranchi",
        "district": "Ranchi",
        "state": "Jharkhand",
        "state_code": "20"
      }
    },
    {
      "type": "Feature",
      "id": 7676866203,
      "geometry": {
        "type": "Point",
        "coordinates": [
          85.3160406,
          23.3790664
        ]
      },
      "properties": {
        "osm_id": 7676866203,
        "category": "Civic & Government Institutions",
        "name": "Nagar Nigam Devkamal Hospital",
        "highway": null,
        "railway": null,
        "waterway": null,
        "amenity": "hospital",
        "city": "Ranchi",
        "district": "Ranchi",
        "state": "Jharkhand",
        "state_code": "20"
      }
    },
    {
      "type": "Feature",
      "id": 7676866207,
      "geometry": {
        "type": "Point",
        "coordinates": [
          85.3334876,
          23.3712479
        ]
      },
      "properties": {
        "osm_id": 7676866207,
        "category": "Civic & Government Institutions",
        "name": "Orchid Medical Centre Hospital",
        "highway": null,
        "railway": null,
        "waterway": null,
        "amenity": "hospital",
        "city": "Ranchi",
        "district": "Ranchi",
        "state": "Jharkhand",
        "state_code": "20"
      }
    },
    {
      "type": "Feature",
      "id": 7676866208,
      "geometry": {
        "type": "Point",
        "coordinates": [
          85.3639974,
          23.4007685
        ]
      },
      "properties": {
        "osm_id": 7676866208,
        "category": "Civic & Government Institutions",
        "name": "Roy Neuro Care",
        "highway": null,
        "railway": null,
        "waterway": null,
        "amenity": "hospital",
        "city": "Ranchi",
        "district": "Ranchi",
        "state": "Jharkhand",
        "state_code": "20"
      }
    },
    {
      "type": "Feature",
      "id": 7676866210,
      "geometry": {
        "type": "Point",
        "coordinates": [
          85.364244,
          23.399733
        ]
      },
      "properties": {
        "osm_id": 7676866210,
        "category": "Civic & Government Institutions",
        "name": "Dr. A.K. Narayan Hospital",
        "highway": null,
        "railway": null,
        "waterway": null,
        "amenity": "hospital",
        "city": "Ranchi",
        "district": "Ranchi",
        "state": "Jharkhand",
        "state_code": "20"
      }
    },
    {
      "type": "Feature",
      "id": 7676866211,
      "geometry": {
        "type": "Point",
        "coordinates": [
          85.3334952,
          23.3879124
        ]
      },
      "properties": {
        "osm_id": 7676866211,
        "category": "Civic & Government Institutions",
        "name": "Agrawal Nursing Home",
        "highway": null,
        "railway": null,
        "waterway": null,
        "amenity": "hospital",
        "city": "Ranchi",
        "district": "Ranchi",
        "state": "Jharkhand",
        "state_code": "20"
      }
    },
    {
      "type": "Feature",
      "id": 7676866212,
      "geometry": {
        "type": "Point",
        "coordinates": [
          85.3834861,
          23.39555
        ]
      },
      "properties": {
        "osm_id": 7676866212,
        "category": "Civic & Government Institutions",
        "name": "Shivam Multispeciality Dental Hospital",
        "highway": null,
        "railway": null,
        "waterway": null,
        "amenity": "hospital",
        "city": "Ranchi",
        "district": "Ranchi",
        "state": "Jharkhand",
        "state_code": "20"
      }
    },
    {
      "type": "Feature",
      "id": 7676866213,
      "geometry": {
        "type": "Point",
        "coordinates": [
          85.2890803,
          23.3834369
        ]
      },
      "properties": {
        "osm_id": 7676866213,
        "category": "Civic & Government Institutions",
        "name": "Dream Care Hospital",
        "highway": null,
        "railway": null,
        "waterway": null,
        "amenity": "hospital",
        "city": "Ranchi",
        "district": "Ranchi",
        "state": "Jharkhand",
        "state_code": "20"
      }
    },
    {
      "type": "Feature",
      "id": 7676866215,
      "geometry": {
        "type": "Point",
        "coordinates": [
          85.374159,
          23.38922
        ]
      },
      "properties": {
        "osm_id": 7676866215,
        "category": "Civic & Government Institutions",
        "name": "Om Sai Chirayu Hospital",
        "highway": null,
        "railway": null,
        "waterway": null,
        "amenity": "hospital",
        "city": "Ranchi",
        "district": "Ranchi",
        "state": "Jharkhand",
        "state_code": "20"
      }
    },
    {
      "type": "Feature",
      "id": 7676866218,
      "geometry": {
        "type": "Point",
        "coordinates": [
          85.3362681,
          23.3708115
        ]
      },
      "properties": {
        "osm_id": 7676866218,
        "category": "Civic & Government Institutions",
        "name": "Dr. Mukti Sharan Hospital",
        "highway": null,
        "railway": null,
        "waterway": null,
        "amenity": "hospital",
        "city": "Ranchi",
        "district": "Ranchi",
        "state": "Jharkhand",
        "state_code": "20"
      }
    },
    {
      "type": "Feature",
      "id": 7676866219,
      "geometry": {
        "type": "Point",
        "coordinates": [
          85.3608358,
          23.3784427
        ]
      },
      "properties": {
        "osm_id": 7676866219,
        "category": "Civic & Government Institutions",
        "name": "Samford Hospital",
        "highway": null,
        "railway": null,
        "waterway": null,
        "amenity": "hospital",
        "city": "Ranchi",
        "district": "Ranchi",
        "state": "Jharkhand",
        "state_code": "20"
      }
    },
    {
      "type": "Feature",
      "id": 7676866220,
      "geometry": {
        "type": "Point",
        "coordinates": [
          85.3823644,
          23.3956029
        ]
      },
      "properties": {
        "osm_id": 7676866220,
        "category": "Civic & Government Institutions",
        "name": "Life Care Hospital",
        "highway": null,
        "railway": null,
        "waterway": null,
        "amenity": "hospital",
        "city": "Ranchi",
        "district": "Ranchi",
        "state": "Jharkhand",
        "state_code": "20"
      }
    },
    {
      "type": "Feature",
      "id": 7676866235,
      "geometry": {
        "type": "Point",
        "coordinates": [
          85.344704,
          23.3904424
        ]
      },
      "properties": {
        "osm_id": 7676866235,
        "category": "Civic & Government Institutions",
        "name": "Comprehensive Cardiac Care Centre",
        "highway": null,
        "railway": null,
        "waterway": null,
        "amenity": "hospital",
        "city": "Ranchi",
        "district": "Ranchi",
        "state": "Jharkhand",
        "state_code": "20"
      }
    },
    {
      "type": "Feature",
      "id": 7676866236,
      "geometry": {
        "type": "Point",
        "coordinates": [
          85.3383995,
          23.3711411
        ]
      },
      "properties": {
        "osm_id": 7676866236,
        "category": "Civic & Government Institutions",
        "name": "Usha Rani Nursing Home",
        "highway": null,
        "railway": null,
        "waterway": null,
        "amenity": "hospital",
        "city": "Ranchi",
        "district": "Ranchi",
        "state": "Jharkhand",
        "state_code": "20"
      }
    },
    {
      "type": "Feature",
      "id": 7676866237,
      "geometry": {
        "type": "Point",
        "coordinates": [
          85.3384208,
          23.3855602
        ]
      },
      "properties": {
        "osm_id": 7676866237,
        "category": "Civic & Government Institutions",
        "name": "Matri Jeevan Nursing Hospital",
        "highway": null,
        "railway": null,
        "waterway": null,
        "amenity": "hospital",
        "city": "Ranchi",
        "district": "Ranchi",
        "state": "Jharkhand",
        "state_code": "20"
      }
    },
    {
      "type": "Feature",
      "id": 7676866240,
      "geometry": {
        "type": "Point",
        "coordinates": [
          85.309507,
          23.380057
        ]
      },
      "properties": {
        "osm_id": 7676866240,
        "category": "Civic & Government Institutions",
        "name": "Popular Nursing Home",
        "highway": null,
        "railway": null,
        "waterway": null,
        "amenity": "hospital",
        "city": "Ranchi",
        "district": "Ranchi",
        "state": "Jharkhand",
        "state_code": "20"
      }
    },
    {
      "type": "Feature",
      "id": 7676866245,
      "geometry": {
        "type": "Point",
        "coordinates": [
          85.3436291,
          23.3904852
        ]
      },
      "properties": {
        "osm_id": 7676866245,
        "category": "Civic & Government Institutions",
        "name": "Maa Ram Pyari SuperSpeciality Hospital",
        "highway": null,
        "railway": null,
        "waterway": null,
        "amenity": "hospital",
        "city": "Ranchi",
        "district": "Ranchi",
        "state": "Jharkhand",
        "state_code": "20"
      }
    },
    {
      "type": "Feature",
      "id": 7676866247,
      "geometry": {
        "type": "Point",
        "coordinates": [
          85.3105884,
          23.3798071
        ]
      },
      "properties": {
        "osm_id": 7676866247,
        "category": "Civic & Government Institutions",
        "name": "Shri Ganesh Eye Hospital",
        "highway": null,
        "railway": null,
        "waterway": null,
        "amenity": "hospital",
        "city": "Ranchi",
        "district": "Ranchi",
        "state": "Jharkhand",
        "state_code": "20"
      }
    },
    {
      "type": "Feature",
      "id": 7676866248,
      "geometry": {
        "type": "Point",
        "coordinates": [
          85.310223,
          23.382995
        ]
      },
      "properties": {
        "osm_id": 7676866248,
        "category": "Civic & Government Institutions",
        "name": "Lal Nursing Home",
        "highway": null,
        "railway": null,
        "waterway": null,
        "amenity": "hospital",
        "city": "Ranchi",
        "district": "Ranchi",
        "state": "Jharkhand",
        "state_code": "20"
      }
    },
    {
      "type": "Feature",
      "id": 8917204844,
      "geometry": {
        "type": "Point",
        "coordinates": [
          85.331037,
          23.3496083
        ]
      },
      "properties": {
        "osm_id": 8917204844,
        "category": "Civic & Government Institutions",
        "name": "ICICI Bank",
        "highway": null,
        "railway": null,
        "waterway": null,
        "amenity": "bank",
        "city": "Ranchi",
        "district": "Ranchi",
        "state": "Jharkhand",
        "state_code": "20"
      }
    },
    {
      "type": "Feature",
      "id": 8917241838,
      "geometry": {
        "type": "Point",
        "coordinates": [
          85.3299376,
          23.3513492
        ]
      },
      "properties": {
        "osm_id": 8917241838,
        "category": "Civic & Government Institutions",
        "name": "Veterinary Hospital",
        "highway": null,
        "railway": null,
        "waterway": null,
        "amenity": "hospital",
        "city": "Ranchi",
        "district": "Ranchi",
        "state": "Jharkhand",
        "state_code": "20"
      }
    },
    {
      "type": "Feature",
      "id": 8917267573,
      "geometry": {
        "type": "Point",
        "coordinates": [
          85.3257379,
          23.3513767
        ]
      },
      "properties": {
        "osm_id": 8917267573,
        "category": "Civic & Government Institutions",
        "name": "Dentica",
        "highway": null,
        "railway": null,
        "waterway": null,
        "amenity": "hospital",
        "city": "Ranchi",
        "district": "Ranchi",
        "state": "Jharkhand",
        "state_code": "20"
      }
    },
    {
      "type": "Feature",
      "id": 8917356761,
      "geometry": {
        "type": "Point",
        "coordinates": [
          85.3256983,
          23.3500519
        ]
      },
      "properties": {
        "osm_id": 8917356761,
        "category": "Civic & Government Institutions",
        "name": "Amity University Jharkhand (RANCHI)",
        "highway": null,
        "railway": null,
        "waterway": null,
        "amenity": "university",
        "city": "Ranchi",
        "district": "Ranchi",
        "state": "Jharkhand",
        "state_code": "20"
      }
    },
    {
      "type": "Feature",
      "id": 8917370524,
      "geometry": {
        "type": "Point",
        "coordinates": [
          85.3276219,
          23.3505627
        ]
      },
      "properties": {
        "osm_id": 8917370524,
        "category": "Civic & Government Institutions",
        "name": "Firayalal Public School",
        "highway": null,
        "railway": null,
        "waterway": null,
        "amenity": "school",
        "city": "Ranchi",
        "district": "Ranchi",
        "state": "Jharkhand",
        "state_code": "20"
      }
    },
    {
      "type": "Feature",
      "id": 9231992300,
      "geometry": {
        "type": "Point",
        "coordinates": [
          85.3084951,
          23.3094048
        ]
      },
      "properties": {
        "osm_id": 9231992300,
        "category": "Rail Network & Terminals",
        "name": "Hatia",
        "highway": null,
        "railway": "station",
        "waterway": null,
        "amenity": null,
        "city": "Ranchi",
        "district": "Ranchi",
        "state": "Jharkhand",
        "state_code": "20"
      }
    },
    {
      "type": "Feature",
      "id": 9234071552,
      "geometry": {
        "type": "Point",
        "coordinates": [
          85.3150365,
          23.3472636
        ]
      },
      "properties": {
        "osm_id": 9234071552,
        "category": "Rail Network & Terminals",
        "name": "Argora",
        "highway": null,
        "railway": "station",
        "waterway": null,
        "amenity": null,
        "city": "Ranchi",
        "district": "Ranchi",
        "state": "Jharkhand",
        "state_code": "20"
      }
    },
    {
      "type": "Feature",
      "id": 9234091686,
      "geometry": {
        "type": "Point",
        "coordinates": [
          85.3355688,
          23.3493186
        ]
      },
      "properties": {
        "osm_id": 9234091686,
        "category": "Rail Network & Terminals",
        "name": "Ranchi",
        "highway": null,
        "railway": "station",
        "waterway": null,
        "amenity": null,
        "city": "Ranchi",
        "district": "Ranchi",
        "state": "Jharkhand",
        "state_code": "20"
      }
    },
    {
      "type": "Feature",
      "id": 9288959745,
      "geometry": {
        "type": "Point",
        "coordinates": [
          85.3762764,
          23.3516539
        ]
      },
      "properties": {
        "osm_id": 9288959745,
        "category": "Rail Network & Terminals",
        "name": "Namkon",
        "highway": null,
        "railway": "station",
        "waterway": null,
        "amenity": null,
        "city": "Ranchi",
        "district": "Ranchi",
        "state": "Jharkhand",
        "state_code": "20"
      }
    },
    {
      "type": "Feature",
      "id": 9289111539,
      "geometry": {
        "type": "Point",
        "coordinates": [
          85.3238263,
          23.3506589
        ]
      },
      "properties": {
        "osm_id": 9289111539,
        "category": "Civic & Government Institutions",
        "name": "Nath Hospital, Ranchi",
        "highway": null,
        "railway": null,
        "waterway": null,
        "amenity": "hospital",
        "city": "Ranchi",
        "district": "Ranchi",
        "state": "Jharkhand",
        "state_code": "20"
      }
    },
    {
      "type": "Feature",
      "id": 9289111549,
      "geometry": {
        "type": "Point",
        "coordinates": [
          85.3460929,
          23.3523573
        ]
      },
      "properties": {
        "osm_id": 9289111549,
        "category": "Civic & Government Institutions",
        "name": "Canara Bank",
        "highway": null,
        "railway": null,
        "waterway": null,
        "amenity": "bank",
        "city": "Ranchi",
        "district": "Ranchi",
        "state": "Jharkhand",
        "state_code": "20"
      }
    },
    {
      "type": "Feature",
      "id": 9500417219,
      "geometry": {
        "type": "Point",
        "coordinates": [
          85.3144444,
          23.3787764
        ]
      },
      "properties": {
        "osm_id": 9500417219,
        "category": "Civic & Government Institutions",
        "name": "Kotak Mahindra Bank",
        "highway": null,
        "railway": null,
        "waterway": null,
        "amenity": "bank",
        "city": "Ranchi",
        "district": "Ranchi",
        "state": "Jharkhand",
        "state_code": "20"
      }
    },
    {
      "type": "Feature",
      "id": 10017490118,
      "geometry": {
        "type": "Point",
        "coordinates": [
          85.3119046,
          23.370514
        ]
      },
      "properties": {
        "osm_id": 10017490118,
        "category": "Civic & Government Institutions",
        "name": "HDFC Bank",
        "highway": null,
        "railway": null,
        "waterway": null,
        "amenity": "bank",
        "city": "Ranchi",
        "district": "Ranchi",
        "state": "Jharkhand",
        "state_code": "20"
      }
    },
    {
      "type": "Feature",
      "id": 10273466111,
      "geometry": {
        "type": "Point",
        "coordinates": [
          85.3086581,
          23.3590567
        ]
      },
      "properties": {
        "osm_id": 10273466111,
        "category": "Civic & Government Institutions",
        "name": "Bank of India",
        "highway": null,
        "railway": null,
        "waterway": null,
        "amenity": "bank",
        "city": "Ranchi",
        "district": "Ranchi",
        "state": "Jharkhand",
        "state_code": "20"
      }
    },
    {
      "type": "Feature",
      "id": 10273478609,
      "geometry": {
        "type": "Point",
        "coordinates": [
          85.3092257,
          23.363883
        ]
      },
      "properties": {
        "osm_id": 10273478609,
        "category": "Civic & Government Institutions",
        "name": "Alisha's Dance Studio",
        "highway": null,
        "railway": null,
        "waterway": null,
        "amenity": "school",
        "city": "Ranchi",
        "district": "Ranchi",
        "state": "Jharkhand",
        "state_code": "20"
      }
    },
    {
      "type": "Feature",
      "id": 10902633270,
      "geometry": {
        "type": "Point",
        "coordinates": [
          85.3113998,
          23.3381299
        ]
      },
      "properties": {
        "osm_id": 10902633270,
        "category": "Civic & Government Institutions",
        "name": "State Bank of India",
        "highway": null,
        "railway": null,
        "waterway": null,
        "amenity": "bank",
        "city": "Ranchi",
        "district": "Ranchi",
        "state": "Jharkhand",
        "state_code": "20"
      }
    },
    {
      "type": "Feature",
      "id": 10902633271,
      "geometry": {
        "type": "Point",
        "coordinates": [
          85.3116675,
          23.3381068
        ]
      },
      "properties": {
        "osm_id": 10902633271,
        "category": "Civic & Government Institutions",
        "name": "ICICI Bank",
        "highway": null,
        "railway": null,
        "waterway": null,
        "amenity": "bank",
        "city": "Ranchi",
        "district": "Ranchi",
        "state": "Jharkhand",
        "state_code": "20"
      }
    },
    {
      "type": "Feature",
      "id": 10902633272,
      "geometry": {
        "type": "Point",
        "coordinates": [
          85.3116939,
          23.3381126
        ]
      },
      "properties": {
        "osm_id": 10902633272,
        "category": "Civic & Government Institutions",
        "name": "Clinic",
        "highway": null,
        "railway": null,
        "waterway": null,
        "amenity": "hospital",
        "city": "Ranchi",
        "district": "Ranchi",
        "state": "Jharkhand",
        "state_code": "20"
      }
    },
    {
      "type": "Feature",
      "id": 10902707722,
      "geometry": {
        "type": "Point",
        "coordinates": [
          85.3120367,
          23.336477
        ]
      },
      "properties": {
        "osm_id": 10902707722,
        "category": "Civic & Government Institutions",
        "name": "Union Bank of India",
        "highway": null,
        "railway": null,
        "waterway": null,
        "amenity": "bank",
        "city": "Ranchi",
        "district": "Ranchi",
        "state": "Jharkhand",
        "state_code": "20"
      }
    },
    {
      "type": "Feature",
      "id": 11955684852,
      "geometry": {
        "type": "Point",
        "coordinates": [
          85.3274126,
          23.3711603
        ]
      },
      "properties": {
        "osm_id": 11955684852,
        "category": "Civic & Government Institutions",
        "name": "Axis Bank",
        "highway": null,
        "railway": null,
        "waterway": null,
        "amenity": "bank",
        "city": "Ranchi",
        "district": "Ranchi",
        "state": "Jharkhand",
        "state_code": "20"
      }
    },
    {
      "type": "Feature",
      "id": 13116136616,
      "geometry": {
        "type": "Point",
        "coordinates": [
          85.3031239,
          23.3213048
        ]
      },
      "properties": {
        "osm_id": 13116136616,
        "category": "Civic & Government Institutions",
        "name": "Jagarnathpur Thana",
        "highway": null,
        "railway": null,
        "waterway": null,
        "amenity": "police",
        "city": "Ranchi",
        "district": "Ranchi",
        "state": "Jharkhand",
        "state_code": "20"
      }
    },
    {
      "type": "Feature",
      "id": 13172543046,
      "geometry": {
        "type": "Point",
        "coordinates": [
          85.3217982,
          23.3387767
        ]
      },
      "properties": {
        "osm_id": 13172543046,
        "category": "Civic & Government Institutions",
        "name": "Doronda Police Station",
        "highway": null,
        "railway": null,
        "waterway": null,
        "amenity": "police",
        "city": "Ranchi",
        "district": "Ranchi",
        "state": "Jharkhand",
        "state_code": "20"
      }
    },
    {
      "type": "Feature",
      "id": 13172543047,
      "geometry": {
        "type": "Point",
        "coordinates": [
          85.3353855,
          23.371628
        ]
      },
      "properties": {
        "osm_id": 13172543047,
        "category": "Civic & Government Institutions",
        "name": "Lalpur Police Station",
        "highway": null,
        "railway": null,
        "waterway": null,
        "amenity": "police",
        "city": "Ranchi",
        "district": "Ranchi",
        "state": "Jharkhand",
        "state_code": "20"
      }
    },
    {
      "type": "Feature",
      "id": 13172543048,
      "geometry": {
        "type": "Point",
        "coordinates": [
          85.3484455,
          23.3934131
        ]
      },
      "properties": {
        "osm_id": 13172543048,
        "category": "Civic & Government Institutions",
        "name": "Bariatu Thana",
        "highway": null,
        "railway": null,
        "waterway": null,
        "amenity": "police",
        "city": "Ranchi",
        "district": "Ranchi",
        "state": "Jharkhand",
        "state_code": "20"
      }
    },
    {
      "type": "Feature",
      "id": 13172571033,
      "geometry": {
        "type": "Point",
        "coordinates": [
          85.3424918,
          23.3051145
        ]
      },
      "properties": {
        "osm_id": 13172571033,
        "category": "Civic & Government Institutions",
        "name": "Airport Police Station",
        "highway": null,
        "railway": null,
        "waterway": null,
        "amenity": "police",
        "city": "Ranchi",
        "district": "Ranchi",
        "state": "Jharkhand",
        "state_code": "20"
      }
    },
    {
      "type": "Feature",
      "id": 13172623341,
      "geometry": {
        "type": "Point",
        "coordinates": [
          85.2779116,
          23.3886591
        ]
      },
      "properties": {
        "osm_id": 13172623341,
        "category": "Civic & Government Institutions",
        "name": "Pandra Police Station",
        "highway": null,
        "railway": null,
        "waterway": null,
        "amenity": "police",
        "city": "Ranchi",
        "district": "Ranchi",
        "state": "Jharkhand",
        "state_code": "20"
      }
    },
    {
      "type": "Feature",
      "id": 13707132101,
      "geometry": {
        "type": "Point",
        "coordinates": [
          85.3758333,
          23.3302759
        ]
      },
      "properties": {
        "osm_id": 13707132101,
        "category": "Civic & Government Institutions",
        "name": "SBI Bank",
        "highway": null,
        "railway": null,
        "waterway": null,
        "amenity": "bank",
        "city": "Ranchi",
        "district": "Ranchi",
        "state": "Jharkhand",
        "state_code": "20"
      }
    },
    {
      "type": "Feature",
      "id": 13810535691,
      "geometry": {
        "type": "Point",
        "coordinates": [
          85.338399,
          23.3941
        ]
      },
      "properties": {
        "osm_id": 13810535691,
        "category": "Civic & Government Institutions",
        "name": "Kids Fort Primary School",
        "highway": null,
        "railway": null,
        "waterway": null,
        "amenity": "school",
        "city": "Ranchi",
        "district": "Ranchi",
        "state": "Jharkhand",
        "state_code": "20"
      }
    },
    {
      "type": "Feature",
      "id": 44522525,
      "geometry": {
        "type": "LineString",
        "coordinates": [
          [
            85.3241572,
            23.3486805
          ],
          [
            85.3189343,
            23.3483479
          ],
          [
            85.3183442,
            23.3482897
          ],
          [
            85.3177445,
            23.3481844
          ],
          [
            85.317126,
            23.3480312
          ],
          [
            85.3165611,
            23.3478248
          ],
          [
            85.3160188,
            23.3475762
          ],
          [
            85.3138943,
            23.3465876
          ],
          [
            85.3095365,
            23.3445527
          ],
          [
            85.3070995,
            23.3434147
          ],
          [
            85.306639,
            23.3431877
          ],
          [
            85.3062024,
            23.3429257
          ],
          [
            85.3058591,
            23.3426913
          ],
          [
            85.3053924,
            23.3423094
          ],
          [
            85.3051739,
            23.342103
          ],
          [
            85.3048218,
            23.3417101
          ],
          [
            85.3044701,
            23.3412084
          ],
          [
            85.3041827,
            23.3406718
          ],
          [
            85.3039949,
            23.3402271
          ],
          [
            85.3038573,
            23.3398109
          ],
          [
            85.3037906,
            23.3394976
          ],
          [
            85.3037379,
            23.3391405
          ],
          [
            85.3037096,
            23.3387601
          ],
          [
            85.3037098,
            23.3383901
          ],
          [
            85.3037529,
            23.3379836
          ],
          [
            85.3038348,
            23.3374062
          ],
          [
            85.3042254,
            23.3351405
          ],
          [
            85.3045625,
            23.3331879
          ],
          [
            85.3046786,
            23.33253
          ],
          [
            85.304997,
            23.3306797
          ],
          [
            85.3052503,
            23.3291508
          ],
          [
            85.3054915,
            23.3277238
          ],
          [
            85.3057517,
            23.3262225
          ],
          [
            85.3059801,
            23.3248003
          ],
          [
            85.3060864,
            23.3241016
          ],
          [
            85.3062742,
            23.3231689
          ],
          [
            85.3064565,
            23.3221484
          ],
          [
            85.3065357,
            23.3217026
          ]
        ]
      },
      "properties": {
        "osm_id": 44522525,
        "category": "Rail Network & Terminals",
        "name": "Ranchi Infrastructure (Rail Network & Terminals)",
        "highway": null,
        "railway": "rail",
        "waterway": null,
        "amenity": null,
        "city": "Ranchi",
        "district": "Ranchi",
        "state": "Jharkhand",
        "state_code": "20"
      }
    },
    {
      "type": "Feature",
      "id": 44522961,
      "geometry": {
        "type": "LineString",
        "coordinates": [
          [
            85.3377532,
            23.3510503
          ],
          [
            85.3383624,
            23.3503307
          ],
          [
            85.3386414,
            23.3500662
          ],
          [
            85.3389299,
            23.3498646
          ],
          [
            85.3393564,
            23.349662
          ],
          [
            85.3397378,
            23.349579
          ],
          [
            85.3402217,
            23.3495383
          ],
          [
            85.3404758,
            23.3495132
          ]
        ]
      },
      "properties": {
        "osm_id": 44522961,
        "category": "Rail Network & Terminals",
        "name": "Ranchi Infrastructure (Rail Network & Terminals)",
        "highway": null,
        "railway": "rail",
        "waterway": null,
        "amenity": null,
        "city": "Ranchi",
        "district": "Ranchi",
        "state": "Jharkhand",
        "state_code": "20"
      }
    },
    {
      "type": "Feature",
      "id": 44522986,
      "geometry": {
        "type": "LineString",
        "coordinates": [
          [
            85.3696893,
            23.3513367
          ],
          [
            85.3702651,
            23.3513568
          ],
          [
            85.3713744,
            23.3513945
          ],
          [
            85.3718614,
            23.3513789
          ],
          [
            85.3726986,
            23.3513748
          ],
          [
            85.3760268,
            23.3515259
          ],
          [
            85.3784992,
            23.3516177
          ],
          [
            85.3806042,
            23.3517137
          ],
          [
            85.3811504,
            23.3517428
          ],
          [
            85.3818242,
            23.3517897
          ],
          [
            85.3828001,
            23.3518826
          ]
        ]
      },
      "properties": {
        "osm_id": 44522986,
        "category": "Rail Network & Terminals",
        "name": "Ranchi Infrastructure (Rail Network & Terminals)",
        "highway": null,
        "railway": "rail",
        "waterway": null,
        "amenity": null,
        "city": "Ranchi",
        "district": "Ranchi",
        "state": "Jharkhand",
        "state_code": "20"
      }
    },
    {
      "type": "Feature",
      "id": 44522988,
      "geometry": {
        "type": "LineString",
        "coordinates": [
          [
            85.3688612,
            23.3512978
          ],
          [
            85.3696893,
            23.3513367
          ]
        ]
      },
      "properties": {
        "osm_id": 44522988,
        "category": "Rail Network & Terminals",
        "name": "Ranchi Infrastructure (Rail Network & Terminals)",
        "highway": null,
        "railway": "rail",
        "waterway": null,
        "amenity": null,
        "city": "Ranchi",
        "district": "Ranchi",
        "state": "Jharkhand",
        "state_code": "20"
      }
    },
    {
      "type": "Feature",
      "id": 44523435,
      "geometry": {
        "type": "LineString",
        "coordinates": [
          [
            85.305275,
            23.3145096
          ],
          [
            85.3051255,
            23.3141696
          ],
          [
            85.3049965,
            23.3137327
          ],
          [
            85.3049456,
            23.3134838
          ],
          [
            85.3049373,
            23.3133014
          ],
          [
            85.3049497,
            23.313063
          ],
          [
            85.3050818,
            23.3122063
          ],
          [
            85.3052706,
            23.3111252
          ],
          [
            85.3054013,
            23.3105556
          ],
          [
            85.3056009,
            23.3099591
          ],
          [
            85.3058002,
            23.3095098
          ],
          [
            85.3060646,
            23.3089958
          ],
          [
            85.3064615,
            23.3083281
          ],
          [
            85.3070038,
            23.3074419
          ],
          [
            85.3075684,
            23.3065118
          ],
          [
            85.3078228,
            23.3061264
          ],
          [
            85.307976,
            23.305903
          ],
          [
            85.3082009,
            23.3056516
          ],
          [
            85.3082371,
            23.3056135
          ]
        ]
      },
      "properties": {
        "osm_id": 44523435,
        "category": "Rail Network & Terminals",
        "name": "Ranchi Infrastructure (Rail Network & Terminals)",
        "highway": null,
        "railway": "rail",
        "waterway": null,
        "amenity": null,
        "city": "Ranchi",
        "district": "Ranchi",
        "state": "Jharkhand",
        "state_code": "20"
      }
    },
    {
      "type": "Feature",
      "id": 44555552,
      "geometry": {
        "type": "LineString",
        "coordinates": [
          [
            85.2723721,
            23.3170473
          ],
          [
            85.2718876,
            23.3170952
          ],
          [
            85.2716868,
            23.3171318
          ],
          [
            85.2714954,
            23.3171799
          ],
          [
            85.2710779,
            23.3173176
          ],
          [
            85.2707241,
            23.3174717
          ],
          [
            85.2703698,
            23.3176561
          ],
          [
            85.2695556,
            23.3181097
          ],
          [
            85.2686647,
            23.318606
          ],
          [
            85.2685098,
            23.3186888
          ],
          [
            85.2681177,
            23.3188974
          ],
          [
            85.2680075,
            23.3189561
          ],
          [
            85.2666619,
            23.3196502
          ],
          [
            85.2664178,
            23.3197761
          ],
          [
            85.2661703,
            23.3199038
          ],
          [
            85.2660971,
            23.3199433
          ],
          [
            85.2651928,
            23.320439
          ],
          [
            85.2650339,
            23.3205261
          ],
          [
            85.2647405,
            23.3206869
          ],
          [
            85.2636192,
            23.3212852
          ],
          [
            85.2634749,
            23.3213622
          ],
          [
            85.2628144,
            23.3217523
          ],
          [
            85.2627629,
            23.3217827
          ],
          [
            85.262387,
            23.3220213
          ],
          [
            85.2612663,
            23.3227847
          ],
          [
            85.2609942,
            23.32297
          ],
          [
            85.2607222,
            23.3232039
          ],
          [
            85.2605917,
            23.3233281
          ],
          [
            85.2602361,
            23.3236663
          ],
          [
            85.2601535,
            23.3237516
          ],
          [
            85.2598203,
            23.3240957
          ],
          [
            85.2591226,
            23.324878
          ],
          [
            85.2586888,
            23.3254202
          ],
          [
            85.2583854,
            23.3257993
          ],
          [
            85.2582791,
            23.325948
          ],
          [
            85.2579907,
            23.3263515
          ],
          [
            85.2579072,
            23.3264661
          ],
          [
            85.2570871,
            23.3276146
          ],
          [
            85.2562053,
            23.3288494
          ],
          [
            85.2560736,
            23.3290325
          ],
          [
            85.2554042,
            23.3299632
          ],
          [
            85.2541667,
            23.3317052
          ],
          [
            85.2540938,
            23.3318078
          ],
          [
            85.2538769,
            23.3321375
          ],
          [
            85.2538425,
            23.3321898
          ],
          [
            85.2538223,
            23.3322204
          ],
          [
            85.2536863,
            23.332477
          ],
          [
            85.2536054,
            23.3327996
          ],
          [
            85.2535122,
            23.3332431
          ],
          [
            85.2534803,
            23.3334031
          ],
          [
            85.2534296,
            23.3336578
          ],
          [
            85.2534204,
            23.3337689
          ],
          [
            85.2534081,
            23.3339169
          ],
          [
            85.2534055,
            23.333948
          ],
          [
            85.2533653,
            23.3342429
          ],
          [
            85.2533128,
            23.334453
          ],
          [
            85.2532828,
            23.3345289
          ],
          [
            85.2532262,
            23.3346121
          ],
          [
            85.2531595,
            23.33471
          ],
          [
            85.2527527,
            23.3352532
          ],
          [
            85.2525927,
            23.3354561
          ],
          [
            85.2517498,
            23.3365255
          ],
          [
            85.251543,
            23.3367878
          ],
          [
            85.2514318,
            23.3369289
          ],
          [
            85.2513863,
            23.336987
          ],
          [
            85.2509307,
            23.3375691
          ],
          [
            85.2508838,
            23.337629
          ],
          [
            85.2504541,
            23.3379769
          ],
          [
            85.2501977,
            23.3381846
          ],
          [
            85.2499608,
            23.3383545
          ],
          [
            85.2496362,
            23.3385873
          ],
          [
            85.2494231,
            23.3387402
          ],
          [
            85.2490704,
            23.3390449
          ],
          [
            85.248764,
            23.339329
          ],
          [
            85.2486885,
            23.339399
          ],
          [
            85.2486004,
            23.3394807
          ],
          [
            85.2485321,
            23.339544
          ],
          [
            85.2482388,
            23.3398236
          ],
          [
            85.2477719,
            23.3403011
          ],
          [
            85.2473019,
            23.3407423
          ],
          [
            85.2469966,
            23.3410396
          ],
          [
            85.2469751,
            23.3410595
          ],
          [
            85.2468024,
            23.3412178
          ],
          [
            85.2465905,
            23.341421
          ],
          [
            85.2464225,
            23.3416012
          ],
          [
            85.2462529,
            23.3417628
          ],
          [
            85.246087,
            23.3418975
          ],
          [
            85.2458928,
            23.3420506
          ],
          [
            85.2457602,
            23.3421485
          ],
          [
            85.2455324,
            23.3423383
          ],
          [
            85.2451368,
            23.3425948
          ],
          [
            85.2447638,
            23.3428189
          ],
          [
            85.2446758,
            23.3428705
          ],
          [
            85.2441725,
            23.3431736
          ],
          [
            85.2440534,
            23.3432319
          ],
          [
            85.2436653,
            23.3434405
          ],
          [
            85.2436201,
            23.3434655
          ],
          [
            85.2432784,
            23.3436374
          ],
          [
            85.2432364,
            23.3436757
          ],
          [
            85.2428628,
            23.3438737
          ],
          [
            85.2428416,
            23.3438741
          ],
          [
            85.2424515,
            23.3440764
          ],
          [
            85.2422648,
            23.344155
          ],
          [
            85.2420405,
            23.3442882
          ],
          [
            85.2417385,
            23.3444443
          ],
          [
            85.2410013,
            23.3448265
          ],
          [
            85.2404893,
            23.3450728
          ],
          [
            85.2402473,
            23.3452073
          ],
          [
            85.2400929,
            23.345314
          ],
          [
            85.2392197,
            23.3458838
          ],
          [
            85.2387999,
            23.3461875
          ],
          [
            85.2382758,
            23.3465485
          ],
          [
            85.2374675,
            23.3470979
          ],
          [
            85.2373663,
            23.3471636
          ],
          [
            85.237278,
            23.3472075
          ],
          [
            85.2371808,
            23.3472459
          ],
          [
            85.2370795,
            23.3472776
          ]
        ]
      },
      "properties": {
        "osm_id": 44555552,
        "category": "City Roadways",
        "name": "Ranchi Infrastructure (City Roadways)",
        "highway": "secondary",
        "railway": null,
        "waterway": null,
        "amenity": null,
        "city": "Ranchi",
        "district": "Ranchi",
        "state": "Jharkhand",
        "state_code": "20"
      }
    },
    {
      "type": "Feature",
      "id": 44555692,
      "geometry": {
        "type": "LineString",
        "coordinates": [
          [
            85.29268,
            23.3184021
          ],
          [
            85.292585,
            23.3184316
          ],
          [
            85.2925067,
            23.3184891
          ],
          [
            85.2924546,
            23.3185677
          ],
          [
            85.2924357,
            23.3186858
          ],
          [
            85.2924611,
            23.3187748
          ],
          [
            85.2925181,
            23.3188506
          ],
          [
            85.2925999,
            23.3189038
          ],
          [
            85.2926966,
            23.3189282
          ],
          [
            85.2927767,
            23.3189241
          ],
          [
            85.2928425,
            23.318902
          ],
          [
            85.2929037,
            23.3188687
          ],
          [
            85.2929434,
            23.318836
          ],
          [
            85.2929941,
            23.3187565
          ],
          [
            85.2930122,
            23.3186659
          ],
          [
            85.2929954,
            23.3185751
          ],
          [
            85.2929458,
            23.3184951
          ],
          [
            85.2928694,
            23.3184355
          ],
          [
            85.2927969,
            23.3184059
          ],
          [
            85.29268,
            23.3184021
          ]
        ]
      },
      "properties": {
        "osm_id": 44555692,
        "category": "City Roadways",
        "name": "JAGARNATH PUR CHOWK",
        "highway": "secondary",
        "railway": null,
        "waterway": null,
        "amenity": null,
        "city": "Ranchi",
        "district": "Ranchi",
        "state": "Jharkhand",
        "state_code": "20"
      }
    },
    {
      "type": "Feature",
      "id": 44555693,
      "geometry": {
        "type": "LineString",
        "coordinates": [
          [
            85.2929954,
            23.3185751
          ],
          [
            85.2948911,
            23.3176949
          ],
          [
            85.2974521,
            23.3164739
          ],
          [
            85.2983815,
            23.3160308
          ],
          [
            85.2985049,
            23.315972
          ]
        ]
      },
      "properties": {
        "osm_id": 44555693,
        "category": "City Roadways",
        "name": "Ranchi Infrastructure (City Roadways)",
        "highway": "secondary",
        "railway": null,
        "waterway": null,
        "amenity": null,
        "city": "Ranchi",
        "district": "Ranchi",
        "state": "Jharkhand",
        "state_code": "20"
      }
    },
    {
      "type": "Feature",
      "id": 44556379,
      "geometry": {
        "type": "LineString",
        "coordinates": [
          [
            85.2981098,
            23.350155
          ],
          [
            85.2980985,
            23.3500613
          ],
          [
            85.2980977,
            23.3500549
          ],
          [
            85.2980809,
            23.3497939
          ],
          [
            85.2981091,
            23.3494381
          ],
          [
            85.2981104,
            23.3493777
          ],
          [
            85.2981144,
            23.3493149
          ],
          [
            85.2981533,
            23.3486771
          ],
          [
            85.2981614,
            23.348325
          ],
          [
            85.2981706,
            23.3481245
          ],
          [
            85.2981842,
            23.3478903
          ],
          [
            85.2982109,
            23.3476846
          ],
          [
            85.2982405,
            23.3475456
          ],
          [
            85.2982842,
            23.3473885
          ],
          [
            85.2982967,
            23.3473379
          ],
          [
            85.2983433,
            23.3472347
          ],
          [
            85.2984855,
            23.3469202
          ],
          [
            85.2985999,
            23.3467403
          ],
          [
            85.2987072,
            23.346563
          ],
          [
            85.298789,
            23.3464559
          ],
          [
            85.2988882,
            23.346329
          ],
          [
            85.2990398,
            23.3461727
          ],
          [
            85.2991927,
            23.3460545
          ],
          [
            85.2993549,
            23.345924
          ],
          [
            85.2994528,
            23.3458193
          ],
          [
            85.2995548,
            23.3456999
          ],
          [
            85.2996258,
            23.3455829
          ],
          [
            85.2996942,
            23.3454548
          ],
          [
            85.2997908,
            23.3452935
          ],
          [
            85.2998914,
            23.3451901
          ],
          [
            85.3000054,
            23.3450867
          ],
          [
            85.3001448,
            23.3449992
          ],
          [
            85.3002776,
            23.3449303
          ],
          [
            85.3004587,
            23.344833
          ],
          [
            85.3006853,
            23.344684
          ],
          [
            85.3008959,
            23.3444993
          ],
          [
            85.3010811,
            23.3443113
          ]
        ]
      },
      "properties": {
        "osm_id": 44556379,
        "category": "City Roadways",
        "name": "Ranchi Infrastructure (City Roadways)",
        "highway": "secondary",
        "railway": null,
        "waterway": null,
        "amenity": null,
        "city": "Ranchi",
        "district": "Ranchi",
        "state": "Jharkhand",
        "state_code": "20"
      }
    },
    {
      "type": "Feature",
      "id": 44556381,
      "geometry": {
        "type": "LineString",
        "coordinates": [
          [
            85.3061261,
            23.3228551
          ],
          [
            85.3058274,
            23.3227526
          ],
          [
            85.305708,
            23.3227116
          ],
          [
            85.3055768,
            23.3226558
          ]
        ]
      },
      "properties": {
        "osm_id": 44556381,
        "category": "City Roadways",
        "name": "Ranchi Infrastructure (City Roadways)",
        "highway": "secondary",
        "railway": null,
        "waterway": null,
        "amenity": null,
        "city": "Ranchi",
        "district": "Ranchi",
        "state": "Jharkhand",
        "state_code": "20"
      }
    },
    {
      "type": "Feature",
      "id": 44556382,
      "geometry": {
        "type": "LineString",
        "coordinates": [
          [
            85.3064229,
            23.322964
          ],
          [
            85.3061261,
            23.3228551
          ]
        ]
      },
      "properties": {
        "osm_id": 44556382,
        "category": "City Roadways",
        "name": "Ranchi Infrastructure (City Roadways)",
        "highway": "secondary",
        "railway": null,
        "waterway": null,
        "amenity": null,
        "city": "Ranchi",
        "district": "Ranchi",
        "state": "Jharkhand",
        "state_code": "20"
      }
    },
    {
      "type": "Feature",
      "id": 44556394,
      "geometry": {
        "type": "LineString",
        "coordinates": [
          [
            85.2901626,
            23.3057599
          ],
          [
            85.2900931,
            23.3058339
          ],
          [
            85.2900669,
            23.3058852
          ],
          [
            85.2900478,
            23.3059578
          ],
          [
            85.2900425,
            23.3060424
          ],
          [
            85.2900434,
            23.3061373
          ],
          [
            85.2900598,
            23.3062161
          ],
          [
            85.2900951,
            23.3063056
          ],
          [
            85.2901284,
            23.306367
          ],
          [
            85.290204,
            23.3064529
          ],
          [
            85.290297,
            23.3065203
          ],
          [
            85.2903957,
            23.306556
          ],
          [
            85.2904923,
            23.3065769
          ],
          [
            85.2905999,
            23.3065846
          ],
          [
            85.2906534,
            23.3065768
          ],
          [
            85.2907139,
            23.3065679
          ],
          [
            85.2907881,
            23.3065374
          ],
          [
            85.2908786,
            23.3064616
          ],
          [
            85.2908891,
            23.3064504
          ],
          [
            85.2909365,
            23.3063895
          ],
          [
            85.2909604,
            23.3063354
          ],
          [
            85.2909647,
            23.3062889
          ],
          [
            85.2909691,
            23.3062417
          ],
          [
            85.2909651,
            23.3061317
          ],
          [
            85.2909454,
            23.3060367
          ],
          [
            85.2909074,
            23.3059456
          ],
          [
            85.290852,
            23.3058655
          ],
          [
            85.2907854,
            23.3058064
          ],
          [
            85.2906925,
            23.3057529
          ],
          [
            85.2906103,
            23.3057213
          ],
          [
            85.2905345,
            23.3056984
          ],
          [
            85.2904455,
            23.3056934
          ],
          [
            85.29034,
            23.3056932
          ],
          [
            85.2902825,
            23.3057045
          ],
          [
            85.290221,
            23.3057252
          ],
          [
            85.2901626,
            23.3057599
          ]
        ]
      },
      "properties": {
        "osm_id": 44556394,
        "category": "City Roadways",
        "name": "gol chakkar",
        "highway": "secondary",
        "railway": null,
        "waterway": null,
        "amenity": null,
        "city": "Ranchi",
        "district": "Ranchi",
        "state": "Jharkhand",
        "state_code": "20"
      }
    },
    {
      "type": "Feature",
      "id": 44556556,
      "geometry": {
        "type": "LineString",
        "coordinates": [
          [
            85.2610028,
            23.3962965
          ],
          [
            85.2612547,
            23.3962072
          ],
          [
            85.2617377,
            23.3960184
          ],
          [
            85.2626174,
            23.3956843
          ],
          [
            85.2632961,
            23.3954175
          ],
          [
            85.2635776,
            23.3953065
          ],
          [
            85.2636534,
            23.3952766
          ],
          [
            85.2638114,
            23.3952069
          ],
          [
            85.2639832,
            23.3951312
          ],
          [
            85.2648564,
            23.3947764
          ],
          [
            85.2651939,
            23.3946486
          ],
          [
            85.2654035,
            23.3945676
          ],
          [
            85.2658296,
            23.3944152
          ],
          [
            85.266353,
            23.394214
          ],
          [
            85.2667213,
            23.394077
          ],
          [
            85.2667751,
            23.3940541
          ],
          [
            85.2670905,
            23.3939433
          ],
          [
            85.268633,
            23.3933652
          ],
          [
            85.2687725,
            23.3933091
          ],
          [
            85.2690172,
            23.3932057
          ],
          [
            85.2697213,
            23.3929208
          ],
          [
            85.2698876,
            23.3928551
          ],
          [
            85.2701535,
            23.39275
          ],
          [
            85.2704589,
            23.3926294
          ],
          [
            85.2706429,
            23.3925444
          ],
          [
            85.2708989,
            23.3924343
          ],
          [
            85.2715168,
            23.3921763
          ],
          [
            85.2718789,
            23.3920125
          ],
          [
            85.2719983,
            23.3919596
          ],
          [
            85.2721169,
            23.3919073
          ],
          [
            85.2725187,
            23.3917376
          ],
          [
            85.2726189,
            23.3916882
          ],
          [
            85.2727805,
            23.3916242
          ],
          [
            85.2729494,
            23.3915441
          ],
          [
            85.2730824,
            23.391482
          ],
          [
            85.2731563,
            23.3914512
          ],
          [
            85.273485,
            23.3913202
          ],
          [
            85.2736494,
            23.3912454
          ],
          [
            85.2746244,
            23.3908261
          ],
          [
            85.275037,
            23.3906532
          ],
          [
            85.2759791,
            23.3902282
          ],
          [
            85.2762503,
            23.3900928
          ],
          [
            85.2763336,
            23.3900536
          ],
          [
            85.2769517,
            23.3897482
          ]
        ]
      },
      "properties": {
        "osm_id": 44556556,
        "category": "Highways & Arterials",
        "name": "Ratu Road",
        "highway": "primary",
        "railway": null,
        "waterway": null,
        "amenity": null,
        "city": "Ranchi",
        "district": "Ranchi",
        "state": "Jharkhand",
        "state_code": "20"
      }
    },
    {
      "type": "Feature",
      "id": 44556891,
      "geometry": {
        "type": "LineString",
        "coordinates": [
          [
            85.3164648,
            23.3800736
          ],
          [
            85.3161838,
            23.3804939
          ],
          [
            85.3158173,
            23.3809941
          ],
          [
            85.3157551,
            23.3810588
          ],
          [
            85.3155688,
            23.3813046
          ],
          [
            85.3155059,
            23.3814209
          ],
          [
            85.3154561,
            23.3815525
          ],
          [
            85.3154528,
            23.3816778
          ],
          [
            85.315452,
            23.3817885
          ],
          [
            85.3154641,
            23.3819152
          ],
          [
            85.3154704,
            23.3820295
          ],
          [
            85.3154767,
            23.3821547
          ],
          [
            85.3155137,
            23.3826847
          ],
          [
            85.315535,
            23.3831266
          ],
          [
            85.3155562,
            23.3835988
          ],
          [
            85.3155604,
            23.3836373
          ],
          [
            85.3155755,
            23.3840084
          ],
          [
            85.3156017,
            23.3843295
          ],
          [
            85.3156177,
            23.3845188
          ],
          [
            85.3156988,
            23.3853642
          ],
          [
            85.3156865,
            23.3855735
          ],
          [
            85.3156457,
            23.3858118
          ],
          [
            85.3155694,
            23.3860787
          ],
          [
            85.3153861,
            23.386628
          ],
          [
            85.3149599,
            23.3877815
          ],
          [
            85.3148482,
            23.3880656
          ],
          [
            85.314748,
            23.388345
          ],
          [
            85.3146993,
            23.388479
          ],
          [
            85.3145259,
            23.388953
          ],
          [
            85.3143617,
            23.3893793
          ],
          [
            85.31425,
            23.3896697
          ],
          [
            85.3141195,
            23.3900513
          ],
          [
            85.3140291,
            23.3903307
          ],
          [
            85.3139761,
            23.3905244
          ],
          [
            85.313954,
            23.390644
          ],
          [
            85.3139382,
            23.3907695
          ],
          [
            85.3139123,
            23.3910558
          ],
          [
            85.3139149,
            23.3912447
          ],
          [
            85.3139188,
            23.3913568
          ],
          [
            85.313979,
            23.3920206
          ],
          [
            85.3139994,
            23.3923392
          ],
          [
            85.3140184,
            23.3925812
          ],
          [
            85.3140554,
            23.3929936
          ],
          [
            85.3140865,
            23.3931727
          ],
          [
            85.3141163,
            23.393396
          ],
          [
            85.3141545,
            23.3936765
          ],
          [
            85.3141887,
            23.3940642
          ],
          [
            85.31419,
            23.3942483
          ],
          [
            85.3141864,
            23.3945313
          ],
          [
            85.3141931,
            23.3947567
          ],
          [
            85.3142112,
            23.3949961
          ],
          [
            85.3142384,
            23.3952903
          ],
          [
            85.3142573,
            23.3954858
          ],
          [
            85.3142949,
            23.3957453
          ],
          [
            85.3143666,
            23.3960765
          ],
          [
            85.3144182,
            23.3962821
          ],
          [
            85.3144602,
            23.3964265
          ],
          [
            85.3145321,
            23.3966838
          ]
        ]
      },
      "properties": {
        "osm_id": 44556891,
        "category": "Highways & Arterials",
        "name": "Ranchi Infrastructure (Highways & Arterials)",
        "highway": "primary",
        "railway": null,
        "waterway": null,
        "amenity": null,
        "city": "Ranchi",
        "district": "Ranchi",
        "state": "Jharkhand",
        "state_code": "20"
      }
    },
    {
      "type": "Feature",
      "id": 44556919,
      "geometry": {
        "type": "LineString",
        "coordinates": [
          [
            85.3600255,
            23.377207
          ],
          [
            85.3597194,
            23.3771955
          ],
          [
            85.3589524,
            23.3770979
          ],
          [
            85.3585277,
            23.3770266
          ],
          [
            85.3584181,
            23.3770082
          ],
          [
            85.3582194,
            23.3769749
          ],
          [
            85.3579217,
            23.3769332
          ],
          [
            85.3576068,
            23.3768892
          ],
          [
            85.3574309,
            23.3768646
          ],
          [
            85.3569107,
            23.3767918
          ],
          [
            85.3564851,
            23.3767285
          ],
          [
            85.3555942,
            23.3765961
          ],
          [
            85.3551865,
            23.3765355
          ],
          [
            85.3547934,
            23.3764759
          ],
          [
            85.3546221,
            23.3764499
          ],
          [
            85.3544193,
            23.3764185
          ],
          [
            85.3542847,
            23.3763993
          ],
          [
            85.3535523,
            23.376295
          ],
          [
            85.3530285,
            23.3761684
          ],
          [
            85.3529518,
            23.376145
          ],
          [
            85.352719,
            23.376074
          ],
          [
            85.3524881,
            23.3760036
          ],
          [
            85.3519755,
            23.3758455
          ],
          [
            85.351926,
            23.3758302
          ],
          [
            85.3512743,
            23.3756734
          ],
          [
            85.349746,
            23.3752298
          ],
          [
            85.3496918,
            23.3752136
          ],
          [
            85.3495111,
            23.3751586
          ],
          [
            85.3493272,
            23.3751016
          ],
          [
            85.3489198,
            23.3749754
          ],
          [
            85.3484938,
            23.3748484
          ],
          [
            85.3482198,
            23.3747686
          ],
          [
            85.347921,
            23.3746816
          ],
          [
            85.3473695,
            23.374521
          ],
          [
            85.3464787,
            23.3742345
          ],
          [
            85.3461012,
            23.3741466
          ],
          [
            85.346031,
            23.3741257
          ],
          [
            85.3457461,
            23.3740647
          ],
          [
            85.3456083,
            23.3740668
          ]
        ]
      },
      "properties": {
        "osm_id": 44556919,
        "category": "City Roadways",
        "name": "Ranchi Infrastructure (City Roadways)",
        "highway": "secondary",
        "railway": null,
        "waterway": null,
        "amenity": null,
        "city": "Ranchi",
        "district": "Ranchi",
        "state": "Jharkhand",
        "state_code": "20"
      }
    },
    {
      "type": "Feature",
      "id": 44558060,
      "geometry": {
        "type": "LineString",
        "coordinates": [
          [
            85.3847022,
            23.3956699
          ],
          [
            85.3848262,
            23.3957936
          ],
          [
            85.3849141,
            23.3958828
          ],
          [
            85.3850006,
            23.3959782
          ],
          [
            85.3851092,
            23.3960982
          ],
          [
            85.3852433,
            23.3962355
          ],
          [
            85.3853533,
            23.3963278
          ],
          [
            85.3854914,
            23.3964336
          ],
          [
            85.3856979,
            23.3965961
          ],
          [
            85.3858414,
            23.3967241
          ],
          [
            85.3859943,
            23.3968681
          ],
          [
            85.3862277,
            23.3970823
          ],
          [
            85.3865446,
            23.3973864
          ],
          [
            85.3868566,
            23.3976903
          ],
          [
            85.3871344,
            23.3979508
          ],
          [
            85.3874815,
            23.3982746
          ],
          [
            85.3875715,
            23.3983586
          ],
          [
            85.3879908,
            23.3987577
          ],
          [
            85.3884525,
            23.3991991
          ],
          [
            85.3888929,
            23.3996389
          ],
          [
            85.3893122,
            23.4000215
          ],
          [
            85.3897429,
            23.4004211
          ],
          [
            85.3900841,
            23.400754
          ],
          [
            85.3902971,
            23.4009534
          ],
          [
            85.3904374,
            23.401101
          ],
          [
            85.390614,
            23.4012603
          ],
          [
            85.3911791,
            23.4017871
          ],
          [
            85.391543,
            23.4021387
          ],
          [
            85.3916626,
            23.4022593
          ],
          [
            85.391777,
            23.4023746
          ],
          [
            85.3918068,
            23.4024047
          ],
          [
            85.3920322,
            23.4026253
          ],
          [
            85.3922249,
            23.4028143
          ],
          [
            85.3924102,
            23.4029899
          ],
          [
            85.3925652,
            23.4031298
          ],
          [
            85.392774,
            23.4033163
          ],
          [
            85.3927973,
            23.4033371
          ],
          [
            85.3929912,
            23.4035051
          ],
          [
            85.3932028,
            23.4036742
          ],
          [
            85.3934682,
            23.4038797
          ],
          [
            85.393781,
            23.4040945
          ],
          [
            85.3939725,
            23.4042148
          ],
          [
            85.3941455,
            23.4043194
          ],
          [
            85.3943279,
            23.4044191
          ],
          [
            85.3944728,
            23.4044991
          ],
          [
            85.3945954,
            23.404564
          ],
          [
            85.3949147,
            23.4047367
          ],
          [
            85.3951849,
            23.4048859
          ],
          [
            85.3953344,
            23.4049692
          ],
          [
            85.3954806,
            23.4050474
          ],
          [
            85.3956677,
            23.4051464
          ],
          [
            85.3959627,
            23.405304
          ],
          [
            85.3961733,
            23.4054166
          ],
          [
            85.3962229,
            23.4054412
          ],
          [
            85.3966172,
            23.4056535
          ],
          [
            85.3970249,
            23.4058763
          ],
          [
            85.3972904,
            23.4060203
          ],
          [
            85.3975082,
            23.4061406
          ],
          [
            85.3976307,
            23.4062097
          ],
          [
            85.3978148,
            23.4063157
          ],
          [
            85.3979838,
            23.4064089
          ],
          [
            85.398068,
            23.4064564
          ],
          [
            85.3985886,
            23.4067206
          ],
          [
            85.3990138,
            23.4069483
          ],
          [
            85.3993557,
            23.4071366
          ],
          [
            85.3994994,
            23.4072189
          ],
          [
            85.399695,
            23.407331
          ],
          [
            85.3999525,
            23.4075095
          ],
          [
            85.40021,
            23.4077101
          ],
          [
            85.4004568,
            23.4079304
          ],
          [
            85.4006325,
            23.4080978
          ],
          [
            85.4007894,
            23.4082527
          ],
          [
            85.4008953,
            23.4083673
          ],
          [
            85.4010442,
            23.4085298
          ],
          [
            85.4011957,
            23.4086922
          ],
          [
            85.4013647,
            23.4088707
          ],
          [
            85.4015015,
            23.4090294
          ],
          [
            85.4015847,
            23.4091396
          ],
          [
            85.4016591,
            23.409227
          ],
          [
            85.401759,
            23.4093519
          ],
          [
            85.4018676,
            23.4094909
          ],
          [
            85.4019937,
            23.4096632
          ],
          [
            85.4022458,
            23.4100091
          ],
          [
            85.4026026,
            23.4104423
          ],
          [
            85.4030398,
            23.4109469
          ]
        ]
      },
      "properties": {
        "osm_id": 44558060,
        "category": "City Roadways",
        "name": "NH33",
        "highway": "secondary",
        "railway": null,
        "waterway": null,
        "amenity": null,
        "city": "Ranchi",
        "district": "Ranchi",
        "state": "Jharkhand",
        "state_code": "20"
      }
    },
    {
      "type": "Feature",
      "id": 44561511,
      "geometry": {
        "type": "LineString",
        "coordinates": [
          [
            85.3078666,
            23.4050274
          ],
          [
            85.3075265,
            23.405511
          ],
          [
            85.3074929,
            23.4055587
          ],
          [
            85.3073765,
            23.4057242
          ],
          [
            85.3072419,
            23.4060329
          ],
          [
            85.3070689,
            23.4063769
          ],
          [
            85.3070401,
            23.4067474
          ],
          [
            85.3069343,
            23.4072325
          ],
          [
            85.3064826,
            23.4081939
          ],
          [
            85.3063384,
            23.4087055
          ],
          [
            85.3060886,
            23.4087584
          ],
          [
            85.3057233,
            23.4088731
          ],
          [
            85.3054542,
            23.4088995
          ],
          [
            85.3054638,
            23.4091024
          ],
          [
            85.3055407,
            23.4093758
          ],
          [
            85.3055311,
            23.409711
          ],
          [
            85.3053004,
            23.4101344
          ],
          [
            85.305137,
            23.4103813
          ],
          [
            85.3047622,
            23.4108929
          ],
          [
            85.3046751,
            23.4111832
          ],
          [
            85.3047502,
            23.411449
          ],
          [
            85.3049544,
            23.4118984
          ],
          [
            85.3051082,
            23.4123041
          ],
          [
            85.305262,
            23.4127451
          ],
          [
            85.3058002,
            23.4130538
          ],
          [
            85.3058963,
            23.4131332
          ],
          [
            85.3060309,
            23.4133889
          ],
          [
            85.3064346,
            23.4136888
          ],
          [
            85.3066652,
            23.4138387
          ],
          [
            85.3069728,
            23.4140769
          ],
          [
            85.3072611,
            23.4143768
          ],
          [
            85.3075014,
            23.4146678
          ],
          [
            85.307636,
            23.4150559
          ],
          [
            85.3076167,
            23.4154616
          ],
          [
            85.307636,
            23.416079
          ],
          [
            85.3076264,
            23.4162818
          ],
          [
            85.3077321,
            23.4164229
          ],
          [
            85.307857,
            23.4165464
          ],
          [
            85.3080877,
            23.4165288
          ],
          [
            85.3083856,
            23.4163436
          ],
          [
            85.3087797,
            23.4163259
          ],
          [
            85.3089239,
            23.4163965
          ],
          [
            85.3091642,
            23.4166258
          ],
          [
            85.3092314,
            23.4168992
          ],
          [
            85.3091642,
            23.4172255
          ],
          [
            85.3089815,
            23.4177723
          ],
          [
            85.3089527,
            23.4178782
          ],
          [
            85.3094621,
            23.4182221
          ],
          [
            85.3097504,
            23.4184426
          ],
          [
            85.3096543,
            23.4187072
          ],
          [
            85.3095198,
            23.4190512
          ],
          [
            85.3095006,
            23.4193246
          ],
          [
            85.3095871,
            23.4195892
          ],
          [
            85.3098946,
            23.4197567
          ],
          [
            85.3102791,
            23.4198449
          ],
          [
            85.3107241,
            23.4205134
          ],
          [
            85.3111962,
            23.4208127
          ],
          [
            85.3115739,
            23.4208442
          ],
          [
            85.3121575,
            23.4211907
          ],
          [
            85.3127927,
            23.421049
          ],
          [
            85.3138055,
            23.4208757
          ],
          [
            85.3142432,
            23.4209387
          ],
          [
            85.3146123,
            23.4211513
          ],
          [
            85.3147839,
            23.4224587
          ],
          [
            85.3149642,
            23.4228525
          ],
          [
            85.3153933,
            23.4229234
          ],
          [
            85.3157162,
            23.4230602
          ]
        ]
      },
      "properties": {
        "osm_id": 44561511,
        "category": "Hydrology & Drainage (Subarnarekha/Harmu)",
        "name": "Karam Nadi",
        "highway": null,
        "railway": null,
        "waterway": "stream",
        "amenity": null,
        "city": "Ranchi",
        "district": "Ranchi",
        "state": "Jharkhand",
        "state_code": "20"
      }
    },
    {
      "type": "Feature",
      "id": 44561545,
      "geometry": {
        "type": "LineString",
        "coordinates": [
          [
            85.2638572,
            23.4175088
          ],
          [
            85.264222,
            23.4171224
          ],
          [
            85.2642944,
            23.4167754
          ],
          [
            85.2643159,
            23.4164578
          ],
          [
            85.2643964,
            23.4163028
          ],
          [
            85.2644688,
            23.4161428
          ],
          [
            85.2645627,
            23.4159385
          ],
          [
            85.2647719,
            23.4157785
          ],
          [
            85.2650025,
            23.4156678
          ],
          [
            85.265657,
            23.415621
          ],
          [
            85.2657965,
            23.4157564
          ],
          [
            85.2664858,
            23.4160813
          ],
          [
            85.2666253,
            23.4161403
          ],
          [
            85.2666843,
            23.4165834
          ],
          [
            85.2670062,
            23.4167704
          ],
          [
            85.2696133,
            23.4157613
          ],
          [
            85.2702463,
            23.4159287
          ],
          [
            85.271008,
            23.4160862
          ],
          [
            85.2717054,
            23.4166178
          ],
          [
            85.272156,
            23.4168147
          ],
          [
            85.2724671,
            23.416923
          ],
          [
            85.2726388,
            23.4173365
          ],
          [
            85.2732825,
            23.4182029
          ],
          [
            85.2741086,
            23.4185081
          ],
          [
            85.2745485,
            23.4187838
          ],
          [
            85.2746826,
            23.4190004
          ],
          [
            85.2750099,
            23.4190693
          ],
          [
            85.275144,
            23.419276
          ],
          [
            85.2751547,
            23.4195972
          ],
          [
            85.275317,
            23.4196304
          ],
          [
            85.2755704,
            23.419548
          ],
          [
            85.2759111,
            23.4196649
          ],
          [
            85.2761471,
            23.4198396
          ],
          [
            85.2761944,
            23.4199384
          ],
          [
            85.276718,
            23.4201826
          ],
          [
            85.2770098,
            23.4201669
          ],
          [
            85.2773102,
            23.4202771
          ],
          [
            85.2778081,
            23.4209623
          ],
          [
            85.2785805,
            23.4202535
          ],
          [
            85.2790955,
            23.4203244
          ],
          [
            85.2794903,
            23.4200645
          ],
          [
            85.2800826,
            23.4201117
          ],
          [
            85.2805804,
            23.4205685
          ],
          [
            85.2810267,
            23.4210253
          ],
          [
            85.2819709,
            23.4214743
          ],
          [
            85.2824601,
            23.4216081
          ],
          [
            85.2829665,
            23.421553
          ],
          [
            85.2832422,
            23.4215101
          ],
          [
            85.2835673,
            23.4211356
          ],
          [
            85.2842539,
            23.4208521
          ],
          [
            85.2848462,
            23.4209466
          ],
          [
            85.286065,
            23.4211435
          ],
          [
            85.2862023,
            23.4216318
          ],
          [
            85.2862538,
            23.4219389
          ],
          [
            85.2866572,
            23.4223563
          ],
          [
            85.2866315,
            23.4229234
          ],
          [
            85.2867001,
            23.423459
          ],
          [
            85.2869662,
            23.4237031
          ],
          [
            85.2871636,
            23.4237661
          ],
          [
            85.2875842,
            23.4240024
          ],
          [
            85.2882451,
            23.424404
          ],
          [
            85.2885111,
            23.4247506
          ],
          [
            85.2891034,
            23.4248451
          ]
        ]
      },
      "properties": {
        "osm_id": 44561545,
        "category": "Hydrology & Drainage (Subarnarekha/Harmu)",
        "name": "Potpoto Nadi",
        "highway": null,
        "railway": null,
        "waterway": "river",
        "amenity": null,
        "city": "Ranchi",
        "district": "Ranchi",
        "state": "Jharkhand",
        "state_code": "20"
      }
    },
    {
      "type": "Feature",
      "id": 44562640,
      "geometry": {
        "type": "LineString",
        "coordinates": [
          [
            85.3697522,
            23.3515568
          ],
          [
            85.3707664,
            23.351609
          ],
          [
            85.3731575,
            23.3517019
          ],
          [
            85.3737122,
            23.3517235
          ],
          [
            85.3748303,
            23.351767
          ],
          [
            85.3757523,
            23.3518029
          ],
          [
            85.3777574,
            23.3518808
          ],
          [
            85.3785068,
            23.35191
          ],
          [
            85.3792888,
            23.3519404
          ],
          [
            85.3795732,
            23.3519514
          ],
          [
            85.3796804,
            23.3519556
          ],
          [
            85.3802684,
            23.3520216
          ],
          [
            85.3804529,
            23.3520423
          ],
          [
            85.3809089,
            23.3521864
          ],
          [
            85.3809765,
            23.3522078
          ],
          [
            85.3815911,
            23.3524438
          ],
          [
            85.3820138,
            23.3526061
          ],
          [
            85.3823769,
            23.3527456
          ],
          [
            85.3827207,
            23.3528776
          ],
          [
            85.3829879,
            23.3529802
          ],
          [
            85.3832338,
            23.3530746
          ],
          [
            85.3837403,
            23.3532359
          ],
          [
            85.383918,
            23.3532741
          ],
          [
            85.3841437,
            23.3533225
          ],
          [
            85.3843096,
            23.3533474
          ],
          [
            85.3845643,
            23.3533856
          ],
          [
            85.3846944,
            23.3533947
          ],
          [
            85.3848241,
            23.3533907
          ],
          [
            85.3849785,
            23.3533839
          ],
          [
            85.3851819,
            23.3533666
          ],
          [
            85.3853853,
            23.3533493
          ]
        ]
      },
      "properties": {
        "osm_id": 44562640,
        "category": "Highways & Arterials",
        "name": "\u0930\u093e\u0902\u091a\u0940 \u092a\u0941\u0930\u0941\u0932\u093f\u0905\u093e \u092e\u093e\u0930\u094d\u0917",
        "highway": "primary",
        "railway": null,
        "waterway": null,
        "amenity": null,
        "city": "Ranchi",
        "district": "Ranchi",
        "state": "Jharkhand",
        "state_code": "20"
      }
    },
    {
      "type": "Feature",
      "id": 44562677,
      "geometry": {
        "type": "LineString",
        "coordinates": [
          [
            85.3869118,
            23.3531975
          ],
          [
            85.3871822,
            23.3531688
          ]
        ]
      },
      "properties": {
        "osm_id": 44562677,
        "category": "Highways & Arterials",
        "name": "Ranchi Infrastructure (Highways & Arterials)",
        "highway": "primary",
        "railway": null,
        "waterway": null,
        "amenity": null,
        "city": "Ranchi",
        "district": "Ranchi",
        "state": "Jharkhand",
        "state_code": "20"
      }
    },
    {
      "type": "Feature",
      "id": 44562921,
      "geometry": {
        "type": "LineString",
        "coordinates": [
          [
            85.3902978,
            23.3482557
          ],
          [
            85.390507,
            23.3489016
          ],
          [
            85.3904351,
            23.3491461
          ],
          [
            85.3901421,
            23.3493464
          ],
          [
            85.3899465,
            23.3495334
          ],
          [
            85.389963,
            23.3498474
          ],
          [
            85.3896969,
            23.3504385
          ],
          [
            85.388667,
            23.3510373
          ],
          [
            85.3880833,
            23.3512895
          ],
          [
            85.3876113,
            23.3517071
          ],
          [
            85.3870922,
            23.3520161
          ],
          [
            85.3869589,
            23.3527631
          ],
          [
            85.3871735,
            23.3537481
          ],
          [
            85.3875254,
            23.3541263
          ],
          [
            85.3877486,
            23.3546621
          ],
          [
            85.3876284,
            23.3549222
          ],
          [
            85.3869675,
            23.3554028
          ],
          [
            85.3868302,
            23.3557023
          ],
          [
            85.3868388,
            23.3560332
          ],
          [
            85.3876542,
            23.3571679
          ],
          [
            85.3880318,
            23.357294
          ],
          [
            85.3883408,
            23.3573728
          ],
          [
            85.3888129,
            23.358602
          ],
          [
            85.3891648,
            23.3585311
          ],
          [
            85.3901347,
            23.3590748
          ],
          [
            85.3899115,
            23.3597524
          ],
          [
            85.3902634,
            23.360304
          ],
          [
            85.3904866,
            23.360627
          ],
          [
            85.3910187,
            23.3608161
          ],
          [
            85.3921418,
            23.3618313
          ]
        ]
      },
      "properties": {
        "osm_id": 44562921,
        "category": "Hydrology & Drainage (Subarnarekha/Harmu)",
        "name": "Sap\u0101hi Nadi",
        "highway": null,
        "railway": null,
        "waterway": "river",
        "amenity": null,
        "city": "Ranchi",
        "district": "Ranchi",
        "state": "Jharkhand",
        "state_code": "20"
      }
    },
    {
      "type": "Feature",
      "id": 44563062,
      "geometry": {
        "type": "LineString",
        "coordinates": [
          [
            85.3801907,
            23.3849476
          ],
          [
            85.3801619,
            23.3848572
          ],
          [
            85.3801114,
            23.384694
          ],
          [
            85.3801402,
            23.3845705
          ],
          [
            85.3802003,
            23.384533
          ],
          [
            85.3802676,
            23.3844999
          ],
          [
            85.3803373,
            23.3844602
          ],
          [
            85.3804382,
            23.3844205
          ],
          [
            85.3804214,
            23.3843808
          ],
          [
            85.3804142,
            23.3843014
          ],
          [
            85.380467,
            23.3842419
          ],
          [
            85.3805415,
            23.3841713
          ],
          [
            85.3805896,
            23.3840765
          ],
          [
            85.3805944,
            23.3839949
          ],
          [
            85.3805391,
            23.3839111
          ],
          [
            85.3805247,
            23.3836861
          ],
          [
            85.3805511,
            23.3836089
          ],
          [
            85.3805295,
            23.3835273
          ],
          [
            85.3804934,
            23.3834567
          ],
          [
            85.3804358,
            23.3834237
          ],
          [
            85.3803877,
            23.3833818
          ],
          [
            85.3803733,
            23.3832781
          ],
          [
            85.3803973,
            23.3831127
          ],
          [
            85.3804838,
            23.382934
          ]
        ]
      },
      "properties": {
        "osm_id": 44563062,
        "category": "Hydrology & Drainage (Subarnarekha/Harmu)",
        "name": "Ranchi Infrastructure (Hydrology & Drainage (Subarnarekha/Harmu))",
        "highway": null,
        "railway": null,
        "waterway": "stream",
        "amenity": null,
        "city": "Ranchi",
        "district": "Ranchi",
        "state": "Jharkhand",
        "state_code": "20"
      }
    },
    {
      "type": "Feature",
      "id": 44563443,
      "geometry": {
        "type": "LineString",
        "coordinates": [
          [
            85.3634115,
            23.3555063
          ],
          [
            85.363366,
            23.3555579
          ],
          [
            85.3629649,
            23.3560621
          ],
          [
            85.3627262,
            23.3563724
          ],
          [
            85.362289,
            23.3569683
          ],
          [
            85.3619497,
            23.3574312
          ],
          [
            85.3617565,
            23.357691
          ],
          [
            85.3615929,
            23.3578819
          ],
          [
            85.3614373,
            23.3580468
          ],
          [
            85.3612603,
            23.3582057
          ],
          [
            85.3610605,
            23.3583633
          ],
          [
            85.3609157,
            23.3584655
          ],
          [
            85.3607547,
            23.3585603
          ],
          [
            85.3605495,
            23.3586797
          ],
          [
            85.3604208,
            23.3587523
          ],
          [
            85.3602974,
            23.3588163
          ],
          [
            85.3601003,
            23.3589025
          ],
          [
            85.35969,
            23.3590573
          ],
          [
            85.3593627,
            23.3591882
          ],
          [
            85.3588825,
            23.3593654
          ],
          [
            85.3574771,
            23.3598789
          ],
          [
            85.3570931,
            23.3600182
          ],
          [
            85.3566751,
            23.3601743
          ],
          [
            85.3557162,
            23.3605326
          ],
          [
            85.3551731,
            23.3607333
          ],
          [
            85.3548633,
            23.3608466
          ],
          [
            85.3546004,
            23.360945
          ],
          [
            85.3534323,
            23.3613686
          ],
          [
            85.3530058,
            23.3615249
          ],
          [
            85.352625,
            23.3616567
          ],
          [
            85.3522057,
            23.3617946
          ]
        ]
      },
      "properties": {
        "osm_id": 44563443,
        "category": "Highways & Arterials",
        "name": "Ranchi Infrastructure (Highways & Arterials)",
        "highway": "primary",
        "railway": null,
        "waterway": null,
        "amenity": null,
        "city": "Ranchi",
        "district": "Ranchi",
        "state": "Jharkhand",
        "state_code": "20"
      }
    },
    {
      "type": "Feature",
      "id": 44563450,
      "geometry": {
        "type": "LineString",
        "coordinates": [
          [
            85.3697522,
            23.3515568
          ],
          [
            85.3687958,
            23.3514959
          ]
        ]
      },
      "properties": {
        "osm_id": 44563450,
        "category": "Highways & Arterials",
        "name": "Ranchi Infrastructure (Highways & Arterials)",
        "highway": "primary",
        "railway": null,
        "waterway": null,
        "amenity": null,
        "city": "Ranchi",
        "district": "Ranchi",
        "state": "Jharkhand",
        "state_code": "20"
      }
    },
    {
      "type": "Feature",
      "id": 44568404,
      "geometry": {
        "type": "LineString",
        "coordinates": [
          [
            85.3079766,
            23.323259
          ],
          [
            85.3086699,
            23.3226771
          ],
          [
            85.3091251,
            23.3223373
          ],
          [
            85.3099626,
            23.3216436
          ],
          [
            85.3103016,
            23.3213517
          ],
          [
            85.31059,
            23.3211034
          ],
          [
            85.3108852,
            23.3208614
          ],
          [
            85.3123261,
            23.3197179
          ],
          [
            85.3133464,
            23.3188758
          ],
          [
            85.3137059,
            23.3185603
          ],
          [
            85.3139342,
            23.3183919
          ],
          [
            85.3142905,
            23.3181164
          ],
          [
            85.3145983,
            23.3178149
          ],
          [
            85.3149539,
            23.3175383
          ],
          [
            85.3153802,
            23.3172239
          ],
          [
            85.3156647,
            23.317014
          ],
          [
            85.3160698,
            23.3166702
          ],
          [
            85.3165277,
            23.3163167
          ],
          [
            85.3166024,
            23.3162558
          ],
          [
            85.3170659,
            23.3158065
          ],
          [
            85.317353,
            23.3154486
          ],
          [
            85.3175037,
            23.3151444
          ],
          [
            85.3176365,
            23.3149004
          ],
          [
            85.3176867,
            23.3148082
          ],
          [
            85.3178142,
            23.3144776
          ],
          [
            85.3179112,
            23.3141801
          ],
          [
            85.3179203,
            23.3140331
          ],
          [
            85.3179469,
            23.3136
          ],
          [
            85.3179586,
            23.3134104
          ],
          [
            85.3179553,
            23.3131165
          ],
          [
            85.317953,
            23.3129109
          ],
          [
            85.3179413,
            23.3123539
          ],
          [
            85.3179328,
            23.3122305
          ],
          [
            85.3179145,
            23.3121142
          ]
        ]
      },
      "properties": {
        "osm_id": 44568404,
        "category": "City Roadways",
        "name": "Ranchi Infrastructure (City Roadways)",
        "highway": "secondary",
        "railway": null,
        "waterway": null,
        "amenity": null,
        "city": "Ranchi",
        "district": "Ranchi",
        "state": "Jharkhand",
        "state_code": "20"
      }
    },
    {
      "type": "Feature",
      "id": 44568661,
      "geometry": {
        "type": "LineString",
        "coordinates": [
          [
            85.3009166,
            23.3146527
          ],
          [
            85.300864,
            23.3145999
          ],
          [
            85.300915,
            23.3145591
          ],
          [
            85.3010153,
            23.3144926
          ],
          [
            85.3009988,
            23.3144202
          ],
          [
            85.3009742,
            23.3143522
          ],
          [
            85.3009643,
            23.3142193
          ],
          [
            85.3009824,
            23.3141438
          ],
          [
            85.3010219,
            23.3140623
          ],
          [
            85.3010547,
            23.3140019
          ],
          [
            85.301058,
            23.3139581
          ],
          [
            85.3009643,
            23.3139143
          ],
          [
            85.3009117,
            23.3138856
          ],
          [
            85.3009331,
            23.3138433
          ],
          [
            85.3009594,
            23.3137648
          ],
          [
            85.3010038,
            23.3136712
          ],
          [
            85.3010449,
            23.3135081
          ],
          [
            85.3010564,
            23.3133269
          ],
          [
            85.3010695,
            23.3132589
          ],
          [
            85.301086,
            23.3132046
          ],
          [
            85.301137,
            23.3131774
          ],
          [
            85.3012126,
            23.3131593
          ],
          [
            85.3012356,
            23.3130566
          ],
          [
            85.3012586,
            23.3128995
          ],
          [
            85.3012521,
            23.312741
          ],
          [
            85.3012241,
            23.3126836
          ],
          [
            85.3011797,
            23.3126368
          ],
          [
            85.3011666,
            23.3125597
          ],
          [
            85.301155,
            23.3124737
          ],
          [
            85.3011567,
            23.3124118
          ],
          [
            85.3011945,
            23.3123559
          ],
          [
            85.3012373,
            23.3121792
          ],
          [
            85.3012373,
            23.3120795
          ],
          [
            85.3012537,
            23.312001
          ],
          [
            85.3013145,
            23.3119421
          ],
          [
            85.3013441,
            23.3118636
          ],
          [
            85.3013672,
            23.3113743
          ],
          [
            85.3014198,
            23.3110391
          ],
          [
            85.3014148,
            23.3109334
          ],
          [
            85.3014477,
            23.3107597
          ],
          [
            85.3014494,
            23.3105619
          ],
          [
            85.3014362,
            23.3104064
          ],
          [
            85.3014494,
            23.3103022
          ],
          [
            85.3014724,
            23.3101964
          ],
          [
            85.3013984,
            23.310053
          ],
          [
            85.3013672,
            23.3098174
          ],
          [
            85.3013096,
            23.3095244
          ],
          [
            85.3013326,
            23.3093523
          ],
          [
            85.3013326,
            23.3092707
          ],
          [
            85.3013359,
            23.3092028
          ],
          [
            85.301354,
            23.3091469
          ],
          [
            85.3013803,
            23.3090805
          ],
          [
            85.301405,
            23.3090065
          ],
          [
            85.3014642,
            23.308937
          ],
          [
            85.3015628,
            23.3088766
          ],
          [
            85.3016812,
            23.3086939
          ],
          [
            85.3016631,
            23.3086501
          ],
          [
            85.3016664,
            23.3086184
          ],
          [
            85.3016977,
            23.3085821
          ],
          [
            85.301724,
            23.3085504
          ],
          [
            85.3017174,
            23.3085127
          ],
          [
            85.301673,
            23.3084991
          ],
          [
            85.3016105,
            23.308493
          ],
          [
            85.3015513,
            23.3084749
          ],
          [
            85.3015102,
            23.3084507
          ],
          [
            85.3015053,
            23.3083737
          ],
          [
            85.301553,
            23.3083254
          ],
          [
            85.3015875,
            23.3082499
          ],
          [
            85.3015841,
            23.3081161
          ],
          [
            85.3017042,
            23.307953
          ],
          [
            85.3017519,
            23.3079152
          ],
          [
            85.3018423,
            23.3078986
          ],
          [
            85.3019163,
            23.3078775
          ],
          [
            85.3020791,
            23.3078835
          ],
          [
            85.3021744,
            23.307879
          ],
          [
            85.3022896,
            23.3078624
          ],
          [
            85.3023487,
            23.3078413
          ],
          [
            85.302403,
            23.3077854
          ],
          [
            85.302431,
            23.307725
          ],
          [
            85.3024178,
            23.3076268
          ],
          [
            85.3023767,
            23.307506
          ],
          [
            85.302329,
            23.3073973
          ],
          [
            85.3023438,
            23.3073127
          ],
          [
            85.3023487,
            23.3072296
          ],
          [
            85.3024688,
            23.3071783
          ],
          [
            85.3025181,
            23.3070968
          ],
          [
            85.3024967,
            23.3070197
          ],
          [
            85.3024375,
            23.3069367
          ],
          [
            85.3023915,
            23.3068989
          ],
          [
            85.3023899,
            23.3068325
          ],
          [
            85.3024112,
            23.306757
          ],
          [
            85.3024721,
            23.3067283
          ],
          [
            85.3025592,
            23.3066996
          ],
          [
            85.3026135,
            23.3066679
          ],
          [
            85.3026776,
            23.3066513
          ],
          [
            85.30275,
            23.30668
          ],
          [
            85.3027976,
            23.3067162
          ],
          [
            85.3028388,
            23.3067691
          ],
          [
            85.3028947,
            23.3067826
          ],
          [
            85.3029983,
            23.3067494
          ],
          [
            85.3031101,
            23.3067026
          ],
          [
            85.3033123,
            23.3066346
          ],
          [
            85.3035327,
            23.3065304
          ],
          [
            85.3037941,
            23.3064836
          ],
          [
            85.3038796,
            23.3064489
          ],
          [
            85.3039733,
            23.3064474
          ],
          [
            85.3040375,
            23.3064519
          ],
          [
            85.3041016,
            23.3064625
          ],
          [
            85.304174,
            23.306467
          ],
          [
            85.3042545,
            23.3064504
          ],
          [
            85.3043252,
            23.3064247
          ],
          [
            85.3043374,
            23.3063186
          ]
        ]
      },
      "properties": {
        "osm_id": 44568661,
        "category": "Hydrology & Drainage (Subarnarekha/Harmu)",
        "name": "Ranchi Infrastructure (Hydrology & Drainage (Subarnarekha/Harmu))",
        "highway": null,
        "railway": null,
        "waterway": "stream",
        "amenity": null,
        "city": "Ranchi",
        "district": "Ranchi",
        "state": "Jharkhand",
        "state_code": "20"
      }
    },
    {
      "type": "Feature",
      "id": 61406264,
      "geometry": {
        "type": "LineString",
        "coordinates": [
          [
            85.3106413,
            23.3642951
          ],
          [
            85.3107825,
            23.3646414
          ]
        ]
      },
      "properties": {
        "osm_id": 61406264,
        "category": "City Roadways",
        "name": "Harmu Mukti Dham Setu",
        "highway": "secondary",
        "railway": null,
        "waterway": null,
        "amenity": null,
        "city": "Ranchi",
        "district": "Ranchi",
        "state": "Jharkhand",
        "state_code": "20"
      }
    },
    {
      "type": "Feature",
      "id": 61406269,
      "geometry": {
        "type": "LineString",
        "coordinates": [
          [
            85.3249023,
            23.3700532
          ],
          [
            85.3249221,
            23.3700932
          ],
          [
            85.3249546,
            23.3701253
          ],
          [
            85.3249968,
            23.3701463
          ],
          [
            85.3250442,
            23.3701539
          ],
          [
            85.3250917,
            23.3701471
          ],
          [
            85.3251344,
            23.3701268
          ],
          [
            85.3251682,
            23.3700944
          ],
          [
            85.3251887,
            23.3700538
          ],
          [
            85.3251964,
            23.3700133
          ],
          [
            85.3251824,
            23.3699649
          ],
          [
            85.3251559,
            23.3699265
          ],
          [
            85.3251171,
            23.3698983
          ],
          [
            85.3250703,
            23.3698833
          ],
          [
            85.3250207,
            23.3698833
          ],
          [
            85.3249739,
            23.3698984
          ],
          [
            85.324935,
            23.3699267
          ],
          [
            85.3249086,
            23.3699653
          ],
          [
            85.3248974,
            23.3700097
          ],
          [
            85.3249023,
            23.3700532
          ]
        ]
      },
      "properties": {
        "osm_id": 61406269,
        "category": "City Roadways",
        "name": "Firayalal Chowk Junction",
        "highway": "secondary",
        "railway": null,
        "waterway": null,
        "amenity": null,
        "city": "Ranchi",
        "district": "Ranchi",
        "state": "Jharkhand",
        "state_code": "20"
      }
    },
    {
      "type": "Feature",
      "id": 61406270,
      "geometry": {
        "type": "LineString",
        "coordinates": [
          [
            85.3260556,
            23.3422584
          ],
          [
            85.326029,
            23.3416711
          ],
          [
            85.3260161,
            23.3415517
          ],
          [
            85.3259969,
            23.341375
          ]
        ]
      },
      "properties": {
        "osm_id": 61406270,
        "category": "City Roadways",
        "name": "high court path",
        "highway": "secondary",
        "railway": null,
        "waterway": null,
        "amenity": null,
        "city": "Ranchi",
        "district": "Ranchi",
        "state": "Jharkhand",
        "state_code": "20"
      }
    },
    {
      "type": "Feature",
      "id": 61406271,
      "geometry": {
        "type": "LineString",
        "coordinates": [
          [
            85.3262622,
            23.3442446
          ],
          [
            85.3262301,
            23.3441478
          ]
        ]
      },
      "properties": {
        "osm_id": 61406271,
        "category": "City Roadways",
        "name": "high court path",
        "highway": "secondary",
        "railway": null,
        "waterway": null,
        "amenity": null,
        "city": "Ranchi",
        "district": "Ranchi",
        "state": "Jharkhand",
        "state_code": "20"
      }
    },
    {
      "type": "Feature",
      "id": 61406272,
      "geometry": {
        "type": "LineString",
        "coordinates": [
          [
            85.3252287,
            23.3701462
          ],
          [
            85.3252504,
            23.3701541
          ],
          [
            85.3252673,
            23.370153
          ],
          [
            85.3253036,
            23.3701485
          ]
        ]
      },
      "properties": {
        "osm_id": 61406272,
        "category": "City Roadways",
        "name": "Hazaribagh Road",
        "highway": "secondary",
        "railway": null,
        "waterway": null,
        "amenity": null,
        "city": "Ranchi",
        "district": "Ranchi",
        "state": "Jharkhand",
        "state_code": "20"
      }
    },
    {
      "type": "Feature",
      "id": 61406276,
      "geometry": {
        "type": "LineString",
        "coordinates": [
          [
            85.3101323,
            23.3250719
          ],
          [
            85.3101773,
            23.3251036
          ],
          [
            85.3105955,
            23.3254025
          ],
          [
            85.3106209,
            23.3254196
          ],
          [
            85.3109159,
            23.3256194
          ],
          [
            85.3111942,
            23.3258121
          ],
          [
            85.3114846,
            23.326027
          ],
          [
            85.311677,
            23.3261662
          ],
          [
            85.3118882,
            23.3263158
          ],
          [
            85.3121176,
            23.326479
          ],
          [
            85.3122993,
            23.326612
          ],
          [
            85.3123737,
            23.3266705
          ],
          [
            85.3127076,
            23.326849
          ],
          [
            85.3129799,
            23.3270017
          ],
          [
            85.3131609,
            23.327107
          ],
          [
            85.3133547,
            23.3272185
          ],
          [
            85.3135354,
            23.3273109
          ],
          [
            85.3137215,
            23.3274044
          ],
          [
            85.3139602,
            23.3275436
          ],
          [
            85.3141064,
            23.3276218
          ],
          [
            85.314445,
            23.3277948
          ],
          [
            85.3145973,
            23.3278675
          ],
          [
            85.3147615,
            23.3279383
          ],
          [
            85.314901,
            23.3279847
          ]
        ]
      },
      "properties": {
        "osm_id": 61406276,
        "category": "City Roadways",
        "name": "Hinoo Main road",
        "highway": "secondary",
        "railway": null,
        "waterway": null,
        "amenity": null,
        "city": "Ranchi",
        "district": "Ranchi",
        "state": "Jharkhand",
        "state_code": "20"
      }
    },
    {
      "type": "Feature",
      "id": 61406277,
      "geometry": {
        "type": "LineString",
        "coordinates": [
          [
            85.3248974,
            23.3700097
          ],
          [
            85.324809,
            23.3700675
          ],
          [
            85.3245827,
            23.3702154
          ],
          [
            85.3235431,
            23.3707682
          ],
          [
            85.3233929,
            23.3708525
          ],
          [
            85.3233061,
            23.3709085
          ]
        ]
      },
      "properties": {
        "osm_id": 61406277,
        "category": "City Roadways",
        "name": "Sastri Market Main Road",
        "highway": "secondary",
        "railway": null,
        "waterway": null,
        "amenity": null,
        "city": "Ranchi",
        "district": "Ranchi",
        "state": "Jharkhand",
        "state_code": "20"
      }
    },
    {
      "type": "Feature",
      "id": 61406279,
      "geometry": {
        "type": "LineString",
        "coordinates": [
          [
            85.3178953,
            23.3331197
          ],
          [
            85.3176731,
            23.3328394
          ],
          [
            85.3174102,
            23.332502
          ],
          [
            85.3171876,
            23.3322089
          ],
          [
            85.3171577,
            23.3321693
          ],
          [
            85.3170092,
            23.3319725
          ],
          [
            85.3168067,
            23.3317176
          ],
          [
            85.316682,
            23.3315538
          ],
          [
            85.31645,
            23.3312644
          ],
          [
            85.3162408,
            23.3309566
          ],
          [
            85.3161255,
            23.330794
          ],
          [
            85.3160115,
            23.3306192
          ],
          [
            85.3159062,
            23.3304514
          ],
          [
            85.3157929,
            23.3302614
          ],
          [
            85.315754,
            23.3301771
          ],
          [
            85.3157338,
            23.3301106
          ],
          [
            85.3157157,
            23.3300299
          ],
          [
            85.3156976,
            23.3299012
          ],
          [
            85.3156809,
            23.3297731
          ],
          [
            85.3156601,
            23.329642
          ],
          [
            85.315646,
            23.3295509
          ],
          [
            85.3156252,
            23.3294493
          ],
          [
            85.3155716,
            23.3292436
          ],
          [
            85.3155119,
            23.3290287
          ],
          [
            85.315477,
            23.328916
          ],
          [
            85.3154596,
            23.3288502
          ],
          [
            85.3154281,
            23.3287221
          ],
          [
            85.3153691,
            23.328522
          ],
          [
            85.3153168,
            23.32836
          ],
          [
            85.3152705,
            23.3282511
          ],
          [
            85.3152128,
            23.3281421
          ],
          [
            85.3151736,
            23.3280805
          ],
          [
            85.3151337,
            23.3280128
          ],
          [
            85.315108,
            23.3279723
          ]
        ]
      },
      "properties": {
        "osm_id": 61406279,
        "category": "City Roadways",
        "name": "Ranchi Infrastructure (City Roadways)",
        "highway": "secondary",
        "railway": null,
        "waterway": null,
        "amenity": null,
        "city": "Ranchi",
        "district": "Ranchi",
        "state": "Jharkhand",
        "state_code": "20"
      }
    },
    {
      "type": "Feature",
      "id": 61406281,
      "geometry": {
        "type": "LineString",
        "coordinates": [
          [
            85.3152752,
            23.3284419
          ],
          [
            85.3153443,
            23.3286728
          ],
          [
            85.3154287,
            23.3289844
          ],
          [
            85.3155045,
            23.3292535
          ],
          [
            85.3155568,
            23.3294462
          ],
          [
            85.315585,
            23.3295977
          ],
          [
            85.3156031,
            23.3297541
          ],
          [
            85.3156172,
            23.3298667
          ],
          [
            85.3156326,
            23.3300114
          ],
          [
            85.3156554,
            23.3301173
          ],
          [
            85.3156856,
            23.3301968
          ],
          [
            85.3157285,
            23.330291
          ],
          [
            85.3157949,
            23.3304104
          ],
          [
            85.3159183,
            23.3306118
          ],
          [
            85.3159974,
            23.3307281
          ],
          [
            85.3161523,
            23.3309467
          ],
          [
            85.3162783,
            23.3311345
          ],
          [
            85.3164386,
            23.3313574
          ],
          [
            85.3165962,
            23.3315674
          ],
          [
            85.3167041,
            23.3317133
          ],
          [
            85.3168067,
            23.3318475
          ],
          [
            85.3169248,
            23.3320076
          ],
          [
            85.3170314,
            23.3321505
          ],
          [
            85.3171206,
            23.3322674
          ],
          [
            85.3172594,
            23.3324577
          ],
          [
            85.3173834,
            23.3326289
          ],
          [
            85.317685,
            23.333032
          ],
          [
            85.3177946,
            23.3331867
          ],
          [
            85.3178308,
            23.3332377
          ],
          [
            85.3178411,
            23.3332521
          ],
          [
            85.3178633,
            23.3332856
          ],
          [
            85.3181051,
            23.3336506
          ],
          [
            85.3182224,
            23.3338276
          ]
        ]
      },
      "properties": {
        "osm_id": 61406281,
        "category": "City Roadways",
        "name": "Ranchi Infrastructure (City Roadways)",
        "highway": "secondary",
        "railway": null,
        "waterway": null,
        "amenity": null,
        "city": "Ranchi",
        "district": "Ranchi",
        "state": "Jharkhand",
        "state_code": "20"
      }
    },
    {
      "type": "Feature",
      "id": 61406283,
      "geometry": {
        "type": "LineString",
        "coordinates": [
          [
            85.3265965,
            23.3463148
          ],
          [
            85.326645,
            23.3467405
          ],
          [
            85.3266918,
            23.3471475
          ],
          [
            85.3267099,
            23.3477816
          ],
          [
            85.3266241,
            23.3482496
          ],
          [
            85.3264136,
            23.3487108
          ],
          [
            85.3262609,
            23.3491045
          ],
          [
            85.325843,
            23.3500783
          ]
        ]
      },
      "properties": {
        "osm_id": 61406283,
        "category": "City Roadways",
        "name": "Mahatma Gandhi Road",
        "highway": "secondary",
        "railway": null,
        "waterway": null,
        "amenity": null,
        "city": "Ranchi",
        "district": "Ranchi",
        "state": "Jharkhand",
        "state_code": "20"
      }
    },
    {
      "type": "Feature",
      "id": 61407715,
      "geometry": {
        "type": "LineString",
        "coordinates": [
          [
            85.3075751,
            23.3234802
          ],
          [
            85.3074643,
            23.3234162
          ],
          [
            85.3073981,
            23.3233806
          ],
          [
            85.3069547,
            23.3231661
          ],
          [
            85.3068681,
            23.3231333
          ],
          [
            85.3064229,
            23.322964
          ]
        ]
      },
      "properties": {
        "osm_id": 61407715,
        "category": "City Roadways",
        "name": "Ranchi Infrastructure (City Roadways)",
        "highway": "secondary",
        "railway": null,
        "waterway": null,
        "amenity": null,
        "city": "Ranchi",
        "district": "Ranchi",
        "state": "Jharkhand",
        "state_code": "20"
      }
    },
    {
      "type": "Feature",
      "id": 61407722,
      "geometry": {
        "type": "LineString",
        "coordinates": [
          [
            85.3248654,
            23.3792309
          ],
          [
            85.3248198,
            23.3793451
          ],
          [
            85.3246501,
            23.3796664
          ],
          [
            85.3246039,
            23.3798163
          ],
          [
            85.3245856,
            23.3799543
          ],
          [
            85.3245831,
            23.3802046
          ],
          [
            85.3245905,
            23.380329
          ],
          [
            85.3246089,
            23.3807301
          ],
          [
            85.3246995,
            23.3815757
          ],
          [
            85.3247247,
            23.3820867
          ],
          [
            85.3247625,
            23.3825941
          ],
          [
            85.3248117,
            23.3842132
          ],
          [
            85.3247842,
            23.3842757
          ]
        ]
      },
      "properties": {
        "osm_id": 61407722,
        "category": "City Roadways",
        "name": "Ranchi Infrastructure (City Roadways)",
        "highway": "secondary",
        "railway": null,
        "waterway": null,
        "amenity": null,
        "city": "Ranchi",
        "district": "Ranchi",
        "state": "Jharkhand",
        "state_code": "20"
      }
    },
    {
      "type": "Feature",
      "id": 61407723,
      "geometry": {
        "type": "LineString",
        "coordinates": [
          [
            85.3604128,
            23.3339096
          ],
          [
            85.3611893,
            23.3338946
          ],
          [
            85.3615711,
            23.3338872
          ],
          [
            85.3616811,
            23.3338643
          ],
          [
            85.3619,
            23.3338189
          ],
          [
            85.3620003,
            23.333798
          ],
          [
            85.3621315,
            23.3337471
          ],
          [
            85.3624079,
            23.3336399
          ],
          [
            85.3625933,
            23.3335668
          ],
          [
            85.3629327,
            23.3334349
          ],
          [
            85.3631103,
            23.3333671
          ],
          [
            85.3635227,
            23.3332122
          ],
          [
            85.3636946,
            23.3331476
          ],
          [
            85.3640014,
            23.3330323
          ],
          [
            85.3646448,
            23.3327973
          ],
          [
            85.365475,
            23.3324816
          ],
          [
            85.3658071,
            23.3322734
          ],
          [
            85.3659402,
            23.3320974
          ],
          [
            85.3661004,
            23.331789
          ],
          [
            85.3661523,
            23.3316697
          ],
          [
            85.3661795,
            23.3315573
          ],
          [
            85.366423,
            23.3307309
          ],
          [
            85.3665122,
            23.3304615
          ],
          [
            85.3665543,
            23.3303805
          ],
          [
            85.3666079,
            23.3303076
          ],
          [
            85.3666785,
            23.3302416
          ],
          [
            85.3668076,
            23.3301574
          ],
          [
            85.367103,
            23.3300051
          ],
          [
            85.3672458,
            23.3299298
          ],
          [
            85.3676773,
            23.3297155
          ],
          [
            85.3678435,
            23.329633
          ],
          [
            85.3679888,
            23.3295559
          ],
          [
            85.3681016,
            23.3294806
          ],
          [
            85.3682181,
            23.32936
          ],
          [
            85.3683651,
            23.3291704
          ],
          [
            85.3689814,
            23.328266
          ],
          [
            85.3694695,
            23.3274731
          ],
          [
            85.3695516,
            23.3273607
          ],
          [
            85.3696632,
            23.3272505
          ],
          [
            85.3699297,
            23.3270303
          ],
          [
            85.3703789,
            23.3266591
          ],
          [
            85.3707865,
            23.3263282
          ],
          [
            85.3712036,
            23.3259905
          ],
          [
            85.3714233,
            23.3258126
          ],
          [
            85.3718732,
            23.3254336
          ],
          [
            85.3721112,
            23.3252308
          ],
          [
            85.3723834,
            23.3250012
          ],
          [
            85.3724854,
            23.324918
          ],
          [
            85.3725771,
            23.3248535
          ],
          [
            85.3726597,
            23.3248134
          ],
          [
            85.3727181,
            23.3247967
          ],
          [
            85.3727918,
            23.3247887
          ],
          [
            85.3728562,
            23.3248017
          ],
          [
            85.3729058,
            23.3248312
          ],
          [
            85.372932,
            23.3248614
          ],
          [
            85.3729579,
            23.324915
          ]
        ]
      },
      "properties": {
        "osm_id": 61407723,
        "category": "City Roadways",
        "name": "Ranchi Infrastructure (City Roadways)",
        "highway": "secondary",
        "railway": null,
        "waterway": null,
        "amenity": null,
        "city": "Ranchi",
        "district": "Ranchi",
        "state": "Jharkhand",
        "state_code": "20"
      }
    },
    {
      "type": "Feature",
      "id": 61407727,
      "geometry": {
        "type": "LineString",
        "coordinates": [
          [
            85.3039865,
            23.3215154
          ],
          [
            85.30392,
            23.3214693
          ],
          [
            85.3032249,
            23.3209279
          ],
          [
            85.3027101,
            23.3205272
          ],
          [
            85.3011662,
            23.3192432
          ],
          [
            85.3009936,
            23.3190888
          ],
          [
            85.3008931,
            23.3189971
          ],
          [
            85.2999527,
            23.3180427
          ],
          [
            85.2995487,
            23.317522
          ],
          [
            85.2989373,
            23.3166609
          ],
          [
            85.2988085,
            23.3164795
          ],
          [
            85.298683,
            23.316269
          ],
          [
            85.2985049,
            23.315972
          ],
          [
            85.2984674,
            23.3158857
          ]
        ]
      },
      "properties": {
        "osm_id": 61407727,
        "category": "City Roadways",
        "name": "GOAL CHAKKAR",
        "highway": "secondary",
        "railway": null,
        "waterway": null,
        "amenity": null,
        "city": "Ranchi",
        "district": "Ranchi",
        "state": "Jharkhand",
        "state_code": "20"
      }
    },
    {
      "type": "Feature",
      "id": 61407732,
      "geometry": {
        "type": "LineString",
        "coordinates": [
          [
            85.3449701,
            23.4170312
          ],
          [
            85.3448471,
            23.4168383
          ],
          [
            85.3447535,
            23.416696
          ],
          [
            85.3446599,
            23.4165537
          ],
          [
            85.3445663,
            23.4164114
          ],
          [
            85.3444824,
            23.4162672
          ],
          [
            85.3443986,
            23.4161229
          ],
          [
            85.3442309,
            23.4158344
          ],
          [
            85.3441792,
            23.4157497
          ],
          [
            85.3441274,
            23.4156651
          ],
          [
            85.3440738,
            23.4155773
          ],
          [
            85.3440239,
            23.4154957
          ],
          [
            85.3439227,
            23.4153275
          ],
          [
            85.3438215,
            23.4151592
          ],
          [
            85.3437203,
            23.414991
          ],
          [
            85.343619,
            23.4148227
          ],
          [
            85.3435564,
            23.4147064
          ],
          [
            85.3434877,
            23.4145673
          ],
          [
            85.3431869,
            23.4139076
          ],
          [
            85.3430739,
            23.4136894
          ],
          [
            85.342954,
            23.4134579
          ],
          [
            85.3426593,
            23.4128887
          ],
          [
            85.3426196,
            23.4128198
          ],
          [
            85.3425396,
            23.4126807
          ],
          [
            85.3424199,
            23.4124727
          ],
          [
            85.342353,
            23.4123337
          ],
          [
            85.3423116,
            23.4122424
          ],
          [
            85.3422324,
            23.4120437
          ],
          [
            85.342184,
            23.4119021
          ],
          [
            85.3421657,
            23.4118488
          ],
          [
            85.3421355,
            23.4117606
          ],
          [
            85.3420386,
            23.4114775
          ],
          [
            85.3420016,
            23.4113756
          ],
          [
            85.341981,
            23.411319
          ],
          [
            85.3419233,
            23.4111605
          ],
          [
            85.3418945,
            23.4110691
          ],
          [
            85.3418841,
            23.4110359
          ],
          [
            85.3418449,
            23.4109113
          ],
          [
            85.3417453,
            23.4105898
          ],
          [
            85.3417225,
            23.4105164
          ],
          [
            85.3416263,
            23.4102058
          ],
          [
            85.3415917,
            23.410059
          ],
          [
            85.3415757,
            23.4099686
          ],
          [
            85.3415597,
            23.4098588
          ],
          [
            85.3415076,
            23.4095874
          ],
          [
            85.3414697,
            23.4094037
          ],
          [
            85.3414318,
            23.4092722
          ],
          [
            85.3413833,
            23.4091506
          ],
          [
            85.3413517,
            23.4090783
          ],
          [
            85.3413394,
            23.4090501
          ],
          [
            85.3412254,
            23.4088466
          ],
          [
            85.3411554,
            23.4087216
          ],
          [
            85.3410656,
            23.4085939
          ],
          [
            85.3409758,
            23.4084661
          ],
          [
            85.3409191,
            23.4083776
          ],
          [
            85.3408764,
            23.4083014
          ],
          [
            85.3408658,
            23.4082825
          ],
          [
            85.3408171,
            23.4081914
          ],
          [
            85.3407683,
            23.4080937
          ],
          [
            85.3407275,
            23.4080089
          ],
          [
            85.3406846,
            23.4078944
          ],
          [
            85.3406669,
            23.4078516
          ],
          [
            85.3405878,
            23.4075754
          ],
          [
            85.3405684,
            23.4075058
          ],
          [
            85.3405631,
            23.4073999
          ],
          [
            85.3405657,
            23.4071612
          ],
          [
            85.3405805,
            23.407027
          ],
          [
            85.3405872,
            23.4069187
          ],
          [
            85.3406154,
            23.4066627
          ],
          [
            85.3406569,
            23.4063723
          ],
          [
            85.3406891,
            23.4061889
          ],
          [
            85.3407347,
            23.4059255
          ],
          [
            85.3407723,
            23.405608
          ],
          [
            85.3408165,
            23.4053163
          ],
          [
            85.340846,
            23.405144
          ],
          [
            85.3408876,
            23.4049471
          ],
          [
            85.3409386,
            23.4046579
          ],
          [
            85.3409564,
            23.4044449
          ],
          [
            85.3409681,
            23.4043132
          ],
          [
            85.3409636,
            23.4042098
          ],
          [
            85.3409319,
            23.4041175
          ],
          [
            85.3408876,
            23.4040289
          ],
          [
            85.3407575,
            23.4038578
          ],
          [
            85.340642,
            23.4037038
          ],
          [
            85.3406104,
            23.4036499
          ],
          [
            85.340504,
            23.4034541
          ],
          [
            85.3404582,
            23.4033356
          ],
          [
            85.340412,
            23.4031925
          ],
          [
            85.3403503,
            23.4028191
          ],
          [
            85.3402922,
            23.4023963
          ],
          [
            85.3402439,
            23.4021175
          ],
          [
            85.3402289,
            23.4020639
          ],
          [
            85.3402197,
            23.4020311
          ],
          [
            85.3401975,
            23.4019519
          ],
          [
            85.3400994,
            23.4016952
          ],
          [
            85.3399418,
            23.4014591
          ],
          [
            85.3398207,
            23.4013111
          ],
          [
            85.3394307,
            23.4008608
          ],
          [
            85.3393373,
            23.4007608
          ],
          [
            85.3390883,
            23.4004748
          ],
          [
            85.3387065,
            23.4000363
          ],
          [
            85.3385551,
            23.3998625
          ],
          [
            85.3383431,
            23.399619
          ],
          [
            85.3381774,
            23.3994287
          ],
          [
            85.3379453,
            23.3991356
          ],
          [
            85.3373183,
            23.3983437
          ],
          [
            85.3372303,
            23.3982245
          ],
          [
            85.337181,
            23.3981577
          ],
          [
            85.3368088,
            23.3976478
          ],
          [
            85.3366268,
            23.3973984
          ],
          [
            85.3365154,
            23.3972458
          ],
          [
            85.3364653,
            23.3971772
          ],
          [
            85.3363754,
            23.3970546
          ],
          [
            85.3360139,
            23.3965619
          ],
          [
            85.3356957,
            23.3961283
          ],
          [
            85.3356631,
            23.3960859
          ],
          [
            85.3353852,
            23.3957239
          ],
          [
            85.3352607,
            23.3955638
          ],
          [
            85.3350369,
            23.3952712
          ],
          [
            85.3348203,
            23.394988
          ],
          [
            85.3348088,
            23.3949566
          ],
          [
            85.334767,
            23.3949059
          ],
          [
            85.3346208,
            23.3947281
          ],
          [
            85.3343372,
            23.3943587
          ],
          [
            85.3342119,
            23.3941955
          ],
          [
            85.3341132,
            23.3940776
          ],
          [
            85.3338122,
            23.3937216
          ],
          [
            85.333735,
            23.3936007
          ],
          [
            85.333695,
            23.3935381
          ],
          [
            85.3335834,
            23.3933629
          ],
          [
            85.3333953,
            23.3930517
          ],
          [
            85.3332062,
            23.392739
          ],
          [
            85.3329613,
            23.3923341
          ],
          [
            85.3328756,
            23.3921503
          ],
          [
            85.3327017,
            23.3917773
          ],
          [
            85.332468,
            23.3912762
          ],
          [
            85.332268,
            23.3908474
          ],
          [
            85.3320295,
            23.3902141
          ],
          [
            85.331734,
            23.3894858
          ],
          [
            85.331546,
            23.3889773
          ],
          [
            85.3315108,
            23.388901
          ],
          [
            85.3313483,
            23.3884212
          ],
          [
            85.3313181,
            23.3883224
          ],
          [
            85.3312802,
            23.3882282
          ]
        ]
      },
      "properties": {
        "osm_id": 61407732,
        "category": "City Roadways",
        "name": "Tagore Hill Rd",
        "highway": "secondary",
        "railway": null,
        "waterway": null,
        "amenity": null,
        "city": "Ranchi",
        "district": "Ranchi",
        "state": "Jharkhand",
        "state_code": "20"
      }
    },
    {
      "type": "Feature",
      "id": 61409212,
      "geometry": {
        "type": "LineString",
        "coordinates": [
          [
            85.321715,
            23.3789453
          ],
          [
            85.3220222,
            23.3789122
          ],
          [
            85.3222886,
            23.3788984
          ],
          [
            85.3224949,
            23.3788826
          ],
          [
            85.3227687,
            23.3788729
          ],
          [
            85.3229122,
            23.3788765
          ],
          [
            85.3232503,
            23.3788894
          ],
          [
            85.3234705,
            23.3789055
          ],
          [
            85.3236972,
            23.3789235
          ],
          [
            85.3247637,
            23.3789404
          ],
          [
            85.3247979,
            23.3789459
          ],
          [
            85.3248634,
            23.3789521
          ],
          [
            85.324962,
            23.3789478
          ],
          [
            85.3250286,
            23.3789376
          ]
        ]
      },
      "properties": {
        "osm_id": 61409212,
        "category": "Highways & Arterials",
        "name": "Ranchi Infrastructure (Highways & Arterials)",
        "highway": "primary",
        "railway": null,
        "waterway": null,
        "amenity": null,
        "city": "Ranchi",
        "district": "Ranchi",
        "state": "Jharkhand",
        "state_code": "20"
      }
    },
    {
      "type": "Feature",
      "id": 61409221,
      "geometry": {
        "type": "LineString",
        "coordinates": [
          [
            85.3738855,
            23.3328858
          ],
          [
            85.3740464,
            23.3326572
          ],
          [
            85.3741913,
            23.3324786
          ],
          [
            85.3744313,
            23.3321979
          ],
          [
            85.3754863,
            23.3311116
          ],
          [
            85.3758221,
            23.3307394
          ],
          [
            85.3766648,
            23.3298721
          ],
          [
            85.3770444,
            23.3294561
          ],
          [
            85.3778592,
            23.3285491
          ],
          [
            85.3780912,
            23.3283089
          ],
          [
            85.3783299,
            23.3280737
          ],
          [
            85.3785753,
            23.3278361
          ],
          [
            85.3788865,
            23.3275442
          ],
          [
            85.3792928,
            23.3271698
          ],
          [
            85.3800438,
            23.326479
          ],
          [
            85.3804368,
            23.3261034
          ],
          [
            85.3809357,
            23.3256317
          ],
          [
            85.3810604,
            23.3255184
          ],
          [
            85.3812335,
            23.3253611
          ],
          [
            85.3814426,
            23.3251711
          ],
          [
            85.3816599,
            23.3249605
          ],
          [
            85.3819066,
            23.3247081
          ],
          [
            85.3821588,
            23.3244384
          ],
          [
            85.3824176,
            23.3241428
          ],
          [
            85.3825993,
            23.3239208
          ],
          [
            85.3827099,
            23.3237832
          ],
          [
            85.3828119,
            23.3236594
          ],
          [
            85.3829822,
            23.3234452
          ],
          [
            85.3831337,
            23.3232401
          ],
          [
            85.3833188,
            23.3229729
          ],
          [
            85.3836125,
            23.3225689
          ],
          [
            85.383756,
            23.3223633
          ],
          [
            85.3839652,
            23.3220837
          ],
          [
            85.3840658,
            23.3219433
          ],
          [
            85.3841771,
            23.3217808
          ],
          [
            85.3846452,
            23.3211477
          ],
          [
            85.3847672,
            23.3209852
          ],
          [
            85.3855786,
            23.3198854
          ],
          [
            85.3858307,
            23.3195529
          ],
          [
            85.3860761,
            23.3192056
          ],
          [
            85.3862478,
            23.3189691
          ],
          [
            85.386459,
            23.3186742
          ],
          [
            85.3865113,
            23.3186021
          ],
          [
            85.3866152,
            23.3184543
          ],
          [
            85.3867386,
            23.3182819
          ],
          [
            85.3869572,
            23.3179814
          ],
          [
            85.3871866,
            23.3176606
          ],
          [
            85.3878745,
            23.3167037
          ],
          [
            85.3880623,
            23.316437
          ],
          [
            85.388348,
            23.3160491
          ],
          [
            85.3885384,
            23.3157843
          ],
          [
            85.388808,
            23.3154062
          ],
          [
            85.3892633,
            23.3147842
          ],
          [
            85.3895321,
            23.3144271
          ],
          [
            85.3896627,
            23.3142451
          ],
          [
            85.3898007,
            23.3140529
          ],
          [
            85.3898574,
            23.3139738
          ],
          [
            85.3901658,
            23.3135526
          ],
          [
            85.390251,
            23.3134319
          ],
          [
            85.3903328,
            23.3133149
          ],
          [
            85.3904984,
            23.3130932
          ],
          [
            85.3908297,
            23.312616
          ],
          [
            85.3911079,
            23.312249
          ],
          [
            85.3913105,
            23.3119854
          ],
          [
            85.3914888,
            23.3117428
          ],
          [
            85.3917101,
            23.3114367
          ],
          [
            85.3918663,
            23.3112119
          ],
          [
            85.3920742,
            23.3109237
          ],
          [
            85.3922995,
            23.3106029
          ],
          [
            85.3924189,
            23.3104237
          ],
          [
            85.3925778,
            23.3101478
          ],
          [
            85.3926723,
            23.3099575
          ],
          [
            85.3927347,
            23.3098171
          ],
          [
            85.3928272,
            23.3096145
          ],
          [
            85.3929023,
            23.3094279
          ],
          [
            85.3929372,
            23.3093195
          ],
          [
            85.3929815,
            23.3091693
          ],
          [
            85.3930908,
            23.3087733
          ],
          [
            85.3932195,
            23.3083213
          ],
          [
            85.3932825,
            23.3081304
          ],
          [
            85.3933784,
            23.3078797
          ],
          [
            85.3934797,
            23.3076396
          ],
          [
            85.3935461,
            23.3074924
          ],
          [
            85.3936252,
            23.3073267
          ],
          [
            85.3937392,
            23.3071063
          ],
          [
            85.3939524,
            23.3067275
          ],
          [
            85.3943179,
            23.3060907
          ],
          [
            85.3944217,
            23.3059179
          ],
          [
            85.3946619,
            23.305518
          ],
          [
            85.3948081,
            23.3052895
          ],
          [
            85.394922,
            23.3051196
          ],
          [
            85.3950682,
            23.3049305
          ],
          [
            85.3951876,
            23.3047747
          ],
          [
            85.3953814,
            23.3045684
          ],
          [
            85.3955403,
            23.3044101
          ],
          [
            85.3958085,
            23.3041662
          ],
          [
            85.3960848,
            23.3039433
          ],
          [
            85.3966132,
            23.3035159
          ],
          [
            85.396931,
            23.3032449
          ],
          [
            85.3971912,
            23.3030405
          ],
          [
            85.3976163,
            23.3026943
          ],
          [
            85.3980951,
            23.3023014
          ],
          [
            85.3982922,
            23.3021536
          ],
          [
            85.3984974,
            23.3020009
          ],
          [
            85.398712,
            23.3018666
          ],
          [
            85.3989293,
            23.3017521
          ],
          [
            85.3992471,
            23.3016092
          ],
          [
            85.4004249,
            23.3011096
          ]
        ]
      },
      "properties": {
        "osm_id": 61409221,
        "category": "City Roadways",
        "name": "Ranchi Infrastructure (City Roadways)",
        "highway": "secondary",
        "railway": null,
        "waterway": null,
        "amenity": null,
        "city": "Ranchi",
        "district": "Ranchi",
        "state": "Jharkhand",
        "state_code": "20"
      }
    },
    {
      "type": "Feature",
      "id": 61409223,
      "geometry": {
        "type": "LineString",
        "coordinates": [
          [
            85.3112975,
            23.3689006
          ],
          [
            85.3113564,
            23.3689954
          ],
          [
            85.3113751,
            23.3690317
          ],
          [
            85.311463,
            23.3692016
          ],
          [
            85.3115526,
            23.369375
          ],
          [
            85.3116373,
            23.369539
          ],
          [
            85.3116485,
            23.3695608
          ],
          [
            85.3117175,
            23.3696943
          ],
          [
            85.3118163,
            23.3698773
          ],
          [
            85.311881,
            23.3699968
          ],
          [
            85.3119297,
            23.3700868
          ],
          [
            85.3119792,
            23.3701788
          ],
          [
            85.3120344,
            23.3702849
          ],
          [
            85.3121824,
            23.3705553
          ],
          [
            85.3122093,
            23.3706045
          ],
          [
            85.31231,
            23.3707913
          ],
          [
            85.3123894,
            23.3709043
          ],
          [
            85.3125023,
            23.3710356
          ],
          [
            85.3126337,
            23.3712517
          ],
          [
            85.3126873,
            23.3713632
          ],
          [
            85.3127326,
            23.3714573
          ],
          [
            85.3127437,
            23.37148
          ],
          [
            85.3129511,
            23.3718761
          ],
          [
            85.3130919,
            23.3721568
          ],
          [
            85.313226,
            23.3724215
          ],
          [
            85.3134298,
            23.372845
          ],
          [
            85.3135237,
            23.3730309
          ],
          [
            85.3136377,
            23.3732894
          ],
          [
            85.3137235,
            23.3734962
          ],
          [
            85.3137745,
            23.3736698
          ],
          [
            85.3138659,
            23.3739278
          ],
          [
            85.3139215,
            23.3740812
          ],
          [
            85.3140054,
            23.3743033
          ],
          [
            85.3141728,
            23.3748689
          ],
          [
            85.3142008,
            23.3750167
          ],
          [
            85.3142713,
            23.3753882
          ],
          [
            85.3143891,
            23.3759107
          ],
          [
            85.3144,
            23.3759617
          ],
          [
            85.3144609,
            23.3762482
          ],
          [
            85.3145084,
            23.3764305
          ],
          [
            85.3145778,
            23.376697
          ],
          [
            85.3146805,
            23.3769971
          ],
          [
            85.314741,
            23.3771323
          ],
          [
            85.3149028,
            23.3774099
          ],
          [
            85.315058,
            23.3775942
          ],
          [
            85.315365,
            23.3779402
          ],
          [
            85.3158465,
            23.3784843
          ],
          [
            85.315939,
            23.3786087
          ],
          [
            85.3159955,
            23.3786963
          ],
          [
            85.3160177,
            23.3787292
          ],
          [
            85.3161035,
            23.3788608
          ]
        ]
      },
      "properties": {
        "osm_id": 61409223,
        "category": "City Roadways",
        "name": "Harmu Road",
        "highway": "secondary",
        "railway": null,
        "waterway": null,
        "amenity": null,
        "city": "Ranchi",
        "district": "Ranchi",
        "state": "Jharkhand",
        "state_code": "20"
      }
    },
    {
      "type": "Feature",
      "id": 61409224,
      "geometry": {
        "type": "LineString",
        "coordinates": [
          [
            85.3455879,
            23.3648768
          ],
          [
            85.3456902,
            23.3649714
          ],
          [
            85.3458132,
            23.3650834
          ],
          [
            85.3459367,
            23.3651965
          ],
          [
            85.3460068,
            23.3652602
          ],
          [
            85.3460712,
            23.3653258
          ],
          [
            85.3461521,
            23.3653998
          ],
          [
            85.3462807,
            23.3654903
          ],
          [
            85.3463709,
            23.3655479
          ],
          [
            85.3465311,
            23.3656332
          ],
          [
            85.3466893,
            23.3657126
          ],
          [
            85.3469448,
            23.3658268
          ],
          [
            85.3471407,
            23.3659017
          ],
          [
            85.3473063,
            23.3659514
          ],
          [
            85.3476023,
            23.3660188
          ],
          [
            85.3478548,
            23.3660632
          ],
          [
            85.3480454,
            23.3660956
          ],
          [
            85.3482107,
            23.3661332
          ],
          [
            85.3483314,
            23.3661758
          ],
          [
            85.3484437,
            23.3662154
          ],
          [
            85.3486087,
            23.3662901
          ],
          [
            85.3487272,
            23.3663611
          ],
          [
            85.3488337,
            23.3664417
          ],
          [
            85.3489014,
            23.3664965
          ],
          [
            85.3489535,
            23.3665431
          ],
          [
            85.3490061,
            23.3665836
          ]
        ]
      },
      "properties": {
        "osm_id": 61409224,
        "category": "City Roadways",
        "name": "Ranchi Infrastructure (City Roadways)",
        "highway": "secondary",
        "railway": null,
        "waterway": null,
        "amenity": null,
        "city": "Ranchi",
        "district": "Ranchi",
        "state": "Jharkhand",
        "state_code": "20"
      }
    },
    {
      "type": "Feature",
      "id": 61409229,
      "geometry": {
        "type": "LineString",
        "coordinates": [
          [
            85.3232321,
            23.3710136
          ],
          [
            85.3232531,
            23.3710546
          ],
          [
            85.3233248,
            23.3712164
          ],
          [
            85.3234734,
            23.3717715
          ],
          [
            85.3234975,
            23.3719217
          ],
          [
            85.3234796,
            23.3720674
          ],
          [
            85.323541,
            23.3723125
          ],
          [
            85.3235789,
            23.3725058
          ],
          [
            85.3237079,
            23.373054
          ],
          [
            85.3238013,
            23.3733772
          ],
          [
            85.3238488,
            23.3735725
          ],
          [
            85.3240299,
            23.3742595
          ],
          [
            85.32416,
            23.3748417
          ],
          [
            85.3242284,
            23.3751126
          ],
          [
            85.3243129,
            23.3754659
          ],
          [
            85.3243947,
            23.3757724
          ],
          [
            85.3244577,
            23.3759768
          ],
          [
            85.3246804,
            23.3767597
          ],
          [
            85.3248855,
            23.3776029
          ],
          [
            85.3249995,
            23.378051
          ],
          [
            85.3250505,
            23.3782788
          ],
          [
            85.3250854,
            23.3784388
          ],
          [
            85.3251041,
            23.3785323
          ],
          [
            85.3251189,
            23.3786111
          ],
          [
            85.3251323,
            23.3786776
          ],
          [
            85.3251342,
            23.3786883
          ],
          [
            85.3251437,
            23.3787405
          ]
        ]
      },
      "properties": {
        "osm_id": 61409229,
        "category": "City Roadways",
        "name": "Kutcheri Road",
        "highway": "secondary",
        "railway": null,
        "waterway": null,
        "amenity": null,
        "city": "Ranchi",
        "district": "Ranchi",
        "state": "Jharkhand",
        "state_code": "20"
      }
    },
    {
      "type": "Feature",
      "id": 61409230,
      "geometry": {
        "type": "LineString",
        "coordinates": [
          [
            85.3717638,
            23.3460656
          ],
          [
            85.3717887,
            23.3460243
          ],
          [
            85.3719255,
            23.3457147
          ],
          [
            85.3720736,
            23.3453809
          ],
          [
            85.3727013,
            23.3440499
          ],
          [
            85.3731041,
            23.3432733
          ],
          [
            85.3733894,
            23.3427042
          ],
          [
            85.3734469,
            23.3425895
          ],
          [
            85.3739117,
            23.341645
          ],
          [
            85.3739686,
            23.3415096
          ],
          [
            85.3740263,
            23.3413286
          ],
          [
            85.3740558,
            23.3411735
          ],
          [
            85.3740692,
            23.3409802
          ],
          [
            85.3740746,
            23.3407856
          ],
          [
            85.3740558,
            23.3404531
          ],
          [
            85.3740169,
            23.3400788
          ],
          [
            85.37397,
            23.3396712
          ],
          [
            85.3739163,
            23.3392279
          ],
          [
            85.3737308,
            23.3379826
          ],
          [
            85.3736508,
            23.3373008
          ],
          [
            85.373583,
            23.3367426
          ],
          [
            85.3735529,
            23.3364536
          ],
          [
            85.3735339,
            23.3361624
          ],
          [
            85.3735291,
            23.3360986
          ],
          [
            85.3735059,
            23.3357899
          ],
          [
            85.373463,
            23.3350154
          ],
          [
            85.373463,
            23.3348159
          ],
          [
            85.3734778,
            23.3345129
          ],
          [
            85.3735167,
            23.334061
          ],
          [
            85.3735423,
            23.3338779
          ],
          [
            85.3735507,
            23.3338178
          ],
          [
            85.3735865,
            23.333647
          ],
          [
            85.3736516,
            23.3334338
          ],
          [
            85.3737558,
            23.3331598
          ],
          [
            85.3738855,
            23.3328858
          ]
        ]
      },
      "properties": {
        "osm_id": 61409230,
        "category": "City Roadways",
        "name": "Ranchi Infrastructure (City Roadways)",
        "highway": "secondary",
        "railway": null,
        "waterway": null,
        "amenity": null,
        "city": "Ranchi",
        "district": "Ranchi",
        "state": "Jharkhand",
        "state_code": "20"
      }
    },
    {
      "type": "Feature",
      "id": 61409232,
      "geometry": {
        "type": "LineString",
        "coordinates": [
          [
            85.317804,
            23.3783612
          ],
          [
            85.3178998,
            23.3783455
          ],
          [
            85.3179608,
            23.3783391
          ],
          [
            85.3180364,
            23.3783442
          ],
          [
            85.3180949,
            23.3783594
          ],
          [
            85.318146,
            23.3783784
          ],
          [
            85.3184669,
            23.3785287
          ],
          [
            85.318545,
            23.3785665
          ],
          [
            85.3192265,
            23.3789161
          ],
          [
            85.3196857,
            23.3790957
          ],
          [
            85.3198515,
            23.3791359
          ],
          [
            85.3199149,
            23.3791456
          ],
          [
            85.3199907,
            23.3791572
          ],
          [
            85.3200991,
            23.3791124
          ]
        ]
      },
      "properties": {
        "osm_id": 61409232,
        "category": "Highways & Arterials",
        "name": "upper bazra road",
        "highway": "primary",
        "railway": null,
        "waterway": null,
        "amenity": null,
        "city": "Ranchi",
        "district": "Ranchi",
        "state": "Jharkhand",
        "state_code": "20"
      }
    },
    {
      "type": "Feature",
      "id": 61409237,
      "geometry": {
        "type": "LineString",
        "coordinates": [
          [
            85.3429846,
            23.3627514
          ],
          [
            85.344556,
            23.3640474
          ],
          [
            85.3450031,
            23.3644125
          ]
        ]
      },
      "properties": {
        "osm_id": 61409237,
        "category": "City Roadways",
        "name": "Old Hazaribagh Road",
        "highway": "secondary",
        "railway": null,
        "waterway": null,
        "amenity": null,
        "city": "Ranchi",
        "district": "Ranchi",
        "state": "Jharkhand",
        "state_code": "20"
      }
    },
    {
      "type": "Feature",
      "id": 61409239,
      "geometry": {
        "type": "LineString",
        "coordinates": [
          [
            85.3595705,
            23.3339244
          ],
          [
            85.3604128,
            23.3339096
          ]
        ]
      },
      "properties": {
        "osm_id": 61409239,
        "category": "City Roadways",
        "name": "Ranchi Infrastructure (City Roadways)",
        "highway": "secondary",
        "railway": null,
        "waterway": null,
        "amenity": null,
        "city": "Ranchi",
        "district": "Ranchi",
        "state": "Jharkhand",
        "state_code": "20"
      }
    },
    {
      "type": "Feature",
      "id": 61409240,
      "geometry": {
        "type": "LineString",
        "coordinates": [
          [
            85.3253706,
            23.3789244
          ],
          [
            85.3254802,
            23.3789502
          ],
          [
            85.3255561,
            23.3789681
          ],
          [
            85.325616,
            23.3789775
          ],
          [
            85.3256661,
            23.3789853
          ],
          [
            85.3257868,
            23.3789866
          ],
          [
            85.3259222,
            23.3789681
          ],
          [
            85.3261314,
            23.3789164
          ],
          [
            85.3266394,
            23.3787438
          ],
          [
            85.3268101,
            23.3786746
          ],
          [
            85.3281499,
            23.3781427
          ],
          [
            85.3281704,
            23.3781351
          ],
          [
            85.3282433,
            23.3781083
          ],
          [
            85.3284141,
            23.3780434
          ],
          [
            85.3286165,
            23.3779679
          ],
          [
            85.3286402,
            23.3779565
          ],
          [
            85.3302035,
            23.3773034
          ],
          [
            85.3313509,
            23.3768424
          ],
          [
            85.3315238,
            23.376776
          ],
          [
            85.331674,
            23.3767171
          ],
          [
            85.331824,
            23.3766568
          ],
          [
            85.3321745,
            23.3765129
          ],
          [
            85.3326894,
            23.3763092
          ],
          [
            85.3330499,
            23.3761644
          ],
          [
            85.3332327,
            23.3760909
          ]
        ]
      },
      "properties": {
        "osm_id": 61409240,
        "category": "Highways & Arterials",
        "name": "circular road",
        "highway": "primary",
        "railway": null,
        "waterway": null,
        "amenity": null,
        "city": "Ranchi",
        "district": "Ranchi",
        "state": "Jharkhand",
        "state_code": "20"
      }
    },
    {
      "type": "Feature",
      "id": 61409241,
      "geometry": {
        "type": "LineString",
        "coordinates": [
          [
            85.3382344,
            23.372139
          ],
          [
            85.3380628,
            23.3721109
          ],
          [
            85.3375227,
            23.372029
          ],
          [
            85.336775,
            23.3719232
          ],
          [
            85.3361446,
            23.371834
          ],
          [
            85.3357254,
            23.3717726
          ],
          [
            85.335174,
            23.3716853
          ],
          [
            85.3345643,
            23.3716108
          ],
          [
            85.3340259,
            23.3715342
          ],
          [
            85.3335715,
            23.3714836
          ],
          [
            85.3326632,
            23.3713818
          ],
          [
            85.3321146,
            23.3713112
          ],
          [
            85.3318393,
            23.3712809
          ],
          [
            85.3315163,
            23.3712405
          ],
          [
            85.3313882,
            23.3712284
          ],
          [
            85.3311034,
            23.3712427
          ],
          [
            85.3307379,
            23.3712738
          ],
          [
            85.3299213,
            23.3713567
          ],
          [
            85.3298677,
            23.3713616
          ],
          [
            85.3290505,
            23.3714277
          ],
          [
            85.3288305,
            23.3714501
          ],
          [
            85.3285105,
            23.3714274
          ],
          [
            85.3284281,
            23.3714105
          ],
          [
            85.3282214,
            23.3713564
          ],
          [
            85.3279373,
            23.3712391
          ],
          [
            85.3273942,
            23.3709869
          ],
          [
            85.3270451,
            23.3707932
          ],
          [
            85.3269837,
            23.3707729
          ],
          [
            85.326964,
            23.3707642
          ],
          [
            85.3264153,
            23.3705338
          ],
          [
            85.3256848,
            23.370218
          ],
          [
            85.3254021,
            23.3701719
          ],
          [
            85.3253417,
            23.3701621
          ],
          [
            85.3253036,
            23.3701485
          ]
        ]
      },
      "properties": {
        "osm_id": 61409241,
        "category": "City Roadways",
        "name": "Hazaribagh Road",
        "highway": "secondary",
        "railway": null,
        "waterway": null,
        "amenity": null,
        "city": "Ranchi",
        "district": "Ranchi",
        "state": "Jharkhand",
        "state_code": "20"
      }
    },
    {
      "type": "Feature",
      "id": 91609646,
      "geometry": {
        "type": "LineString",
        "coordinates": [
          [
            85.3072096,
            23.3175368
          ],
          [
            85.3075021,
            23.3159182
          ],
          [
            85.3075098,
            23.315875
          ],
          [
            85.3076644,
            23.3150059
          ],
          [
            85.3077306,
            23.3146073
          ],
          [
            85.3078441,
            23.3139246
          ],
          [
            85.3079187,
            23.3134827
          ],
          [
            85.3079554,
            23.3132275
          ],
          [
            85.3079754,
            23.3131121
          ],
          [
            85.308056,
            23.3126538
          ],
          [
            85.3081378,
            23.3121868
          ],
          [
            85.3082147,
            23.3117174
          ],
          [
            85.3082483,
            23.3115143
          ],
          [
            85.3085985,
            23.3094203
          ],
          [
            85.3091917,
            23.3060342
          ],
          [
            85.3093877,
            23.3049262
          ],
          [
            85.309436,
            23.3046043
          ],
          [
            85.3094972,
            23.3042938
          ],
          [
            85.3095929,
            23.3036649
          ],
          [
            85.3097424,
            23.3027412
          ]
        ]
      },
      "properties": {
        "osm_id": 91609646,
        "category": "Rail Network & Terminals",
        "name": "Ranchi Infrastructure (Rail Network & Terminals)",
        "highway": null,
        "railway": "rail",
        "waterway": null,
        "amenity": null,
        "city": "Ranchi",
        "district": "Ranchi",
        "state": "Jharkhand",
        "state_code": "20"
      }
    },
    {
      "type": "Feature",
      "id": 91661222,
      "geometry": {
        "type": "LineString",
        "coordinates": [
          [
            85.3361194,
            23.3492518
          ],
          [
            85.3390745,
            23.349346
          ],
          [
            85.34009,
            23.3494126
          ],
          [
            85.3411189,
            23.3494607
          ],
          [
            85.3419397,
            23.349492
          ],
          [
            85.3431739,
            23.349535
          ],
          [
            85.3440599,
            23.3495498
          ],
          [
            85.3444177,
            23.3495524
          ],
          [
            85.346096,
            23.3494613
          ],
          [
            85.3481422,
            23.34936
          ],
          [
            85.3491995,
            23.3492799
          ],
          [
            85.3502022,
            23.3492588
          ],
          [
            85.351235,
            23.3492882
          ],
          [
            85.3522077,
            23.3493559
          ],
          [
            85.3529097,
            23.3494398
          ],
          [
            85.3568122,
            23.3500585
          ],
          [
            85.3608435,
            23.350724
          ],
          [
            85.3620546,
            23.3509133
          ],
          [
            85.3628924,
            23.351003
          ],
          [
            85.3637304,
            23.3510744
          ],
          [
            85.3664543,
            23.3511876
          ]
        ]
      },
      "properties": {
        "osm_id": 91661222,
        "category": "Rail Network & Terminals",
        "name": "Ranchi Infrastructure (Rail Network & Terminals)",
        "highway": null,
        "railway": "rail",
        "waterway": null,
        "amenity": null,
        "city": "Ranchi",
        "district": "Ranchi",
        "state": "Jharkhand",
        "state_code": "20"
      }
    },
    {
      "type": "Feature",
      "id": 116920298,
      "geometry": {
        "type": "LineString",
        "coordinates": [
          [
            85.2745914,
            23.3359377
          ],
          [
            85.2750826,
            23.3359394
          ],
          [
            85.2821124,
            23.3360153
          ],
          [
            85.2891226,
            23.3360719
          ],
          [
            85.2899235,
            23.3361187
          ],
          [
            85.2907298,
            23.3362201
          ],
          [
            85.2914567,
            23.336393
          ],
          [
            85.2916289,
            23.3364458
          ],
          [
            85.2921235,
            23.3365975
          ],
          [
            85.2928874,
            23.3369206
          ],
          [
            85.2940241,
            23.3374673
          ],
          [
            85.2978672,
            23.3392598
          ],
          [
            85.3023085,
            23.341343
          ],
          [
            85.3038951,
            23.3420772
          ],
          [
            85.3051547,
            23.3426706
          ],
          [
            85.3060028,
            23.3430784
          ],
          [
            85.3091392,
            23.3445724
          ],
          [
            85.3138152,
            23.3467556
          ],
          [
            85.3149909,
            23.3472919
          ],
          [
            85.315927,
            23.347713
          ]
        ]
      },
      "properties": {
        "osm_id": 116920298,
        "category": "Rail Network & Terminals",
        "name": "Ranchi Infrastructure (Rail Network & Terminals)",
        "highway": null,
        "railway": "rail",
        "waterway": null,
        "amenity": null,
        "city": "Ranchi",
        "district": "Ranchi",
        "state": "Jharkhand",
        "state_code": "20"
      }
    },
    {
      "type": "Feature",
      "id": 176162280,
      "geometry": {
        "type": "LineString",
        "coordinates": [
          [
            85.3743208,
            23.3505913
          ],
          [
            85.3750287,
            23.3505831
          ],
          [
            85.3759131,
            23.350651
          ],
          [
            85.3763491,
            23.3506853
          ],
          [
            85.3767751,
            23.3507727
          ],
          [
            85.3773963,
            23.3510595
          ],
          [
            85.37803,
            23.3512697
          ],
          [
            85.3784478,
            23.351359
          ],
          [
            85.3789133,
            23.3514586
          ],
          [
            85.3792405,
            23.3514807
          ],
          [
            85.3796989,
            23.351551
          ]
        ]
      },
      "properties": {
        "osm_id": 176162280,
        "category": "Rail Network & Terminals",
        "name": "Ranchi Infrastructure (Rail Network & Terminals)",
        "highway": null,
        "railway": "rail",
        "waterway": null,
        "amenity": null,
        "city": "Ranchi",
        "district": "Ranchi",
        "state": "Jharkhand",
        "state_code": "20"
      }
    },
    {
      "type": "Feature",
      "id": 216670718,
      "geometry": {
        "type": "LineString",
        "coordinates": [
          [
            85.3107825,
            23.3646414
          ],
          [
            85.3109243,
            23.3649488
          ],
          [
            85.3110724,
            23.365295
          ],
          [
            85.3110909,
            23.3653944
          ],
          [
            85.311095,
            23.3654806
          ],
          [
            85.3110842,
            23.3655778
          ],
          [
            85.3110373,
            23.3657354
          ],
          [
            85.3109796,
            23.3659324
          ],
          [
            85.3109072,
            23.3661158
          ],
          [
            85.3108254,
            23.3663091
          ],
          [
            85.3107087,
            23.3665123
          ],
          [
            85.3106417,
            23.3666157
          ],
          [
            85.3105572,
            23.3667548
          ],
          [
            85.3104942,
            23.3668693
          ],
          [
            85.3104553,
            23.3669899
          ],
          [
            85.3104347,
            23.3670776
          ],
          [
            85.3104245,
            23.3671211
          ],
          [
            85.3104272,
            23.3672013
          ],
          [
            85.3104309,
            23.3673114
          ],
          [
            85.3104725,
            23.3674601
          ],
          [
            85.3104892,
            23.3675196
          ],
          [
            85.3105921,
            23.3677803
          ],
          [
            85.3106739,
            23.3679477
          ],
          [
            85.310706,
            23.3680068
          ],
          [
            85.3107262,
            23.3680401
          ],
          [
            85.3109314,
            23.3683528
          ],
          [
            85.3110735,
            23.3685645
          ],
          [
            85.3111956,
            23.3687455
          ],
          [
            85.3112572,
            23.3688378
          ],
          [
            85.3112975,
            23.3689006
          ]
        ]
      },
      "properties": {
        "osm_id": 216670718,
        "category": "City Roadways",
        "name": "Harmu Road",
        "highway": "secondary",
        "railway": null,
        "waterway": null,
        "amenity": null,
        "city": "Ranchi",
        "district": "Ranchi",
        "state": "Jharkhand",
        "state_code": "20"
      }
    },
    {
      "type": "Feature",
      "id": 234426434,
      "geometry": {
        "type": "LineString",
        "coordinates": [
          [
            85.3202027,
            23.350789
          ],
          [
            85.3206881,
            23.3505128
          ],
          [
            85.3222073,
            23.3497787
          ],
          [
            85.3223128,
            23.3497235
          ],
          [
            85.3223968,
            23.3496711
          ],
          [
            85.3224598,
            23.3496012
          ],
          [
            85.3225105,
            23.3495064
          ],
          [
            85.3225557,
            23.3493941
          ],
          [
            85.3225948,
            23.3492718
          ],
          [
            85.3226141,
            23.3491397
          ],
          [
            85.3226539,
            23.3487513
          ],
          [
            85.3227113,
            23.3480152
          ],
          [
            85.3227439,
            23.3478557
          ],
          [
            85.3227879,
            23.3477155
          ],
          [
            85.3228613,
            23.3475649
          ],
          [
            85.3230579,
            23.3472038
          ],
          [
            85.3231057,
            23.347068
          ],
          [
            85.3231742,
            23.3468256
          ],
          [
            85.3232118,
            23.3465448
          ],
          [
            85.3232976,
            23.3461311
          ]
        ]
      },
      "properties": {
        "osm_id": 234426434,
        "category": "City Roadways",
        "name": "Kadru Flover",
        "highway": "secondary",
        "railway": null,
        "waterway": null,
        "amenity": null,
        "city": "Ranchi",
        "district": "Ranchi",
        "state": "Jharkhand",
        "state_code": "20"
      }
    },
    {
      "type": "Feature",
      "id": 234426684,
      "geometry": {
        "type": "LineString",
        "coordinates": [
          [
            85.3227052,
            23.3433045
          ],
          [
            85.3228249,
            23.3435768
          ],
          [
            85.3231329,
            23.3441234
          ],
          [
            85.3231492,
            23.3441571
          ],
          [
            85.3232654,
            23.3446289
          ],
          [
            85.323362,
            23.3449737
          ],
          [
            85.3234018,
            23.3451712
          ],
          [
            85.3234151,
            23.3452373
          ],
          [
            85.3234252,
            23.3452873
          ],
          [
            85.3234314,
            23.3453726
          ],
          [
            85.3234173,
            23.3454827
          ],
          [
            85.3234011,
            23.3455645
          ],
          [
            85.3233405,
            23.3458701
          ],
          [
            85.3232976,
            23.3461311
          ]
        ]
      },
      "properties": {
        "osm_id": 234426684,
        "category": "City Roadways",
        "name": "Ranchi Infrastructure (City Roadways)",
        "highway": "secondary",
        "railway": null,
        "waterway": null,
        "amenity": null,
        "city": "Ranchi",
        "district": "Ranchi",
        "state": "Jharkhand",
        "state_code": "20"
      }
    },
    {
      "type": "Feature",
      "id": 234426712,
      "geometry": {
        "type": "LineString",
        "coordinates": [
          [
            85.3231492,
            23.3441571
          ],
          [
            85.3236106,
            23.3440339
          ]
        ]
      },
      "properties": {
        "osm_id": 234426712,
        "category": "City Roadways",
        "name": "Ranchi Infrastructure (City Roadways)",
        "highway": "secondary_link",
        "railway": null,
        "waterway": null,
        "amenity": null,
        "city": "Ranchi",
        "district": "Ranchi",
        "state": "Jharkhand",
        "state_code": "20"
      }
    },
    {
      "type": "Feature",
      "id": 237170565,
      "geometry": {
        "type": "LineString",
        "coordinates": [
          [
            85.3253036,
            23.3701485
          ],
          [
            85.3252816,
            23.3701095
          ],
          [
            85.3252635,
            23.3700818
          ],
          [
            85.3251964,
            23.3700133
          ]
        ]
      },
      "properties": {
        "osm_id": 237170565,
        "category": "City Roadways",
        "name": "Hazaribagh Road",
        "highway": "secondary",
        "railway": null,
        "waterway": null,
        "amenity": null,
        "city": "Ranchi",
        "district": "Ranchi",
        "state": "Jharkhand",
        "state_code": "20"
      }
    },
    {
      "type": "Feature",
      "id": 239893557,
      "geometry": {
        "type": "LineString",
        "coordinates": [
          [
            85.3383219,
            23.3721034
          ],
          [
            85.3383784,
            23.3720128
          ],
          [
            85.3384589,
            23.3718638
          ],
          [
            85.3388682,
            23.3711729
          ],
          [
            85.3388907,
            23.371135
          ],
          [
            85.3390717,
            23.3707349
          ],
          [
            85.3392421,
            23.3703742
          ],
          [
            85.3393051,
            23.3702413
          ],
          [
            85.3394754,
            23.3698744
          ],
          [
            85.3395358,
            23.3697316
          ],
          [
            85.3395827,
            23.3696306
          ],
          [
            85.3399327,
            23.3688194
          ],
          [
            85.3402714,
            23.3680407
          ],
          [
            85.3403036,
            23.3679582
          ],
          [
            85.3403227,
            23.3678816
          ],
          [
            85.3403351,
            23.3677828
          ],
          [
            85.3403351,
            23.3677114
          ]
        ]
      },
      "properties": {
        "osm_id": 239893557,
        "category": "Highways & Arterials",
        "name": "circular road",
        "highway": "primary",
        "railway": null,
        "waterway": null,
        "amenity": null,
        "city": "Ranchi",
        "district": "Ranchi",
        "state": "Jharkhand",
        "state_code": "20"
      }
    },
    {
      "type": "Feature",
      "id": 268130615,
      "geometry": {
        "type": "LineString",
        "coordinates": [
          [
            85.3318852,
            23.2918083
          ],
          [
            85.3319202,
            23.2918998
          ],
          [
            85.3319333,
            23.2920777
          ],
          [
            85.3320111,
            23.2922225
          ],
          [
            85.331901,
            23.2927436
          ],
          [
            85.331767,
            23.2933336
          ],
          [
            85.3315755,
            23.2934515
          ],
          [
            85.3313406,
            23.2935478
          ],
          [
            85.3312411,
            23.2937979
          ],
          [
            85.3311615,
            23.2939933
          ],
          [
            85.3311299,
            23.2941306
          ],
          [
            85.3311914,
            23.2942803
          ],
          [
            85.3312714,
            23.2943422
          ],
          [
            85.331449,
            23.2944441
          ],
          [
            85.3317221,
            23.2944869
          ],
          [
            85.3319129,
            23.2944647
          ],
          [
            85.3321739,
            23.2943082
          ],
          [
            85.3324032,
            23.2941315
          ],
          [
            85.3325675,
            23.293899
          ],
          [
            85.3325994,
            23.2938723
          ],
          [
            85.332736,
            23.2937579
          ],
          [
            85.3329127,
            23.2936296
          ],
          [
            85.3331042,
            23.2936296
          ],
          [
            85.3333385,
            23.2937473
          ],
          [
            85.3334494,
            23.2939131
          ],
          [
            85.3335497,
            23.2939753
          ],
          [
            85.3337445,
            23.2940689
          ],
          [
            85.3339268,
            23.2940779
          ],
          [
            85.3341661,
            23.2942221
          ],
          [
            85.3343534,
            23.2944221
          ],
          [
            85.3344817,
            23.2947702
          ],
          [
            85.3344738,
            23.2948827
          ],
          [
            85.3344299,
            23.2949468
          ],
          [
            85.3343091,
            23.2950442
          ],
          [
            85.3342519,
            23.29515
          ],
          [
            85.3342967,
            23.295368
          ],
          [
            85.3343143,
            23.2954973
          ],
          [
            85.334245,
            23.2956805
          ],
          [
            85.3341455,
            23.2958609
          ],
          [
            85.3340945,
            23.2961041
          ],
          [
            85.3341121,
            23.2962374
          ],
          [
            85.3342154,
            23.2962716
          ],
          [
            85.3344397,
            23.2963629
          ],
          [
            85.3347278,
            23.2964089
          ],
          [
            85.3350313,
            23.2963597
          ],
          [
            85.3351178,
            23.296292
          ],
          [
            85.3353471,
            23.2962444
          ],
          [
            85.3354802,
            23.296251
          ],
          [
            85.3355764,
            23.2963327
          ],
          [
            85.3357613,
            23.2963531
          ],
          [
            85.3359265,
            23.2963848
          ],
          [
            85.3360482,
            23.2963517
          ],
          [
            85.3361977,
            23.2961901
          ],
          [
            85.3363456,
            23.2961018
          ],
          [
            85.3365469,
            23.2960648
          ],
          [
            85.3367134,
            23.2960864
          ],
          [
            85.3369226,
            23.2961629
          ],
          [
            85.3372974,
            23.2961939
          ],
          [
            85.3374001,
            23.2963094
          ],
          [
            85.3374922,
            23.2964346
          ],
          [
            85.3375529,
            23.2965426
          ],
          [
            85.3376738,
            23.2965916
          ],
          [
            85.3377609,
            23.2965258
          ],
          [
            85.3379015,
            23.2963841
          ],
          [
            85.3379877,
            23.2963599
          ],
          [
            85.3382458,
            23.2963524
          ],
          [
            85.3384005,
            23.2963325
          ],
          [
            85.3384564,
            23.2963688
          ],
          [
            85.3384143,
            23.2964716
          ],
          [
            85.3384093,
            23.2965759
          ],
          [
            85.3385129,
            23.2966385
          ],
          [
            85.3389419,
            23.2967336
          ],
          [
            85.3390233,
            23.2968219
          ],
          [
            85.3392674,
            23.2970189
          ],
          [
            85.3395263,
            23.2971412
          ],
          [
            85.3395961,
            23.2972605
          ],
          [
            85.3396288,
            23.297435
          ],
          [
            85.3396742,
            23.2975617
          ],
          [
            85.3398559,
            23.29769
          ],
          [
            85.3399937,
            23.297836
          ],
          [
            85.3400908,
            23.2979656
          ],
          [
            85.3402478,
            23.2981423
          ],
          [
            85.3403559,
            23.2983052
          ],
          [
            85.340378,
            23.2984045
          ],
          [
            85.3403593,
            23.298529
          ],
          [
            85.3403606,
            23.2986427
          ],
          [
            85.3403419,
            23.2987403
          ],
          [
            85.3403199,
            23.2988648
          ],
          [
            85.3403408,
            23.2989898
          ],
          [
            85.3404327,
            23.2991382
          ],
          [
            85.3404001,
            23.2992634
          ],
          [
            85.3403792,
            23.2993742
          ],
          [
            85.3403176,
            23.29945
          ],
          [
            85.3401211,
            23.2995387
          ],
          [
            85.3400061,
            23.2997534
          ],
          [
            85.3400036,
            23.2998601
          ],
          [
            85.3400676,
            23.2999669
          ],
          [
            85.3400873,
            23.30011
          ],
          [
            85.3400317,
            23.3003138
          ],
          [
            85.3399026,
            23.3005049
          ],
          [
            85.3396945,
            23.300759
          ],
          [
            85.3395757,
            23.3008191
          ],
          [
            85.3393699,
            23.3008244
          ],
          [
            85.3392877,
            23.300855
          ],
          [
            85.339206,
            23.3009675
          ],
          [
            85.3391703,
            23.3011582
          ],
          [
            85.3391482,
            23.3013471
          ],
          [
            85.339206,
            23.3014288
          ],
          [
            85.3392571,
            23.3015343
          ],
          [
            85.3392247,
            23.3018652
          ],
          [
            85.3391327,
            23.3020325
          ],
          [
            85.3389193,
            23.3021094
          ],
          [
            85.3388478,
            23.3024418
          ],
          [
            85.3388478,
            23.3026226
          ],
          [
            85.3388944,
            23.3028363
          ],
          [
            85.3389552,
            23.3029283
          ],
          [
            85.339059,
            23.3030434
          ],
          [
            85.3391628,
            23.3031552
          ],
          [
            85.3392845,
            23.3032669
          ],
          [
            85.3393847,
            23.3033754
          ],
          [
            85.3394348,
            23.3034379
          ],
          [
            85.339553,
            23.3034707
          ],
          [
            85.3396424,
            23.3034379
          ],
          [
            85.3396997,
            23.303382
          ],
          [
            85.3397713,
            23.3032834
          ],
          [
            85.3398536,
            23.3032176
          ],
          [
            85.3400326,
            23.3031716
          ],
          [
            85.3401614,
            23.3031979
          ],
          [
            85.3402652,
            23.3032373
          ],
          [
            85.3403583,
            23.3032406
          ],
          [
            85.3405444,
            23.3032242
          ],
          [
            85.3406339,
            23.3032866
          ],
          [
            85.3407019,
            23.3033458
          ],
          [
            85.3408594,
            23.3034214
          ],
          [
            85.3409918,
            23.3034905
          ],
          [
            85.3411099,
            23.303474
          ],
          [
            85.3412316,
            23.3034477
          ],
          [
            85.3413211,
            23.3034642
          ],
          [
            85.3414034,
            23.3034839
          ],
          [
            85.3415144,
            23.3034905
          ],
          [
            85.3416254,
            23.3034444
          ],
          [
            85.3418043,
            23.3033064
          ],
          [
            85.3420227,
            23.3033064
          ],
          [
            85.3421265,
            23.3033688
          ],
          [
            85.342241,
            23.3034477
          ],
          [
            85.3423913,
            23.3036121
          ],
          [
            85.3423663,
            23.303806
          ],
          [
            85.3425238,
            23.3039507
          ],
          [
            85.3427958,
            23.3040427
          ],
          [
            85.3428889,
            23.3040723
          ],
          [
            85.3430106,
            23.3041216
          ],
          [
            85.3431358,
            23.3043879
          ],
          [
            85.3431466,
            23.3048218
          ],
          [
            85.3431931,
            23.3051111
          ],
          [
            85.3432897,
            23.3053478
          ],
          [
            85.3434472,
            23.3055384
          ],
          [
            85.3435403,
            23.3057028
          ],
          [
            85.3437658,
            23.3057948
          ],
          [
            85.344002,
            23.305854
          ],
          [
            85.3441595,
            23.3060447
          ],
          [
            85.3441309,
            23.306186
          ],
          [
            85.3440843,
            23.3064194
          ],
          [
            85.3440808,
            23.3066265
          ],
          [
            85.3441774,
            23.3067449
          ],
          [
            85.344317,
            23.3068566
          ],
          [
            85.3446499,
            23.3069684
          ],
          [
            85.3448432,
            23.3070243
          ],
          [
            85.3450615,
            23.3070637
          ],
          [
            85.3454051,
            23.3070933
          ],
          [
            85.3455161,
            23.30709
          ],
          [
            85.3456628,
            23.3070013
          ],
          [
            85.3457487,
            23.3068961
          ],
          [
            85.3458454,
            23.3068205
          ],
          [
            85.3459921,
            23.3067975
          ],
          [
            85.3461138,
            23.3067975
          ],
          [
            85.3462498,
            23.306804
          ],
          [
            85.3463536,
            23.3068205
          ],
          [
            85.3464753,
            23.3068632
          ],
          [
            85.3466042,
            23.3069421
          ],
          [
            85.3467366,
            23.3069848
          ],
          [
            85.3468905,
            23.3070571
          ],
          [
            85.3469872,
            23.3070933
          ],
          [
            85.3471196,
            23.3070999
          ],
          [
            85.3472842,
            23.3071163
          ],
          [
            85.3475169,
            23.3072051
          ],
          [
            85.347771,
            23.3072215
          ],
          [
            85.3480645,
            23.3071886
          ],
          [
            85.348154,
            23.307159
          ],
          [
            85.3482578,
            23.3070736
          ],
          [
            85.3483509,
            23.3069684
          ],
          [
            85.3486945,
            23.3068731
          ],
          [
            85.349081,
            23.3069355
          ],
          [
            85.3492314,
            23.3070276
          ],
          [
            85.3493173,
            23.3071689
          ],
          [
            85.349371,
            23.3073004
          ],
          [
            85.349303,
            23.3073859
          ],
          [
            85.3493352,
            23.3074878
          ],
          [
            85.3493674,
            23.3075404
          ],
          [
            85.3495106,
            23.3076258
          ],
          [
            85.3496716,
            23.3076686
          ],
          [
            85.3497718,
            23.3076653
          ],
          [
            85.349915,
            23.3076817
          ],
          [
            85.3499616,
            23.3077113
          ],
          [
            85.3499938,
            23.3078099
          ],
          [
            85.3499687,
            23.3079513
          ],
          [
            85.3499472,
            23.3080663
          ],
          [
            85.3499616,
            23.3081715
          ],
          [
            85.3500224,
            23.30828
          ],
          [
            85.3501262,
            23.308372
          ],
          [
            85.3503016,
            23.3084509
          ],
          [
            85.3504054,
            23.3084969
          ],
          [
            85.3505736,
            23.3085134
          ],
          [
            85.3507848,
            23.3085199
          ],
          [
            85.3509459,
            23.3085232
          ],
          [
            85.3510747,
            23.3085693
          ],
          [
            85.3511714,
            23.3086744
          ],
          [
            85.351268,
            23.3087468
          ],
          [
            85.3513002,
            23.3088322
          ],
          [
            85.3513217,
            23.308921
          ],
          [
            85.3513539,
            23.308967
          ],
          [
            85.3514505,
            23.3089966
          ],
          [
            85.3517977,
            23.3089769
          ],
          [
            85.3520161,
            23.308944
          ],
          [
            85.3521771,
            23.3089374
          ],
          [
            85.3523454,
            23.3089539
          ],
          [
            85.3524456,
            23.3089736
          ],
          [
            85.3526639,
            23.3090426
          ],
          [
            85.352825,
            23.3091281
          ],
          [
            85.352893,
            23.30923
          ],
          [
            85.3529288,
            23.3093352
          ],
          [
            85.3530505,
            23.3094173
          ],
          [
            85.3531686,
            23.3094436
          ],
          [
            85.3534693,
            23.3094995
          ],
          [
            85.353888,
            23.3096573
          ],
          [
            85.3539059,
            23.3096869
          ],
          [
            85.3541422,
            23.3098973
          ],
          [
            85.3542496,
            23.3101372
          ],
          [
            85.3543032,
            23.3103608
          ],
          [
            85.3543569,
            23.3110149
          ],
          [
            85.3542961,
            23.3112384
          ],
          [
            85.3541135,
            23.3115441
          ],
          [
            85.3541171,
            23.3116657
          ],
          [
            85.3541207,
            23.31184
          ],
          [
            85.3541064,
            23.3119353
          ],
          [
            85.3539847,
            23.3121522
          ],
          [
            85.353752,
            23.3124908
          ],
          [
            85.3535766,
            23.3127176
          ],
          [
            85.3534048,
            23.3128327
          ],
          [
            85.3531257,
            23.3129247
          ],
          [
            85.3530219,
            23.31302
          ],
          [
            85.3529574,
            23.3131449
          ],
          [
            85.3528966,
            23.3133093
          ],
          [
            85.3529037,
            23.3135164
          ],
          [
            85.353004,
            23.3141639
          ],
          [
            85.3532223,
            23.3150021
          ],
          [
            85.353344,
            23.3156299
          ],
          [
            85.3533762,
            23.3158436
          ],
          [
            85.3534907,
            23.3159652
          ],
          [
            85.3536017,
            23.316054
          ],
          [
            85.3538093,
            23.3161131
          ],
          [
            85.3539596,
            23.3160605
          ],
          [
            85.3543569,
            23.3162117
          ],
          [
            85.3546433,
            23.3163202
          ],
          [
            85.3547757,
            23.3163695
          ],
          [
            85.3548509,
            23.3164583
          ],
          [
            85.3549153,
            23.3165963
          ],
          [
            85.3549654,
            23.3167508
          ],
          [
            85.3549547,
            23.3168954
          ],
          [
            85.3548723,
            23.3169809
          ],
          [
            85.3545788,
            23.3170795
          ],
          [
            85.3544464,
            23.3172241
          ],
          [
            85.3544393,
            23.3174608
          ],
          [
            85.3545753,
            23.3176317
          ],
          [
            85.3548473,
            23.3178092
          ],
          [
            85.3550263,
            23.3179275
          ],
          [
            85.3553341,
            23.3182299
          ],
          [
            85.3554486,
            23.3186835
          ],
          [
            85.3553198,
            23.319617
          ],
          [
            85.3553126,
            23.3199917
          ],
          [
            85.355377,
            23.3202744
          ],
          [
            85.3556347,
            23.3204782
          ],
          [
            85.3558853,
            23.3207346
          ],
          [
            85.3561215,
            23.3210107
          ],
          [
            85.3563112,
            23.3214527
          ],
          [
            85.3563792,
            23.321885
          ],
          [
            85.3565367,
            23.322069
          ],
          [
            85.3567157,
            23.3224766
          ],
          [
            85.3567157,
            23.322779
          ],
          [
            85.3567944,
            23.3230682
          ],
          [
            85.3569591,
            23.3232194
          ],
          [
            85.3572669,
            23.3234166
          ],
          [
            85.3573313,
            23.3234889
          ],
          [
            85.3574244,
            23.3236204
          ],
          [
            85.3575103,
            23.323765
          ],
          [
            85.3576177,
            23.3239162
          ],
          [
            85.3577752,
            23.3240411
          ],
          [
            85.3580901,
            23.3243106
          ],
          [
            85.3583526,
            23.3248632
          ],
          [
            85.3583526,
            23.3251331
          ],
          [
            85.3583183,
            23.325439
          ],
          [
            85.358186,
            23.325574
          ],
          [
            85.3579313,
            23.3256504
          ],
          [
            85.357701,
            23.3257494
          ],
          [
            85.3574757,
            23.3258304
          ],
          [
            85.3571426,
            23.3261228
          ],
          [
            85.3571132,
            23.3262757
          ],
          [
            85.3571034,
            23.3265681
          ],
          [
            85.3571132,
            23.3271979
          ],
          [
            85.3571083,
            23.3276028
          ],
          [
            85.3570299,
            23.3279132
          ],
          [
            85.357074,
            23.3285879
          ],
          [
            85.3571622,
            23.3294696
          ],
          [
            85.3572797,
            23.3302613
          ],
          [
            85.3574708,
            23.3306167
          ],
          [
            85.3576668,
            23.3309136
          ],
          [
            85.3579607,
            23.331224
          ],
          [
            85.3582056,
            23.3314174
          ],
          [
            85.3587102,
            23.3315028
          ],
          [
            85.3594107,
            23.3315748
          ],
          [
            85.3597047,
            23.3316153
          ],
          [
            85.3602925,
            23.3317278
          ],
          [
            85.3605767,
            23.3318402
          ],
          [
            85.360802,
            23.3321281
          ],
          [
            85.3608412,
            23.33247
          ],
          [
            85.3606453,
            23.3327354
          ],
          [
            85.3602827,
            23.3331222
          ],
          [
            85.3601398,
            23.3332481
          ],
          [
            85.359979,
            23.3333966
          ],
          [
            85.3599839,
            23.3342648
          ],
          [
            85.3597517,
            23.3345129
          ],
          [
            85.3596831,
            23.3346613
          ],
          [
            85.3596195,
            23.3348323
          ],
          [
            85.3597076,
            23.3349447
          ],
          [
            85.3601044,
            23.3350752
          ],
          [
            85.3603249,
            23.3350707
          ],
          [
            85.3606188,
            23.3351426
          ],
          [
            85.3608246,
            23.3352056
          ],
          [
            85.3610352,
            23.3353406
          ],
          [
            85.3611871,
            23.3355205
          ],
          [
            85.3612753,
            23.3357229
          ],
          [
            85.3612459,
            23.3359073
          ],
          [
            85.3611332,
            23.3361862
          ],
          [
            85.3607952,
            23.3363032
          ],
          [
            85.3605992,
            23.3363257
          ],
          [
            85.3604376,
            23.3363436
          ],
          [
            85.3602073,
            23.3366
          ],
          [
            85.3596293,
            23.3371488
          ],
          [
            85.359497,
            23.3373107
          ],
          [
            85.3593745,
            23.3376121
          ],
          [
            85.3592471,
            23.3380124
          ],
          [
            85.3593353,
            23.3386467
          ],
          [
            85.3593745,
            23.3394698
          ],
          [
            85.3596586,
            23.3401355
          ],
          [
            85.3597163,
            23.3403572
          ],
          [
            85.3598938,
            23.3410396
          ],
          [
            85.3599869,
            23.3413455
          ],
          [
            85.3601142,
            23.3416783
          ],
          [
            85.3601681,
            23.3419887
          ],
          [
            85.3602661,
            23.3423845
          ],
          [
            85.3602808,
            23.3436934
          ],
          [
            85.3602365,
            23.3443393
          ],
          [
            85.3603004,
            23.3447774
          ],
          [
            85.3603984,
            23.3451102
          ],
          [
            85.3607364,
            23.3459783
          ],
          [
            85.3607952,
            23.3461672
          ],
          [
            85.36129,
            23.346599
          ],
          [
            85.3615965,
            23.3467129
          ],
          [
            85.3619247,
            23.3468883
          ],
          [
            85.3626008,
            23.3473021
          ],
          [
            85.3632964,
            23.3476665
          ],
          [
            85.3638402,
            23.3481387
          ],
          [
            85.3643252,
            23.348611
          ],
          [
            85.365109,
            23.3490652
          ],
          [
            85.3653638,
            23.3491957
          ],
          [
            85.3656332,
            23.3492811
          ],
          [
            85.3660006,
            23.3493306
          ],
          [
            85.3669902,
            23.3493891
          ],
          [
            85.3673674,
            23.3493576
          ],
          [
            85.3677152,
            23.3492991
          ],
          [
            85.368161,
            23.3492856
          ],
          [
            85.3684158,
            23.3492901
          ],
          [
            85.3687832,
            23.3493306
          ],
          [
            85.3690771,
            23.3494925
          ],
          [
            85.3693122,
            23.3497219
          ],
          [
            85.369469,
            23.3499063
          ],
          [
            85.3694788,
            23.3500952
          ],
          [
            85.369469,
            23.3503696
          ],
          [
            85.3691555,
            23.3510082
          ],
          [
            85.3690036,
            23.3518268
          ],
          [
            85.368886,
            23.3520472
          ],
          [
            85.3687832,
            23.352299
          ],
          [
            85.3688322,
            23.352479
          ],
          [
            85.3692731,
            23.3526454
          ],
          [
            85.3696258,
            23.3527803
          ],
          [
            85.3698609,
            23.3529152
          ],
          [
            85.3700422,
            23.3530367
          ],
          [
            85.3702724,
            23.353275
          ],
          [
            85.3706349,
            23.3536078
          ],
          [
            85.3706643,
            23.3536978
          ],
          [
            85.3707476,
            23.3540486
          ],
          [
            85.371115,
            23.3544804
          ],
          [
            85.3711346,
            23.3548402
          ],
          [
            85.3710367,
            23.3550695
          ],
          [
            85.3710171,
            23.3552269
          ],
          [
            85.3710416,
            23.3554743
          ],
          [
            85.3711689,
            23.3557172
          ],
          [
            85.3712865,
            23.3559061
          ],
          [
            85.3714433,
            23.3560995
          ],
          [
            85.3718989,
            23.3562793
          ],
          [
            85.3723349,
            23.3563063
          ],
          [
            85.3725553,
            23.3562659
          ],
          [
            85.3727415,
            23.3561579
          ],
          [
            85.3729717,
            23.356059
          ],
          [
            85.3731873,
            23.356032
          ],
          [
            85.3733538,
            23.3560905
          ],
          [
            85.3734028,
            23.3561804
          ],
          [
            85.373442,
            23.3562883
          ],
          [
            85.3736673,
            23.3563693
          ],
          [
            85.3739319,
            23.3564098
          ],
          [
            85.3742552,
            23.3564188
          ],
          [
            85.3746569,
            23.3564772
          ],
          [
            85.3749949,
            23.3565132
          ],
          [
            85.3755485,
            23.3566931
          ],
          [
            85.3757347,
            23.356846
          ],
          [
            85.3757886,
            23.3570079
          ],
          [
            85.375524,
            23.3575026
          ],
          [
            85.3754848,
            23.3576241
          ],
          [
            85.3754211,
            23.357822
          ],
          [
            85.3753722,
            23.3580783
          ],
          [
            85.3753036,
            23.358645
          ],
          [
            85.3753134,
            23.3588878
          ],
          [
            85.3754113,
            23.3591172
          ],
          [
            85.3754505,
            23.3592701
          ],
          [
            85.375573,
            23.3594455
          ],
          [
            85.3756416,
            23.359531
          ],
          [
            85.3757837,
            23.3596299
          ],
          [
            85.3760433,
            23.3596209
          ],
          [
            85.3764989,
            23.359522
          ],
          [
            85.3768418,
            23.359504
          ],
          [
            85.3769986,
            23.3595265
          ],
          [
            85.3771357,
            23.3596029
          ],
          [
            85.3774738,
            23.3599087
          ],
          [
            85.3779833,
            23.3610106
          ],
          [
            85.3781498,
            23.3615503
          ],
          [
            85.3781988,
            23.3617301
          ],
          [
            85.3784046,
            23.361964
          ],
          [
            85.3785956,
            23.3621214
          ],
          [
            85.3791737,
            23.3623508
          ],
          [
            85.3799379,
            23.3628814
          ],
          [
            85.3801535,
            23.3630838
          ],
          [
            85.3804719,
            23.3634571
          ],
          [
            85.3804866,
            23.3639338
          ],
          [
            85.3805699,
            23.3642441
          ],
          [
            85.3807266,
            23.3643475
          ],
          [
            85.3812851,
            23.3645904
          ],
          [
            85.3813341,
            23.3646308
          ],
          [
            85.3813831,
            23.3648107
          ],
          [
            85.381437,
            23.3649591
          ],
          [
            85.3815447,
            23.36513
          ],
          [
            85.3816819,
            23.3653009
          ],
          [
            85.3818436,
            23.3654313
          ],
          [
            85.3821032,
            23.3654808
          ],
          [
            85.3823432,
            23.3653639
          ],
          [
            85.3823824,
            23.365157
          ],
          [
            85.3824363,
            23.3649501
          ],
          [
            85.3825245,
            23.3647298
          ],
          [
            85.3826323,
            23.3645184
          ],
          [
            85.3827009,
            23.3643655
          ],
          [
            85.3827254,
            23.3641946
          ],
          [
            85.3828184,
            23.3639293
          ],
          [
            85.3830389,
            23.363601
          ],
          [
            85.3837446,
            23.3627819
          ],
          [
            85.384969,
            23.3620225
          ],
          [
            85.3856794,
            23.3614423
          ],
          [
            85.386473,
            23.3613569
          ],
          [
            85.3870658,
            23.361195
          ],
          [
            85.3882325,
            23.3614846
          ],
          [
            85.3892496,
            23.3616108
          ],
          [
            85.3911046,
            23.3619981
          ],
          [
            85.3916952,
            23.361973
          ],
          [
            85.3921418,
            23.3618313
          ]
        ]
      },
      "properties": {
        "osm_id": 268130615,
        "category": "Hydrology & Drainage (Subarnarekha/Harmu)",
        "name": "Subarnarekha",
        "highway": null,
        "railway": null,
        "waterway": "river",
        "amenity": null,
        "city": "Ranchi",
        "district": "Ranchi",
        "state": "Jharkhand",
        "state_code": "20"
      }
    },
    {
      "type": "Feature",
      "id": 268131025,
      "geometry": {
        "type": "LineString",
        "coordinates": [
          [
            85.3437188,
            23.3812477
          ],
          [
            85.3437468,
            23.3811942
          ],
          [
            85.3438714,
            23.3811059
          ],
          [
            85.3439493,
            23.3810291
          ],
          [
            85.3440705,
            23.3809365
          ],
          [
            85.3440993,
            23.3808676
          ],
          [
            85.3440762,
            23.3808094
          ],
          [
            85.3440214,
            23.3807114
          ],
          [
            85.343932,
            23.3806399
          ],
          [
            85.3439118,
            23.3805578
          ],
          [
            85.3439176,
            23.3804519
          ],
          [
            85.3440099,
            23.3803194
          ],
          [
            85.3440531,
            23.3800308
          ],
          [
            85.3442493,
            23.379623
          ],
          [
            85.3443734,
            23.3794429
          ],
          [
            85.3443243,
            23.3793317
          ],
          [
            85.344284,
            23.3792628
          ],
          [
            85.3442897,
            23.3791357
          ],
          [
            85.3443013,
            23.379051
          ],
          [
            85.3442638,
            23.3790166
          ],
          [
            85.3441974,
            23.3789715
          ],
          [
            85.3441426,
            23.3788709
          ],
          [
            85.3443359,
            23.3786961
          ],
          [
            85.3444138,
            23.3785875
          ],
          [
            85.3445321,
            23.3784366
          ],
          [
            85.3445811,
            23.3783519
          ],
          [
            85.3445263,
            23.3782936
          ],
          [
            85.3445148,
            23.3782406
          ],
          [
            85.3445407,
            23.3781029
          ],
          [
            85.3445523,
            23.3778964
          ],
          [
            85.3445696,
            23.3777957
          ],
          [
            85.3445667,
            23.3777136
          ],
          [
            85.3446244,
            23.3776368
          ],
          [
            85.34476,
            23.3775786
          ],
          [
            85.3447658,
            23.3774435
          ],
          [
            85.3446936,
            23.3773191
          ],
          [
            85.3446244,
            23.3772158
          ],
          [
            85.3446071,
            23.3771257
          ],
          [
            85.3446013,
            23.3770039
          ],
          [
            85.344633,
            23.3768768
          ],
          [
            85.3446705,
            23.3767471
          ],
          [
            85.3447398,
            23.3766782
          ],
          [
            85.3448552,
            23.3766199
          ],
          [
            85.3449215,
            23.3765537
          ],
          [
            85.3449446,
            23.3765114
          ],
          [
            85.3449446,
            23.3763789
          ],
          [
            85.3450023,
            23.3762863
          ],
          [
            85.3451091,
            23.3761989
          ],
          [
            85.3453053,
            23.3760559
          ],
          [
            85.345363,
            23.3758387
          ],
          [
            85.3453254,
            23.3757566
          ],
          [
            85.3451956,
            23.3755845
          ],
          [
            85.345161,
            23.3754203
          ],
          [
            85.3451235,
            23.3753197
          ],
          [
            85.3450687,
            23.375272
          ],
          [
            85.3450398,
            23.3749508
          ],
          [
            85.34515,
            23.3746287
          ],
          [
            85.3452316,
            23.3743815
          ],
          [
            85.345358,
            23.3742092
          ],
          [
            85.3455416,
            23.373786
          ],
          [
            85.3455947,
            23.3735763
          ],
          [
            85.3456477,
            23.3734564
          ],
          [
            85.345864,
            23.3734115
          ],
          [
            85.3460843,
            23.3733066
          ],
          [
            85.346072,
            23.3732242
          ],
          [
            85.3460924,
            23.3730782
          ],
          [
            85.3462271,
            23.3729171
          ],
          [
            85.3462842,
            23.3726512
          ],
          [
            85.3464066,
            23.3725164
          ],
          [
            85.3466841,
            23.3722055
          ],
          [
            85.3467942,
            23.3720519
          ],
          [
            85.3468473,
            23.3719658
          ],
          [
            85.346986,
            23.3718609
          ],
          [
            85.3470186,
            23.3716924
          ],
          [
            85.3470145,
            23.3715388
          ],
          [
            85.3471002,
            23.3714265
          ],
          [
            85.3473124,
            23.3712917
          ],
          [
            85.3474225,
            23.3712617
          ],
          [
            85.3477163,
            23.3711606
          ],
          [
            85.347855,
            23.3710407
          ],
          [
            85.3478836,
            23.3709621
          ],
          [
            85.3479856,
            23.3707785
          ],
          [
            85.3479795,
            23.370713
          ],
          [
            85.348006,
            23.3706587
          ],
          [
            85.3481172,
            23.3705272
          ],
          [
            85.3481148,
            23.3703656
          ],
          [
            85.348059,
            23.3702991
          ],
          [
            85.348006,
            23.3701699
          ],
          [
            85.3479652,
            23.3699602
          ],
          [
            85.3479856,
            23.369801
          ],
          [
            85.3479632,
            23.3697186
          ],
          [
            85.3479122,
            23.3696194
          ],
          [
            85.3478918,
            23.3694808
          ],
          [
            85.3478877,
            23.369331
          ],
          [
            85.3478734,
            23.3691512
          ],
          [
            85.3479448,
            23.369007
          ],
          [
            85.3479978,
            23.3689227
          ],
          [
            85.3481019,
            23.3688534
          ],
          [
            85.3481264,
            23.3687916
          ],
          [
            85.3481447,
            23.3687205
          ],
          [
            85.3482365,
            23.3686568
          ],
          [
            85.3484528,
            23.368595
          ],
          [
            85.348616,
            23.3685613
          ],
          [
            85.348722,
            23.3685164
          ],
          [
            85.3487649,
            23.3684808
          ],
          [
            85.3487996,
            23.3683853
          ],
          [
            85.3488159,
            23.3683104
          ],
          [
            85.3489077,
            23.3680351
          ],
          [
            85.3489158,
            23.3679695
          ],
          [
            85.3489199,
            23.3678778
          ],
          [
            85.3488608,
            23.3677692
          ],
          [
            85.3488383,
            23.3676006
          ],
          [
            85.3489138,
            23.3675313
          ],
          [
            85.3490546,
            23.3675276
          ],
          [
            85.3491994,
            23.3675257
          ],
          [
            85.349279,
            23.367522
          ],
          [
            85.3493565,
            23.3674976
          ],
          [
            85.3497543,
            23.3673253
          ],
          [
            85.3499338,
            23.3672504
          ],
          [
            85.3499991,
            23.3671643
          ],
          [
            85.3500277,
            23.3669527
          ],
          [
            85.3500256,
            23.3668628
          ],
          [
            85.3499889,
            23.366698
          ],
          [
            85.3500161,
            23.3663436
          ],
          [
            85.3501067,
            23.3661233
          ],
          [
            85.3501586,
            23.366065
          ],
          [
            85.3503606,
            23.3660227
          ],
          [
            85.3505048,
            23.3659909
          ],
          [
            85.3505798,
            23.3658585
          ],
          [
            85.3507414,
            23.3656837
          ],
          [
            85.350926,
            23.3654294
          ],
          [
            85.3510068,
            23.3652705
          ],
          [
            85.3511222,
            23.3652017
          ],
          [
            85.3513357,
            23.3650851
          ],
          [
            85.3514973,
            23.3649686
          ],
          [
            85.3516531,
            23.3648203
          ],
          [
            85.3518204,
            23.3646667
          ],
          [
            85.3518954,
            23.3645872
          ],
          [
            85.3520974,
            23.3644548
          ],
          [
            85.3524638,
            23.3642482
          ],
          [
            85.3526398,
            23.3641237
          ],
          [
            85.3527898,
            23.3641688
          ],
          [
            85.3528879,
            23.3642694
          ],
          [
            85.3529427,
            23.3643356
          ],
          [
            85.3530379,
            23.3644098
          ],
          [
            85.3531706,
            23.3644813
          ],
          [
            85.3532629,
            23.3644998
          ],
          [
            85.3533408,
            23.3644866
          ],
          [
            85.3533725,
            23.3644151
          ],
          [
            85.353387,
            23.3643436
          ],
          [
            85.3534678,
            23.3642456
          ],
          [
            85.3535774,
            23.364137
          ],
          [
            85.3536841,
            23.3640337
          ],
          [
            85.3538024,
            23.3639542
          ],
          [
            85.3538688,
            23.3639224
          ],
          [
            85.3541025,
            23.3637953
          ],
          [
            85.3541688,
            23.3637768
          ],
          [
            85.3542179,
            23.3637635
          ],
          [
            85.3543794,
            23.3637582
          ],
          [
            85.3545035,
            23.3637715
          ],
          [
            85.3549218,
            23.3638403
          ],
          [
            85.3551844,
            23.3638112
          ],
          [
            85.3553142,
            23.3638245
          ],
          [
            85.3555883,
            23.3638165
          ],
          [
            85.3557037,
            23.363843
          ],
          [
            85.3557989,
            23.3639701
          ],
          [
            85.3558768,
            23.3641635
          ],
          [
            85.355972,
            23.364272
          ],
          [
            85.3560499,
            23.364333
          ],
          [
            85.3560758,
            23.3643488
          ],
          [
            85.3561335,
            23.3643091
          ],
          [
            85.3561883,
            23.3642773
          ],
          [
            85.3563326,
            23.3642614
          ],
          [
            85.3565721,
            23.3642614
          ],
          [
            85.3567682,
            23.3643224
          ],
          [
            85.3569183,
            23.3643833
          ],
          [
            85.357074,
            23.3646216
          ],
          [
            85.357201,
            23.3647858
          ],
          [
            85.3572847,
            23.3648309
          ],
          [
            85.357426,
            23.3648997
          ],
          [
            85.3575299,
            23.3649368
          ],
          [
            85.3577289,
            23.3649765
          ],
          [
            85.3579021,
            23.3649977
          ],
          [
            85.358153,
            23.3649739
          ],
          [
            85.3583146,
            23.3649315
          ],
          [
            85.358557,
            23.3648865
          ],
          [
            85.358707,
            23.3648971
          ],
          [
            85.3588166,
            23.3649077
          ],
          [
            85.3589349,
            23.3650719
          ],
          [
            85.3591195,
            23.3652943
          ],
          [
            85.3592494,
            23.3654559
          ],
          [
            85.3593186,
            23.3655512
          ],
          [
            85.359434,
            23.3655989
          ],
          [
            85.3595898,
            23.3656201
          ],
          [
            85.3597889,
            23.3656386
          ],
          [
            85.3599937,
            23.3656704
          ],
          [
            85.3602245,
            23.3657128
          ],
          [
            85.3608506,
            23.3658479
          ],
          [
            85.3613439,
            23.3659697
          ],
          [
            85.361843,
            23.3660253
          ],
          [
            85.3621979,
            23.3661842
          ],
          [
            85.3624517,
            23.366359
          ],
          [
            85.3625527,
            23.3665179
          ],
          [
            85.3625296,
            23.3666636
          ],
          [
            85.362547,
            23.366796
          ],
          [
            85.3626739,
            23.3669178
          ],
          [
            85.3628095,
            23.3671906
          ],
          [
            85.3629768,
            23.367384
          ],
          [
            85.363072,
            23.3675323
          ],
          [
            85.3632105,
            23.3676541
          ],
          [
            85.3632971,
            23.3677839
          ],
          [
            85.3633548,
            23.3678527
          ],
          [
            85.3636058,
            23.3679957
          ],
          [
            85.3638972,
            23.3680037
          ],
          [
            85.3641424,
            23.3680037
          ],
          [
            85.3642664,
            23.3679851
          ],
          [
            85.364529,
            23.3678315
          ],
          [
            85.3646675,
            23.3676806
          ],
          [
            85.3649444,
            23.3675111
          ],
          [
            85.3653224,
            23.367384
          ],
          [
            85.3654897,
            23.3672939
          ],
          [
            85.3658445,
            23.3671324
          ],
          [
            85.3660609,
            23.366939
          ],
          [
            85.36626,
            23.3668225
          ],
          [
            85.3664735,
            23.3668013
          ],
          [
            85.3665341,
            23.3668013
          ],
          [
            85.3665947,
            23.3668755
          ],
          [
            85.3666062,
            23.366984
          ],
          [
            85.3666177,
            23.3671324
          ],
          [
            85.3667043,
            23.3672515
          ],
          [
            85.3669178,
            23.3673442
          ],
          [
            85.3669957,
            23.3673945
          ],
          [
            85.3670995,
            23.3672939
          ],
          [
            85.3671486,
            23.3671906
          ],
          [
            85.3672553,
            23.367082
          ],
          [
            85.3673275,
            23.3669602
          ],
          [
            85.3673188,
            23.3668384
          ],
          [
            85.3673015,
            23.3666689
          ],
          [
            85.3673246,
            23.3665153
          ],
          [
            85.3673159,
            23.3663776
          ],
          [
            85.3673852,
            23.3663034
          ],
          [
            85.3676708,
            23.3661842
          ],
          [
            85.3679766,
            23.3660333
          ],
          [
            85.3681093,
            23.3659459
          ],
          [
            85.3683026,
            23.3658611
          ],
          [
            85.3684699,
            23.3657658
          ],
          [
            85.3686632,
            23.3656281
          ],
          [
            85.3690065,
            23.3652573
          ],
          [
            85.3691652,
            23.3651222
          ],
          [
            85.3692835,
            23.3651407
          ],
          [
            85.3694451,
            23.3651566
          ],
          [
            85.3696932,
            23.3653341
          ],
          [
            85.3698894,
            23.3652864
          ],
          [
            85.3699932,
            23.3651672
          ],
          [
            85.3701086,
            23.3650507
          ],
          [
            85.3701836,
            23.3649209
          ],
          [
            85.3703308,
            23.3648415
          ],
          [
            85.3707145,
            23.3647647
          ],
          [
            85.3710376,
            23.3647223
          ],
          [
            85.3711674,
            23.3646137
          ],
          [
            85.371303,
            23.3644442
          ],
          [
            85.3714127,
            23.3642985
          ],
          [
            85.3715483,
            23.3641476
          ],
          [
            85.3717762,
            23.3639807
          ],
          [
            85.3720127,
            23.3639304
          ],
          [
            85.3722291,
            23.3639013
          ],
          [
            85.3724426,
            23.3638456
          ],
          [
            85.3726042,
            23.3638456
          ],
          [
            85.3727571,
            23.3638589
          ],
          [
            85.3730283,
            23.363888
          ],
          [
            85.3732533,
            23.3638721
          ],
          [
            85.373461,
            23.3638218
          ],
          [
            85.3736197,
            23.3636973
          ],
          [
            85.3737697,
            23.3636867
          ],
          [
            85.3742919,
            23.3635887
          ],
          [
            85.3745314,
            23.3634934
          ],
          [
            85.3746266,
            23.3634245
          ],
          [
            85.3747189,
            23.3634298
          ],
          [
            85.3747853,
            23.3634669
          ],
          [
            85.3748516,
            23.3634907
          ],
          [
            85.3749728,
            23.3634801
          ],
          [
            85.3751517,
            23.3634139
          ],
          [
            85.375469,
            23.3633265
          ],
          [
            85.3758123,
            23.3631941
          ],
          [
            85.375971,
            23.3632127
          ],
          [
            85.3762076,
            23.3632603
          ],
          [
            85.3762855,
            23.3633318
          ],
          [
            85.3764095,
            23.3633769
          ],
          [
            85.3765249,
            23.3633927
          ],
          [
            85.3766663,
            23.3633504
          ],
          [
            85.3769577,
            23.3632232
          ],
          [
            85.3771481,
            23.3630935
          ],
          [
            85.3774193,
            23.3629107
          ],
          [
            85.3777482,
            23.3627757
          ],
          [
            85.3779963,
            23.3626061
          ],
          [
            85.3782156,
            23.3623996
          ],
          [
            85.3785956,
            23.3621214
          ]
        ]
      },
      "properties": {
        "osm_id": 268131025,
        "category": "Hydrology & Drainage (Subarnarekha/Harmu)",
        "name": "Ranchi Infrastructure (Hydrology & Drainage (Subarnarekha/Harmu))",
        "highway": null,
        "railway": null,
        "waterway": "stream",
        "amenity": null,
        "city": "Ranchi",
        "district": "Ranchi",
        "state": "Jharkhand",
        "state_code": "20"
      }
    },
    {
      "type": "Feature",
      "id": 268131041,
      "geometry": {
        "type": "LineString",
        "coordinates": [
          [
            85.350384,
            23.3686409
          ],
          [
            85.3504644,
            23.3687738
          ],
          [
            85.3505114,
            23.3688526
          ],
          [
            85.3505985,
            23.368988
          ],
          [
            85.350683,
            23.3691136
          ],
          [
            85.3507729,
            23.3692318
          ],
          [
            85.3508587,
            23.3693253
          ],
          [
            85.3509821,
            23.3694435
          ],
          [
            85.3511873,
            23.3696097
          ],
          [
            85.3514528,
            23.3698338
          ],
          [
            85.3519531,
            23.3702511
          ],
          [
            85.3527718,
            23.3709288
          ],
          [
            85.3531279,
            23.3712298
          ],
          [
            85.3533103,
            23.3713763
          ],
          [
            85.3534269,
            23.371476
          ],
          [
            85.3536791,
            23.3716927
          ],
          [
            85.3537555,
            23.3717616
          ],
          [
            85.3542665,
            23.3721876
          ],
          [
            85.3544113,
            23.3723033
          ],
          [
            85.3546004,
            23.3724621
          ],
          [
            85.3546768,
            23.3725298
          ],
          [
            85.354815,
            23.3726517
          ],
          [
            85.3551007,
            23.3729079
          ],
          [
            85.3551583,
            23.3729595
          ],
          [
            85.3552715,
            23.3730551
          ],
          [
            85.355305,
            23.3730834
          ],
          [
            85.3554963,
            23.3732451
          ],
          [
            85.3559415,
            23.373623
          ],
          [
            85.3560796,
            23.3737498
          ],
          [
            85.3562298,
            23.3738803
          ],
          [
            85.3564079,
            23.3740285
          ],
          [
            85.356655,
            23.374241
          ],
          [
            85.356954,
            23.3745057
          ],
          [
            85.3571083,
            23.3746423
          ],
          [
            85.3573242,
            23.374827
          ],
          [
            85.3575871,
            23.3750458
          ],
          [
            85.3577934,
            23.3752284
          ],
          [
            85.3579144,
            23.3753355
          ],
          [
            85.3582788,
            23.3756579
          ],
          [
            85.3583164,
            23.3756912
          ],
          [
            85.3586519,
            23.3759817
          ],
          [
            85.3588135,
            23.376122
          ],
          [
            85.3590167,
            23.3763005
          ],
          [
            85.3593143,
            23.3765609
          ],
          [
            85.3595343,
            23.3767585
          ],
          [
            85.3597824,
            23.3769776
          ],
          [
            85.3600255,
            23.377207
          ]
        ]
      },
      "properties": {
        "osm_id": 268131041,
        "category": "City Roadways",
        "name": "Ranchi Infrastructure (City Roadways)",
        "highway": "secondary",
        "railway": null,
        "waterway": null,
        "amenity": null,
        "city": "Ranchi",
        "district": "Ranchi",
        "state": "Jharkhand",
        "state_code": "20"
      }
    },
    {
      "type": "Feature",
      "id": 268131758,
      "geometry": {
        "type": "LineString",
        "coordinates": [
          [
            85.2575988,
            23.3731369
          ],
          [
            85.2576396,
            23.3728223
          ],
          [
            85.2578151,
            23.3726014
          ],
          [
            85.2581537,
            23.3722306
          ],
          [
            85.2584312,
            23.3719834
          ],
          [
            85.2587494,
            23.371725
          ],
          [
            85.2591941,
            23.3712793
          ],
          [
            85.2593859,
            23.3712081
          ],
          [
            85.2596266,
            23.3711782
          ],
          [
            85.2599223,
            23.3713156
          ],
          [
            85.2601937,
            23.3710621
          ],
          [
            85.2602509,
            23.370931
          ],
          [
            85.2601652,
            23.3707886
          ],
          [
            85.2600958,
            23.3705789
          ],
          [
            85.2601815,
            23.3704141
          ],
          [
            85.2604712,
            23.3704141
          ],
          [
            85.2606874,
            23.3704403
          ],
          [
            85.2607976,
            23.370474
          ],
          [
            85.2610914,
            23.3704478
          ],
          [
            85.2612056,
            23.3703092
          ],
          [
            85.2612913,
            23.3701857
          ],
          [
            85.261381,
            23.3700583
          ],
          [
            85.2615728,
            23.3699459
          ],
          [
            85.2618054,
            23.3696351
          ],
          [
            85.2617278,
            23.3693692
          ],
          [
            85.2619808,
            23.3691594
          ],
          [
            85.2621726,
            23.3688785
          ],
          [
            85.2623276,
            23.368695
          ],
          [
            85.262667,
            23.3685564
          ],
          [
            85.262773,
            23.368534
          ],
          [
            85.2630178,
            23.3686089
          ],
          [
            85.2631484,
            23.3687362
          ],
          [
            85.263589,
            23.3687212
          ],
          [
            85.2639889,
            23.3687811
          ],
          [
            85.2643969,
            23.3688486
          ],
          [
            85.2646743,
            23.3689759
          ],
          [
            85.2651966,
            23.368931
          ],
          [
            85.265727,
            23.3688411
          ],
          [
            85.266184,
            23.3687212
          ],
          [
            85.2664777,
            23.3686838
          ],
          [
            85.2668368,
            23.3686688
          ],
          [
            85.2674161,
            23.3691482
          ],
          [
            85.2675467,
            23.3693504
          ],
          [
            85.2678649,
            23.3694778
          ],
          [
            85.2684933,
            23.3695752
          ],
          [
            85.269318,
            23.3692318
          ],
          [
            85.2693506,
            23.3691906
          ],
          [
            85.2695057,
            23.3690558
          ],
          [
            85.2698198,
            23.3688086
          ],
          [
            85.2701259,
            23.3685501
          ],
          [
            85.2706195,
            23.3683291
          ],
          [
            85.2708847,
            23.368273
          ],
          [
            85.2712601,
            23.3682318
          ],
          [
            85.2715947,
            23.3681831
          ],
          [
            85.2722883,
            23.3678872
          ],
          [
            85.2725984,
            23.3677261
          ],
          [
            85.2731002,
            23.3675351
          ],
          [
            85.2738509,
            23.3672018
          ],
          [
            85.2741488,
            23.3670969
          ],
          [
            85.2744466,
            23.366992
          ],
          [
            85.2744956,
            23.3669845
          ],
          [
            85.2748138,
            23.367052
          ],
          [
            85.2748954,
            23.3671606
          ],
          [
            85.2748587,
            23.3673141
          ],
          [
            85.2749526,
            23.3673816
          ],
          [
            85.2753687,
            23.3673516
          ],
          [
            85.2755197,
            23.3672655
          ],
          [
            85.275687,
            23.3671306
          ],
          [
            85.2759807,
            23.3670183
          ],
          [
            85.2761684,
            23.3669696
          ],
          [
            85.276454,
            23.3669396
          ],
          [
            85.2767763,
            23.3669396
          ],
          [
            85.2769885,
            23.3668722
          ],
          [
            85.276964,
            23.3667561
          ],
          [
            85.2769763,
            23.3666512
          ],
          [
            85.2770375,
            23.3665875
          ],
          [
            85.2772578,
            23.3665089
          ],
          [
            85.2776821,
            23.3664827
          ],
          [
            85.2780208,
            23.3664302
          ],
          [
            85.27829,
            23.3663628
          ],
          [
            85.2786287,
            23.3663441
          ],
          [
            85.2786916,
            23.3663524
          ],
          [
            85.2788653,
            23.3663778
          ],
          [
            85.2794651,
            23.366419
          ],
          [
            85.2801628,
            23.3664265
          ],
          [
            85.2804769,
            23.3665276
          ],
          [
            85.2807422,
            23.3664415
          ],
          [
            85.2808931,
            23.3663216
          ],
          [
            85.2810278,
            23.3661755
          ],
          [
            85.281346,
            23.3660295
          ],
          [
            85.2816724,
            23.3658684
          ],
          [
            85.28206,
            23.3656699
          ],
          [
            85.2822273,
            23.3654115
          ],
          [
            85.2822681,
            23.3651792
          ],
          [
            85.2823415,
            23.3647972
          ],
          [
            85.2824027,
            23.3645762
          ],
          [
            85.2826843,
            23.364359
          ],
          [
            85.2828679,
            23.3643253
          ],
          [
            85.2831371,
            23.3642991
          ],
          [
            85.283333,
            23.3641755
          ],
          [
            85.2836145,
            23.3640519
          ],
          [
            85.2838308,
            23.3638458
          ],
          [
            85.2839736,
            23.3636736
          ],
          [
            85.2841531,
            23.3634975
          ],
          [
            85.2843979,
            23.3634151
          ],
          [
            85.2846427,
            23.3633177
          ],
          [
            85.2847977,
            23.3631642
          ],
          [
            85.2849038,
            23.3630406
          ],
          [
            85.2850221,
            23.3628758
          ],
          [
            85.2852588,
            23.3628158
          ],
          [
            85.2856097,
            23.3627859
          ],
          [
            85.2858708,
            23.362842
          ],
          [
            85.2862951,
            23.3627746
          ],
          [
            85.2869969,
            23.3626548
          ],
          [
            85.2873641,
            23.3626023
          ],
          [
            85.2875314,
            23.3624563
          ],
          [
            85.2878578,
            23.3623252
          ],
          [
            85.2882984,
            23.3621791
          ],
          [
            85.2884494,
            23.3621679
          ],
          [
            85.2885759,
            23.3621679
          ],
          [
            85.2888207,
            23.3621641
          ],
          [
            85.2890614,
            23.3621941
          ],
          [
            85.2895061,
            23.3623926
          ],
          [
            85.2897101,
            23.36246
          ],
          [
            85.2899794,
            23.3625724
          ],
          [
            85.2902487,
            23.3627147
          ],
          [
            85.290775,
            23.3626173
          ],
          [
            85.2910688,
            23.3624712
          ],
          [
            85.2916522,
            23.3622053
          ],
          [
            85.2919337,
            23.3621679
          ],
          [
            85.2923825,
            23.362254
          ],
          [
            85.2926845,
            23.3623139
          ],
          [
            85.29317,
            23.3623701
          ],
          [
            85.2935209,
            23.3623776
          ],
          [
            85.2937616,
            23.3622952
          ],
          [
            85.2943083,
            23.362063
          ],
          [
            85.294545,
            23.361797
          ],
          [
            85.2948877,
            23.3617558
          ],
          [
            85.2955323,
            23.3619319
          ],
          [
            85.2956996,
            23.3619768
          ],
          [
            85.2959281,
            23.3620143
          ],
          [
            85.2961607,
            23.3620892
          ],
          [
            85.2966962,
            23.3620774
          ],
          [
            85.2969777,
            23.3620362
          ],
          [
            85.2974143,
            23.3619463
          ],
          [
            85.2982403,
            23.3617727
          ],
          [
            85.2985591,
            23.3617262
          ],
          [
            85.2990488,
            23.3616916
          ],
          [
            85.2993901,
            23.3617082
          ],
          [
            85.2997285,
            23.3617169
          ],
          [
            85.2999498,
            23.3616903
          ],
          [
            85.300078,
            23.3616893
          ],
          [
            85.3001526,
            23.3617132
          ],
          [
            85.300204,
            23.3618083
          ],
          [
            85.3001999,
            23.362003
          ],
          [
            85.3001836,
            23.3622016
          ],
          [
            85.3000824,
            23.3624234
          ],
          [
            85.3001131,
            23.3626532
          ],
          [
            85.300192,
            23.3627258
          ],
          [
            85.3003672,
            23.3628158
          ],
          [
            85.3006161,
            23.3628046
          ],
          [
            85.3008859,
            23.3628049
          ],
          [
            85.301243,
            23.3628304
          ],
          [
            85.3014938,
            23.3628667
          ],
          [
            85.3016476,
            23.3629071
          ],
          [
            85.3019625,
            23.3631754
          ],
          [
            85.302142,
            23.3633852
          ],
          [
            85.302575,
            23.3637079
          ],
          [
            85.3028172,
            23.3638904
          ],
          [
            85.3030022,
            23.3639313
          ],
          [
            85.3035155,
            23.3640072
          ],
          [
            85.3038868,
            23.364082
          ],
          [
            85.3042437,
            23.3640556
          ],
          [
            85.3044768,
            23.3640029
          ],
          [
            85.3046301,
            23.3639154
          ],
          [
            85.3049393,
            23.3637154
          ],
          [
            85.3050837,
            23.3636396
          ],
          [
            85.3054788,
            23.3632926
          ],
          [
            85.3059365,
            23.3630818
          ],
          [
            85.3060793,
            23.3629319
          ],
          [
            85.3063445,
            23.3628008
          ],
          [
            85.3066138,
            23.3626847
          ],
          [
            85.3067952,
            23.36264
          ],
          [
            85.3070019,
            23.3626347
          ],
          [
            85.307141,
            23.3627609
          ],
          [
            85.3072063,
            23.3629233
          ],
          [
            85.3073489,
            23.3632876
          ],
          [
            85.3074184,
            23.3635314
          ],
          [
            85.3075378,
            23.3637599
          ],
          [
            85.3079722,
            23.3642895
          ],
          [
            85.3084563,
            23.3647911
          ],
          [
            85.3085537,
            23.3648367
          ],
          [
            85.3086744,
            23.3648565
          ],
          [
            85.3088429,
            23.364879
          ],
          [
            85.3089802,
            23.3650407
          ],
          [
            85.3091099,
            23.3651755
          ],
          [
            85.3093048,
            23.3653779
          ],
          [
            85.3093556,
            23.365419
          ],
          [
            85.3095432,
            23.3654901
          ],
          [
            85.3097146,
            23.3655463
          ],
          [
            85.3097921,
            23.3655538
          ],
          [
            85.3100206,
            23.3655426
          ],
          [
            85.3101634,
            23.3654527
          ],
          [
            85.3103172,
            23.3652736
          ],
          [
            85.3104004,
            23.3650581
          ],
          [
            85.3104939,
            23.364801
          ],
          [
            85.3105918,
            23.3645912
          ],
          [
            85.3106559,
            23.3645422
          ],
          [
            85.3108652,
            23.3644077
          ],
          [
            85.3109832,
            23.364413
          ],
          [
            85.3111331,
            23.3644178
          ],
          [
            85.3112502,
            23.364455
          ],
          [
            85.3114119,
            23.3644901
          ],
          [
            85.3115358,
            23.3644499
          ],
          [
            85.3116159,
            23.3643065
          ],
          [
            85.3117342,
            23.3640931
          ],
          [
            85.3120892,
            23.3635013
          ],
          [
            85.3122198,
            23.3633627
          ],
          [
            85.3124115,
            23.3632166
          ],
          [
            85.3126237,
            23.3630293
          ],
          [
            85.3127379,
            23.362696
          ],
          [
            85.3127012,
            23.3624413
          ],
          [
            85.3126441,
            23.3622727
          ],
          [
            85.3125502,
            23.3621679
          ],
          [
            85.312485,
            23.362078
          ],
          [
            85.3124319,
            23.3619244
          ],
          [
            85.3124646,
            23.361797
          ],
          [
            85.3125584,
            23.3616847
          ],
          [
            85.3127991,
            23.361415
          ],
          [
            85.3129175,
            23.3612315
          ],
          [
            85.3132048,
            23.3610947
          ],
          [
            85.3136286,
            23.3609026
          ],
          [
            85.3138518,
            23.3606434
          ],
          [
            85.3140399,
            23.3604052
          ],
          [
            85.3142271,
            23.3599767
          ],
          [
            85.3142149,
            23.3598643
          ],
          [
            85.3141909,
            23.3597056
          ],
          [
            85.3141335,
            23.359522
          ],
          [
            85.3141694,
            23.3593561
          ],
          [
            85.3142253,
            23.3591812
          ],
          [
            85.3143033,
            23.3590204
          ],
          [
            85.3144818,
            23.3589436
          ],
          [
            85.3145536,
            23.3589409
          ],
          [
            85.3147359,
            23.3588661
          ],
          [
            85.3148228,
            23.3588118
          ],
          [
            85.3150366,
            23.3585509
          ],
          [
            85.3152582,
            23.3582201
          ],
          [
            85.3154238,
            23.3578196
          ],
          [
            85.3154973,
            23.3576293
          ],
          [
            85.3155236,
            23.3574482
          ],
          [
            85.3155321,
            23.3573297
          ],
          [
            85.315539,
            23.3571759
          ],
          [
            85.3156187,
            23.356864
          ],
          [
            85.3157377,
            23.3564281
          ],
          [
            85.3158909,
            23.3559588
          ],
          [
            85.3159602,
            23.3557652
          ],
          [
            85.3160519,
            23.3554095
          ],
          [
            85.3161422,
            23.3551614
          ],
          [
            85.3162643,
            23.3550179
          ],
          [
            85.3164549,
            23.3548681
          ],
          [
            85.3165522,
            23.3548316
          ],
          [
            85.3166781,
            23.3548227
          ],
          [
            85.3168201,
            23.3548336
          ],
          [
            85.3169612,
            23.3548431
          ],
          [
            85.3170887,
            23.3548233
          ],
          [
            85.3172625,
            23.3547134
          ],
          [
            85.3174763,
            23.3545698
          ],
          [
            85.3175642,
            23.3544514
          ],
          [
            85.3176929,
            23.3542353
          ],
          [
            85.31787,
            23.3539377
          ],
          [
            85.3181335,
            23.3536643
          ],
          [
            85.3182318,
            23.3535998
          ],
          [
            85.3183888,
            23.3534966
          ],
          [
            85.3185305,
            23.3534569
          ],
          [
            85.3186285,
            23.3534657
          ],
          [
            85.3187786,
            23.3535417
          ],
          [
            85.3188842,
            23.3536143
          ],
          [
            85.3191655,
            23.3535832
          ],
          [
            85.3193476,
            23.353594
          ],
          [
            85.3194782,
            23.3535603
          ],
          [
            85.3197603,
            23.3534376
          ],
          [
            85.3200074,
            23.3533266
          ],
          [
            85.3202208,
            23.353154
          ],
          [
            85.3203752,
            23.3530112
          ],
          [
            85.3204737,
            23.3529797
          ],
          [
            85.3206165,
            23.3528794
          ],
          [
            85.3208642,
            23.3525153
          ],
          [
            85.3209348,
            23.3523729
          ],
          [
            85.321098,
            23.3521856
          ],
          [
            85.3213468,
            23.3518709
          ],
          [
            85.3214937,
            23.3517136
          ],
          [
            85.3215805,
            23.3516138
          ],
          [
            85.3215876,
            23.3516237
          ],
          [
            85.3217279,
            23.3515176
          ],
          [
            85.3218624,
            23.3515187
          ],
          [
            85.3219344,
            23.3515488
          ],
          [
            85.3221643,
            23.3515885
          ],
          [
            85.3223925,
            23.3516094
          ],
          [
            85.3226294,
            23.3515857
          ],
          [
            85.3227789,
            23.3515386
          ],
          [
            85.3229258,
            23.3514439
          ],
          [
            85.3231651,
            23.3510612
          ],
          [
            85.3232078,
            23.3509078
          ],
          [
            85.3232033,
            23.3507584
          ],
          [
            85.3232028,
            23.3506602
          ],
          [
            85.3232436,
            23.3503394
          ],
          [
            85.3233288,
            23.3501538
          ],
          [
            85.3234282,
            23.3500203
          ],
          [
            85.3235581,
            23.3499168
          ],
          [
            85.323935,
            23.3497091
          ],
          [
            85.324133,
            23.3495724
          ],
          [
            85.3242638,
            23.3494416
          ],
          [
            85.3243691,
            23.3492431
          ],
          [
            85.3243788,
            23.3489422
          ],
          [
            85.3243063,
            23.3486003
          ],
          [
            85.3241702,
            23.3484135
          ],
          [
            85.3239173,
            23.3482074
          ],
          [
            85.3237622,
            23.3479152
          ],
          [
            85.3237924,
            23.347763
          ],
          [
            85.3238731,
            23.3476319
          ],
          [
            85.3240322,
            23.347351
          ],
          [
            85.3241339,
            23.3472386
          ],
          [
            85.3242437,
            23.3471248
          ],
          [
            85.324464,
            23.3469675
          ],
          [
            85.324506,
            23.3469005
          ],
          [
            85.3245813,
            23.3468439
          ],
          [
            85.3247106,
            23.3466859
          ],
          [
            85.3247732,
            23.3465154
          ],
          [
            85.3248067,
            23.3463906
          ],
          [
            85.3248255,
            23.3462429
          ],
          [
            85.3248258,
            23.3462115
          ],
          [
            85.3247072,
            23.346086
          ],
          [
            85.3244674,
            23.3459632
          ],
          [
            85.3243901,
            23.3457995
          ],
          [
            85.3243832,
            23.3455738
          ],
          [
            85.3244645,
            23.3454367
          ],
          [
            85.3246644,
            23.3453132
          ],
          [
            85.3247945,
            23.3452631
          ],
          [
            85.324989,
            23.3452784
          ],
          [
            85.3252923,
            23.345403
          ],
          [
            85.3258416,
            23.3458639
          ],
          [
            85.326171,
            23.3462746
          ],
          [
            85.3262594,
            23.3464273
          ],
          [
            85.32636,
            23.3465272
          ],
          [
            85.3267914,
            23.3465313
          ],
          [
            85.327139,
            23.3463317
          ],
          [
            85.3277637,
            23.3461366
          ],
          [
            85.3281683,
            23.3460156
          ],
          [
            85.3285023,
            23.3459182
          ],
          [
            85.3286256,
            23.3458707
          ],
          [
            85.3288556,
            23.3458328
          ],
          [
            85.3292249,
            23.3457764
          ],
          [
            85.3295196,
            23.3457631
          ],
          [
            85.3298041,
            23.3457917
          ],
          [
            85.3299943,
            23.345847
          ],
          [
            85.3304679,
            23.3459213
          ],
          [
            85.3306748,
            23.3459198
          ],
          [
            85.3309348,
            23.3459427
          ],
          [
            85.331137,
            23.3460061
          ],
          [
            85.3312822,
            23.3461405
          ],
          [
            85.3315085,
            23.3462743
          ],
          [
            85.3317133,
            23.3463723
          ],
          [
            85.3319499,
            23.3464651
          ],
          [
            85.3320739,
            23.3465048
          ],
          [
            85.3321778,
            23.3465286
          ],
          [
            85.3323509,
            23.3465339
          ],
          [
            85.3326134,
            23.3464995
          ],
          [
            85.3327288,
            23.3464677
          ],
          [
            85.3329337,
            23.3464015
          ],
          [
            85.3331241,
            23.3463114
          ],
          [
            85.3333289,
            23.3461366
          ],
          [
            85.3334097,
            23.3460439
          ],
          [
            85.3334703,
            23.3459353
          ],
          [
            85.3336636,
            23.3456704
          ],
          [
            85.3337877,
            23.3455671
          ],
          [
            85.333872,
            23.3454708
          ],
          [
            85.3339271,
            23.345314
          ],
          [
            85.3339813,
            23.3450606
          ],
          [
            85.3339747,
            23.3449005
          ],
          [
            85.333929,
            23.3447588
          ],
          [
            85.3339077,
            23.344551
          ],
          [
            85.3339304,
            23.3444016
          ],
          [
            85.3340158,
            23.3443036
          ],
          [
            85.3342002,
            23.3441685
          ],
          [
            85.3343012,
            23.344097
          ],
          [
            85.3348811,
            23.3438692
          ],
          [
            85.3354414,
            23.3437175
          ],
          [
            85.3358504,
            23.3435646
          ],
          [
            85.3362399,
            23.3434295
          ],
          [
            85.33671,
            23.3433193
          ],
          [
            85.3369323,
            23.3432388
          ],
          [
            85.3373622,
            23.3430427
          ],
          [
            85.3377936,
            23.3427603
          ],
          [
            85.3380817,
            23.3425697
          ],
          [
            85.3382102,
            23.3424963
          ],
          [
            85.3382847,
            23.3424284
          ],
          [
            85.3383803,
            23.3423628
          ],
          [
            85.3385437,
            23.3422304
          ],
          [
            85.3386706,
            23.3421713
          ],
          [
            85.3388438,
            23.3421131
          ],
          [
            85.3390147,
            23.3420799
          ],
          [
            85.3392072,
            23.3420337
          ],
          [
            85.3393766,
            23.3419846
          ],
          [
            85.3396034,
            23.3419022
          ],
          [
            85.3397484,
            23.3418555
          ],
          [
            85.3399218,
            23.3417991
          ],
          [
            85.3400523,
            23.3417679
          ],
          [
            85.3401165,
            23.3417507
          ],
          [
            85.3401947,
            23.3417238
          ],
          [
            85.3404323,
            23.3416617
          ],
          [
            85.3405584,
            23.3416642
          ],
          [
            85.3406685,
            23.3417183
          ],
          [
            85.3407989,
            23.3418161
          ],
          [
            85.3409222,
            23.341885
          ],
          [
            85.3412051,
            23.3419938
          ],
          [
            85.3413378,
            23.3420388
          ],
          [
            85.3414705,
            23.3420944
          ],
          [
            85.3416009,
            23.3421113
          ],
          [
            85.341726,
            23.3421116
          ],
          [
            85.3417843,
            23.3420966
          ],
          [
            85.3418415,
            23.3420666
          ],
          [
            85.3419149,
            23.3420296
          ],
          [
            85.3419856,
            23.3420057
          ],
          [
            85.3421023,
            23.3419249
          ],
          [
            85.3423418,
            23.3416918
          ],
          [
            85.3424889,
            23.3415253
          ],
          [
            85.342755,
            23.3413055
          ],
          [
            85.3429967,
            23.3409792
          ],
          [
            85.3431005,
            23.3408839
          ],
          [
            85.3433216,
            23.3406414
          ],
          [
            85.3434078,
            23.3405436
          ],
          [
            85.3435587,
            23.3402937
          ],
          [
            85.3435948,
            23.3402207
          ],
          [
            85.3436689,
            23.3400309
          ],
          [
            85.343819,
            23.339749
          ],
          [
            85.3440719,
            23.3395479
          ],
          [
            85.3443757,
            23.3393846
          ],
          [
            85.3445229,
            23.3393316
          ],
          [
            85.3446267,
            23.3392813
          ],
          [
            85.3450739,
            23.3391303
          ],
          [
            85.34558,
            23.3390774
          ],
          [
            85.3458619,
            23.3390456
          ],
          [
            85.3461938,
            23.3390128
          ],
          [
            85.346457,
            23.3390582
          ],
          [
            85.3466942,
            23.339199
          ],
          [
            85.346812,
            23.3392939
          ],
          [
            85.34687,
            23.3393952
          ],
          [
            85.3469238,
            23.3396948
          ],
          [
            85.3468816,
            23.3398711
          ],
          [
            85.3467972,
            23.3400736
          ],
          [
            85.3466693,
            23.3402746
          ],
          [
            85.3466456,
            23.340457
          ],
          [
            85.3466015,
            23.3406172
          ],
          [
            85.3465878,
            23.340771
          ],
          [
            85.3466625,
            23.3409498
          ],
          [
            85.3467372,
            23.3410633
          ],
          [
            85.3468283,
            23.3411789
          ],
          [
            85.3469425,
            23.3412831
          ],
          [
            85.3470873,
            23.3413569
          ],
          [
            85.3471632,
            23.3414112
          ],
          [
            85.3473072,
            23.3414471
          ],
          [
            85.3474105,
            23.3414569
          ],
          [
            85.3474939,
            23.3414431
          ],
          [
            85.3475703,
            23.3414182
          ],
          [
            85.3476051,
            23.3413978
          ],
          [
            85.3476273,
            23.3413877
          ],
          [
            85.3476531,
            23.3413739
          ],
          [
            85.3478147,
            23.3412572
          ],
          [
            85.3479758,
            23.341099
          ],
          [
            85.3481162,
            23.3409832
          ],
          [
            85.3489128,
            23.3402487
          ],
          [
            85.3490067,
            23.3401305
          ],
          [
            85.3490657,
            23.3400493
          ],
          [
            85.3492963,
            23.3398276
          ],
          [
            85.3494492,
            23.3397587
          ],
          [
            85.3496987,
            23.3396454
          ],
          [
            85.3498113,
            23.3396331
          ],
          [
            85.3499508,
            23.3396183
          ],
          [
            85.3501359,
            23.3396404
          ],
          [
            85.3504309,
            23.3396626
          ],
          [
            85.3506535,
            23.3396995
          ],
          [
            85.3508842,
            23.3397857
          ],
          [
            85.351088,
            23.3399064
          ],
          [
            85.3515825,
            23.3402905
          ],
          [
            85.3519515,
            23.340578
          ],
          [
            85.3521863,
            23.340661
          ],
          [
            85.3523655,
            23.3406376
          ],
          [
            85.3527858,
            23.3405319
          ],
          [
            85.3533604,
            23.3403546
          ],
          [
            85.3536634,
            23.3402362
          ],
          [
            85.3538125,
            23.3401371
          ],
          [
            85.3539505,
            23.3399946
          ],
          [
            85.3540622,
            23.3396859
          ],
          [
            85.3542269,
            23.3393199
          ],
          [
            85.354623,
            23.3389395
          ],
          [
            85.3547215,
            23.3388654
          ],
          [
            85.354904,
            23.3388032
          ],
          [
            85.355115,
            23.3387661
          ],
          [
            85.3555331,
            23.3386678
          ],
          [
            85.3556612,
            23.3386728
          ],
          [
            85.3558943,
            23.3388239
          ],
          [
            85.3560149,
            23.3390354
          ],
          [
            85.3560428,
            23.3391647
          ],
          [
            85.3560544,
            23.339445
          ],
          [
            85.3560896,
            23.3395711
          ],
          [
            85.3562492,
            23.3399376
          ],
          [
            85.3564141,
            23.3400872
          ],
          [
            85.3566822,
            23.3402608
          ],
          [
            85.3571142,
            23.3404995
          ],
          [
            85.3575956,
            23.3405183
          ],
          [
            85.357922,
            23.3405332
          ],
          [
            85.3582525,
            23.340492
          ],
          [
            85.358848,
            23.3405679
          ],
          [
            85.3591407,
            23.3405568
          ],
          [
            85.3593736,
            23.3404839
          ],
          [
            85.3597163,
            23.3403572
          ]
        ]
      },
      "properties": {
        "osm_id": 268131758,
        "category": "Hydrology & Drainage (Subarnarekha/Harmu)",
        "name": "Harmu",
        "highway": null,
        "railway": null,
        "waterway": "river",
        "amenity": null,
        "city": "Ranchi",
        "district": "Ranchi",
        "state": "Jharkhand",
        "state_code": "20"
      }
    },
    {
      "type": "Feature",
      "id": 268244740,
      "geometry": {
        "type": "LineString",
        "coordinates": [
          [
            85.2530973,
            23.346993
          ],
          [
            85.2532223,
            23.3466971
          ],
          [
            85.2531631,
            23.3464495
          ],
          [
            85.2530579,
            23.3460993
          ],
          [
            85.2529855,
            23.3458336
          ],
          [
            85.2529395,
            23.3454531
          ],
          [
            85.2529592,
            23.3451451
          ],
          [
            85.25315,
            23.3447768
          ],
          [
            85.2532552,
            23.3446318
          ],
          [
            85.2539083,
            23.3442524
          ],
          [
            85.2540925,
            23.3441799
          ],
          [
            85.2542207,
            23.3441074
          ],
          [
            85.2545003,
            23.3439927
          ],
          [
            85.254714,
            23.3438598
          ],
          [
            85.2548883,
            23.3436938
          ],
          [
            85.2549475,
            23.3435881
          ],
          [
            85.2552172,
            23.3435035
          ],
          [
            85.2553586,
            23.3434401
          ],
          [
            85.2558979,
            23.3433103
          ],
          [
            85.2559571,
            23.3432861
          ],
          [
            85.2561117,
            23.3431472
          ],
          [
            85.2562202,
            23.3430023
          ],
          [
            85.2563156,
            23.3427879
          ],
          [
            85.2561873,
            23.3422656
          ],
          [
            85.2561281,
            23.3419062
          ],
          [
            85.2561051,
            23.3418519
          ],
          [
            85.256332,
            23.3417281
          ],
          [
            85.2563978,
            23.3416647
          ],
          [
            85.2565294,
            23.3414835
          ],
          [
            85.2567267,
            23.3412268
          ],
          [
            85.2569536,
            23.3411151
          ],
          [
            85.257266,
            23.3409189
          ],
          [
            85.2577166,
            23.3408102
          ],
          [
            85.2580783,
            23.3407709
          ],
          [
            85.2582263,
            23.3408283
          ],
          [
            85.2585124,
            23.340943
          ],
          [
            85.258861,
            23.3409219
          ],
          [
            85.2589991,
            23.3409189
          ],
          [
            85.2591307,
            23.3409702
          ],
          [
            85.2592589,
            23.3409521
          ],
          [
            85.2594694,
            23.3409883
          ],
          [
            85.2595582,
            23.3410487
          ],
          [
            85.259601,
            23.3412389
          ],
          [
            85.2595253,
            23.3415197
          ],
          [
            85.259476,
            23.3416586
          ],
          [
            85.2594694,
            23.3418307
          ],
          [
            85.2594727,
            23.3421176
          ],
          [
            85.2594628,
            23.3422957
          ],
          [
            85.2594661,
            23.3425071
          ],
          [
            85.2595253,
            23.3425735
          ],
          [
            85.2596799,
            23.3426188
          ],
          [
            85.2598805,
            23.3427064
          ],
          [
            85.2601304,
            23.3427879
          ],
          [
            85.2601798,
            23.342803
          ],
          [
            85.2602422,
            23.3426641
          ],
          [
            85.2603804,
            23.3425373
          ],
          [
            85.2604823,
            23.3424467
          ],
          [
            85.2606369,
            23.3423712
          ],
          [
            85.2607717,
            23.3422625
          ],
          [
            85.2608539,
            23.3421327
          ],
          [
            85.2609789,
            23.3419968
          ],
          [
            85.2610611,
            23.3418398
          ],
          [
            85.2611894,
            23.3416254
          ],
          [
            85.2611828,
            23.3415016
          ],
          [
            85.261242,
            23.341402
          ],
          [
            85.2613538,
            23.3413657
          ],
          [
            85.2615676,
            23.3413174
          ],
          [
            85.2618438,
            23.3412057
          ],
          [
            85.2619721,
            23.3411302
          ],
          [
            85.2621398,
            23.3409853
          ],
          [
            85.2622319,
            23.3408675
          ],
          [
            85.2623404,
            23.3406954
          ],
          [
            85.2624654,
            23.3406229
          ],
          [
            85.2625706,
            23.3405988
          ],
          [
            85.2627646,
            23.3405807
          ],
          [
            85.2630409,
            23.3406441
          ],
          [
            85.2634322,
            23.3406864
          ],
          [
            85.263817,
            23.3406773
          ],
          [
            85.2639321,
            23.340626
          ],
          [
            85.2643563,
            23.3406471
          ],
          [
            85.2645602,
            23.340626
          ],
          [
            85.2649121,
            23.3405958
          ],
          [
            85.2654186,
            23.3405203
          ],
          [
            85.2657968,
            23.3404055
          ],
          [
            85.2659809,
            23.3402878
          ],
          [
            85.2662177,
            23.3401338
          ],
          [
            85.2663789,
            23.3399798
          ],
          [
            85.2665071,
            23.3398499
          ],
          [
            85.2667571,
            23.3396567
          ],
          [
            85.2669281,
            23.3394242
          ],
          [
            85.267053,
            23.3392128
          ],
          [
            85.2671484,
            23.3389048
          ],
          [
            85.2671714,
            23.3388022
          ],
          [
            85.2671977,
            23.338618
          ],
          [
            85.2672175,
            23.3385183
          ],
          [
            85.267303,
            23.338476
          ],
          [
            85.267451,
            23.3385032
          ],
          [
            85.2675759,
            23.3385998
          ],
          [
            85.2678127,
            23.3386904
          ],
          [
            85.2679772,
            23.3387448
          ],
          [
            85.2680758,
            23.3387236
          ],
          [
            85.268158,
            23.3386119
          ],
          [
            85.2684474,
            23.3384972
          ],
          [
            85.2685231,
            23.3384972
          ],
          [
            85.2686513,
            23.3385093
          ],
          [
            85.268875,
            23.3385817
          ],
          [
            85.2690394,
            23.3386482
          ],
          [
            85.2691611,
            23.3387025
          ],
          [
            85.2694077,
            23.3386995
          ],
          [
            85.2695754,
            23.338627
          ],
          [
            85.2697234,
            23.3385213
          ],
          [
            85.2699898,
            23.3384458
          ],
          [
            85.2702102,
            23.3384881
          ],
          [
            85.2703285,
            23.3385304
          ],
          [
            85.2704535,
            23.3385485
          ],
          [
            85.2705423,
            23.3385244
          ],
          [
            85.2706245,
            23.3384398
          ],
          [
            85.2706903,
            23.3383492
          ],
          [
            85.2707594,
            23.3382466
          ],
          [
            85.2709041,
            23.3382224
          ],
          [
            85.2710093,
            23.3382103
          ],
          [
            85.2711408,
            23.3382224
          ],
          [
            85.2712428,
            23.3382737
          ],
          [
            85.2713579,
            23.3383613
          ],
          [
            85.2714039,
            23.3384338
          ],
          [
            85.2714631,
            23.3384911
          ],
          [
            85.2715157,
            23.3385002
          ],
          [
            85.2716111,
            23.3384217
          ],
          [
            85.2717558,
            23.338313
          ],
          [
            85.2719433,
            23.3380442
          ],
          [
            85.2720419,
            23.3379537
          ],
          [
            85.2721472,
            23.3378298
          ],
          [
            85.2722524,
            23.3377453
          ],
          [
            85.2723478,
            23.3376457
          ],
          [
            85.2723807,
            23.3374977
          ],
          [
            85.272407,
            23.3373437
          ],
          [
            85.2724727,
            23.3372018
          ],
          [
            85.2727128,
            23.3369511
          ],
          [
            85.2730976,
            23.3366462
          ],
          [
            85.273239,
            23.3365375
          ],
          [
            85.2734001,
            23.3364469
          ],
          [
            85.2734297,
            23.336308
          ],
          [
            85.2734319,
            23.3360591
          ]
        ]
      },
      "properties": {
        "osm_id": 268244740,
        "category": "Hydrology & Drainage (Subarnarekha/Harmu)",
        "name": "Ranchi Infrastructure (Hydrology & Drainage (Subarnarekha/Harmu))",
        "highway": null,
        "railway": null,
        "waterway": "stream",
        "amenity": null,
        "city": "Ranchi",
        "district": "Ranchi",
        "state": "Jharkhand",
        "state_code": "20"
      }
    },
    {
      "type": "Feature",
      "id": 268244742,
      "geometry": {
        "type": "LineString",
        "coordinates": [
          [
            85.304495,
            23.3324411
          ],
          [
            85.3047997,
            23.3325009
          ]
        ]
      },
      "properties": {
        "osm_id": 268244742,
        "category": "Hydrology & Drainage (Subarnarekha/Harmu)",
        "name": "Ranchi Infrastructure (Hydrology & Drainage (Subarnarekha/Harmu))",
        "highway": null,
        "railway": null,
        "waterway": "stream",
        "amenity": null,
        "city": "Ranchi",
        "district": "Ranchi",
        "state": "Jharkhand",
        "state_code": "20"
      }
    },
    {
      "type": "Feature",
      "id": 268244744,
      "geometry": {
        "type": "LineString",
        "coordinates": [
          [
            85.2734319,
            23.3360591
          ],
          [
            85.2734232,
            23.3358127
          ]
        ]
      },
      "properties": {
        "osm_id": 268244744,
        "category": "Hydrology & Drainage (Subarnarekha/Harmu)",
        "name": "Ranchi Infrastructure (Hydrology & Drainage (Subarnarekha/Harmu))",
        "highway": null,
        "railway": null,
        "waterway": "stream",
        "amenity": null,
        "city": "Ranchi",
        "district": "Ranchi",
        "state": "Jharkhand",
        "state_code": "20"
      }
    },
    {
      "type": "Feature",
      "id": 268244746,
      "geometry": {
        "type": "LineString",
        "coordinates": [
          [
            85.2734232,
            23.3358127
          ],
          [
            85.2734561,
            23.3356376
          ],
          [
            85.2734626,
            23.3355108
          ],
          [
            85.2734265,
            23.3353689
          ],
          [
            85.273387,
            23.3351967
          ],
          [
            85.2733936,
            23.3349854
          ],
          [
            85.2734528,
            23.3349159
          ],
          [
            85.2737586,
            23.3346109
          ],
          [
            85.2738277,
            23.3345234
          ],
          [
            85.2739,
            23.3343935
          ],
          [
            85.273923,
            23.3342848
          ],
          [
            85.2740085,
            23.3341791
          ],
          [
            85.2742881,
            23.3340493
          ],
          [
            85.2745972,
            23.333859
          ],
          [
            85.2747057,
            23.3338198
          ],
          [
            85.2748636,
            23.3337654
          ],
          [
            85.274959,
            23.3336748
          ],
          [
            85.2750478,
            23.3336295
          ],
          [
            85.2751793,
            23.3336024
          ],
          [
            85.2752944,
            23.3336325
          ],
          [
            85.2754391,
            23.333702
          ],
          [
            85.2755739,
            23.3337745
          ],
          [
            85.2760672,
            23.3339375
          ],
          [
            85.2761955,
            23.3339617
          ],
          [
            85.2765277,
            23.3338983
          ],
          [
            85.2766296,
            23.3338288
          ],
          [
            85.276623,
            23.3337503
          ],
          [
            85.2766395,
            23.3336809
          ],
          [
            85.2767973,
            23.3336325
          ],
          [
            85.2770045,
            23.3335359
          ],
          [
            85.2773663,
            23.3334936
          ],
          [
            85.2777346,
            23.3335329
          ],
          [
            85.2778661,
            23.333551
          ],
          [
            85.2779878,
            23.3335269
          ],
          [
            85.2781588,
            23.3335057
          ],
          [
            85.2783265,
            23.3335208
          ],
          [
            85.278662,
            23.3334483
          ],
          [
            85.2787738,
            23.3334423
          ],
          [
            85.2789645,
            23.3334181
          ],
          [
            85.2791948,
            23.3333578
          ],
          [
            85.2794546,
            23.3332672
          ],
          [
            85.2795697,
            23.3331645
          ],
          [
            85.2796979,
            23.3331524
          ],
          [
            85.2798821,
            23.3331132
          ],
          [
            85.2801616,
            23.3330497
          ],
          [
            85.2802965,
            23.3330135
          ],
          [
            85.2804477,
            23.3329139
          ],
          [
            85.2805168,
            23.3328202
          ],
          [
            85.280645,
            23.3326904
          ],
          [
            85.2807404,
            23.3326149
          ],
          [
            85.2808687,
            23.3325002
          ],
          [
            85.2809049,
            23.3323854
          ],
          [
            85.2809969,
            23.3323492
          ],
          [
            85.2810068,
            23.3322103
          ],
          [
            85.2810232,
            23.3320774
          ],
          [
            85.281043,
            23.3319174
          ],
          [
            85.2811318,
            23.3318207
          ],
          [
            85.2812436,
            23.3316788
          ],
          [
            85.2814212,
            23.3316516
          ],
          [
            85.2815198,
            23.3315973
          ],
          [
            85.2816448,
            23.3315097
          ],
          [
            85.281704,
            23.3314493
          ],
          [
            85.2818158,
            23.3313557
          ],
          [
            85.2819112,
            23.3312772
          ],
          [
            85.2820986,
            23.3311111
          ],
          [
            85.2823716,
            23.3310356
          ],
          [
            85.2824735,
            23.3309873
          ],
          [
            85.2825788,
            23.3309299
          ],
          [
            85.2827169,
            23.3308514
          ],
          [
            85.2828057,
            23.330797
          ],
          [
            85.2829833,
            23.3307366
          ],
          [
            85.283151,
            23.3306702
          ],
          [
            85.2832497,
            23.3306068
          ],
          [
            85.283322,
            23.3304407
          ],
          [
            85.2833056,
            23.3303531
          ],
          [
            85.2832266,
            23.3301478
          ],
          [
            85.2832102,
            23.3300844
          ],
          [
            85.2832497,
            23.3299726
          ],
          [
            85.2832694,
            23.329876
          ],
          [
            85.2833056,
            23.3298488
          ],
          [
            85.2833977,
            23.3298186
          ],
          [
            85.2835062,
            23.3298579
          ],
          [
            85.2835719,
            23.3298881
          ],
          [
            85.2837397,
            23.3298971
          ],
          [
            85.2838581,
            23.3298941
          ],
          [
            85.2840028,
            23.3298428
          ],
          [
            85.2841014,
            23.3297552
          ],
          [
            85.2842231,
            23.3296888
          ],
          [
            85.2845388,
            23.3296284
          ],
          [
            85.2847263,
            23.3296374
          ],
          [
            85.2851308,
            23.3294593
          ],
          [
            85.2854695,
            23.3293234
          ],
          [
            85.2857885,
            23.3293355
          ],
          [
            85.2860286,
            23.3293204
          ],
          [
            85.286147,
            23.3293294
          ],
          [
            85.2862851,
            23.3293717
          ],
          [
            85.2865548,
            23.3294744
          ],
          [
            85.2868047,
            23.3295016
          ],
          [
            85.2869494,
            23.3294744
          ],
          [
            85.2871664,
            23.3293777
          ],
          [
            85.2875414,
            23.3292177
          ],
          [
            85.2877847,
            23.3291392
          ],
          [
            85.2879459,
            23.3290667
          ],
          [
            85.2880314,
            23.3290033
          ],
          [
            85.2881103,
            23.3289218
          ],
          [
            85.2881794,
            23.3288795
          ],
          [
            85.2882879,
            23.3289006
          ],
          [
            85.288449,
            23.3289882
          ],
          [
            85.2886957,
            23.3291573
          ],
          [
            85.2890245,
            23.32942
          ],
          [
            85.2891594,
            23.3295287
          ],
          [
            85.2893041,
            23.329571
          ],
          [
            85.2894225,
            23.3295891
          ],
          [
            85.2895803,
            23.3295499
          ],
          [
            85.2898533,
            23.329565
          ],
          [
            85.2901986,
            23.3295619
          ],
          [
            85.2904452,
            23.3296344
          ],
          [
            85.2906623,
            23.3297311
          ],
          [
            85.29083,
            23.3298005
          ],
          [
            85.2911654,
            23.3298247
          ],
          [
            85.2915009,
            23.3298307
          ],
          [
            85.2915338,
            23.3297129
          ],
          [
            85.2916291,
            23.3295468
          ],
          [
            85.2918166,
            23.3293959
          ],
          [
            85.2920337,
            23.3293415
          ],
          [
            85.2920896,
            23.3293355
          ],
          [
            85.2922244,
            23.3293777
          ],
          [
            85.2923559,
            23.3294653
          ],
          [
            85.2924809,
            23.329571
          ],
          [
            85.2925993,
            23.3296767
          ],
          [
            85.2927111,
            23.3297914
          ],
          [
            85.2928328,
            23.3299002
          ],
          [
            85.2928788,
            23.3300119
          ],
          [
            85.2929808,
            23.3302172
          ],
          [
            85.2929808,
            23.3303018
          ],
          [
            85.292938,
            23.3304105
          ],
          [
            85.2929183,
            23.3304951
          ],
          [
            85.2929117,
            23.3305977
          ],
          [
            85.2929051,
            23.3307004
          ],
          [
            85.2929051,
            23.3308091
          ],
          [
            85.2929051,
            23.3309239
          ],
          [
            85.2930104,
            23.3310869
          ],
          [
            85.2931781,
            23.3311775
          ],
          [
            85.2933609,
            23.3313329
          ],
          [
            85.293433,
            23.3313799
          ],
          [
            85.293626,
            23.3314247
          ],
          [
            85.2938004,
            23.3314333
          ],
          [
            85.294005,
            23.3315293
          ],
          [
            85.2941794,
            23.3315849
          ],
          [
            85.294319,
            23.3316489
          ],
          [
            85.2944096,
            23.3317493
          ],
          [
            85.2944701,
            23.3318753
          ],
          [
            85.2945329,
            23.3320333
          ],
          [
            85.294598,
            23.3322233
          ],
          [
            85.2946654,
            23.3324689
          ],
          [
            85.2946747,
            23.3325799
          ],
          [
            85.2946794,
            23.3326589
          ],
          [
            85.2947399,
            23.3327037
          ],
          [
            85.2948608,
            23.3327998
          ],
          [
            85.2951329,
            23.3330838
          ],
          [
            85.2952073,
            23.3331778
          ],
          [
            85.2952584,
            23.3332781
          ],
          [
            85.2952863,
            23.3333806
          ],
          [
            85.2953305,
            23.3334361
          ],
          [
            85.2953701,
            23.3335215
          ],
          [
            85.2954514,
            23.3335899
          ],
          [
            85.295491,
            23.3336475
          ],
          [
            85.2955445,
            23.333703
          ],
          [
            85.2956468,
            23.3337457
          ],
          [
            85.2957282,
            23.3337415
          ],
          [
            85.2960095,
            23.3336667
          ],
          [
            85.2960979,
            23.3336539
          ],
          [
            85.2962165,
            23.3336603
          ],
          [
            85.2963584,
            23.3336796
          ],
          [
            85.2964397,
            23.333718
          ],
          [
            85.2965211,
            23.333765
          ],
          [
            85.2967002,
            23.3337628
          ],
          [
            85.2968281,
            23.3337244
          ],
          [
            85.2969467,
            23.3337073
          ],
          [
            85.2971351,
            23.333686
          ],
          [
            85.2972978,
            23.3336582
          ],
          [
            85.2975304,
            23.3336262
          ],
          [
            85.2976839,
            23.3335899
          ],
          [
            85.2977536,
            23.3335749
          ],
          [
            85.2978397,
            23.3335344
          ],
          [
            85.2979257,
            23.3335301
          ],
          [
            85.2979978,
            23.3335365
          ],
          [
            85.2980652,
            23.3335685
          ],
          [
            85.2981187,
            23.3336112
          ],
          [
            85.2981768,
            23.3336518
          ],
          [
            85.298314,
            23.3336582
          ],
          [
            85.2984838,
            23.3336368
          ],
          [
            85.2987512,
            23.3336198
          ],
          [
            85.2989373,
            23.3335877
          ],
          [
            85.2990931,
            23.3335728
          ],
          [
            85.2992861,
            23.333545
          ],
          [
            85.2994256,
            23.3335386
          ],
          [
            85.2995768,
            23.3335792
          ],
          [
            85.2996465,
            23.3336283
          ],
          [
            85.2996512,
            23.3337393
          ],
          [
            85.2996279,
            23.3338973
          ],
          [
            85.2996791,
            23.3340062
          ],
          [
            85.2997674,
            23.3341023
          ],
          [
            85.3000721,
            23.334192
          ],
          [
            85.3001116,
            23.3342347
          ],
          [
            85.3001907,
            23.3342731
          ],
          [
            85.3003767,
            23.3343094
          ],
          [
            85.300472,
            23.3343351
          ],
          [
            85.3006441,
            23.3343778
          ],
          [
            85.3007557,
            23.3344247
          ],
          [
            85.3008371,
            23.3344675
          ],
          [
            85.3009278,
            23.3345144
          ],
          [
            85.3010301,
            23.3345358
          ],
          [
            85.3011418,
            23.3345166
          ],
          [
            85.3012743,
            23.3344845
          ],
          [
            85.3013813,
            23.3344568
          ],
          [
            85.3014883,
            23.3344013
          ],
          [
            85.3016208,
            23.33435
          ],
          [
            85.3018254,
            23.3342198
          ],
          [
            85.3019417,
            23.3341728
          ],
          [
            85.3021022,
            23.334066
          ],
          [
            85.3023952,
            23.3339336
          ],
          [
            85.3024975,
            23.3338867
          ],
          [
            85.3026533,
            23.3338141
          ],
          [
            85.3027696,
            23.3337778
          ],
          [
            85.3028347,
            23.333718
          ],
          [
            85.3028975,
            23.3336433
          ],
          [
            85.3029021,
            23.3335835
          ],
          [
            85.3029416,
            23.3335194
          ],
          [
            85.3030161,
            23.3334938
          ],
          [
            85.3031416,
            23.3334575
          ],
          [
            85.3032486,
            23.3333977
          ],
          [
            85.303337,
            23.3333422
          ],
          [
            85.3033974,
            23.3332632
          ],
          [
            85.3035439,
            23.3332077
          ],
          [
            85.303823,
            23.3331479
          ],
          [
            85.3039021,
            23.3331009
          ],
          [
            85.3039788,
            23.3330454
          ],
          [
            85.3040881,
            23.3328852
          ],
          [
            85.3041392,
            23.3327635
          ],
          [
            85.3041462,
            23.332661
          ],
          [
            85.3041555,
            23.3325927
          ],
          [
            85.3041532,
            23.3324924
          ],
          [
            85.3041834,
            23.3324496
          ],
          [
            85.3042695,
            23.3324198
          ],
          [
            85.3043439,
            23.3324283
          ],
          [
            85.304495,
            23.3324411
          ]
        ]
      },
      "properties": {
        "osm_id": 268244746,
        "category": "Hydrology & Drainage (Subarnarekha/Harmu)",
        "name": "Subarnarekha river",
        "highway": null,
        "railway": null,
        "waterway": "river",
        "amenity": null,
        "city": "Ranchi",
        "district": "Ranchi",
        "state": "Jharkhand",
        "state_code": "20"
      }
    },
    {
      "type": "Feature",
      "id": 268244752,
      "geometry": {
        "type": "LineString",
        "coordinates": [
          [
            85.3047997,
            23.3325009
          ],
          [
            85.3049113,
            23.3325415
          ],
          [
            85.3049462,
            23.3325735
          ],
          [
            85.3050973,
            23.3325884
          ],
          [
            85.3052113,
            23.3325884
          ],
          [
            85.3053066,
            23.3325884
          ],
          [
            85.3054113,
            23.3324966
          ],
          [
            85.305488,
            23.3323279
          ],
          [
            85.3055229,
            23.3322404
          ],
          [
            85.3055787,
            23.3321614
          ],
          [
            85.3056461,
            23.3320183
          ],
          [
            85.3057275,
            23.3318262
          ],
          [
            85.3057345,
            23.331713
          ],
          [
            85.3057624,
            23.3315678
          ],
          [
            85.3059042,
            23.3314354
          ],
          [
            85.3061112,
            23.3312902
          ],
          [
            85.3063461,
            23.3312176
          ],
          [
            85.3064321,
            23.3312176
          ],
          [
            85.3065786,
            23.3312347
          ],
          [
            85.3066833,
            23.3312923
          ],
          [
            85.3067716,
            23.3313777
          ],
          [
            85.3068298,
            23.3315165
          ],
          [
            85.3068367,
            23.3316212
          ],
          [
            85.3067879,
            23.3317023
          ],
          [
            85.3067065,
            23.3317813
          ],
          [
            85.3066414,
            23.3318432
          ],
          [
            85.3066391,
            23.3319286
          ],
          [
            85.306674,
            23.3320952
          ],
          [
            85.3067019,
            23.3321763
          ],
          [
            85.3068042,
            23.3323066
          ],
          [
            85.3068786,
            23.3324027
          ],
          [
            85.3069739,
            23.3325393
          ],
          [
            85.3071111,
            23.3326653
          ],
          [
            85.3072576,
            23.3327678
          ],
          [
            85.3074669,
            23.3328746
          ],
          [
            85.3076158,
            23.3329408
          ],
          [
            85.3077297,
            23.3329813
          ],
          [
            85.3077971,
            23.3330048
          ],
          [
            85.3079227,
            23.333024
          ],
          [
            85.3079785,
            23.3330134
          ],
          [
            85.3080576,
            23.3329557
          ],
          [
            85.3081227,
            23.3329215
          ],
          [
            85.3081762,
            23.3328703
          ],
          [
            85.3083483,
            23.3328596
          ],
          [
            85.3085762,
            23.3329621
          ],
          [
            85.3086273,
            23.3329621
          ],
          [
            85.3086994,
            23.3329173
          ],
          [
            85.3087436,
            23.3328361
          ],
          [
            85.308818,
            23.3326824
          ],
          [
            85.3088808,
            23.3324774
          ],
          [
            85.3089994,
            23.3321059
          ],
          [
            85.3090203,
            23.3320269
          ],
          [
            85.3090529,
            23.3319927
          ],
          [
            85.3091366,
            23.3319308
          ],
          [
            85.3093459,
            23.331777
          ],
          [
            85.3094715,
            23.3316596
          ],
          [
            85.3096807,
            23.33154
          ],
          [
            85.3097575,
            23.3315165
          ],
          [
            85.309804,
            23.3314995
          ],
          [
            85.3098947,
            23.3315379
          ],
          [
            85.3099621,
            23.3315742
          ],
          [
            85.3100296,
            23.3315891
          ],
          [
            85.3100807,
            23.3315742
          ],
          [
            85.3101644,
            23.3315101
          ],
          [
            85.3103435,
            23.3314589
          ],
          [
            85.3105481,
            23.3314311
          ],
          [
            85.3109597,
            23.3313671
          ],
          [
            85.3113481,
            23.3313286
          ],
          [
            85.3117085,
            23.3312752
          ],
          [
            85.3117992,
            23.331271
          ],
          [
            85.3118783,
            23.3313692
          ],
          [
            85.3119178,
            23.3316724
          ],
          [
            85.3118992,
            23.3317941
          ],
          [
            85.3119085,
            23.3318774
          ],
          [
            85.3119573,
            23.3319628
          ],
          [
            85.3120387,
            23.3320354
          ],
          [
            85.312248,
            23.3321251
          ],
          [
            85.3124085,
            23.3322105
          ],
          [
            85.3126015,
            23.332281
          ],
          [
            85.312855,
            23.3323493
          ],
          [
            85.3131014,
            23.3324176
          ],
          [
            85.3133945,
            23.3325308
          ],
          [
            85.3139177,
            23.3327614
          ],
          [
            85.3142897,
            23.3329237
          ],
          [
            85.3144781,
            23.3330817
          ],
          [
            85.314713,
            23.3332803
          ],
          [
            85.3147897,
            23.3333358
          ],
          [
            85.3149083,
            23.3333614
          ],
          [
            85.3150688,
            23.3333956
          ],
          [
            85.3151781,
            23.3334191
          ],
          [
            85.3152943,
            23.3334703
          ],
          [
            85.3154129,
            23.3335023
          ],
          [
            85.3155431,
            23.3334938
          ],
          [
            85.3157524,
            23.3335749
          ],
          [
            85.3158943,
            23.3336433
          ],
          [
            85.3160547,
            23.3337329
          ],
          [
            85.3164129,
            23.333923
          ],
          [
            85.31675,
            23.3340255
          ],
          [
            85.3171314,
            23.3341557
          ],
          [
            85.317443,
            23.3341963
          ],
          [
            85.317536,
            23.3341685
          ],
          [
            85.3176779,
            23.3340831
          ],
          [
            85.3178709,
            23.3340468
          ],
          [
            85.3179895,
            23.3340575
          ],
          [
            85.3180848,
            23.3340511
          ],
          [
            85.3184778,
            23.3337607
          ],
          [
            85.3185592,
            23.3337991
          ],
          [
            85.3186267,
            23.3338397
          ],
          [
            85.3187708,
            23.3338973
          ],
          [
            85.3188778,
            23.3339443
          ],
          [
            85.3189708,
            23.3340191
          ],
          [
            85.3190429,
            23.3341365
          ],
          [
            85.3191476,
            23.3342689
          ],
          [
            85.3193848,
            23.3342902
          ],
          [
            85.3194754,
            23.3342689
          ],
          [
            85.3196126,
            23.3342497
          ],
          [
            85.3196731,
            23.3342219
          ],
          [
            85.3197871,
            23.334192
          ],
          [
            85.3199405,
            23.3341771
          ],
          [
            85.3200312,
            23.3341023
          ],
          [
            85.3201684,
            23.3340148
          ],
          [
            85.3202498,
            23.3339123
          ],
          [
            85.3203173,
            23.3338525
          ],
          [
            85.3203963,
            23.3337949
          ],
          [
            85.3205847,
            23.3338354
          ],
          [
            85.3207033,
            23.3338205
          ],
          [
            85.3207707,
            23.3337927
          ],
          [
            85.3208288,
            23.3337351
          ],
          [
            85.3209009,
            23.3336966
          ],
          [
            85.3209963,
            23.3336881
          ],
          [
            85.3210986,
            23.3337479
          ],
          [
            85.3212265,
            23.3338141
          ],
          [
            85.3214242,
            23.3339038
          ],
          [
            85.3216218,
            23.3339401
          ],
          [
            85.3218358,
            23.3339486
          ],
          [
            85.3219288,
            23.3339272
          ],
          [
            85.3219939,
            23.3338803
          ],
          [
            85.3220613,
            23.3338013
          ],
          [
            85.3221218,
            23.3337116
          ],
          [
            85.3222171,
            23.3336454
          ],
          [
            85.3222753,
            23.3336027
          ],
          [
            85.3223822,
            23.3335557
          ],
          [
            85.3224543,
            23.3335365
          ],
          [
            85.3226334,
            23.3334895
          ],
          [
            85.3227124,
            23.3334489
          ],
          [
            85.3227938,
            23.3333593
          ],
          [
            85.3228752,
            23.333276
          ],
          [
            85.323045,
            23.3331586
          ],
          [
            85.3231287,
            23.3331351
          ],
          [
            85.3231822,
            23.333118
          ],
          [
            85.3232519,
            23.3331393
          ],
          [
            85.323331,
            23.3331884
          ],
          [
            85.3233868,
            23.333244
          ],
          [
            85.3235101,
            23.3333443
          ],
          [
            85.3236287,
            23.3334532
          ],
          [
            85.3237775,
            23.3335792
          ],
          [
            85.3238821,
            23.3336518
          ],
          [
            85.3239635,
            23.333797
          ],
          [
            85.3239705,
            23.3338717
          ],
          [
            85.3240147,
            23.3340126
          ],
          [
            85.3241124,
            23.3342112
          ],
          [
            85.3242612,
            23.3344055
          ],
          [
            85.3244449,
            23.3345635
          ],
          [
            85.3246123,
            23.3346319
          ],
          [
            85.3248077,
            23.3346831
          ],
          [
            85.3250449,
            23.3347087
          ],
          [
            85.3253262,
            23.3347685
          ],
          [
            85.3255448,
            23.3347877
          ],
          [
            85.3259913,
            23.3347408
          ],
          [
            85.3262145,
            23.3347087
          ],
          [
            85.3263192,
            23.3347408
          ],
          [
            85.3264262,
            23.3346852
          ],
          [
            85.3264727,
            23.3345956
          ],
          [
            85.3264703,
            23.3344931
          ],
          [
            85.3265564,
            23.33435
          ],
          [
            85.3266052,
            23.3342646
          ],
          [
            85.3266982,
            23.3341856
          ],
          [
            85.3267889,
            23.3341173
          ],
          [
            85.3268447,
            23.3340404
          ],
          [
            85.3268843,
            23.3339657
          ],
          [
            85.3270029,
            23.3338803
          ],
          [
            85.3270517,
            23.3338376
          ],
          [
            85.3271215,
            23.3338013
          ],
          [
            85.3272842,
            23.333797
          ],
          [
            85.327454,
            23.3338546
          ],
          [
            85.3277168,
            23.333908
          ],
          [
            85.3277982,
            23.3339187
          ],
          [
            85.3280516,
            23.3339699
          ],
          [
            85.3282888,
            23.3340233
          ],
          [
            85.3284167,
            23.3340917
          ],
          [
            85.3285214,
            23.3341386
          ],
          [
            85.3286446,
            23.3341707
          ],
          [
            85.328726,
            23.3341941
          ],
          [
            85.3289051,
            23.3342006
          ],
          [
            85.329212,
            23.334192
          ],
          [
            85.3293841,
            23.3342134
          ],
          [
            85.3295841,
            23.3342304
          ],
          [
            85.3298027,
            23.334239
          ],
          [
            85.3298887,
            23.334239
          ],
          [
            85.3299655,
            23.3341749
          ],
          [
            85.3301631,
            23.3341643
          ],
          [
            85.3301887,
            23.3341685
          ],
          [
            85.3302794,
            23.3341472
          ],
          [
            85.3303585,
            23.3340639
          ],
          [
            85.3304305,
            23.3339379
          ],
          [
            85.3305565,
            23.3337338
          ],
          [
            85.3309807,
            23.3332567
          ],
          [
            85.3311057,
            23.3331781
          ],
          [
            85.3312076,
            23.3330815
          ],
          [
            85.3313326,
            23.3329305
          ],
          [
            85.3313754,
            23.3327312
          ],
          [
            85.3313655,
            23.3326135
          ],
          [
            85.3313326,
            23.332544
          ],
          [
            85.331257,
            23.3325047
          ],
          [
            85.3312175,
            23.332393
          ],
          [
            85.3312175,
            23.3322843
          ],
          [
            85.3312438,
            23.332242
          ],
          [
            85.3313458,
            23.3321967
          ],
          [
            85.3315464,
            23.3322511
          ],
          [
            85.331622,
            23.332236
          ],
          [
            85.3316878,
            23.3321998
          ],
          [
            85.3317174,
            23.3321333
          ],
          [
            85.3317568,
            23.3320367
          ],
          [
            85.3318127,
            23.3319401
          ],
          [
            85.3319147,
            23.3319068
          ],
          [
            85.3321811,
            23.3318797
          ],
          [
            85.3323192,
            23.3318495
          ],
          [
            85.3325494,
            23.3317528
          ],
          [
            85.3327138,
            23.3316894
          ],
          [
            85.3330887,
            23.3312727
          ],
          [
            85.3332499,
            23.3311972
          ],
          [
            85.3334045,
            23.3311459
          ],
          [
            85.3335459,
            23.3312032
          ],
          [
            85.3337596,
            23.3313361
          ],
          [
            85.3338747,
            23.3314025
          ],
          [
            85.3340161,
            23.3315113
          ],
          [
            85.3340918,
            23.3316139
          ],
          [
            85.3341543,
            23.3318283
          ],
          [
            85.3342628,
            23.3320125
          ],
          [
            85.3344174,
            23.3321665
          ],
          [
            85.334516,
            23.3322722
          ],
          [
            85.3346772,
            23.3323507
          ],
          [
            85.3348449,
            23.3323598
          ],
          [
            85.3350356,
            23.3323296
          ],
          [
            85.3351968,
            23.3322662
          ],
          [
            85.3353645,
            23.3321756
          ],
          [
            85.3354895,
            23.3321092
          ],
          [
            85.3356539,
            23.3320186
          ],
          [
            85.3361505,
            23.331472
          ],
          [
            85.3362458,
            23.3313874
          ],
          [
            85.3364037,
            23.3313059
          ],
          [
            85.3365254,
            23.3313361
          ],
          [
            85.3366602,
            23.3314418
          ],
          [
            85.3368279,
            23.3316049
          ],
          [
            85.3369924,
            23.3317287
          ],
          [
            85.3370845,
            23.3317921
          ],
          [
            85.3372127,
            23.3318314
          ],
          [
            85.3373673,
            23.3318223
          ],
          [
            85.337489,
            23.3317951
          ],
          [
            85.3377192,
            23.3316713
          ],
          [
            85.3379362,
            23.3315626
          ],
          [
            85.3380974,
            23.3314418
          ],
          [
            85.3381138,
            23.3312848
          ],
          [
            85.3380908,
            23.3311429
          ],
          [
            85.3380842,
            23.3309647
          ],
          [
            85.3380908,
            23.3307775
          ],
          [
            85.3380842,
            23.3306204
          ],
          [
            85.3380119,
            23.3304815
          ],
          [
            85.3379921,
            23.3303215
          ],
          [
            85.3381237,
            23.3301614
          ],
          [
            85.3381072,
            23.3299289
          ],
          [
            85.3381039,
            23.3297417
          ],
          [
            85.3381039,
            23.3295514
          ],
          [
            85.3381401,
            23.3293733
          ],
          [
            85.3381763,
            23.3292072
          ],
          [
            85.338251,
            23.3290447
          ],
          [
            85.3383941,
            23.3289948
          ],
          [
            85.3386144,
            23.3288363
          ],
          [
            85.3387295,
            23.3286898
          ],
          [
            85.3388381,
            23.3286355
          ],
          [
            85.3390222,
            23.3286143
          ],
          [
            85.3390847,
            23.3285962
          ],
          [
            85.3392672,
            23.3285509
          ],
          [
            85.3395681,
            23.3285268
          ],
          [
            85.3396964,
            23.3285132
          ],
          [
            85.3400483,
            23.3285464
          ],
          [
            85.3401716,
            23.32856
          ],
          [
            85.3403689,
            23.3285902
          ],
          [
            85.3404626,
            23.3285962
          ],
          [
            85.3405268,
            23.3285842
          ],
          [
            85.3406008,
            23.3285524
          ],
          [
            85.3406649,
            23.3284966
          ],
          [
            85.3407241,
            23.3284498
          ],
          [
            85.3407257,
            23.3283592
          ],
          [
            85.3407077,
            23.3281946
          ],
          [
            85.3406896,
            23.328098
          ],
          [
            85.3406863,
            23.3280134
          ],
          [
            85.3406781,
            23.3279515
          ],
          [
            85.3407011,
            23.3278971
          ],
          [
            85.3407438,
            23.3278654
          ],
          [
            85.3408622,
            23.3278473
          ],
          [
            85.3409987,
            23.3278216
          ],
          [
            85.3412125,
            23.3277326
          ],
          [
            85.3413391,
            23.3276238
          ],
          [
            85.341446,
            23.327494
          ],
          [
            85.3416926,
            23.3272403
          ],
          [
            85.3417765,
            23.327115
          ],
          [
            85.3418768,
            23.3269957
          ],
          [
            85.3419984,
            23.326887
          ],
          [
            85.342084,
            23.32681
          ],
          [
            85.3422056,
            23.3267768
          ],
          [
            85.3422879,
            23.3267677
          ],
          [
            85.3423882,
            23.3267617
          ],
          [
            85.342597,
            23.3267632
          ],
          [
            85.3427746,
            23.3267677
          ],
          [
            85.3430377,
            23.3268025
          ],
          [
            85.3431495,
            23.326878
          ],
          [
            85.3432629,
            23.3269127
          ],
          [
            85.3434142,
            23.32689
          ],
          [
            85.343457,
            23.3268689
          ],
          [
            85.3435277,
            23.3268266
          ],
          [
            85.3435786,
            23.3267783
          ],
          [
            85.3436576,
            23.3266892
          ],
          [
            85.3437299,
            23.3266318
          ],
          [
            85.3438746,
            23.3265276
          ],
          [
            85.3440259,
            23.3264642
          ],
          [
            85.3441361,
            23.3264235
          ],
          [
            85.3442199,
            23.3263646
          ],
          [
            85.3443285,
            23.3262755
          ],
          [
            85.3444863,
            23.3261804
          ],
          [
            85.3446129,
            23.3261426
          ],
          [
            85.344682,
            23.3261396
          ],
          [
            85.3447297,
            23.3261638
          ],
          [
            85.3447872,
            23.326203
          ],
          [
            85.3448398,
            23.3262664
          ],
          [
            85.3449862,
            23.3264069
          ],
          [
            85.3450141,
            23.3264718
          ],
          [
            85.3450355,
            23.3265518
          ],
          [
            85.3450635,
            23.3267179
          ],
          [
            85.3451046,
            23.3269081
          ],
          [
            85.3451161,
            23.327035
          ],
          [
            85.3451868,
            23.3272252
          ],
          [
            85.345144,
            23.327346
          ],
          [
            85.3450783,
            23.3274366
          ],
          [
            85.3450536,
            23.3275242
          ],
          [
            85.3450783,
            23.3275861
          ],
          [
            85.3451868,
            23.327716
          ],
          [
            85.3452953,
            23.3277688
          ],
          [
            85.3453808,
            23.327793
          ],
          [
            85.345463,
            23.3278141
          ],
          [
            85.3455074,
            23.3277899
          ],
          [
            85.3455929,
            23.3277205
          ],
          [
            85.3457081,
            23.327648
          ],
          [
            85.3457689,
            23.3275891
          ],
          [
            85.3458084,
            23.3275197
          ],
          [
            85.3458511,
            23.3273868
          ],
          [
            85.3459054,
            23.3273007
          ],
          [
            85.3459744,
            23.3272449
          ],
          [
            85.3461027,
            23.3271407
          ],
          [
            85.3462194,
            23.3270758
          ],
          [
            85.3462589,
            23.3270939
          ],
          [
            85.3463132,
            23.327195
          ],
          [
            85.3463592,
            23.3272343
          ],
          [
            85.3464332,
            23.3272479
          ],
          [
            85.3465401,
            23.3271981
          ],
          [
            85.3467029,
            23.327118
          ],
          [
            85.3468344,
            23.3270199
          ],
          [
            85.3468903,
            23.3269414
          ],
          [
            85.3469314,
            23.3268644
          ],
          [
            85.346989,
            23.3267602
          ],
          [
            85.3470186,
            23.3267073
          ],
          [
            85.3470087,
            23.3266469
          ],
          [
            85.346966,
            23.3265488
          ],
          [
            85.3469857,
            23.3264673
          ],
          [
            85.3470153,
            23.3263978
          ],
          [
            85.3470646,
            23.3262997
          ],
          [
            85.3471205,
            23.3262664
          ],
          [
            85.3471567,
            23.3262377
          ],
          [
            85.3472669,
            23.3262483
          ],
          [
            85.3474543,
            23.3262755
          ],
          [
            85.3476368,
            23.3263268
          ],
          [
            85.3477191,
            23.3263993
          ],
          [
            85.3479361,
            23.3264053
          ],
          [
            85.3480857,
            23.3264053
          ],
          [
            85.3481647,
            23.3263948
          ],
          [
            85.3482288,
            23.3263751
          ],
          [
            85.3482962,
            23.3263102
          ],
          [
            85.3483751,
            23.3261547
          ],
          [
            85.3484491,
            23.325895
          ],
          [
            85.3485396,
            23.3258074
          ],
          [
            85.3486448,
            23.325738
          ],
          [
            85.3487764,
            23.325664
          ],
          [
            85.3488487,
            23.3256292
          ],
          [
            85.3490148,
            23.3255462
          ],
          [
            85.3491348,
            23.325439
          ],
          [
            85.3493058,
            23.3253348
          ],
          [
            85.3493486,
            23.325291
          ],
          [
            85.3494259,
            23.3251898
          ],
          [
            85.3494653,
            23.3250857
          ],
          [
            85.3495574,
            23.324826
          ],
          [
            85.3496594,
            23.3247233
          ],
          [
            85.3497876,
            23.3245708
          ],
          [
            85.3499307,
            23.3244711
          ],
          [
            85.3500228,
            23.3244243
          ],
          [
            85.3504075,
            23.324225
          ],
          [
            85.3506065,
            23.3241706
          ],
          [
            85.350789,
            23.3241359
          ],
          [
            85.3508795,
            23.3241253
          ],
          [
            85.3509946,
            23.3241495
          ],
          [
            85.3511014,
            23.3242099
          ],
          [
            85.3511804,
            23.3242763
          ],
          [
            85.3512264,
            23.3243533
          ],
          [
            85.3512511,
            23.3244152
          ],
          [
            85.3513185,
            23.3244998
          ],
          [
            85.3513859,
            23.3245662
          ],
          [
            85.3515257,
            23.3246583
          ],
          [
            85.3516786,
            23.3247973
          ],
          [
            85.3517049,
            23.3248622
          ],
          [
            85.3517115,
            23.3249407
          ],
          [
            85.3517246,
            23.3250102
          ],
          [
            85.351769,
            23.325066
          ],
          [
            85.3518365,
            23.3250947
          ],
          [
            85.3518595,
            23.3251204
          ],
          [
            85.3519368,
            23.3251566
          ],
          [
            85.3520486,
            23.3251642
          ],
          [
            85.3521111,
            23.3251566
          ],
          [
            85.3521555,
            23.325134
          ],
          [
            85.3522031,
            23.3250872
          ],
          [
            85.3522525,
            23.3250691
          ],
          [
            85.3523199,
            23.3250872
          ],
          [
            85.3523478,
            23.3251295
          ],
          [
            85.3523857,
            23.3251823
          ],
          [
            85.3524153,
            23.3252351
          ],
          [
            85.3524333,
            23.3252835
          ],
          [
            85.3524481,
            23.3253152
          ],
          [
            85.3525008,
            23.3253378
          ],
          [
            85.3526027,
            23.3253257
          ],
          [
            85.3526323,
            23.3253106
          ],
          [
            85.3526981,
            23.3252774
          ],
          [
            85.3527227,
            23.3252276
          ],
          [
            85.3527458,
            23.3252019
          ],
          [
            85.3527951,
            23.3251853
          ],
          [
            85.3528428,
            23.3251974
          ],
          [
            85.3528642,
            23.3252367
          ],
          [
            85.3528773,
            23.3252971
          ],
          [
            85.3528938,
            23.3253408
          ],
          [
            85.3529464,
            23.325368
          ],
          [
            85.3531171,
            23.3253293
          ],
          [
            85.3532589,
            23.325182
          ],
          [
            85.3534275,
            23.324993
          ],
          [
            85.3535054,
            23.3249279
          ],
          [
            85.3536101,
            23.3249044
          ],
          [
            85.3536903,
            23.3248916
          ],
          [
            85.3537682,
            23.3249023
          ],
          [
            85.3538403,
            23.3249428
          ],
          [
            85.3538938,
            23.3249642
          ],
          [
            85.3539961,
            23.324929
          ],
          [
            85.3540403,
            23.3248916
          ],
          [
            85.3540728,
            23.3248681
          ],
          [
            85.3540972,
            23.324803
          ],
          [
            85.3541065,
            23.3247507
          ],
          [
            85.3540984,
            23.3247143
          ],
          [
            85.3540891,
            23.3246813
          ],
          [
            85.3540949,
            23.3246471
          ],
          [
            85.3541193,
            23.3246183
          ],
          [
            85.3541461,
            23.3245841
          ],
          [
            85.3541565,
            23.3245371
          ],
          [
            85.3541554,
            23.3244987
          ],
          [
            85.3541542,
            23.3244634
          ],
          [
            85.354174,
            23.3244101
          ],
          [
            85.3541926,
            23.3243951
          ],
          [
            85.3544263,
            23.3242318
          ],
          [
            85.3544984,
            23.3241933
          ],
          [
            85.3545344,
            23.3241826
          ],
          [
            85.3545647,
            23.3241912
          ],
          [
            85.3546042,
            23.3242499
          ],
          [
            85.3546054,
            23.3243129
          ],
          [
            85.3546437,
            23.3243396
          ],
          [
            85.3547112,
            23.3243492
          ],
          [
            85.3548298,
            23.3243716
          ],
          [
            85.3548844,
            23.3244026
          ],
          [
            85.3549518,
            23.3244111
          ],
          [
            85.35501,
            23.3244079
          ],
          [
            85.3550832,
            23.3243759
          ],
          [
            85.355153,
            23.3243396
          ],
          [
            85.355239,
            23.3242958
          ],
          [
            85.3552751,
            23.3242478
          ],
          [
            85.3552995,
            23.3242051
          ],
          [
            85.3553437,
            23.3241677
          ],
          [
            85.3553902,
            23.3241421
          ],
          [
            85.3554448,
            23.3241015
          ],
          [
            85.3554809,
            23.3240865
          ],
          [
            85.3555216,
            23.3240887
          ],
          [
            85.3555774,
            23.324094
          ],
          [
            85.3556402,
            23.3241218
          ],
          [
            85.355696,
            23.3241645
          ],
          [
            85.3557611,
            23.3241527
          ],
          [
            85.3558367,
            23.3241517
          ],
          [
            85.3559739,
            23.3241549
          ],
          [
            85.3560704,
            23.3241122
          ],
          [
            85.3561808,
            23.3240449
          ],
          [
            85.3563343,
            23.3239435
          ],
          [
            85.356425,
            23.3239136
          ],
          [
            85.3564948,
            23.3239178
          ],
          [
            85.3565296,
            23.3239264
          ],
          [
            85.3566366,
            23.3239307
          ],
          [
            85.3567099,
            23.3238954
          ],
          [
            85.3567494,
            23.3238527
          ],
          [
            85.3567587,
            23.3238356
          ],
          [
            85.3568075,
            23.3237524
          ],
          [
            85.3568971,
            23.3236851
          ],
          [
            85.3570203,
            23.3236733
          ],
          [
            85.3571656,
            23.3236563
          ],
          [
            85.3572482,
            23.3236563
          ],
          [
            85.3573052,
            23.3236787
          ],
          [
            85.3573424,
            23.3236947
          ],
          [
            85.3575103,
            23.323765
          ]
        ]
      },
      "properties": {
        "osm_id": 268244752,
        "category": "Hydrology & Drainage (Subarnarekha/Harmu)",
        "name": "Ranchi Infrastructure (Hydrology & Drainage (Subarnarekha/Harmu))",
        "highway": null,
        "railway": null,
        "waterway": "stream",
        "amenity": null,
        "city": "Ranchi",
        "district": "Ranchi",
        "state": "Jharkhand",
        "state_code": "20"
      }
    },
    {
      "type": "Feature",
      "id": 268246816,
      "geometry": {
        "type": "LineString",
        "coordinates": [
          [
            85.3560543,
            23.390417
          ],
          [
            85.3560999,
            23.3903221
          ],
          [
            85.3561167,
            23.3902582
          ],
          [
            85.3560591,
            23.3901589
          ],
          [
            85.3561143,
            23.390095
          ],
          [
            85.3562681,
            23.3900222
          ],
          [
            85.3562897,
            23.3899516
          ],
          [
            85.3563402,
            23.3898722
          ],
          [
            85.3563666,
            23.3897796
          ],
          [
            85.3563883,
            23.3896958
          ],
          [
            85.3564585,
            23.389622
          ],
          [
            85.3565005,
            23.3895666
          ],
          [
            85.3565593,
            23.3894451
          ],
          [
            85.3565883,
            23.389385
          ],
          [
            85.3566094,
            23.3893358
          ],
          [
            85.3566285,
            23.389274
          ],
          [
            85.3566598,
            23.3891533
          ],
          [
            85.3566982,
            23.3890474
          ],
          [
            85.3567439,
            23.388935
          ],
          [
            85.3567511,
            23.3885667
          ],
          [
            85.3567415,
            23.3884696
          ],
          [
            85.3567271,
            23.3884189
          ],
          [
            85.356715,
            23.3883616
          ],
          [
            85.3567222,
            23.3883086
          ],
          [
            85.3567607,
            23.3882425
          ],
          [
            85.3568352,
            23.3881961
          ],
          [
            85.3568688,
            23.3881432
          ],
          [
            85.3569049,
            23.3879778
          ],
          [
            85.3569049,
            23.387872
          ],
          [
            85.3569241,
            23.3877859
          ],
          [
            85.3569433,
            23.3876845
          ],
          [
            85.3569625,
            23.3876095
          ],
          [
            85.3569673,
            23.387561
          ],
          [
            85.3570226,
            23.3875235
          ],
          [
            85.3570779,
            23.3875059
          ],
          [
            85.3571307,
            23.387475
          ],
          [
            85.3571836,
            23.3874243
          ],
          [
            85.3571956,
            23.3873581
          ],
          [
            85.3572052,
            23.3872919
          ],
          [
            85.3572099,
            23.3872419
          ],
          [
            85.3572558,
            23.3872091
          ],
          [
            85.3573492,
            23.3871764
          ],
          [
            85.3574444,
            23.3871576
          ],
          [
            85.3574834,
            23.3871218
          ],
          [
            85.3575004,
            23.3870641
          ],
          [
            85.3575106,
            23.3870033
          ],
          [
            85.3575412,
            23.3869596
          ],
          [
            85.3575888,
            23.386919
          ],
          [
            85.3576907,
            23.3868068
          ],
          [
            85.3577213,
            23.3867397
          ],
          [
            85.3578148,
            23.3866383
          ],
          [
            85.3578946,
            23.3864902
          ],
          [
            85.3579592,
            23.3863639
          ],
          [
            85.3580305,
            23.3861752
          ],
          [
            85.3580203,
            23.3860894
          ],
          [
            85.3581291,
            23.3858025
          ],
          [
            85.3582616,
            23.3855841
          ],
          [
            85.3583075,
            23.3854516
          ],
          [
            85.358389,
            23.3853627
          ],
          [
            85.3584111,
            23.3852925
          ],
          [
            85.3584179,
            23.3852457
          ],
          [
            85.3584043,
            23.385188
          ],
          [
            85.3583839,
            23.3851334
          ],
          [
            85.3583483,
            23.3850555
          ],
          [
            85.3583024,
            23.3848309
          ],
          [
            85.3583143,
            23.3847639
          ],
          [
            85.3583551,
            23.3847062
          ],
          [
            85.3584281,
            23.3846906
          ],
          [
            85.3584672,
            23.3847186
          ],
          [
            85.3585437,
            23.3847483
          ],
          [
            85.3586966,
            23.3847561
          ],
          [
            85.3588444,
            23.3847264
          ],
          [
            85.3588614,
            23.3846484
          ],
          [
            85.358892,
            23.3845845
          ],
          [
            85.3589242,
            23.3845097
          ],
          [
            85.3589531,
            23.3844613
          ],
          [
            85.3589854,
            23.3843631
          ],
          [
            85.3589956,
            23.3842882
          ],
          [
            85.3590296,
            23.3841276
          ],
          [
            85.3590755,
            23.3840028
          ],
          [
            85.3590534,
            23.3839358
          ],
          [
            85.3590279,
            23.3838859
          ],
          [
            85.3590058,
            23.3838172
          ],
          [
            85.359033,
            23.3837611
          ],
          [
            85.3591026,
            23.3837252
          ],
          [
            85.3591706,
            23.3836613
          ],
          [
            85.359225,
            23.3836145
          ],
          [
            85.3593014,
            23.3836239
          ],
          [
            85.3593558,
            23.3836176
          ],
          [
            85.3593915,
            23.3835708
          ],
          [
            85.3593983,
            23.3835209
          ],
          [
            85.3594,
            23.3834383
          ],
          [
            85.3593966,
            23.3833697
          ],
          [
            85.3593847,
            23.3832979
          ],
          [
            85.3594526,
            23.3831467
          ],
          [
            85.3595155,
            23.3830531
          ],
          [
            85.3595614,
            23.3829626
          ],
          [
            85.3595937,
            23.3829158
          ],
          [
            85.3595886,
            23.3828472
          ],
          [
            85.3595903,
            23.3827786
          ],
          [
            85.3596633,
            23.3826694
          ],
          [
            85.3597143,
            23.3825743
          ],
          [
            85.3597789,
            23.3825041
          ],
          [
            85.3598349,
            23.3824277
          ],
          [
            85.359908,
            23.3823248
          ],
          [
            85.3599929,
            23.3822047
          ],
          [
            85.3600354,
            23.3821267
          ],
          [
            85.3600779,
            23.3820675
          ],
          [
            85.3600864,
            23.3820035
          ],
          [
            85.3601085,
            23.3818476
          ],
          [
            85.3600983,
            23.3817618
          ],
          [
            85.3601034,
            23.3817025
          ],
          [
            85.3601611,
            23.3816339
          ],
          [
            85.3602342,
            23.38157
          ],
          [
            85.3602869,
            23.3815216
          ],
          [
            85.3603582,
            23.3815014
          ],
          [
            85.3603922,
            23.3814998
          ],
          [
            85.3604721,
            23.3814873
          ],
          [
            85.3605927,
            23.3814281
          ],
          [
            85.3606777,
            23.3813205
          ],
          [
            85.3607269,
            23.3812628
          ],
          [
            85.3608238,
            23.3811926
          ],
          [
            85.3608204,
            23.3810756
          ],
          [
            85.3608221,
            23.3809961
          ],
          [
            85.3608136,
            23.3809212
          ],
          [
            85.3608221,
            23.380876
          ],
          [
            85.3608289,
            23.3808136
          ],
          [
            85.3608849,
            23.3807762
          ],
          [
            85.3609512,
            23.3807107
          ],
          [
            85.3609784,
            23.3806499
          ],
          [
            85.361065,
            23.380561
          ],
          [
            85.3611041,
            23.3805235
          ],
          [
            85.3611483,
            23.3804393
          ],
          [
            85.3611313,
            23.3803738
          ],
          [
            85.3611143,
            23.3802912
          ],
          [
            85.361099,
            23.3801586
          ],
          [
            85.361048,
            23.3801118
          ],
          [
            85.3610226,
            23.3800713
          ],
          [
            85.3609869,
            23.3800073
          ],
          [
            85.3609682,
            23.3799465
          ],
          [
            85.3609478,
            23.3798841
          ],
          [
            85.3609461,
            23.3797765
          ],
          [
            85.3609648,
            23.3797017
          ],
          [
            85.3610905,
            23.3795519
          ],
          [
            85.3612383,
            23.3792946
          ],
          [
            85.3613573,
            23.3791558
          ],
          [
            85.3614422,
            23.3790934
          ],
          [
            85.3614847,
            23.3790388
          ],
          [
            85.3614932,
            23.3789827
          ],
          [
            85.3615,
            23.3789
          ],
          [
            85.3615034,
            23.3788174
          ],
          [
            85.3615934,
            23.3786817
          ],
          [
            85.3616682,
            23.3786115
          ],
          [
            85.3616954,
            23.3785788
          ],
          [
            85.3617056,
            23.378518
          ],
          [
            85.3616886,
            23.3784525
          ],
          [
            85.3616682,
            23.3783916
          ],
          [
            85.3616478,
            23.3783027
          ],
          [
            85.3616359,
            23.3781936
          ],
          [
            85.3617231,
            23.3780386
          ],
          [
            85.3617639,
            23.3778423
          ],
          [
            85.3617711,
            23.3777651
          ],
          [
            85.3617927,
            23.3776725
          ],
          [
            85.3618552,
            23.3775644
          ],
          [
            85.3618768,
            23.3774211
          ],
          [
            85.3618889,
            23.3772204
          ],
          [
            85.3618961,
            23.3770991
          ],
          [
            85.3618937,
            23.3770241
          ],
          [
            85.36186,
            23.3769689
          ],
          [
            85.361836,
            23.3769072
          ],
          [
            85.3618504,
            23.3768564
          ],
          [
            85.3619009,
            23.3767506
          ],
          [
            85.3619754,
            23.3766425
          ],
          [
            85.3620931,
            23.3764947
          ],
          [
            85.3621532,
            23.376444
          ],
          [
            85.3623382,
            23.3763117
          ],
          [
            85.3624007,
            23.3762168
          ],
          [
            85.3625064,
            23.3760492
          ],
          [
            85.3625689,
            23.3758794
          ],
          [
            85.3625592,
            23.3757669
          ],
          [
            85.3625641,
            23.3756963
          ],
          [
            85.3625905,
            23.3756434
          ],
          [
            85.362653,
            23.3755926
          ],
          [
            85.3627515,
            23.3754757
          ],
          [
            85.3627635,
            23.3752861
          ],
          [
            85.3627779,
            23.3749817
          ],
          [
            85.3627611,
            23.3745781
          ],
          [
            85.3627106,
            23.3744744
          ],
          [
            85.3626722,
            23.3744303
          ],
          [
            85.3625881,
            23.374395
          ],
          [
            85.362516,
            23.3743641
          ],
          [
            85.362379,
            23.374309
          ],
          [
            85.3622306,
            23.3741973
          ],
          [
            85.3622641,
            23.3740711
          ],
          [
            85.362362,
            23.3739551
          ],
          [
            85.3624016,
            23.3738495
          ],
          [
            85.3624224,
            23.3737387
          ],
          [
            85.3624109,
            23.3736108
          ],
          [
            85.3623862,
            23.3735304
          ],
          [
            85.3623838,
            23.3733385
          ],
          [
            85.3624007,
            23.3730032
          ],
          [
            85.3625328,
            23.3727275
          ],
          [
            85.3625328,
            23.3726371
          ],
          [
            85.3625496,
            23.3723746
          ],
          [
            85.3625809,
            23.3721695
          ],
          [
            85.3626001,
            23.3719754
          ],
          [
            85.3626097,
            23.371724
          ],
          [
            85.3626409,
            23.3715607
          ],
          [
            85.3626482,
            23.3714218
          ],
          [
            85.3626746,
            23.3713424
          ],
          [
            85.3627202,
            23.3712343
          ],
          [
            85.3628139,
            23.3710402
          ],
          [
            85.3629197,
            23.3709057
          ],
          [
            85.3629269,
            23.3708307
          ],
          [
            85.3629701,
            23.3707799
          ],
          [
            85.363011,
            23.3707027
          ],
          [
            85.3630927,
            23.3706013
          ],
          [
            85.3633306,
            23.3703785
          ],
          [
            85.3633858,
            23.3702042
          ],
          [
            85.3634699,
            23.370019
          ],
          [
            85.3635588,
            23.3698337
          ],
          [
            85.3635828,
            23.3697499
          ],
          [
            85.363578,
            23.369655
          ],
          [
            85.363518,
            23.3695558
          ],
          [
            85.3634891,
            23.3694543
          ],
          [
            85.3634987,
            23.3692359
          ],
          [
            85.3635468,
            23.369022
          ],
          [
            85.3636453,
            23.3689029
          ],
          [
            85.3637655,
            23.368808
          ],
          [
            85.3638976,
            23.3687727
          ],
          [
            85.3640682,
            23.368733
          ],
          [
            85.3641619,
            23.3686757
          ],
          [
            85.3645127,
            23.3684397
          ],
          [
            85.3645079,
            23.3683272
          ],
          [
            85.3644767,
            23.3682765
          ],
          [
            85.3644142,
            23.3682191
          ],
          [
            85.3642893,
            23.3681662
          ],
          [
            85.3642412,
            23.3681
          ],
          [
            85.3642664,
            23.3679851
          ]
        ]
      },
      "properties": {
        "osm_id": 268246816,
        "category": "Hydrology & Drainage (Subarnarekha/Harmu)",
        "name": "Ranchi Infrastructure (Hydrology & Drainage (Subarnarekha/Harmu))",
        "highway": null,
        "railway": null,
        "waterway": "stream",
        "amenity": null,
        "city": "Ranchi",
        "district": "Ranchi",
        "state": "Jharkhand",
        "state_code": "20"
      }
    },
    {
      "type": "Feature",
      "id": 268246826,
      "geometry": {
        "type": "LineString",
        "coordinates": [
          [
            85.3615224,
            23.3785646
          ],
          [
            85.3613612,
            23.3783961
          ],
          [
            85.3611128,
            23.378163
          ],
          [
            85.3608741,
            23.3779501
          ],
          [
            85.3604986,
            23.3776275
          ],
          [
            85.3603698,
            23.3775131
          ],
          [
            85.3601757,
            23.3773391
          ],
          [
            85.3600255,
            23.377207
          ]
        ]
      },
      "properties": {
        "osm_id": 268246826,
        "category": "City Roadways",
        "name": "Ranchi Infrastructure (City Roadways)",
        "highway": "secondary",
        "railway": null,
        "waterway": null,
        "amenity": null,
        "city": "Ranchi",
        "district": "Ranchi",
        "state": "Jharkhand",
        "state_code": "20"
      }
    },
    {
      "type": "Feature",
      "id": 268248617,
      "geometry": {
        "type": "LineString",
        "coordinates": [
          [
            85.3804598,
            23.3824753
          ],
          [
            85.3804334,
            23.3823319
          ],
          [
            85.3805103,
            23.3822371
          ],
          [
            85.3805896,
            23.3821511
          ],
          [
            85.3806472,
            23.382021
          ],
          [
            85.38064,
            23.3818732
          ],
          [
            85.380664,
            23.3817629
          ],
          [
            85.3807121,
            23.3816394
          ],
          [
            85.3807674,
            23.3815269
          ],
          [
            85.380765,
            23.3814321
          ],
          [
            85.3806857,
            23.3812513
          ],
          [
            85.3807409,
            23.3811035
          ],
          [
            85.3807746,
            23.3810285
          ],
          [
            85.380801,
            23.3809513
          ],
          [
            85.3808875,
            23.3809138
          ],
          [
            85.3810533,
            23.3808785
          ],
          [
            85.3811758,
            23.3808476
          ],
          [
            85.3812455,
            23.38083
          ],
          [
            85.3813464,
            23.3808013
          ],
          [
            85.3815771,
            23.3807374
          ],
          [
            85.3816828,
            23.3806888
          ],
          [
            85.3818126,
            23.3805653
          ],
          [
            85.3820553,
            23.3804087
          ],
          [
            85.3821274,
            23.3803316
          ],
          [
            85.3823484,
            23.380261
          ],
          [
            85.3824517,
            23.3801992
          ],
          [
            85.3825839,
            23.3800713
          ],
          [
            85.3827185,
            23.3799434
          ],
          [
            85.3827953,
            23.3798353
          ],
          [
            85.3830645,
            23.3796522
          ],
          [
            85.3834105,
            23.3794604
          ],
          [
            85.3836267,
            23.3793347
          ],
          [
            85.383879,
            23.3791759
          ],
          [
            85.3841121,
            23.3790193
          ],
          [
            85.3843152,
            23.3788189
          ],
          [
            85.3845106,
            23.3786806
          ],
          [
            85.3846219,
            23.3785594
          ],
          [
            85.3848642,
            23.3783157
          ],
          [
            85.3849747,
            23.3781767
          ],
          [
            85.3851621,
            23.3779937
          ],
          [
            85.385239,
            23.3778702
          ],
          [
            85.3853567,
            23.37774
          ],
          [
            85.3854456,
            23.3776187
          ],
          [
            85.3856211,
            23.3774555
          ],
          [
            85.3857027,
            23.3774202
          ],
          [
            85.3858013,
            23.3773783
          ],
          [
            85.3858661,
            23.3772923
          ],
          [
            85.3859574,
            23.3771467
          ],
          [
            85.3860536,
            23.3768688
          ],
          [
            85.38608,
            23.376699
          ],
          [
            85.3861112,
            23.3766483
          ],
          [
            85.3861665,
            23.3765578
          ],
          [
            85.3862722,
            23.3764233
          ],
          [
            85.3863275,
            23.3763219
          ],
          [
            85.3863755,
            23.3762005
          ],
          [
            85.3864164,
            23.3760947
          ],
          [
            85.3864837,
            23.3760153
          ],
          [
            85.3865918,
            23.375991
          ],
          [
            85.3866855,
            23.375969
          ],
          [
            85.3867624,
            23.3759293
          ],
          [
            85.3868321,
            23.3758543
          ],
          [
            85.3869594,
            23.3756668
          ],
          [
            85.386969,
            23.3755984
          ],
          [
            85.3869834,
            23.3755653
          ],
          [
            85.3870555,
            23.3755345
          ],
          [
            85.3871276,
            23.3754837
          ],
          [
            85.3871637,
            23.3753382
          ],
          [
            85.3871661,
            23.3752389
          ],
          [
            85.3872598,
            23.3751132
          ],
          [
            85.3874688,
            23.3749257
          ],
          [
            85.3876058,
            23.3748287
          ],
          [
            85.3877499,
            23.3747625
          ],
          [
            85.3878148,
            23.3746897
          ],
          [
            85.3878557,
            23.3745772
          ],
          [
            85.3878797,
            23.3744647
          ],
          [
            85.3879662,
            23.3743677
          ],
          [
            85.388096,
            23.3742552
          ],
          [
            85.3882113,
            23.3741295
          ],
          [
            85.3882449,
            23.3739685
          ],
          [
            85.3882714,
            23.373878
          ],
          [
            85.3883098,
            23.3738075
          ],
          [
            85.3883747,
            23.3737148
          ],
          [
            85.3884564,
            23.3736222
          ],
          [
            85.3885429,
            23.3734965
          ],
          [
            85.388627,
            23.373309
          ],
          [
            85.3886967,
            23.3732384
          ],
          [
            85.3887135,
            23.3731568
          ],
          [
            85.3887447,
            23.3729649
          ],
          [
            85.3888168,
            23.3728392
          ],
          [
            85.3888168,
            23.3727598
          ],
          [
            85.3887928,
            23.3726252
          ],
          [
            85.3887519,
            23.372537
          ],
          [
            85.3887735,
            23.3724025
          ],
          [
            85.3888072,
            23.3723186
          ],
          [
            85.3889466,
            23.372237
          ],
          [
            85.3890715,
            23.3721179
          ],
          [
            85.3890811,
            23.3718819
          ],
          [
            85.3889922,
            23.3717694
          ],
          [
            85.3889994,
            23.3716812
          ],
          [
            85.3890379,
            23.3715996
          ],
          [
            85.3890475,
            23.3714893
          ],
          [
            85.3890835,
            23.371357
          ],
          [
            85.3891676,
            23.371271
          ],
          [
            85.3892709,
            23.3711408
          ],
          [
            85.3892998,
            23.3710482
          ],
          [
            85.3892733,
            23.3708144
          ],
          [
            85.3892781,
            23.3706203
          ],
          [
            85.3892974,
            23.3702872
          ],
          [
            85.3893454,
            23.3700997
          ],
          [
            85.3894487,
            23.3697534
          ],
          [
            85.3894463,
            23.3696277
          ],
          [
            85.3894944,
            23.3694601
          ],
          [
            85.3895569,
            23.3693564
          ],
          [
            85.3896121,
            23.3692616
          ],
          [
            85.3897203,
            23.3691755
          ],
          [
            85.3898812,
            23.3690123
          ],
          [
            85.3900422,
            23.3688998
          ],
          [
            85.3902825,
            23.3688381
          ],
          [
            85.3904579,
            23.3688226
          ],
          [
            85.3905805,
            23.3688204
          ],
          [
            85.3907487,
            23.3688226
          ],
          [
            85.3909265,
            23.3687785
          ],
          [
            85.3910754,
            23.3686859
          ],
          [
            85.3912196,
            23.3685403
          ],
          [
            85.3913422,
            23.3683352
          ],
          [
            85.3913878,
            23.3682646
          ],
          [
            85.3913902,
            23.3681918
          ],
          [
            85.391371,
            23.36813
          ],
          [
            85.3913998,
            23.3680661
          ],
          [
            85.3916281,
            23.3678602
          ],
          [
            85.3919715,
            23.3678838
          ],
          [
            85.3924006,
            23.3676238
          ],
          [
            85.3924349,
            23.367482
          ],
          [
            85.3926324,
            23.367482
          ],
          [
            85.3927096,
            23.3673638
          ],
          [
            85.3930615,
            23.3672693
          ],
          [
            85.3930701,
            23.3671275
          ],
          [
            85.3930787,
            23.3668123
          ],
          [
            85.3932418,
            23.3665286
          ],
          [
            85.3937482,
            23.3662607
          ],
          [
            85.3944005,
            23.3661347
          ],
          [
            85.394924,
            23.3663553
          ],
          [
            85.3951472,
            23.3664814
          ],
          [
            85.3953017,
            23.3664105
          ],
          [
            85.3951472,
            23.3662292
          ],
          [
            85.3952845,
            23.3660716
          ],
          [
            85.39513,
            23.3658274
          ],
          [
            85.395233,
            23.3657565
          ],
          [
            85.3951349,
            23.3655358
          ]
        ]
      },
      "properties": {
        "osm_id": 268248617,
        "category": "Hydrology & Drainage (Subarnarekha/Harmu)",
        "name": "Ranchi Infrastructure (Hydrology & Drainage (Subarnarekha/Harmu))",
        "highway": null,
        "railway": null,
        "waterway": "stream",
        "amenity": null,
        "city": "Ranchi",
        "district": "Ranchi",
        "state": "Jharkhand",
        "state_code": "20"
      }
    },
    {
      "type": "Feature",
      "id": 268248618,
      "geometry": {
        "type": "LineString",
        "coordinates": [
          [
            85.3804838,
            23.382934
          ],
          [
            85.3804598,
            23.3824753
          ]
        ]
      },
      "properties": {
        "osm_id": 268248618,
        "category": "Hydrology & Drainage (Subarnarekha/Harmu)",
        "name": "Ranchi Infrastructure (Hydrology & Drainage (Subarnarekha/Harmu))",
        "highway": null,
        "railway": null,
        "waterway": "stream",
        "amenity": null,
        "city": "Ranchi",
        "district": "Ranchi",
        "state": "Jharkhand",
        "state_code": "20"
      }
    },
    {
      "type": "Feature",
      "id": 277532866,
      "geometry": {
        "type": "LineString",
        "coordinates": [
          [
            85.3820366,
            23.3818219
          ],
          [
            85.3818326,
            23.3819499
          ],
          [
            85.381648,
            23.3820763
          ],
          [
            85.3815275,
            23.3821589
          ],
          [
            85.3810508,
            23.3823879
          ],
          [
            85.3796636,
            23.3829707
          ],
          [
            85.3784373,
            23.383522
          ],
          [
            85.3782071,
            23.3836446
          ],
          [
            85.3779203,
            23.3839191
          ],
          [
            85.3776024,
            23.3842416
          ],
          [
            85.3770978,
            23.3847034
          ],
          [
            85.376816,
            23.3850658
          ],
          [
            85.3765372,
            23.3855879
          ],
          [
            85.3758233,
            23.3869649
          ],
          [
            85.3753048,
            23.3880169
          ],
          [
            85.3752839,
            23.3880593
          ],
          [
            85.3751534,
            23.3882913
          ]
        ]
      },
      "properties": {
        "osm_id": 277532866,
        "category": "City Roadways",
        "name": "Ranchi Infrastructure (City Roadways)",
        "highway": "secondary",
        "railway": null,
        "waterway": null,
        "amenity": null,
        "city": "Ranchi",
        "district": "Ranchi",
        "state": "Jharkhand",
        "state_code": "20"
      }
    },
    {
      "type": "Feature",
      "id": 277532867,
      "geometry": {
        "type": "LineString",
        "coordinates": [
          [
            85.3752561,
            23.3883554
          ],
          [
            85.3752982,
            23.3882738
          ],
          [
            85.3753963,
            23.3880807
          ],
          [
            85.3754054,
            23.3880594
          ],
          [
            85.3755856,
            23.387635
          ],
          [
            85.3758187,
            23.3872781
          ],
          [
            85.376493,
            23.3859786
          ],
          [
            85.376844,
            23.3852837
          ],
          [
            85.3769978,
            23.3850303
          ],
          [
            85.3773133,
            23.38469
          ],
          [
            85.3780468,
            23.3839408
          ],
          [
            85.3783623,
            23.3836874
          ],
          [
            85.378658,
            23.3835281
          ],
          [
            85.378942,
            23.3834195
          ],
          [
            85.380129,
            23.3829092
          ],
          [
            85.3809177,
            23.3825689
          ],
          [
            85.3816433,
            23.3822431
          ],
          [
            85.3819509,
            23.3821165
          ],
          [
            85.3821321,
            23.3820244
          ]
        ]
      },
      "properties": {
        "osm_id": 277532867,
        "category": "City Roadways",
        "name": "Ranchi Infrastructure (City Roadways)",
        "highway": "secondary",
        "railway": null,
        "waterway": null,
        "amenity": null,
        "city": "Ranchi",
        "district": "Ranchi",
        "state": "Jharkhand",
        "state_code": "20"
      }
    },
    {
      "type": "Feature",
      "id": 277532868,
      "geometry": {
        "type": "LineString",
        "coordinates": [
          [
            85.410709,
            23.3842883
          ],
          [
            85.4105962,
            23.38417
          ],
          [
            85.410507,
            23.3839601
          ],
          [
            85.4100023,
            23.3827366
          ],
          [
            85.4096927,
            23.3819935
          ],
          [
            85.4096594,
            23.3819117
          ],
          [
            85.4095788,
            23.3817485
          ],
          [
            85.409498,
            23.3815701
          ],
          [
            85.4093688,
            23.3813516
          ],
          [
            85.4091505,
            23.3810823
          ],
          [
            85.4090857,
            23.3810233
          ],
          [
            85.409012,
            23.3809742
          ],
          [
            85.4089127,
            23.3809361
          ],
          [
            85.408792,
            23.3809192
          ],
          [
            85.4085379,
            23.3809219
          ],
          [
            85.4084202,
            23.3809231
          ],
          [
            85.4081973,
            23.380959
          ],
          [
            85.4079491,
            23.3810154
          ],
          [
            85.4072556,
            23.381224
          ],
          [
            85.407013,
            23.3812828
          ],
          [
            85.4066644,
            23.3813212
          ],
          [
            85.4064664,
            23.3813187
          ],
          [
            85.4062935,
            23.3813033
          ],
          [
            85.4060593,
            23.3812112
          ],
          [
            85.4057665,
            23.3810499
          ],
          [
            85.4052841,
            23.380794
          ],
          [
            85.4048184,
            23.3805226
          ],
          [
            85.404665,
            23.3804484
          ],
          [
            85.4044782,
            23.380387
          ],
          [
            85.404322,
            23.3803793
          ],
          [
            85.4041296,
            23.3804049
          ],
          [
            85.4038062,
            23.380538
          ],
          [
            85.4036472,
            23.3806276
          ],
          [
            85.4034102,
            23.3807735
          ],
          [
            85.4032667,
            23.3808921
          ],
          [
            85.4028218,
            23.3812598
          ],
          [
            85.4023032,
            23.3817052
          ],
          [
            85.402245,
            23.3817447
          ],
          [
            85.4019936,
            23.381915
          ],
          [
            85.4017566,
            23.3820174
          ],
          [
            85.4009033,
            23.382148
          ],
          [
            85.4006339,
            23.3821976
          ],
          [
            85.4001393,
            23.3822811
          ],
          [
            85.3999331,
            23.3823086
          ],
          [
            85.3992943,
            23.3823937
          ],
          [
            85.3986307,
            23.3824756
          ],
          [
            85.3979781,
            23.3825652
          ],
          [
            85.3974734,
            23.3826215
          ],
          [
            85.3969436,
            23.3826778
          ],
          [
            85.3967685,
            23.3827076
          ],
          [
            85.3966285,
            23.3827315
          ],
          [
            85.3960457,
            23.3828749
          ],
          [
            85.3953374,
            23.3830975
          ],
          [
            85.3951184,
            23.3831815
          ],
          [
            85.3945901,
            23.3833842
          ],
          [
            85.3941244,
            23.383548
          ],
          [
            85.3938037,
            23.3837732
          ],
          [
            85.3936336,
            23.383978
          ],
          [
            85.393536,
            23.3841418
          ],
          [
            85.3933715,
            23.3846486
          ],
          [
            85.3932531,
            23.3848961
          ],
          [
            85.3932209,
            23.3849634
          ],
          [
            85.393009,
            23.3852833
          ],
          [
            85.3926962,
            23.385559
          ],
          [
            85.3924585,
            23.385721
          ],
          [
            85.3921267,
            23.3858588
          ],
          [
            85.3920118,
            23.3858972
          ],
          [
            85.3917349,
            23.3859887
          ],
          [
            85.391462,
            23.3860326
          ],
          [
            85.3911348,
            23.3860609
          ],
          [
            85.3908853,
            23.3860634
          ],
          [
            85.3906412,
            23.3860289
          ],
          [
            85.3902541,
            23.3859324
          ],
          [
            85.3898842,
            23.3858172
          ],
          [
            85.3895871,
            23.3857181
          ],
          [
            85.3891131,
            23.3855852
          ],
          [
            85.3888737,
            23.3854966
          ],
          [
            85.3887784,
            23.3854442
          ],
          [
            85.3886882,
            23.385374
          ],
          [
            85.3885999,
            23.3852901
          ],
          [
            85.3879785,
            23.3844566
          ],
          [
            85.3878658,
            23.3843183
          ],
          [
            85.3876978,
            23.3841061
          ],
          [
            85.3874515,
            23.3839012
          ],
          [
            85.3872925,
            23.3838014
          ],
          [
            85.3869858,
            23.3837425
          ],
          [
            85.386693,
            23.3837579
          ],
          [
            85.3865647,
            23.3837707
          ],
          [
            85.3864141,
            23.3838398
          ],
          [
            85.3855497,
            23.3842314
          ],
          [
            85.3847451,
            23.384624
          ],
          [
            85.3845848,
            23.3847023
          ],
          [
            85.3840604,
            23.3848635
          ],
          [
            85.3839435,
            23.384861
          ],
          [
            85.3837316,
            23.3847996
          ],
          [
            85.3835698,
            23.3845846
          ],
          [
            85.3834483,
            23.3842984
          ],
          [
            85.3832742,
            23.3838884
          ],
          [
            85.3831578,
            23.3836323
          ],
          [
            85.3828593,
            23.3829753
          ],
          [
            85.3827384,
            23.3827092
          ]
        ]
      },
      "properties": {
        "osm_id": 277532868,
        "category": "City Roadways",
        "name": "Ranchi Infrastructure (City Roadways)",
        "highway": "secondary",
        "railway": null,
        "waterway": null,
        "amenity": null,
        "city": "Ranchi",
        "district": "Ranchi",
        "state": "Jharkhand",
        "state_code": "20"
      }
    },
    {
      "type": "Feature",
      "id": 287216360,
      "geometry": {
        "type": "LineString",
        "coordinates": [
          [
            85.2980068,
            23.3501842
          ],
          [
            85.2979239,
            23.3501966
          ],
          [
            85.2969467,
            23.350371
          ],
          [
            85.2967171,
            23.3504101
          ],
          [
            85.2962038,
            23.3504574
          ],
          [
            85.296078,
            23.3504629
          ],
          [
            85.295872,
            23.3504718
          ],
          [
            85.2957987,
            23.3504585
          ],
          [
            85.295452,
            23.3503956
          ],
          [
            85.2953127,
            23.3503967
          ],
          [
            85.2948582,
            23.3504
          ],
          [
            85.2947693,
            23.3504006
          ],
          [
            85.2939294,
            23.3504563
          ],
          [
            85.2934724,
            23.3505139
          ],
          [
            85.2931658,
            23.3505647
          ],
          [
            85.2928944,
            23.3506247
          ],
          [
            85.2927044,
            23.3506767
          ],
          [
            85.2926433,
            23.3507002
          ],
          [
            85.2925483,
            23.3507368
          ],
          [
            85.2923692,
            23.3508023
          ],
          [
            85.2921755,
            23.3508464
          ],
          [
            85.2920546,
            23.3508606
          ],
          [
            85.2919449,
            23.350871
          ],
          [
            85.2916584,
            23.350907
          ],
          [
            85.2913446,
            23.3509538
          ],
          [
            85.2912898,
            23.3509714
          ],
          [
            85.2911484,
            23.3510169
          ],
          [
            85.2909,
            23.3511218
          ],
          [
            85.2907417,
            23.3511852
          ],
          [
            85.2904621,
            23.3513176
          ],
          [
            85.2902149,
            23.3514488
          ],
          [
            85.2897294,
            23.3517224
          ],
          [
            85.2894604,
            23.3518788
          ],
          [
            85.2891112,
            23.3520658
          ],
          [
            85.2887239,
            23.3522738
          ],
          [
            85.2883595,
            23.352493
          ],
          [
            85.2880907,
            23.3526366
          ],
          [
            85.2879994,
            23.3526866
          ],
          [
            85.2878761,
            23.3527512
          ],
          [
            85.2876015,
            23.3528942
          ],
          [
            85.2872945,
            23.3530818
          ],
          [
            85.2869844,
            23.3532896
          ],
          [
            85.2864551,
            23.3536201
          ],
          [
            85.2862591,
            23.353729
          ],
          [
            85.2860485,
            23.3538422
          ],
          [
            85.2855944,
            23.3540368
          ],
          [
            85.2848806,
            23.3542818
          ],
          [
            85.2843989,
            23.3544616
          ],
          [
            85.2842663,
            23.3545061
          ],
          [
            85.2835377,
            23.3547598
          ],
          [
            85.283455,
            23.3547886
          ],
          [
            85.2830474,
            23.3549327
          ],
          [
            85.2822687,
            23.3551963
          ],
          [
            85.2818607,
            23.3553344
          ],
          [
            85.2817855,
            23.3553605
          ],
          [
            85.2811954,
            23.3555655
          ],
          [
            85.2810952,
            23.35559
          ],
          [
            85.2807956,
            23.3556842
          ],
          [
            85.2801633,
            23.3558641
          ],
          [
            85.2798408,
            23.3559672
          ],
          [
            85.2794033,
            23.3560976
          ],
          [
            85.2792371,
            23.3561471
          ],
          [
            85.278726,
            23.3562863
          ],
          [
            85.2785128,
            23.3563299
          ],
          [
            85.2784577,
            23.3563417
          ],
          [
            85.2778557,
            23.3564709
          ],
          [
            85.2776143,
            23.3565029
          ],
          [
            85.2774649,
            23.3565211
          ],
          [
            85.2766149,
            23.3565806
          ],
          [
            85.2764964,
            23.356586
          ],
          [
            85.2758708,
            23.356642
          ],
          [
            85.2751921,
            23.3567024
          ],
          [
            85.2747913,
            23.356738
          ],
          [
            85.2741237,
            23.3567438
          ],
          [
            85.2739988,
            23.3567398
          ],
          [
            85.2738083,
            23.3567283
          ],
          [
            85.2733829,
            23.356712
          ],
          [
            85.2732866,
            23.3567048
          ]
        ]
      },
      "properties": {
        "osm_id": 287216360,
        "category": "City Roadways",
        "name": "Kathal more road",
        "highway": "secondary",
        "railway": null,
        "waterway": null,
        "amenity": null,
        "city": "Ranchi",
        "district": "Ranchi",
        "state": "Jharkhand",
        "state_code": "20"
      }
    },
    {
      "type": "Feature",
      "id": 287431106,
      "geometry": {
        "type": "LineString",
        "coordinates": [
          [
            85.3250679,
            23.3780409
          ],
          [
            85.3249995,
            23.378051
          ],
          [
            85.3234865,
            23.3785909
          ],
          [
            85.3229122,
            23.3788765
          ]
        ]
      },
      "properties": {
        "osm_id": 287431106,
        "category": "City Roadways",
        "name": "bar assotiation road",
        "highway": "secondary",
        "railway": null,
        "waterway": null,
        "amenity": null,
        "city": "Ranchi",
        "district": "Ranchi",
        "state": "Jharkhand",
        "state_code": "20"
      }
    },
    {
      "type": "Feature",
      "id": 287431732,
      "geometry": {
        "type": "LineString",
        "coordinates": [
          [
            85.3261614,
            23.3445307
          ],
          [
            85.3262377,
            23.3444862
          ],
          [
            85.326284,
            23.344415
          ],
          [
            85.3262867,
            23.3443313
          ],
          [
            85.3262622,
            23.3442446
          ],
          [
            85.3261829,
            23.3442
          ],
          [
            85.3260914,
            23.3441822
          ],
          [
            85.3260015,
            23.3442055
          ],
          [
            85.3259844,
            23.3442156
          ],
          [
            85.3259685,
            23.3442272
          ],
          [
            85.3259179,
            23.344292
          ],
          [
            85.325903,
            23.3443706
          ],
          [
            85.3259279,
            23.3444492
          ],
          [
            85.3259882,
            23.3445095
          ],
          [
            85.3260715,
            23.3445388
          ],
          [
            85.3261614,
            23.3445307
          ]
        ]
      },
      "properties": {
        "osm_id": 287431732,
        "category": "City Roadways",
        "name": "Ranchi Infrastructure (City Roadways)",
        "highway": "secondary",
        "railway": null,
        "waterway": null,
        "amenity": null,
        "city": "Ranchi",
        "district": "Ranchi",
        "state": "Jharkhand",
        "state_code": "20"
      }
    },
    {
      "type": "Feature",
      "id": 287495401,
      "geometry": {
        "type": "LineString",
        "coordinates": [
          [
            85.3456083,
            23.3740668
          ],
          [
            85.3453004,
            23.3739772
          ]
        ]
      },
      "properties": {
        "osm_id": 287495401,
        "category": "City Roadways",
        "name": "Ranchi Infrastructure (City Roadways)",
        "highway": "secondary",
        "railway": null,
        "waterway": null,
        "amenity": null,
        "city": "Ranchi",
        "district": "Ranchi",
        "state": "Jharkhand",
        "state_code": "20"
      }
    },
    {
      "type": "Feature",
      "id": 287495402,
      "geometry": {
        "type": "LineString",
        "coordinates": [
          [
            85.3453004,
            23.3739772
          ],
          [
            85.3450839,
            23.3738951
          ],
          [
            85.3448454,
            23.3738217
          ],
          [
            85.3429637,
            23.3733218
          ],
          [
            85.3424349,
            23.3731923
          ],
          [
            85.3417474,
            23.3729993
          ],
          [
            85.3413039,
            23.372869
          ],
          [
            85.3411486,
            23.3728234
          ],
          [
            85.340569,
            23.3726568
          ],
          [
            85.3396441,
            23.3724133
          ],
          [
            85.3393216,
            23.3723249
          ],
          [
            85.3388354,
            23.3722455
          ],
          [
            85.3384585,
            23.3721794
          ],
          [
            85.3383511,
            23.3721596
          ]
        ]
      },
      "properties": {
        "osm_id": 287495402,
        "category": "City Roadways",
        "name": "Ranchi Infrastructure (City Roadways)",
        "highway": "secondary",
        "railway": null,
        "waterway": null,
        "amenity": null,
        "city": "Ranchi",
        "district": "Ranchi",
        "state": "Jharkhand",
        "state_code": "20"
      }
    },
    {
      "type": "Feature",
      "id": 287495413,
      "geometry": {
        "type": "LineString",
        "coordinates": [
          [
            85.2901626,
            23.3057599
          ],
          [
            85.2898277,
            23.3053292
          ],
          [
            85.2889926,
            23.3044242
          ],
          [
            85.2888154,
            23.304234
          ],
          [
            85.2886977,
            23.3041099
          ],
          [
            85.2880451,
            23.3033941
          ],
          [
            85.2875999,
            23.302895
          ],
          [
            85.2872925,
            23.3025503
          ],
          [
            85.287206,
            23.3024698
          ],
          [
            85.287158,
            23.3024251
          ],
          [
            85.2870847,
            23.302357
          ],
          [
            85.286967,
            23.3022474
          ],
          [
            85.2867494,
            23.3019945
          ],
          [
            85.2866507,
            23.3018798
          ],
          [
            85.2863708,
            23.3015554
          ],
          [
            85.2861607,
            23.3013121
          ],
          [
            85.2858758,
            23.3010527
          ],
          [
            85.2857173,
            23.3009019
          ],
          [
            85.28514,
            23.3003863
          ],
          [
            85.2846968,
            23.3000346
          ]
        ]
      },
      "properties": {
        "osm_id": 287495413,
        "category": "City Roadways",
        "name": "Ranchi Infrastructure (City Roadways)",
        "highway": "secondary",
        "railway": null,
        "waterway": null,
        "amenity": null,
        "city": "Ranchi",
        "district": "Ranchi",
        "state": "Jharkhand",
        "state_code": "20"
      }
    },
    {
      "type": "Feature",
      "id": 287663059,
      "geometry": {
        "type": "LineString",
        "coordinates": [
          [
            85.3075872,
            23.3236355
          ],
          [
            85.3076273,
            23.3236284
          ],
          [
            85.3076654,
            23.3236043
          ],
          [
            85.3076756,
            23.3235705
          ],
          [
            85.3076727,
            23.3235331
          ],
          [
            85.3076583,
            23.3235061
          ],
          [
            85.307616,
            23.3234821
          ],
          [
            85.3075751,
            23.3234802
          ],
          [
            85.3075381,
            23.323496
          ],
          [
            85.3075132,
            23.3235258
          ],
          [
            85.3075062,
            23.3235628
          ],
          [
            85.3075188,
            23.3235985
          ],
          [
            85.307548,
            23.3236247
          ],
          [
            85.3075872,
            23.3236355
          ]
        ]
      },
      "properties": {
        "osm_id": 287663059,
        "category": "City Roadways",
        "name": "Birsa Chowk",
        "highway": "secondary",
        "railway": null,
        "waterway": null,
        "amenity": null,
        "city": "Ranchi",
        "district": "Ranchi",
        "state": "Jharkhand",
        "state_code": "20"
      }
    },
    {
      "type": "Feature",
      "id": 288308830,
      "geometry": {
        "type": "LineString",
        "coordinates": [
          [
            85.3176403,
            23.378465
          ],
          [
            85.3175284,
            23.378621
          ],
          [
            85.3174847,
            23.3786844
          ],
          [
            85.3174384,
            23.3787478
          ],
          [
            85.3173499,
            23.3788622
          ],
          [
            85.3170838,
            23.3792137
          ],
          [
            85.3165511,
            23.3799537
          ],
          [
            85.3164648,
            23.3800736
          ]
        ]
      },
      "properties": {
        "osm_id": 288308830,
        "category": "Highways & Arterials",
        "name": "Ranchi Infrastructure (Highways & Arterials)",
        "highway": "primary",
        "railway": null,
        "waterway": null,
        "amenity": null,
        "city": "Ranchi",
        "district": "Ranchi",
        "state": "Jharkhand",
        "state_code": "20"
      }
    },
    {
      "type": "Feature",
      "id": 288630797,
      "geometry": {
        "type": "LineString",
        "coordinates": [
          [
            85.3032938,
            23.3388607
          ],
          [
            85.3032424,
            23.3386603
          ],
          [
            85.3031504,
            23.3382296
          ],
          [
            85.3030404,
            23.3377144
          ],
          [
            85.3029423,
            23.3372878
          ],
          [
            85.3028351,
            23.3368714
          ],
          [
            85.3027864,
            23.3366823
          ],
          [
            85.3023916,
            23.3353299
          ],
          [
            85.3022826,
            23.3349774
          ],
          [
            85.3022172,
            23.3347635
          ],
          [
            85.3020589,
            23.3342461
          ]
        ]
      },
      "properties": {
        "osm_id": 288630797,
        "category": "City Roadways",
        "name": "Ranchi Infrastructure (City Roadways)",
        "highway": "secondary",
        "railway": null,
        "waterway": null,
        "amenity": null,
        "city": "Ranchi",
        "district": "Ranchi",
        "state": "Jharkhand",
        "state_code": "20"
      }
    },
    {
      "type": "Feature",
      "id": 288630798,
      "geometry": {
        "type": "LineString",
        "coordinates": [
          [
            85.3023235,
            23.3353458
          ],
          [
            85.302682,
            23.3365604
          ],
          [
            85.3028494,
            23.3371844
          ],
          [
            85.3030663,
            23.3382485
          ],
          [
            85.3030789,
            23.3383102
          ],
          [
            85.3032101,
            23.338816
          ],
          [
            85.3032194,
            23.3388565
          ]
        ]
      },
      "properties": {
        "osm_id": 288630798,
        "category": "City Roadways",
        "name": "Ranchi Infrastructure (City Roadways)",
        "highway": "secondary",
        "railway": null,
        "waterway": null,
        "amenity": null,
        "city": "Ranchi",
        "district": "Ranchi",
        "state": "Jharkhand",
        "state_code": "20"
      }
    },
    {
      "type": "Feature",
      "id": 288630799,
      "geometry": {
        "type": "LineString",
        "coordinates": [
          [
            85.3019074,
            23.3340659
          ],
          [
            85.3019795,
            23.3342766
          ]
        ]
      },
      "properties": {
        "osm_id": 288630799,
        "category": "City Roadways",
        "name": "Ranchi Infrastructure (City Roadways)",
        "highway": "secondary",
        "railway": null,
        "waterway": null,
        "amenity": null,
        "city": "Ranchi",
        "district": "Ranchi",
        "state": "Jharkhand",
        "state_code": "20"
      }
    },
    {
      "type": "Feature",
      "id": 288630800,
      "geometry": {
        "type": "LineString",
        "coordinates": [
          [
            85.3020589,
            23.3342461
          ],
          [
            85.3019911,
            23.33405
          ]
        ]
      },
      "properties": {
        "osm_id": 288630800,
        "category": "City Roadways",
        "name": "Ranchi Infrastructure (City Roadways)",
        "highway": "secondary",
        "railway": null,
        "waterway": null,
        "amenity": null,
        "city": "Ranchi",
        "district": "Ranchi",
        "state": "Jharkhand",
        "state_code": "20"
      }
    },
    {
      "type": "Feature",
      "id": 288630801,
      "geometry": {
        "type": "LineString",
        "coordinates": [
          [
            85.3054139,
            23.323357
          ],
          [
            85.3053746,
            23.3239593
          ],
          [
            85.3052651,
            23.3247555
          ],
          [
            85.3052568,
            23.3248953
          ],
          [
            85.3052968,
            23.3253477
          ],
          [
            85.3053314,
            23.325883
          ],
          [
            85.3053358,
            23.3261984
          ],
          [
            85.3052535,
            23.3270199
          ],
          [
            85.3051881,
            23.3274301
          ],
          [
            85.3051364,
            23.3277542
          ],
          [
            85.3051261,
            23.327841
          ],
          [
            85.3050775,
            23.3281978
          ],
          [
            85.3049548,
            23.3289397
          ],
          [
            85.3048654,
            23.3292683
          ],
          [
            85.3048178,
            23.3294035
          ],
          [
            85.3047254,
            23.3295625
          ],
          [
            85.3042536,
            23.3301097
          ],
          [
            85.3038582,
            23.3306251
          ],
          [
            85.3030661,
            23.3316718
          ],
          [
            85.3028491,
            23.3319094
          ],
          [
            85.3021472,
            23.3327157
          ],
          [
            85.3020589,
            23.3328245
          ],
          [
            85.301916,
            23.3330444
          ],
          [
            85.3018367,
            23.3332736
          ],
          [
            85.301779,
            23.3335518
          ],
          [
            85.3017847,
            23.3336539
          ],
          [
            85.3018208,
            23.333785
          ],
          [
            85.3019074,
            23.3340659
          ]
        ]
      },
      "properties": {
        "osm_id": 288630801,
        "category": "City Roadways",
        "name": "Ranchi Infrastructure (City Roadways)",
        "highway": "secondary",
        "railway": null,
        "waterway": null,
        "amenity": null,
        "city": "Ranchi",
        "district": "Ranchi",
        "state": "Jharkhand",
        "state_code": "20"
      }
    },
    {
      "type": "Feature",
      "id": 288630802,
      "geometry": {
        "type": "LineString",
        "coordinates": [
          [
            85.3019911,
            23.33405
          ],
          [
            85.3019146,
            23.3338089
          ],
          [
            85.3018583,
            23.3336115
          ],
          [
            85.301867,
            23.3334392
          ],
          [
            85.3019146,
            23.3332723
          ],
          [
            85.3020055,
            23.3330524
          ],
          [
            85.302248,
            23.3327533
          ],
          [
            85.302359,
            23.3326165
          ],
          [
            85.3031339,
            23.3316996
          ],
          [
            85.303939,
            23.3306224
          ],
          [
            85.304408,
            23.3300514
          ],
          [
            85.3046821,
            23.3297519
          ],
          [
            85.3048357,
            23.3295612
          ],
          [
            85.3049493,
            23.3293898
          ],
          [
            85.3050524,
            23.3289863
          ],
          [
            85.3051311,
            23.3286403
          ],
          [
            85.3052311,
            23.3278532
          ],
          [
            85.3052931,
            23.3273012
          ],
          [
            85.3053951,
            23.3265039
          ],
          [
            85.3054237,
            23.3261076
          ],
          [
            85.3054165,
            23.3257675
          ],
          [
            85.3053737,
            23.3253197
          ],
          [
            85.3053731,
            23.324976
          ],
          [
            85.305387,
            23.3246326
          ],
          [
            85.3054684,
            23.3239402
          ],
          [
            85.3054786,
            23.3238133
          ],
          [
            85.305584,
            23.3231902
          ]
        ]
      },
      "properties": {
        "osm_id": 288630802,
        "category": "City Roadways",
        "name": "Ranchi Infrastructure (City Roadways)",
        "highway": "secondary",
        "railway": null,
        "waterway": null,
        "amenity": null,
        "city": "Ranchi",
        "district": "Ranchi",
        "state": "Jharkhand",
        "state_code": "20"
      }
    },
    {
      "type": "Feature",
      "id": 288630803,
      "geometry": {
        "type": "LineString",
        "coordinates": [
          [
            85.3017429,
            23.3436471
          ],
          [
            85.3023322,
            23.3430725
          ],
          [
            85.3024832,
            23.3429278
          ]
        ]
      },
      "properties": {
        "osm_id": 288630803,
        "category": "City Roadways",
        "name": "Dibdhi Flyover",
        "highway": "secondary",
        "railway": null,
        "waterway": null,
        "amenity": null,
        "city": "Ranchi",
        "district": "Ranchi",
        "state": "Jharkhand",
        "state_code": "20"
      }
    },
    {
      "type": "Feature",
      "id": 288630804,
      "geometry": {
        "type": "LineString",
        "coordinates": [
          [
            85.3024185,
            23.3428725
          ],
          [
            85.302252,
            23.3430454
          ],
          [
            85.3016824,
            23.3436095
          ]
        ]
      },
      "properties": {
        "osm_id": 288630804,
        "category": "City Roadways",
        "name": "Dibdhi Flyover",
        "highway": "secondary",
        "railway": null,
        "waterway": null,
        "amenity": null,
        "city": "Ranchi",
        "district": "Ranchi",
        "state": "Jharkhand",
        "state_code": "20"
      }
    },
    {
      "type": "Feature",
      "id": 288630805,
      "geometry": {
        "type": "LineString",
        "coordinates": [
          [
            85.3024832,
            23.3429278
          ],
          [
            85.3028913,
            23.3425346
          ],
          [
            85.3029184,
            23.3425085
          ],
          [
            85.303352,
            23.3420767
          ],
          [
            85.3034979,
            23.3419165
          ],
          [
            85.3035513,
            23.3418002
          ],
          [
            85.3035989,
            23.3416935
          ],
          [
            85.3036555,
            23.3414521
          ],
          [
            85.303718,
            23.3409866
          ]
        ]
      },
      "properties": {
        "osm_id": 288630805,
        "category": "City Roadways",
        "name": "Dibdhi Flyover",
        "highway": "secondary",
        "railway": null,
        "waterway": null,
        "amenity": null,
        "city": "Ranchi",
        "district": "Ranchi",
        "state": "Jharkhand",
        "state_code": "20"
      }
    },
    {
      "type": "Feature",
      "id": 288630806,
      "geometry": {
        "type": "LineString",
        "coordinates": [
          [
            85.3036264,
            23.3409919
          ],
          [
            85.303604,
            23.3411298
          ],
          [
            85.3035737,
            23.341416
          ],
          [
            85.3035189,
            23.3416704
          ],
          [
            85.3034785,
            23.3417684
          ],
          [
            85.3033703,
            23.3419367
          ],
          [
            85.3024185,
            23.3428725
          ]
        ]
      },
      "properties": {
        "osm_id": 288630806,
        "category": "City Roadways",
        "name": "Dibdhi Flyover",
        "highway": "secondary",
        "railway": null,
        "waterway": null,
        "amenity": null,
        "city": "Ranchi",
        "district": "Ranchi",
        "state": "Jharkhand",
        "state_code": "20"
      }
    },
    {
      "type": "Feature",
      "id": 288638743,
      "geometry": {
        "type": "LineString",
        "coordinates": [
          [
            85.3248098,
            23.3668681
          ],
          [
            85.3247734,
            23.3671331
          ],
          [
            85.3247434,
            23.3673347
          ],
          [
            85.3247273,
            23.3674972
          ],
          [
            85.3247273,
            23.3677335
          ],
          [
            85.3247407,
            23.3679416
          ],
          [
            85.3247568,
            23.3681817
          ],
          [
            85.3247878,
            23.3684371
          ],
          [
            85.3248014,
            23.3685367
          ],
          [
            85.3248071,
            23.3685788
          ],
          [
            85.3248134,
            23.3686396
          ],
          [
            85.3248222,
            23.3686935
          ],
          [
            85.3248359,
            23.368759
          ],
          [
            85.3248567,
            23.3688901
          ],
          [
            85.3248802,
            23.3690496
          ],
          [
            85.3249057,
            23.3692108
          ],
          [
            85.3249486,
            23.369446
          ],
          [
            85.3249754,
            23.369643
          ],
          [
            85.3249848,
            23.3697932
          ],
          [
            85.3249833,
            23.3698082
          ],
          [
            85.3249739,
            23.3698984
          ]
        ]
      },
      "properties": {
        "osm_id": 288638743,
        "category": "City Roadways",
        "name": "Mahatma Gandhi Road",
        "highway": "secondary",
        "railway": null,
        "waterway": null,
        "amenity": null,
        "city": "Ranchi",
        "district": "Ranchi",
        "state": "Jharkhand",
        "state_code": "20"
      }
    },
    {
      "type": "Feature",
      "id": 288638745,
      "geometry": {
        "type": "LineString",
        "coordinates": [
          [
            85.3182224,
            23.3338276
          ],
          [
            85.3184075,
            23.3340875
          ]
        ]
      },
      "properties": {
        "osm_id": 288638745,
        "category": "City Roadways",
        "name": "Ranchi Infrastructure (City Roadways)",
        "highway": "secondary",
        "railway": null,
        "waterway": null,
        "amenity": null,
        "city": "Ranchi",
        "district": "Ranchi",
        "state": "Jharkhand",
        "state_code": "20"
      }
    },
    {
      "type": "Feature",
      "id": 288638746,
      "geometry": {
        "type": "LineString",
        "coordinates": [
          [
            85.318495,
            23.3340535
          ],
          [
            85.3183334,
            23.3337794
          ]
        ]
      },
      "properties": {
        "osm_id": 288638746,
        "category": "City Roadways",
        "name": "Ranchi Infrastructure (City Roadways)",
        "highway": "secondary",
        "railway": null,
        "waterway": null,
        "amenity": null,
        "city": "Ranchi",
        "district": "Ranchi",
        "state": "Jharkhand",
        "state_code": "20"
      }
    },
    {
      "type": "Feature",
      "id": 288638747,
      "geometry": {
        "type": "LineString",
        "coordinates": [
          [
            85.3182207,
            23.3364091
          ],
          [
            85.3183466,
            23.3368461
          ],
          [
            85.3184508,
            23.3372153
          ],
          [
            85.318734,
            23.3380913
          ],
          [
            85.319052,
            23.3391325
          ],
          [
            85.3190675,
            23.3391826
          ],
          [
            85.3191626,
            23.3395191
          ],
          [
            85.3193869,
            23.3401973
          ],
          [
            85.3196421,
            23.3409173
          ],
          [
            85.3196529,
            23.3409477
          ],
          [
            85.3197512,
            23.3410532
          ],
          [
            85.3198367,
            23.3411282
          ]
        ]
      },
      "properties": {
        "osm_id": 288638747,
        "category": "City Roadways",
        "name": "(MAHATMA GANDHI ROAD)",
        "highway": "secondary",
        "railway": null,
        "waterway": null,
        "amenity": null,
        "city": "Ranchi",
        "district": "Ranchi",
        "state": "Jharkhand",
        "state_code": "20"
      }
    },
    {
      "type": "Feature",
      "id": 288638748,
      "geometry": {
        "type": "LineString",
        "coordinates": [
          [
            85.319836,
            23.3410179
          ],
          [
            85.3197267,
            23.3409265
          ],
          [
            85.3196741,
            23.3408193
          ],
          [
            85.3196423,
            23.3407201
          ],
          [
            85.319454,
            23.3401631
          ],
          [
            85.3191428,
            23.339153
          ],
          [
            85.3191303,
            23.3391124
          ],
          [
            85.3188474,
            23.3382542
          ],
          [
            85.3187971,
            23.3380732
          ],
          [
            85.3184188,
            23.3368613
          ],
          [
            85.3184082,
            23.33682
          ],
          [
            85.3183311,
            23.3365208
          ],
          [
            85.3182975,
            23.336449
          ],
          [
            85.3182794,
            23.3363475
          ],
          [
            85.3182853,
            23.3362487
          ],
          [
            85.3183039,
            23.3361229
          ],
          [
            85.3183399,
            23.3359908
          ],
          [
            85.3183685,
            23.3358857
          ],
          [
            85.3184529,
            23.3356028
          ],
          [
            85.3185847,
            23.3351704
          ],
          [
            85.3186315,
            23.3350038
          ],
          [
            85.3186827,
            23.3347586
          ],
          [
            85.3186883,
            23.3345998
          ],
          [
            85.3186481,
            23.3343838
          ],
          [
            85.3185859,
            23.3342161
          ],
          [
            85.318495,
            23.3340535
          ]
        ]
      },
      "properties": {
        "osm_id": 288638748,
        "category": "City Roadways",
        "name": "Ranchi Infrastructure (City Roadways)",
        "highway": "secondary",
        "railway": null,
        "waterway": null,
        "amenity": null,
        "city": "Ranchi",
        "district": "Ranchi",
        "state": "Jharkhand",
        "state_code": "20"
      }
    },
    {
      "type": "Feature",
      "id": 288638752,
      "geometry": {
        "type": "LineString",
        "coordinates": [
          [
            85.3236106,
            23.3440339
          ],
          [
            85.3241684,
            23.3441325
          ],
          [
            85.3245385,
            23.344167
          ],
          [
            85.3249034,
            23.3441866
          ],
          [
            85.3252198,
            23.3441892
          ],
          [
            85.3256597,
            23.3442704
          ],
          [
            85.3258526,
            23.3443498
          ],
          [
            85.325903,
            23.3443706
          ]
        ]
      },
      "properties": {
        "osm_id": 288638752,
        "category": "City Roadways",
        "name": "Ranchi Infrastructure (City Roadways)",
        "highway": "secondary",
        "railway": null,
        "waterway": null,
        "amenity": null,
        "city": "Ranchi",
        "district": "Ranchi",
        "state": "Jharkhand",
        "state_code": "20"
      }
    },
    {
      "type": "Feature",
      "id": 288638753,
      "geometry": {
        "type": "LineString",
        "coordinates": [
          [
            85.3214204,
            23.3408103
          ],
          [
            85.3214013,
            23.340847
          ],
          [
            85.3213951,
            23.3408874
          ],
          [
            85.3214026,
            23.3409276
          ],
          [
            85.3214263,
            23.3409677
          ],
          [
            85.3214858,
            23.3410049
          ],
          [
            85.3215479,
            23.3410177
          ],
          [
            85.3215887,
            23.3410077
          ],
          [
            85.3216608,
            23.3409573
          ],
          [
            85.3216819,
            23.3409074
          ],
          [
            85.3216798,
            23.3408541
          ],
          [
            85.321655,
            23.3408057
          ],
          [
            85.3216144,
            23.340772
          ],
          [
            85.3215631,
            23.3407545
          ],
          [
            85.321537,
            23.3407472
          ],
          [
            85.321459,
            23.3407753
          ],
          [
            85.3214204,
            23.3408103
          ]
        ]
      },
      "properties": {
        "osm_id": 288638753,
        "category": "City Roadways",
        "name": "Vivekanand Chowk",
        "highway": "secondary",
        "railway": null,
        "waterway": null,
        "amenity": null,
        "city": "Ranchi",
        "district": "Ranchi",
        "state": "Jharkhand",
        "state_code": "20"
      }
    },
    {
      "type": "Feature",
      "id": 289986023,
      "geometry": {
        "type": "LineString",
        "coordinates": [
          [
            85.2973377,
            23.3819286
          ],
          [
            85.2976842,
            23.3818691
          ],
          [
            85.2989031,
            23.3816774
          ],
          [
            85.2998525,
            23.38152
          ],
          [
            85.3002716,
            23.3814722
          ],
          [
            85.3005528,
            23.3814334
          ],
          [
            85.3008399,
            23.381386
          ],
          [
            85.3020131,
            23.3811592
          ],
          [
            85.3030286,
            23.3809448
          ],
          [
            85.3036974,
            23.3807839
          ],
          [
            85.3040693,
            23.3807062
          ],
          [
            85.3046564,
            23.3805892
          ],
          [
            85.3048337,
            23.3805569
          ]
        ]
      },
      "properties": {
        "osm_id": 289986023,
        "category": "Highways & Arterials",
        "name": "Ratu Road",
        "highway": "primary",
        "railway": null,
        "waterway": null,
        "amenity": null,
        "city": "Ranchi",
        "district": "Ranchi",
        "state": "Jharkhand",
        "state_code": "20"
      }
    },
    {
      "type": "Feature",
      "id": 290139949,
      "geometry": {
        "type": "LineString",
        "coordinates": [
          [
            85.314901,
            23.3279847
          ],
          [
            85.3149144,
            23.3280077
          ],
          [
            85.314934,
            23.3280267
          ],
          [
            85.3149582,
            23.3280404
          ],
          [
            85.3149855,
            23.3280478
          ],
          [
            85.3150178,
            23.328048
          ],
          [
            85.3150488,
            23.3280395
          ],
          [
            85.3150756,
            23.3280229
          ],
          [
            85.315096,
            23.3279998
          ],
          [
            85.315108,
            23.3279723
          ],
          [
            85.3151109,
            23.3279489
          ],
          [
            85.3151077,
            23.3279256
          ],
          [
            85.3151059,
            23.3279197
          ],
          [
            85.3151037,
            23.327914
          ],
          [
            85.3150936,
            23.3278955
          ],
          [
            85.3150795,
            23.3278794
          ],
          [
            85.3150621,
            23.3278663
          ],
          [
            85.3150421,
            23.3278568
          ],
          [
            85.3150204,
            23.3278513
          ],
          [
            85.314998,
            23.32785
          ],
          [
            85.3149757,
            23.327853
          ],
          [
            85.3149546,
            23.3278601
          ],
          [
            85.3149263,
            23.3278786
          ],
          [
            85.3149075,
            23.3279014
          ],
          [
            85.3148965,
            23.3279282
          ],
          [
            85.3148943,
            23.3279567
          ],
          [
            85.314901,
            23.3279847
          ]
        ]
      },
      "properties": {
        "osm_id": 290139949,
        "category": "City Roadways",
        "name": "karpuri thakur chawk",
        "highway": "secondary",
        "railway": null,
        "waterway": null,
        "amenity": null,
        "city": "Ranchi",
        "district": "Ranchi",
        "state": "Jharkhand",
        "state_code": "20"
      }
    },
    {
      "type": "Feature",
      "id": 364128766,
      "geometry": {
        "type": "LineString",
        "coordinates": [
          [
            85.3185351,
            23.3783288
          ],
          [
            85.3189354,
            23.3775229
          ],
          [
            85.3189693,
            23.3774574
          ],
          [
            85.3189892,
            23.3774267
          ],
          [
            85.3190117,
            23.3773918
          ],
          [
            85.3191988,
            23.3770004
          ],
          [
            85.3194269,
            23.3766013
          ],
          [
            85.3195317,
            23.3763828
          ],
          [
            85.3196735,
            23.3761121
          ],
          [
            85.3198472,
            23.3758204
          ],
          [
            85.3198927,
            23.3757304
          ],
          [
            85.3199821,
            23.3755539
          ],
          [
            85.3201147,
            23.3753188
          ],
          [
            85.3202597,
            23.3750923
          ],
          [
            85.3203191,
            23.3749611
          ],
          [
            85.3203594,
            23.3748194
          ],
          [
            85.320349,
            23.3747637
          ]
        ]
      },
      "properties": {
        "osm_id": 364128766,
        "category": "City Roadways",
        "name": "Ranchi Infrastructure (City Roadways)",
        "highway": "secondary",
        "railway": null,
        "waterway": null,
        "amenity": null,
        "city": "Ranchi",
        "district": "Ranchi",
        "state": "Jharkhand",
        "state_code": "20"
      }
    },
    {
      "type": "Feature",
      "id": 364128800,
      "geometry": {
        "type": "LineString",
        "coordinates": [
          [
            85.3252378,
            23.3787369
          ],
          [
            85.3252286,
            23.3786909
          ],
          [
            85.3252048,
            23.3785729
          ],
          [
            85.3251249,
            23.3782687
          ]
        ]
      },
      "properties": {
        "osm_id": 364128800,
        "category": "City Roadways",
        "name": "Ranchi Infrastructure (City Roadways)",
        "highway": "secondary",
        "railway": null,
        "waterway": null,
        "amenity": null,
        "city": "Ranchi",
        "district": "Ranchi",
        "state": "Jharkhand",
        "state_code": "20"
      }
    },
    {
      "type": "Feature",
      "id": 364135185,
      "geometry": {
        "type": "LineString",
        "coordinates": [
          [
            85.3312802,
            23.3882282
          ],
          [
            85.3312456,
            23.3881491
          ],
          [
            85.3311671,
            23.3879965
          ],
          [
            85.3309532,
            23.3875806
          ],
          [
            85.330938,
            23.3875461
          ],
          [
            85.3305513,
            23.3866755
          ],
          [
            85.330469,
            23.3864855
          ],
          [
            85.3301899,
            23.3858623
          ],
          [
            85.3301477,
            23.3857239
          ],
          [
            85.3299419,
            23.3850488
          ],
          [
            85.3298823,
            23.3848341
          ],
          [
            85.3298045,
            23.3845756
          ],
          [
            85.3296347,
            23.3839971
          ],
          [
            85.3294929,
            23.3833533
          ],
          [
            85.3293935,
            23.3829024
          ],
          [
            85.3293754,
            23.382812
          ],
          [
            85.3291838,
            23.3819223
          ],
          [
            85.3289661,
            23.3807875
          ],
          [
            85.3289432,
            23.3806995
          ],
          [
            85.3284722,
            23.3783129
          ],
          [
            85.3284547,
            23.378204
          ],
          [
            85.3284141,
            23.3780434
          ],
          [
            85.3283536,
            23.3777976
          ],
          [
            85.3283304,
            23.3777034
          ],
          [
            85.3281483,
            23.377125
          ],
          [
            85.3280943,
            23.3769491
          ],
          [
            85.328045,
            23.3768098
          ],
          [
            85.327504,
            23.3750157
          ],
          [
            85.3272936,
            23.3743555
          ],
          [
            85.3272528,
            23.3740993
          ],
          [
            85.3271816,
            23.3735581
          ],
          [
            85.3271454,
            23.3731738
          ],
          [
            85.3270235,
            23.3728276
          ],
          [
            85.3269409,
            23.3726782
          ],
          [
            85.3267684,
            23.3724887
          ],
          [
            85.3266316,
            23.3723573
          ],
          [
            85.3264133,
            23.3720887
          ],
          [
            85.3262881,
            23.3718124
          ],
          [
            85.3262222,
            23.3716369
          ],
          [
            85.3260959,
            23.3713161
          ],
          [
            85.3260101,
            23.3710459
          ],
          [
            85.3259516,
            23.370779
          ],
          [
            85.3258686,
            23.3706083
          ],
          [
            85.3257824,
            23.3705295
          ],
          [
            85.3256522,
            23.3704261
          ],
          [
            85.3254902,
            23.3702966
          ],
          [
            85.325445,
            23.3702576
          ],
          [
            85.3254224,
            23.3702156
          ],
          [
            85.3254021,
            23.3701719
          ]
        ]
      },
      "properties": {
        "osm_id": 364135185,
        "category": "City Roadways",
        "name": "Morahabadi Road",
        "highway": "secondary",
        "railway": null,
        "waterway": null,
        "amenity": null,
        "city": "Ranchi",
        "district": "Ranchi",
        "state": "Jharkhand",
        "state_code": "20"
      }
    },
    {
      "type": "Feature",
      "id": 364135192,
      "geometry": {
        "type": "LineString",
        "coordinates": [
          [
            85.3198769,
            23.3826542
          ],
          [
            85.3211935,
            23.3830359
          ],
          [
            85.3213001,
            23.3830722
          ],
          [
            85.3214751,
            23.3831301
          ],
          [
            85.3216044,
            23.3831742
          ],
          [
            85.3230093,
            23.3836532
          ],
          [
            85.3230473,
            23.3836664
          ],
          [
            85.3233087,
            23.3837571
          ],
          [
            85.3247842,
            23.3842757
          ],
          [
            85.3252919,
            23.3845026
          ],
          [
            85.3263809,
            23.3850393
          ],
          [
            85.3271547,
            23.3854246
          ],
          [
            85.3274779,
            23.3855907
          ],
          [
            85.3276885,
            23.38572
          ],
          [
            85.327836,
            23.3858468
          ],
          [
            85.3279473,
            23.3859477
          ],
          [
            85.3281525,
            23.3861742
          ],
          [
            85.3284958,
            23.3865386
          ],
          [
            85.3291717,
            23.387218
          ],
          [
            85.3294051,
            23.3874642
          ],
          [
            85.3296357,
            23.3877153
          ],
          [
            85.3298289,
            23.387927
          ],
          [
            85.3299206,
            23.3880183
          ],
          [
            85.3300649,
            23.3881338
          ],
          [
            85.3301749,
            23.3881966
          ],
          [
            85.3303076,
            23.3882409
          ],
          [
            85.3304632,
            23.3882742
          ],
          [
            85.3308521,
            23.3883086
          ],
          [
            85.3311315,
            23.3883143
          ],
          [
            85.3313181,
            23.3883224
          ]
        ]
      },
      "properties": {
        "osm_id": 364135192,
        "category": "City Roadways",
        "name": "Ranchi Infrastructure (City Roadways)",
        "highway": "secondary",
        "railway": null,
        "waterway": null,
        "amenity": null,
        "city": "Ranchi",
        "district": "Ranchi",
        "state": "Jharkhand",
        "state_code": "20"
      }
    },
    {
      "type": "Feature",
      "id": 368753517,
      "geometry": {
        "type": "LineString",
        "coordinates": [
          [
            85.3244164,
            23.3536399
          ],
          [
            85.3244114,
            23.3536623
          ],
          [
            85.3244162,
            23.3536848
          ],
          [
            85.3244299,
            23.3537038
          ],
          [
            85.3244505,
            23.3537167
          ],
          [
            85.3244994,
            23.3537169
          ],
          [
            85.3245202,
            23.3537043
          ],
          [
            85.3245341,
            23.3536853
          ],
          [
            85.3245391,
            23.3536629
          ],
          [
            85.3245344,
            23.3536405
          ],
          [
            85.3245207,
            23.3536214
          ],
          [
            85.3245022,
            23.3536056
          ],
          [
            85.3244756,
            23.353604
          ],
          [
            85.3244512,
            23.3536083
          ],
          [
            85.3244304,
            23.3536209
          ],
          [
            85.3244164,
            23.3536399
          ]
        ]
      },
      "properties": {
        "osm_id": 368753517,
        "category": "City Roadways",
        "name": "Sujata Chowk",
        "highway": "secondary",
        "railway": null,
        "waterway": null,
        "amenity": null,
        "city": "Ranchi",
        "district": "Ranchi",
        "state": "Jharkhand",
        "state_code": "20"
      }
    },
    {
      "type": "Feature",
      "id": 368753519,
      "geometry": {
        "type": "LineString",
        "coordinates": [
          [
            85.3259855,
            23.360078
          ],
          [
            85.325943,
            23.3599416
          ],
          [
            85.3259075,
            23.3598358
          ],
          [
            85.3258027,
            23.3595506
          ],
          [
            85.3255898,
            23.3590485
          ],
          [
            85.3251316,
            23.3579958
          ],
          [
            85.3250065,
            23.3576892
          ],
          [
            85.3247582,
            23.3570781
          ],
          [
            85.3247215,
            23.3569616
          ],
          [
            85.324646,
            23.3567778
          ],
          [
            85.3245159,
            23.3564609
          ],
          [
            85.3244146,
            23.3562143
          ],
          [
            85.3243541,
            23.3560606
          ],
          [
            85.3242705,
            23.3558479
          ],
          [
            85.3241687,
            23.3555175
          ],
          [
            85.3241354,
            23.355311
          ],
          [
            85.3241247,
            23.3551455
          ],
          [
            85.324154,
            23.354925
          ],
          [
            85.3241939,
            23.3547531
          ],
          [
            85.324263,
            23.3545147
          ],
          [
            85.3243301,
            23.3542999
          ],
          [
            85.3244564,
            23.3538993
          ],
          [
            85.3244706,
            23.3538361
          ],
          [
            85.3245202,
            23.3537043
          ]
        ]
      },
      "properties": {
        "osm_id": 368753519,
        "category": "City Roadways",
        "name": "Mahatma Gandhi Road",
        "highway": "secondary",
        "railway": null,
        "waterway": null,
        "amenity": null,
        "city": "Ranchi",
        "district": "Ranchi",
        "state": "Jharkhand",
        "state_code": "20"
      }
    },
    {
      "type": "Feature",
      "id": 368909224,
      "geometry": {
        "type": "LineString",
        "coordinates": [
          [
            85.3488167,
            23.3606544
          ],
          [
            85.3489743,
            23.3605067
          ],
          [
            85.3492239,
            23.3600244
          ],
          [
            85.3493158,
            23.3599882
          ],
          [
            85.3496368,
            23.3600725
          ],
          [
            85.3500442,
            23.3604287
          ],
          [
            85.3503535,
            23.360769
          ],
          [
            85.3505177,
            23.3608233
          ],
          [
            85.3507147,
            23.3608022
          ],
          [
            85.3510169,
            23.3608052
          ],
          [
            85.3512927,
            23.3609167
          ],
          [
            85.3514339,
            23.360983
          ],
          [
            85.3515915,
            23.3611458
          ],
          [
            85.351736,
            23.3615046
          ],
          [
            85.3518444,
            23.3616493
          ],
          [
            85.352383,
            23.3620502
          ],
          [
            85.3525023,
            23.3623257
          ],
          [
            85.3525528,
            23.3623732
          ],
          [
            85.3526904,
            23.3624195
          ],
          [
            85.3527953,
            23.3624408
          ],
          [
            85.3528812,
            23.3624896
          ],
          [
            85.3529616,
            23.3625621
          ],
          [
            85.3529943,
            23.3626159
          ],
          [
            85.3530433,
            23.3627135
          ],
          [
            85.3530638,
            23.3628323
          ],
          [
            85.3530488,
            23.3629712
          ],
          [
            85.353012,
            23.3631213
          ],
          [
            85.3529779,
            23.3632527
          ],
          [
            85.3529779,
            23.3633703
          ],
          [
            85.3530583,
            23.3634115
          ],
          [
            85.3531905,
            23.363389
          ],
          [
            85.3533131,
            23.363374
          ],
          [
            85.3534467,
            23.3633865
          ],
          [
            85.3535666,
            23.3634115
          ],
          [
            85.3537029,
            23.3634516
          ],
          [
            85.3538637,
            23.3635754
          ],
          [
            85.3539904,
            23.363618
          ],
          [
            85.3539999,
            23.3636079
          ],
          [
            85.3540558,
            23.3635341
          ],
          [
            85.3541049,
            23.3635204
          ],
          [
            85.3541512,
            23.3635354
          ],
          [
            85.3542234,
            23.3635879
          ],
          [
            85.3542738,
            23.3636242
          ],
          [
            85.3543093,
            23.3636592
          ],
          [
            85.3543794,
            23.3637582
          ]
        ]
      },
      "properties": {
        "osm_id": 368909224,
        "category": "Hydrology & Drainage (Subarnarekha/Harmu)",
        "name": "Ranchi Infrastructure (Hydrology & Drainage (Subarnarekha/Harmu))",
        "highway": null,
        "railway": null,
        "waterway": "stream",
        "amenity": null,
        "city": "Ranchi",
        "district": "Ranchi",
        "state": "Jharkhand",
        "state_code": "20"
      }
    },
    {
      "type": "Feature",
      "id": 368911138,
      "geometry": {
        "type": "LineString",
        "coordinates": [
          [
            85.3166207,
            23.3523301
          ],
          [
            85.3171346,
            23.3522949
          ]
        ]
      },
      "properties": {
        "osm_id": 368911138,
        "category": "City Roadways",
        "name": "Ranchi Infrastructure (City Roadways)",
        "highway": "secondary",
        "railway": null,
        "waterway": null,
        "amenity": null,
        "city": "Ranchi",
        "district": "Ranchi",
        "state": "Jharkhand",
        "state_code": "20"
      }
    },
    {
      "type": "Feature",
      "id": 368928684,
      "geometry": {
        "type": "LineString",
        "coordinates": [
          [
            85.3082747,
            23.3583657
          ],
          [
            85.3084182,
            23.3583571
          ],
          [
            85.3085348,
            23.3583559
          ],
          [
            85.3087322,
            23.3583491
          ],
          [
            85.3108745,
            23.358368
          ],
          [
            85.3113522,
            23.3583577
          ],
          [
            85.3116305,
            23.3583516
          ],
          [
            85.3117262,
            23.3583385
          ],
          [
            85.3117895,
            23.3582753
          ],
          [
            85.3118067,
            23.3581958
          ],
          [
            85.3118016,
            23.3579252
          ],
          [
            85.3118159,
            23.3576446
          ],
          [
            85.3118314,
            23.3575818
          ],
          [
            85.3124167,
            23.3569224
          ],
          [
            85.3128556,
            23.3563996
          ],
          [
            85.3132031,
            23.3559857
          ],
          [
            85.3135333,
            23.3555923
          ],
          [
            85.3140872,
            23.3549327
          ],
          [
            85.3140998,
            23.3549176
          ],
          [
            85.3150464,
            23.3537901
          ],
          [
            85.3154202,
            23.3533448
          ],
          [
            85.3159708,
            23.3527687
          ],
          [
            85.3163881,
            23.3524755
          ],
          [
            85.316565,
            23.3523977
          ],
          [
            85.3166207,
            23.3523301
          ]
        ]
      },
      "properties": {
        "osm_id": 368928684,
        "category": "City Roadways",
        "name": "Kadru road",
        "highway": "secondary",
        "railway": null,
        "waterway": null,
        "amenity": null,
        "city": "Ranchi",
        "district": "Ranchi",
        "state": "Jharkhand",
        "state_code": "20"
      }
    },
    {
      "type": "Feature",
      "id": 371187426,
      "geometry": {
        "type": "LineString",
        "coordinates": [
          [
            85.3259969,
            23.341375
          ],
          [
            85.32593,
            23.3411752
          ],
          [
            85.3258404,
            23.3409654
          ],
          [
            85.3257814,
            23.340862
          ],
          [
            85.3257096,
            23.3407496
          ],
          [
            85.3256331,
            23.3406504
          ],
          [
            85.3255159,
            23.3405295
          ],
          [
            85.32543,
            23.3404507
          ],
          [
            85.3252959,
            23.3403152
          ],
          [
            85.3251671,
            23.3402248
          ],
          [
            85.3249754,
            23.3400851
          ]
        ]
      },
      "properties": {
        "osm_id": 371187426,
        "category": "City Roadways",
        "name": "Ranchi Infrastructure (City Roadways)",
        "highway": "secondary",
        "railway": null,
        "waterway": null,
        "amenity": null,
        "city": "Ranchi",
        "district": "Ranchi",
        "state": "Jharkhand",
        "state_code": "20"
      }
    },
    {
      "type": "Feature",
      "id": 372193039,
      "geometry": {
        "type": "LineString",
        "coordinates": [
          [
            85.3842531,
            23.3954009
          ],
          [
            85.3841503,
            23.3953911
          ],
          [
            85.3840879,
            23.395377
          ],
          [
            85.3840391,
            23.3953612
          ],
          [
            85.3839665,
            23.3953302
          ],
          [
            85.3838564,
            23.3952823
          ],
          [
            85.3837482,
            23.3952378
          ],
          [
            85.3836393,
            23.3951931
          ],
          [
            85.3835275,
            23.3951578
          ],
          [
            85.3834172,
            23.3951269
          ],
          [
            85.3833086,
            23.3951035
          ],
          [
            85.3831881,
            23.3950845
          ],
          [
            85.3830477,
            23.395073
          ],
          [
            85.3829299,
            23.3950731
          ],
          [
            85.3828291,
            23.3950847
          ],
          [
            85.3827097,
            23.3951175
          ],
          [
            85.382587,
            23.3951679
          ],
          [
            85.382498,
            23.3952172
          ],
          [
            85.3823794,
            23.3952959
          ],
          [
            85.3820968,
            23.3955148
          ],
          [
            85.3819566,
            23.3956232
          ],
          [
            85.3818501,
            23.395701
          ],
          [
            85.3817353,
            23.3957769
          ],
          [
            85.3816511,
            23.395823
          ],
          [
            85.3815748,
            23.3958595
          ],
          [
            85.3815111,
            23.3958843
          ],
          [
            85.3813946,
            23.3959311
          ],
          [
            85.3812062,
            23.3960025
          ],
          [
            85.3810466,
            23.3960631
          ],
          [
            85.3810075,
            23.3960779
          ],
          [
            85.3808285,
            23.3961458
          ],
          [
            85.3804083,
            23.3963052
          ],
          [
            85.380073,
            23.3964323
          ],
          [
            85.3796738,
            23.3965843
          ],
          [
            85.3789489,
            23.3968604
          ],
          [
            85.378286,
            23.3971128
          ],
          [
            85.3780575,
            23.3971999
          ],
          [
            85.3779449,
            23.3972427
          ],
          [
            85.3778266,
            23.3972925
          ],
          [
            85.3777449,
            23.3973291
          ],
          [
            85.3776341,
            23.3973854
          ],
          [
            85.3775417,
            23.3974428
          ],
          [
            85.3774076,
            23.3975364
          ],
          [
            85.3773055,
            23.397613
          ],
          [
            85.3772,
            23.3976984
          ],
          [
            85.3770648,
            23.3978205
          ],
          [
            85.3769296,
            23.3979424
          ],
          [
            85.3767814,
            23.3980887
          ],
          [
            85.3766341,
            23.3982343
          ],
          [
            85.3762707,
            23.3985912
          ],
          [
            85.3755339,
            23.3993151
          ],
          [
            85.3754255,
            23.3994059
          ],
          [
            85.3753224,
            23.3994794
          ],
          [
            85.3752069,
            23.3995587
          ],
          [
            85.3751395,
            23.3995987
          ],
          [
            85.3750808,
            23.3996334
          ],
          [
            85.3749789,
            23.3996796
          ],
          [
            85.3748809,
            23.3997202
          ],
          [
            85.3748529,
            23.3997303
          ],
          [
            85.3746811,
            23.399792
          ],
          [
            85.3745326,
            23.3998377
          ],
          [
            85.3743053,
            23.3999108
          ],
          [
            85.3741322,
            23.3999568
          ],
          [
            85.373867,
            23.4000149
          ],
          [
            85.3736017,
            23.400073
          ],
          [
            85.3734475,
            23.4001014
          ],
          [
            85.3726408,
            23.4002493
          ],
          [
            85.3726099,
            23.4002552
          ],
          [
            85.3721934,
            23.4003299
          ],
          [
            85.3720343,
            23.4003552
          ],
          [
            85.3717163,
            23.4004058
          ],
          [
            85.3712214,
            23.400481
          ],
          [
            85.3700483,
            23.4006096
          ],
          [
            85.3699173,
            23.4006229
          ],
          [
            85.3697567,
            23.400639
          ],
          [
            85.3687137,
            23.40073
          ],
          [
            85.3676437,
            23.4008296
          ],
          [
            85.3671174,
            23.400877
          ],
          [
            85.3670913,
            23.4008794
          ],
          [
            85.3668345,
            23.4009028
          ],
          [
            85.3664459,
            23.4009383
          ],
          [
            85.3661429,
            23.4009647
          ],
          [
            85.3656275,
            23.401013
          ],
          [
            85.3648318,
            23.4010878
          ],
          [
            85.3647383,
            23.401095
          ],
          [
            85.3645434,
            23.4011101
          ],
          [
            85.3642128,
            23.4011362
          ],
          [
            85.3640604,
            23.4011454
          ],
          [
            85.3639045,
            23.4011545
          ],
          [
            85.3636785,
            23.401158
          ],
          [
            85.3634553,
            23.4011556
          ],
          [
            85.3633133,
            23.4011541
          ],
          [
            85.3632324,
            23.4011532
          ],
          [
            85.3630512,
            23.4011447
          ],
          [
            85.3627991,
            23.4011227
          ],
          [
            85.362539,
            23.401098
          ],
          [
            85.3613437,
            23.4009808
          ],
          [
            85.3612883,
            23.4009755
          ],
          [
            85.3606961,
            23.4009155
          ],
          [
            85.3598829,
            23.4007552
          ],
          [
            85.3598351,
            23.4007458
          ],
          [
            85.3591788,
            23.4005903
          ],
          [
            85.3588372,
            23.4005119
          ],
          [
            85.358736,
            23.4004887
          ],
          [
            85.3587203,
            23.4004851
          ],
          [
            85.3577274,
            23.4002463
          ],
          [
            85.3574341,
            23.4001593
          ],
          [
            85.3572987,
            23.4001187
          ],
          [
            85.3571559,
            23.4000671
          ],
          [
            85.3570066,
            23.3999954
          ],
          [
            85.3567727,
            23.3998114
          ],
          [
            85.356663,
            23.3997081
          ],
          [
            85.3560333,
            23.3990958
          ],
          [
            85.3557611,
            23.3988237
          ],
          [
            85.3555539,
            23.3986368
          ],
          [
            85.3552542,
            23.398334
          ],
          [
            85.3551838,
            23.3982688
          ],
          [
            85.3550416,
            23.3981402
          ],
          [
            85.3546149,
            23.3978837
          ],
          [
            85.3543304,
            23.3977124
          ],
          [
            85.3543008,
            23.3976899
          ],
          [
            85.3541982,
            23.3976112
          ],
          [
            85.3540623,
            23.3975083
          ],
          [
            85.3539816,
            23.3974469
          ],
          [
            85.353395,
            23.3969253
          ],
          [
            85.3531587,
            23.3967096
          ],
          [
            85.3526073,
            23.3962243
          ],
          [
            85.3521569,
            23.3958682
          ],
          [
            85.3516633,
            23.395477
          ],
          [
            85.3513824,
            23.3952568
          ],
          [
            85.3509339,
            23.3949085
          ],
          [
            85.3508204,
            23.3948201
          ],
          [
            85.3503714,
            23.3944703
          ],
          [
            85.3502361,
            23.3943851
          ],
          [
            85.3491303,
            23.3935704
          ],
          [
            85.349102,
            23.3935496
          ],
          [
            85.3484694,
            23.3931031
          ],
          [
            85.3483685,
            23.3930365
          ],
          [
            85.3482664,
            23.3929692
          ],
          [
            85.3482554,
            23.3929609
          ],
          [
            85.3477414,
            23.3925711
          ],
          [
            85.3474727,
            23.3923926
          ],
          [
            85.3471413,
            23.3921725
          ],
          [
            85.3466017,
            23.3918133
          ],
          [
            85.3465166,
            23.3917592
          ],
          [
            85.346,
            23.3914278
          ],
          [
            85.3451645,
            23.3908821
          ],
          [
            85.3445188,
            23.3905001
          ],
          [
            85.3443259,
            23.3903943
          ],
          [
            85.3438861,
            23.3901632
          ],
          [
            85.3437692,
            23.3901046
          ],
          [
            85.3434599,
            23.3899726
          ],
          [
            85.3431121,
            23.3898292
          ],
          [
            85.3429424,
            23.3897772
          ],
          [
            85.3422465,
            23.3896009
          ],
          [
            85.3417217,
            23.3894464
          ],
          [
            85.3415298,
            23.3893905
          ],
          [
            85.3414301,
            23.3893614
          ],
          [
            85.3408662,
            23.389197
          ],
          [
            85.340486,
            23.3891012
          ],
          [
            85.3388533,
            23.3887479
          ],
          [
            85.3378561,
            23.3885646
          ],
          [
            85.3371929,
            23.3884388
          ],
          [
            85.3362049,
            23.3882545
          ],
          [
            85.3356957,
            23.3881971
          ],
          [
            85.3353276,
            23.3881556
          ],
          [
            85.3349427,
            23.3881095
          ],
          [
            85.3347696,
            23.3880928
          ],
          [
            85.3342614,
            23.3880669
          ],
          [
            85.3340744,
            23.3880568
          ],
          [
            85.3339926,
            23.3880532
          ],
          [
            85.3327899,
            23.3881325
          ],
          [
            85.3315221,
            23.3882165
          ],
          [
            85.3312802,
            23.3882282
          ]
        ]
      },
      "properties": {
        "osm_id": 372193039,
        "category": "City Roadways",
        "name": "bariatumarg",
        "highway": "secondary",
        "railway": null,
        "waterway": null,
        "amenity": null,
        "city": "Ranchi",
        "district": "Ranchi",
        "state": "Jharkhand",
        "state_code": "20"
      }
    },
    {
      "type": "Feature",
      "id": 405595126,
      "geometry": {
        "type": "LineString",
        "coordinates": [
          [
            85.3259259,
            23.3501108
          ],
          [
            85.326328,
            23.3491438
          ],
          [
            85.3265212,
            23.3487108
          ],
          [
            85.3267011,
            23.3482286
          ],
          [
            85.3267842,
            23.3477133
          ],
          [
            85.3267721,
            23.3471178
          ],
          [
            85.3267085,
            23.3466753
          ],
          [
            85.3266659,
            23.3462748
          ]
        ]
      },
      "properties": {
        "osm_id": 405595126,
        "category": "City Roadways",
        "name": "Mahatma Gandhi Road",
        "highway": "secondary",
        "railway": null,
        "waterway": null,
        "amenity": null,
        "city": "Ranchi",
        "district": "Ranchi",
        "state": "Jharkhand",
        "state_code": "20"
      }
    },
    {
      "type": "Feature",
      "id": 405595129,
      "geometry": {
        "type": "LineString",
        "coordinates": [
          [
            85.3259685,
            23.3442272
          ],
          [
            85.3258915,
            23.3442269
          ],
          [
            85.3257175,
            23.3441738
          ],
          [
            85.3254647,
            23.3441442
          ],
          [
            85.3248213,
            23.3440837
          ],
          [
            85.324305,
            23.3440501
          ],
          [
            85.3239991,
            23.3440078
          ],
          [
            85.3236556,
            23.3439394
          ],
          [
            85.3234565,
            23.3438777
          ],
          [
            85.3231217,
            23.343655
          ],
          [
            85.322893,
            23.3434299
          ],
          [
            85.3227149,
            23.3431558
          ],
          [
            85.3225355,
            23.3428903
          ]
        ]
      },
      "properties": {
        "osm_id": 405595129,
        "category": "City Roadways",
        "name": "Ranchi Infrastructure (City Roadways)",
        "highway": "secondary",
        "railway": null,
        "waterway": null,
        "amenity": null,
        "city": "Ranchi",
        "district": "Ranchi",
        "state": "Jharkhand",
        "state_code": "20"
      }
    },
    {
      "type": "Feature",
      "id": 406004163,
      "geometry": {
        "type": "LineString",
        "coordinates": [
          [
            85.3229724,
            23.3391499
          ],
          [
            85.3229919,
            23.3391676
          ],
          [
            85.323022,
            23.3391791
          ],
          [
            85.3230563,
            23.3391793
          ],
          [
            85.3230958,
            23.3391731
          ],
          [
            85.3233251,
            23.3391253
          ],
          [
            85.323397,
            23.3391062
          ],
          [
            85.3236792,
            23.3390313
          ],
          [
            85.3241513,
            23.3389061
          ],
          [
            85.3242656,
            23.3388799
          ],
          [
            85.3245645,
            23.3388079
          ],
          [
            85.324976,
            23.3387088
          ],
          [
            85.3252376,
            23.3386598
          ],
          [
            85.3254135,
            23.3386947
          ],
          [
            85.3258108,
            23.3388293
          ]
        ]
      },
      "properties": {
        "osm_id": 406004163,
        "category": "City Roadways",
        "name": "Ranchi Infrastructure (City Roadways)",
        "highway": "secondary",
        "railway": null,
        "waterway": null,
        "amenity": null,
        "city": "Ranchi",
        "district": "Ranchi",
        "state": "Jharkhand",
        "state_code": "20"
      }
    },
    {
      "type": "Feature",
      "id": 406004174,
      "geometry": {
        "type": "LineString",
        "coordinates": [
          [
            85.3308112,
            23.3376944
          ],
          [
            85.3309246,
            23.3376498
          ],
          [
            85.3311887,
            23.3375373
          ],
          [
            85.331372,
            23.3374551
          ],
          [
            85.3315294,
            23.3373846
          ],
          [
            85.3318083,
            23.337254
          ],
          [
            85.3319183,
            23.3372035
          ],
          [
            85.3320122,
            23.3371629
          ],
          [
            85.3321128,
            23.3371161
          ],
          [
            85.3321996,
            23.3370826
          ],
          [
            85.3323139,
            23.3370398
          ],
          [
            85.3324212,
            23.3370016
          ],
          [
            85.3325969,
            23.3369437
          ],
          [
            85.3328503,
            23.3368586
          ],
          [
            85.333026,
            23.3368058
          ],
          [
            85.3332835,
            23.3367196
          ],
          [
            85.3335813,
            23.3366137
          ],
          [
            85.3338253,
            23.3365324
          ],
          [
            85.3340158,
            23.3364733
          ],
          [
            85.3340428,
            23.3364658
          ],
          [
            85.3341644,
            23.336432
          ],
          [
            85.334243,
            23.3364094
          ],
          [
            85.3343589,
            23.3363761
          ],
          [
            85.3344825,
            23.3363354
          ],
          [
            85.3346193,
            23.3362812
          ],
          [
            85.3347785,
            23.3362188
          ],
          [
            85.3348853,
            23.3361758
          ],
          [
            85.3350277,
            23.3361089
          ],
          [
            85.3351505,
            23.3360547
          ],
          [
            85.3353465,
            23.3359614
          ],
          [
            85.3353827,
            23.3359446
          ],
          [
            85.3355614,
            23.3358617
          ],
          [
            85.3357968,
            23.3357552
          ],
          [
            85.3360135,
            23.3356731
          ],
          [
            85.3361616,
            23.3356173
          ],
          [
            85.3362981,
            23.335569
          ],
          [
            85.3365366,
            23.3354844
          ],
          [
            85.3366925,
            23.3354404
          ],
          [
            85.3367822,
            23.3354183
          ],
          [
            85.3368554,
            23.3354042
          ],
          [
            85.3369287,
            23.335391
          ],
          [
            85.3370695,
            23.3353762
          ],
          [
            85.3372237,
            23.3353658
          ],
          [
            85.3374149,
            23.3353536
          ],
          [
            85.3377714,
            23.3353305
          ],
          [
            85.3381989,
            23.3353044
          ],
          [
            85.3382722,
            23.3353002
          ],
          [
            85.338768,
            23.3352698
          ],
          [
            85.3391081,
            23.3352438
          ],
          [
            85.3393773,
            23.3352264
          ],
          [
            85.3396039,
            23.3352134
          ],
          [
            85.3409033,
            23.3350965
          ],
          [
            85.3412632,
            23.3350641
          ],
          [
            85.3416139,
            23.3350325
          ],
          [
            85.3420942,
            23.3349988
          ],
          [
            85.3425616,
            23.334966
          ],
          [
            85.3435475,
            23.3348969
          ],
          [
            85.343737,
            23.3348811
          ],
          [
            85.3439305,
            23.3348578
          ],
          [
            85.3441633,
            23.3348077
          ],
          [
            85.3444002,
            23.3347202
          ],
          [
            85.3450559,
            23.3343862
          ],
          [
            85.3458584,
            23.3339775
          ],
          [
            85.3466724,
            23.3335629
          ],
          [
            85.3481208,
            23.3328252
          ],
          [
            85.3482957,
            23.3327361
          ],
          [
            85.34862,
            23.3325709
          ],
          [
            85.3487142,
            23.3325417
          ],
          [
            85.3490089,
            23.3324504
          ],
          [
            85.3492679,
            23.3323701
          ],
          [
            85.3506834,
            23.332113
          ],
          [
            85.3509214,
            23.3320698
          ],
          [
            85.3510941,
            23.3320384
          ],
          [
            85.3515754,
            23.331951
          ],
          [
            85.3522567,
            23.3318272
          ],
          [
            85.3524886,
            23.3317851
          ],
          [
            85.3528862,
            23.331713
          ],
          [
            85.3531992,
            23.3316563
          ],
          [
            85.3536249,
            23.3315791
          ],
          [
            85.3541843,
            23.3314776
          ],
          [
            85.3546703,
            23.3314404
          ],
          [
            85.3550348,
            23.331552
          ],
          [
            85.355456,
            23.3318123
          ],
          [
            85.3564653,
            23.3324197
          ],
          [
            85.3584394,
            23.3336076
          ],
          [
            85.3587929,
            23.3338203
          ],
          [
            85.3589583,
            23.3338773
          ],
          [
            85.3590521,
            23.3339096
          ],
          [
            85.3595705,
            23.3339244
          ]
        ]
      },
      "properties": {
        "osm_id": 406004174,
        "category": "City Roadways",
        "name": "Ranchi Infrastructure (City Roadways)",
        "highway": "secondary",
        "railway": null,
        "waterway": null,
        "amenity": null,
        "city": "Ranchi",
        "district": "Ranchi",
        "state": "Jharkhand",
        "state_code": "20"
      }
    },
    {
      "type": "Feature",
      "id": 406004185,
      "geometry": {
        "type": "LineString",
        "coordinates": [
          [
            85.3225676,
            23.3383691
          ],
          [
            85.3226707,
            23.3383463
          ],
          [
            85.3226902,
            23.3383435
          ],
          [
            85.3227066,
            23.3383447
          ],
          [
            85.3227215,
            23.3383495
          ],
          [
            85.3227303,
            23.338355
          ],
          [
            85.3227378,
            23.3383634
          ],
          [
            85.3227445,
            23.338374
          ],
          [
            85.3227539,
            23.3383924
          ],
          [
            85.3227632,
            23.3384226
          ],
          [
            85.3228779,
            23.338903
          ],
          [
            85.3229249,
            23.3390482
          ],
          [
            85.322949,
            23.3391159
          ],
          [
            85.3229724,
            23.3391499
          ]
        ]
      },
      "properties": {
        "osm_id": 406004185,
        "category": "City Roadways",
        "name": "Ranchi Infrastructure (City Roadways)",
        "highway": "secondary",
        "railway": null,
        "waterway": null,
        "amenity": null,
        "city": "Ranchi",
        "district": "Ranchi",
        "state": "Jharkhand",
        "state_code": "20"
      }
    },
    {
      "type": "Feature",
      "id": 406004188,
      "geometry": {
        "type": "LineString",
        "coordinates": [
          [
            85.3198367,
            23.3411282
          ],
          [
            85.3199849,
            23.3411624
          ],
          [
            85.3201193,
            23.3411649
          ],
          [
            85.3205962,
            23.3410678
          ],
          [
            85.3211891,
            23.3409533
          ],
          [
            85.3212905,
            23.3409384
          ],
          [
            85.3214026,
            23.3409276
          ]
        ]
      },
      "properties": {
        "osm_id": 406004188,
        "category": "City Roadways",
        "name": "Ranchi Infrastructure (City Roadways)",
        "highway": "secondary",
        "railway": null,
        "waterway": null,
        "amenity": null,
        "city": "Ranchi",
        "district": "Ranchi",
        "state": "Jharkhand",
        "state_code": "20"
      }
    },
    {
      "type": "Feature",
      "id": 406004192,
      "geometry": {
        "type": "LineString",
        "coordinates": [
          [
            85.324855,
            23.3400452
          ],
          [
            85.323381,
            23.3404324
          ],
          [
            85.3228654,
            23.3405521
          ],
          [
            85.3219594,
            23.3407382
          ],
          [
            85.321655,
            23.3408057
          ]
        ]
      },
      "properties": {
        "osm_id": 406004192,
        "category": "City Roadways",
        "name": "Ranchi Infrastructure (City Roadways)",
        "highway": "secondary",
        "railway": null,
        "waterway": null,
        "amenity": null,
        "city": "Ranchi",
        "district": "Ranchi",
        "state": "Jharkhand",
        "state_code": "20"
      }
    },
    {
      "type": "Feature",
      "id": 406004195,
      "geometry": {
        "type": "LineString",
        "coordinates": [
          [
            85.3191303,
            23.3391124
          ],
          [
            85.3199325,
            23.3389289
          ],
          [
            85.3208225,
            23.3387253
          ],
          [
            85.3211292,
            23.3386533
          ],
          [
            85.3221557,
            23.3384515
          ],
          [
            85.3225676,
            23.3383691
          ]
        ]
      },
      "properties": {
        "osm_id": 406004195,
        "category": "City Roadways",
        "name": "Ranchi Infrastructure (City Roadways)",
        "highway": "secondary",
        "railway": null,
        "waterway": null,
        "amenity": null,
        "city": "Ranchi",
        "district": "Ranchi",
        "state": "Jharkhand",
        "state_code": "20"
      }
    },
    {
      "type": "Feature",
      "id": 406004208,
      "geometry": {
        "type": "LineString",
        "coordinates": [
          [
            85.3184075,
            23.3340875
          ],
          [
            85.3185044,
            23.3342288
          ],
          [
            85.3185874,
            23.3344245
          ],
          [
            85.3186178,
            23.334577
          ],
          [
            85.3186206,
            23.3347358
          ],
          [
            85.3185939,
            23.3348395
          ],
          [
            85.3183798,
            23.3356696
          ],
          [
            85.3182525,
            23.336094
          ],
          [
            85.3182207,
            23.3362668
          ],
          [
            85.3182207,
            23.3364091
          ]
        ]
      },
      "properties": {
        "osm_id": 406004208,
        "category": "City Roadways",
        "name": "Ranchi Infrastructure (City Roadways)",
        "highway": "secondary",
        "railway": null,
        "waterway": null,
        "amenity": null,
        "city": "Ranchi",
        "district": "Ranchi",
        "state": "Jharkhand",
        "state_code": "20"
      }
    },
    {
      "type": "Feature",
      "id": 406007606,
      "geometry": {
        "type": "LineString",
        "coordinates": [
          [
            85.3225355,
            23.3428903
          ],
          [
            85.3223721,
            23.3427106
          ],
          [
            85.322245,
            23.3425892
          ],
          [
            85.3221971,
            23.3425421
          ],
          [
            85.3220816,
            23.3424178
          ],
          [
            85.3219612,
            23.3422712
          ]
        ]
      },
      "properties": {
        "osm_id": 406007606,
        "category": "City Roadways",
        "name": "Ranchi Infrastructure (City Roadways)",
        "highway": "secondary",
        "railway": null,
        "waterway": null,
        "amenity": null,
        "city": "Ranchi",
        "district": "Ranchi",
        "state": "Jharkhand",
        "state_code": "20"
      }
    },
    {
      "type": "Feature",
      "id": 406007607,
      "geometry": {
        "type": "LineString",
        "coordinates": [
          [
            85.3218697,
            23.3423348
          ],
          [
            85.3220065,
            23.3424899
          ],
          [
            85.3221773,
            23.3426384
          ],
          [
            85.3222104,
            23.3426672
          ],
          [
            85.3222801,
            23.3427362
          ],
          [
            85.3224088,
            23.3428634
          ]
        ]
      },
      "properties": {
        "osm_id": 406007607,
        "category": "City Roadways",
        "name": "Ranchi Infrastructure (City Roadways)",
        "highway": "secondary",
        "railway": null,
        "waterway": null,
        "amenity": null,
        "city": "Ranchi",
        "district": "Ranchi",
        "state": "Jharkhand",
        "state_code": "20"
      }
    },
    {
      "type": "Feature",
      "id": 406007608,
      "geometry": {
        "type": "LineString",
        "coordinates": [
          [
            85.3217437,
            23.3420047
          ],
          [
            85.3218697,
            23.3423348
          ]
        ]
      },
      "properties": {
        "osm_id": 406007608,
        "category": "City Roadways",
        "name": "Ranchi Infrastructure (City Roadways)",
        "highway": "secondary",
        "railway": null,
        "waterway": null,
        "amenity": null,
        "city": "Ranchi",
        "district": "Ranchi",
        "state": "Jharkhand",
        "state_code": "20"
      }
    },
    {
      "type": "Feature",
      "id": 406007611,
      "geometry": {
        "type": "LineString",
        "coordinates": [
          [
            85.3219612,
            23.3422712
          ],
          [
            85.321819,
            23.3419914
          ]
        ]
      },
      "properties": {
        "osm_id": 406007611,
        "category": "City Roadways",
        "name": "Ranchi Infrastructure (City Roadways)",
        "highway": "secondary",
        "railway": null,
        "waterway": null,
        "amenity": null,
        "city": "Ranchi",
        "district": "Ranchi",
        "state": "Jharkhand",
        "state_code": "20"
      }
    },
    {
      "type": "Feature",
      "id": 406007617,
      "geometry": {
        "type": "LineString",
        "coordinates": [
          [
            85.3214204,
            23.3408103
          ],
          [
            85.3212254,
            23.3408688
          ],
          [
            85.3205679,
            23.3410011
          ],
          [
            85.3201447,
            23.3410861
          ],
          [
            85.3200256,
            23.3410783
          ],
          [
            85.3199218,
            23.3410617
          ],
          [
            85.319836,
            23.3410179
          ]
        ]
      },
      "properties": {
        "osm_id": 406007617,
        "category": "City Roadways",
        "name": "Ranchi Infrastructure (City Roadways)",
        "highway": "secondary",
        "railway": null,
        "waterway": null,
        "amenity": null,
        "city": "Ranchi",
        "district": "Ranchi",
        "state": "Jharkhand",
        "state_code": "20"
      }
    },
    {
      "type": "Feature",
      "id": 406015951,
      "geometry": {
        "type": "LineString",
        "coordinates": [
          [
            85.3149263,
            23.3278786
          ],
          [
            85.3147696,
            23.327841
          ],
          [
            85.3146911,
            23.327812
          ],
          [
            85.3145564,
            23.3277486
          ],
          [
            85.314378,
            23.3276538
          ],
          [
            85.3141312,
            23.3275109
          ],
          [
            85.3136565,
            23.3272511
          ],
          [
            85.313407,
            23.327123
          ],
          [
            85.31323,
            23.3270257
          ],
          [
            85.312935,
            23.326873
          ],
          [
            85.3126761,
            23.3267314
          ],
          [
            85.3124803,
            23.3266157
          ],
          [
            85.3124469,
            23.3265937
          ],
          [
            85.3123865,
            23.3265541
          ],
          [
            85.3122134,
            23.3264322
          ],
          [
            85.311968,
            23.3262524
          ],
          [
            85.3117628,
            23.3261107
          ],
          [
            85.3113927,
            23.3258435
          ],
          [
            85.3111245,
            23.3256477
          ],
          [
            85.3108978,
            23.325495
          ],
          [
            85.3107128,
            23.3253694
          ],
          [
            85.3102192,
            23.3250538
          ],
          [
            85.3101555,
            23.325009
          ],
          [
            85.3099842,
            23.3248884
          ],
          [
            85.3097826,
            23.3247604
          ],
          [
            85.309528,
            23.3246043
          ],
          [
            85.3092036,
            23.3244342
          ],
          [
            85.309074,
            23.3243677
          ],
          [
            85.3087219,
            23.324187
          ],
          [
            85.3085219,
            23.3240714
          ],
          [
            85.3083382,
            23.3239697
          ],
          [
            85.3080543,
            23.323815
          ],
          [
            85.3078642,
            23.3236613
          ],
          [
            85.3076727,
            23.3235331
          ]
        ]
      },
      "properties": {
        "osm_id": 406015951,
        "category": "City Roadways",
        "name": "Hinoo Main Road",
        "highway": "secondary",
        "railway": null,
        "waterway": null,
        "amenity": null,
        "city": "Ranchi",
        "district": "Ranchi",
        "state": "Jharkhand",
        "state_code": "20"
      }
    },
    {
      "type": "Feature",
      "id": 422648667,
      "geometry": {
        "type": "LineString",
        "coordinates": [
          [
            85.3251171,
            23.3698983
          ],
          [
            85.325114,
            23.3698134
          ],
          [
            85.3251108,
            23.3697242
          ],
          [
            85.3250693,
            23.3694805
          ],
          [
            85.3250009,
            23.3690581
          ],
          [
            85.324942,
            23.3686818
          ],
          [
            85.324935,
            23.3686278
          ],
          [
            85.3249279,
            23.3685705
          ],
          [
            85.3249223,
            23.3685314
          ],
          [
            85.3248628,
            23.3680487
          ],
          [
            85.3248427,
            23.3678037
          ],
          [
            85.3248345,
            23.3676375
          ],
          [
            85.3248346,
            23.3674811
          ],
          [
            85.32484,
            23.3673346
          ],
          [
            85.3248547,
            23.3671906
          ],
          [
            85.3248989,
            23.3668816
          ],
          [
            85.3249151,
            23.3667117
          ],
          [
            85.3249392,
            23.3665332
          ],
          [
            85.3249566,
            23.3663867
          ],
          [
            85.3249647,
            23.366271
          ],
          [
            85.3249821,
            23.365957
          ],
          [
            85.3250049,
            23.3657736
          ],
          [
            85.3250371,
            23.3655286
          ],
          [
            85.3251766,
            23.3644748
          ],
          [
            85.325202,
            23.3643239
          ],
          [
            85.3252423,
            23.3640919
          ]
        ]
      },
      "properties": {
        "osm_id": 422648667,
        "category": "City Roadways",
        "name": "Mahatma Gandhi Road",
        "highway": "secondary",
        "railway": null,
        "waterway": null,
        "amenity": null,
        "city": "Ranchi",
        "district": "Ranchi",
        "state": "Jharkhand",
        "state_code": "20"
      }
    },
    {
      "type": "Feature",
      "id": 422648668,
      "geometry": {
        "type": "LineString",
        "coordinates": [
          [
            85.3244299,
            23.3537038
          ],
          [
            85.3243706,
            23.353832
          ],
          [
            85.3243118,
            23.353999
          ],
          [
            85.3242172,
            23.354285
          ],
          [
            85.3241491,
            23.3545009
          ],
          [
            85.3240752,
            23.3547497
          ],
          [
            85.3240282,
            23.3549304
          ],
          [
            85.3240033,
            23.3551687
          ],
          [
            85.3240084,
            23.3552522
          ],
          [
            85.3240147,
            23.3553552
          ],
          [
            85.3240605,
            23.3555471
          ],
          [
            85.3241383,
            23.3558178
          ],
          [
            85.3243034,
            23.3562452
          ],
          [
            85.3245303,
            23.3568205
          ],
          [
            85.3246553,
            23.3571375
          ],
          [
            85.3248881,
            23.3577392
          ],
          [
            85.3250223,
            23.3580367
          ],
          [
            85.3252111,
            23.358445
          ],
          [
            85.3253148,
            23.3586692
          ],
          [
            85.325509,
            23.3590891
          ],
          [
            85.3257411,
            23.359602
          ],
          [
            85.3258385,
            23.359892
          ],
          [
            85.3258944,
            23.3600808
          ]
        ]
      },
      "properties": {
        "osm_id": 422648668,
        "category": "City Roadways",
        "name": "Mahatma Gandhi Road",
        "highway": "secondary",
        "railway": null,
        "waterway": null,
        "amenity": null,
        "city": "Ranchi",
        "district": "Ranchi",
        "state": "Jharkhand",
        "state_code": "20"
      }
    },
    {
      "type": "Feature",
      "id": 422648669,
      "geometry": {
        "type": "LineString",
        "coordinates": [
          [
            85.3258944,
            23.3600808
          ],
          [
            85.3259692,
            23.3603738
          ],
          [
            85.326,
            23.3605461
          ],
          [
            85.3260402,
            23.3608047
          ],
          [
            85.326059,
            23.3610115
          ],
          [
            85.3260563,
            23.3611913
          ],
          [
            85.3260389,
            23.3613427
          ],
          [
            85.3260013,
            23.3615102
          ],
          [
            85.3259544,
            23.3616702
          ],
          [
            85.3258605,
            23.3619632
          ],
          [
            85.3258163,
            23.362095
          ],
          [
            85.3257532,
            23.3622833
          ],
          [
            85.3256285,
            23.3627007
          ],
          [
            85.3253965,
            23.3633606
          ],
          [
            85.3253308,
            23.3635625
          ],
          [
            85.3252785,
            23.3637188
          ],
          [
            85.3252403,
            23.3638524
          ],
          [
            85.3252067,
            23.3639946
          ],
          [
            85.3251826,
            23.3640943
          ]
        ]
      },
      "properties": {
        "osm_id": 422648669,
        "category": "City Roadways",
        "name": "Mahatma Gandhi Road",
        "highway": "secondary",
        "railway": null,
        "waterway": null,
        "amenity": null,
        "city": "Ranchi",
        "district": "Ranchi",
        "state": "Jharkhand",
        "state_code": "20"
      }
    },
    {
      "type": "Feature",
      "id": 425596545,
      "geometry": {
        "type": "LineString",
        "coordinates": [
          [
            85.325843,
            23.3500783
          ],
          [
            85.3256928,
            23.3504325
          ]
        ]
      },
      "properties": {
        "osm_id": 425596545,
        "category": "City Roadways",
        "name": "Mahatma Gandhi Road",
        "highway": "secondary",
        "railway": null,
        "waterway": null,
        "amenity": null,
        "city": "Ranchi",
        "district": "Ranchi",
        "state": "Jharkhand",
        "state_code": "20"
      }
    },
    {
      "type": "Feature",
      "id": 425596546,
      "geometry": {
        "type": "LineString",
        "coordinates": [
          [
            85.3266659,
            23.3462748
          ],
          [
            85.3265847,
            23.3456586
          ],
          [
            85.3265114,
            23.3452489
          ],
          [
            85.3263938,
            23.344796
          ],
          [
            85.3263066,
            23.3444941
          ],
          [
            85.3263058,
            23.3444788
          ],
          [
            85.3262867,
            23.3443313
          ]
        ]
      },
      "properties": {
        "osm_id": 425596546,
        "category": "City Roadways",
        "name": "Mahatma Gandhi Road",
        "highway": "secondary",
        "railway": null,
        "waterway": null,
        "amenity": null,
        "city": "Ranchi",
        "district": "Ranchi",
        "state": "Jharkhand",
        "state_code": "20"
      }
    },
    {
      "type": "Feature",
      "id": 425596547,
      "geometry": {
        "type": "LineString",
        "coordinates": [
          [
            85.3261614,
            23.3445307
          ],
          [
            85.3261832,
            23.3445705
          ],
          [
            85.3262317,
            23.344659
          ],
          [
            85.3263059,
            23.344817
          ],
          [
            85.3264477,
            23.3452888
          ],
          [
            85.3265233,
            23.3456506
          ],
          [
            85.3265965,
            23.3463148
          ]
        ]
      },
      "properties": {
        "osm_id": 425596547,
        "category": "City Roadways",
        "name": "Mahatma Gandhi Road",
        "highway": "secondary",
        "railway": null,
        "waterway": null,
        "amenity": null,
        "city": "Ranchi",
        "district": "Ranchi",
        "state": "Jharkhand",
        "state_code": "20"
      }
    },
    {
      "type": "Feature",
      "id": 425596548,
      "geometry": {
        "type": "LineString",
        "coordinates": [
          [
            85.3245344,
            23.3536405
          ],
          [
            85.3245956,
            23.3534358
          ],
          [
            85.3246184,
            23.3533648
          ],
          [
            85.3248684,
            23.3525856
          ],
          [
            85.3249614,
            23.3523069
          ],
          [
            85.3250087,
            23.3521652
          ],
          [
            85.3250939,
            23.3519764
          ],
          [
            85.3252803,
            23.3515633
          ],
          [
            85.3253855,
            23.3513473
          ],
          [
            85.3256047,
            23.3508564
          ]
        ]
      },
      "properties": {
        "osm_id": 425596548,
        "category": "City Roadways",
        "name": "Mahatma Gandhi Road",
        "highway": "secondary",
        "railway": null,
        "waterway": null,
        "amenity": null,
        "city": "Ranchi",
        "district": "Ranchi",
        "state": "Jharkhand",
        "state_code": "20"
      }
    },
    {
      "type": "Feature",
      "id": 425641094,
      "geometry": {
        "type": "LineString",
        "coordinates": [
          [
            85.3820677,
            23.3817499
          ],
          [
            85.3820366,
            23.3818219
          ],
          [
            85.3820379,
            23.3818994
          ],
          [
            85.3820715,
            23.3819705
          ],
          [
            85.3821321,
            23.3820244
          ],
          [
            85.3822105,
            23.3820529
          ],
          [
            85.3823154,
            23.3820467
          ],
          [
            85.3824047,
            23.3819958
          ],
          [
            85.3824574,
            23.3819122
          ],
          [
            85.3824609,
            23.3818158
          ],
          [
            85.3824274,
            23.3817447
          ],
          [
            85.3823668,
            23.3816908
          ],
          [
            85.3822883,
            23.3816623
          ],
          [
            85.3822039,
            23.3816635
          ],
          [
            85.3821264,
            23.3816942
          ],
          [
            85.3820677,
            23.3817499
          ]
        ]
      },
      "properties": {
        "osm_id": 425641094,
        "category": "City Roadways",
        "name": "Ranchi Infrastructure (City Roadways)",
        "highway": "secondary",
        "railway": null,
        "waterway": null,
        "amenity": null,
        "city": "Ranchi",
        "district": "Ranchi",
        "state": "Jharkhand",
        "state_code": "20"
      }
    },
    {
      "type": "Feature",
      "id": 425641135,
      "geometry": {
        "type": "LineString",
        "coordinates": [
          [
            85.3822105,
            23.3820529
          ],
          [
            85.3823346,
            23.3821672
          ],
          [
            85.3825143,
            23.3823346
          ],
          [
            85.3827384,
            23.3827092
          ]
        ]
      },
      "properties": {
        "osm_id": 425641135,
        "category": "City Roadways",
        "name": "Ranchi Infrastructure (City Roadways)",
        "highway": "secondary",
        "railway": null,
        "waterway": null,
        "amenity": null,
        "city": "Ranchi",
        "district": "Ranchi",
        "state": "Jharkhand",
        "state_code": "20"
      }
    },
    {
      "type": "Feature",
      "id": 425641141,
      "geometry": {
        "type": "LineString",
        "coordinates": [
          [
            85.3827384,
            23.3827092
          ],
          [
            85.3826739,
            23.3824183
          ],
          [
            85.382588,
            23.382118
          ],
          [
            85.3824827,
            23.3819329
          ],
          [
            85.3824609,
            23.3818158
          ]
        ]
      },
      "properties": {
        "osm_id": 425641141,
        "category": "City Roadways",
        "name": "Ranchi Infrastructure (City Roadways)",
        "highway": "secondary",
        "railway": null,
        "waterway": null,
        "amenity": null,
        "city": "Ranchi",
        "district": "Ranchi",
        "state": "Jharkhand",
        "state_code": "20"
      }
    },
    {
      "type": "Feature",
      "id": 425725533,
      "geometry": {
        "type": "LineString",
        "coordinates": [
          [
            85.2698985,
            23.4287244
          ],
          [
            85.2698471,
            23.4275258
          ],
          [
            85.2697929,
            23.4267343
          ],
          [
            85.2697327,
            23.4258543
          ],
          [
            85.2696592,
            23.4251707
          ],
          [
            85.2695261,
            23.4242232
          ],
          [
            85.2694421,
            23.4237308
          ],
          [
            85.2693441,
            23.4232794
          ],
          [
            85.2691938,
            23.4226264
          ],
          [
            85.2690165,
            23.4220556
          ],
          [
            85.2688114,
            23.4214644
          ],
          [
            85.2683453,
            23.4200621
          ],
          [
            85.2681542,
            23.4194872
          ],
          [
            85.2679697,
            23.4189654
          ],
          [
            85.2677179,
            23.4185132
          ],
          [
            85.2674633,
            23.4181339
          ],
          [
            85.2670239,
            23.4176353
          ],
          [
            85.2665778,
            23.4171118
          ],
          [
            85.2663555,
            23.4168507
          ]
        ]
      },
      "properties": {
        "osm_id": 425725533,
        "category": "Highways & Arterials",
        "name": "Ranchi Ring Road",
        "highway": "primary",
        "railway": null,
        "waterway": null,
        "amenity": null,
        "city": "Ranchi",
        "district": "Ranchi",
        "state": "Jharkhand",
        "state_code": "20"
      }
    },
    {
      "type": "Feature",
      "id": 425725534,
      "geometry": {
        "type": "LineString",
        "coordinates": [
          [
            85.2661938,
            23.4168689
          ],
          [
            85.2663287,
            23.4170284
          ],
          [
            85.2664466,
            23.4171769
          ],
          [
            85.2667733,
            23.4175393
          ],
          [
            85.2672815,
            23.4181206
          ],
          [
            85.2675792,
            23.4185344
          ],
          [
            85.2677981,
            23.4189222
          ],
          [
            85.267928,
            23.4192461
          ],
          [
            85.2681465,
            23.4199134
          ],
          [
            85.2682974,
            23.4203801
          ],
          [
            85.2687379,
            23.4217161
          ],
          [
            85.2689585,
            23.4223078
          ],
          [
            85.2690414,
            23.4225737
          ],
          [
            85.2691907,
            23.4232301
          ],
          [
            85.2692845,
            23.4237415
          ],
          [
            85.2694166,
            23.4244941
          ],
          [
            85.2695375,
            23.4252602
          ],
          [
            85.2696001,
            23.4258735
          ],
          [
            85.2696531,
            23.4267443
          ],
          [
            85.2696973,
            23.4274698
          ],
          [
            85.2697459,
            23.4283787
          ],
          [
            85.2697523,
            23.4287882
          ]
        ]
      },
      "properties": {
        "osm_id": 425725534,
        "category": "Highways & Arterials",
        "name": "Ranchi Ring Road",
        "highway": "primary",
        "railway": null,
        "waterway": null,
        "amenity": null,
        "city": "Ranchi",
        "district": "Ranchi",
        "state": "Jharkhand",
        "state_code": "20"
      }
    },
    {
      "type": "Feature",
      "id": 425725540,
      "geometry": {
        "type": "LineString",
        "coordinates": [
          [
            85.2663555,
            23.4168507
          ],
          [
            85.2660721,
            23.4164613
          ],
          [
            85.2657887,
            23.4160719
          ]
        ]
      },
      "properties": {
        "osm_id": 425725540,
        "category": "Highways & Arterials",
        "name": "Ranchi Ring Road",
        "highway": "primary",
        "railway": null,
        "waterway": null,
        "amenity": null,
        "city": "Ranchi",
        "district": "Ranchi",
        "state": "Jharkhand",
        "state_code": "20"
      }
    },
    {
      "type": "Feature",
      "id": 425725548,
      "geometry": {
        "type": "LineString",
        "coordinates": [
          [
            85.2656309,
            23.4160921
          ],
          [
            85.2661938,
            23.4168689
          ]
        ]
      },
      "properties": {
        "osm_id": 425725548,
        "category": "Highways & Arterials",
        "name": "Ranchi Ring Road",
        "highway": "primary",
        "railway": null,
        "waterway": null,
        "amenity": null,
        "city": "Ranchi",
        "district": "Ranchi",
        "state": "Jharkhand",
        "state_code": "20"
      }
    },
    {
      "type": "Feature",
      "id": 425725553,
      "geometry": {
        "type": "LineString",
        "coordinates": [
          [
            85.2642883,
            23.4141009
          ],
          [
            85.2647544,
            23.4146599
          ],
          [
            85.265005,
            23.4150352
          ],
          [
            85.2656309,
            23.4160921
          ]
        ]
      },
      "properties": {
        "osm_id": 425725553,
        "category": "Highways & Arterials",
        "name": "Ranchi Ring Road",
        "highway": "primary",
        "railway": null,
        "waterway": null,
        "amenity": null,
        "city": "Ranchi",
        "district": "Ranchi",
        "state": "Jharkhand",
        "state_code": "20"
      }
    },
    {
      "type": "Feature",
      "id": 425725555,
      "geometry": {
        "type": "LineString",
        "coordinates": [
          [
            85.2657887,
            23.4160719
          ],
          [
            85.2652114,
            23.4151292
          ],
          [
            85.2648897,
            23.4146017
          ],
          [
            85.2645559,
            23.4141712
          ],
          [
            85.2643826,
            23.4139907
          ]
        ]
      },
      "properties": {
        "osm_id": 425725555,
        "category": "Highways & Arterials",
        "name": "Ranchi Ring Road",
        "highway": "primary",
        "railway": null,
        "waterway": null,
        "amenity": null,
        "city": "Ranchi",
        "district": "Ranchi",
        "state": "Jharkhand",
        "state_code": "20"
      }
    },
    {
      "type": "Feature",
      "id": 425725567,
      "geometry": {
        "type": "LineString",
        "coordinates": [
          [
            85.3145321,
            23.3966838
          ],
          [
            85.3145753,
            23.3968627
          ],
          [
            85.3146111,
            23.3970423
          ],
          [
            85.3146363,
            23.3972305
          ],
          [
            85.3146517,
            23.3973784
          ],
          [
            85.3146615,
            23.3977101
          ],
          [
            85.3146846,
            23.3981094
          ],
          [
            85.3147063,
            23.3986012
          ],
          [
            85.3147926,
            23.3998984
          ],
          [
            85.3148084,
            23.4004507
          ],
          [
            85.3147762,
            23.4010829
          ],
          [
            85.3147809,
            23.4013793
          ],
          [
            85.3148086,
            23.4015877
          ],
          [
            85.3148475,
            23.4018528
          ],
          [
            85.314885,
            23.4020691
          ],
          [
            85.3149126,
            23.4022187
          ],
          [
            85.3149804,
            23.4027101
          ],
          [
            85.3149934,
            23.4029523
          ],
          [
            85.3150004,
            23.4032948
          ],
          [
            85.3149464,
            23.4036228
          ],
          [
            85.3148911,
            23.4038783
          ],
          [
            85.3148625,
            23.4040808
          ],
          [
            85.3148609,
            23.40426
          ],
          [
            85.3148729,
            23.404447
          ],
          [
            85.314893,
            23.404607
          ],
          [
            85.314914,
            23.4047655
          ],
          [
            85.3149513,
            23.4049705
          ],
          [
            85.3149813,
            23.4051233
          ],
          [
            85.3150109,
            23.4052481
          ],
          [
            85.3150394,
            23.405368
          ],
          [
            85.3150519,
            23.4054135
          ],
          [
            85.3151987,
            23.4060141
          ],
          [
            85.315298,
            23.4064067
          ],
          [
            85.3154034,
            23.406818
          ],
          [
            85.3154326,
            23.4069411
          ],
          [
            85.3154603,
            23.4070418
          ],
          [
            85.3155045,
            23.4071636
          ],
          [
            85.3155909,
            23.4073497
          ],
          [
            85.3158022,
            23.4077162
          ],
          [
            85.3159001,
            23.4078885
          ],
          [
            85.3159672,
            23.4080202
          ],
          [
            85.3160061,
            23.4081273
          ],
          [
            85.3160371,
            23.4082421
          ],
          [
            85.3160477,
            23.408355
          ],
          [
            85.3160421,
            23.4084665
          ],
          [
            85.3160168,
            23.4085741
          ],
          [
            85.3159921,
            23.4086768
          ],
          [
            85.31597,
            23.4087698
          ],
          [
            85.3159364,
            23.4088879
          ],
          [
            85.3158988,
            23.4090048
          ],
          [
            85.315876,
            23.4091217
          ],
          [
            85.3158613,
            23.40923
          ],
          [
            85.3158545,
            23.4093199
          ],
          [
            85.3158559,
            23.4095426
          ],
          [
            85.3158666,
            23.4099205
          ],
          [
            85.3158653,
            23.410142
          ],
          [
            85.3158626,
            23.4103537
          ],
          [
            85.3158653,
            23.4105395
          ],
          [
            85.3158733,
            23.410686
          ],
          [
            85.3158948,
            23.4108816
          ],
          [
            85.3159176,
            23.4110859
          ],
          [
            85.3159538,
            23.4113198
          ],
          [
            85.3160088,
            23.4117456
          ],
          [
            85.3160208,
            23.4118342
          ],
          [
            85.3160302,
            23.4119364
          ],
          [
            85.3160823,
            23.4123851
          ],
          [
            85.3160989,
            23.4125282
          ],
          [
            85.3161375,
            23.4128951
          ],
          [
            85.316155,
            23.4130501
          ],
          [
            85.3161791,
            23.4132261
          ],
          [
            85.3161975,
            23.4133334
          ],
          [
            85.3162549,
            23.4136675
          ],
          [
            85.3163253,
            23.4140876
          ],
          [
            85.316387,
            23.4144826
          ],
          [
            85.316454,
            23.4148629
          ],
          [
            85.3165063,
            23.4151903
          ],
          [
            85.3165989,
            23.4156628
          ],
          [
            85.3166601,
            23.4159616
          ],
          [
            85.3166761,
            23.4160516
          ],
          [
            85.3166958,
            23.4161493
          ],
          [
            85.31672,
            23.4163067
          ],
          [
            85.3168053,
            23.4168252
          ],
          [
            85.3168571,
            23.4172088
          ],
          [
            85.3169064,
            23.4176156
          ],
          [
            85.3169432,
            23.4179307
          ],
          [
            85.3171492,
            23.4194165
          ],
          [
            85.3171785,
            23.4196379
          ],
          [
            85.3173365,
            23.4208463
          ],
          [
            85.3173633,
            23.421069
          ],
          [
            85.3173861,
            23.4212105
          ],
          [
            85.3174183,
            23.4213508
          ],
          [
            85.3174733,
            23.4214948
          ],
          [
            85.3174957,
            23.4215449
          ],
          [
            85.3176293,
            23.4218433
          ],
          [
            85.3177777,
            23.4221483
          ],
          [
            85.3178407,
            23.4223021
          ],
          [
            85.3179038,
            23.4224891
          ],
          [
            85.3180057,
            23.4228275
          ],
          [
            85.3180647,
            23.4230589
          ],
          [
            85.3180982,
            23.4232373
          ],
          [
            85.3181089,
            23.4233592
          ],
          [
            85.3180969,
            23.4234748
          ],
          [
            85.3180714,
            23.4235425
          ],
          [
            85.3180271,
            23.4236225
          ],
          [
            85.3179789,
            23.4236816
          ],
          [
            85.3178917,
            23.4237665
          ],
          [
            85.3178193,
            23.4238231
          ],
          [
            85.3176942,
            23.4239121
          ]
        ]
      },
      "properties": {
        "osm_id": 425725567,
        "category": "Highways & Arterials",
        "name": "Ranchi Infrastructure (Highways & Arterials)",
        "highway": "primary",
        "railway": null,
        "waterway": null,
        "amenity": null,
        "city": "Ranchi",
        "district": "Ranchi",
        "state": "Jharkhand",
        "state_code": "20"
      }
    },
    {
      "type": "Feature",
      "id": 425725568,
      "geometry": {
        "type": "LineString",
        "coordinates": [
          [
            85.3177684,
            23.4239761
          ],
          [
            85.3179225,
            23.4238502
          ],
          [
            85.3180379,
            23.4237345
          ],
          [
            85.3181022,
            23.4236545
          ],
          [
            85.3181438,
            23.4235819
          ],
          [
            85.3181666,
            23.423513
          ],
          [
            85.3181867,
            23.4234392
          ],
          [
            85.3181894,
            23.4233469
          ],
          [
            85.3181747,
            23.423198
          ],
          [
            85.3181411,
            23.423038
          ],
          [
            85.3180411,
            23.4226653
          ],
          [
            85.3179775,
            23.4224534
          ],
          [
            85.317911,
            23.4222703
          ],
          [
            85.3178193,
            23.4220523
          ],
          [
            85.317712,
            23.4218308
          ],
          [
            85.3175564,
            23.4214923
          ],
          [
            85.3175081,
            23.4213865
          ],
          [
            85.31748,
            23.4213065
          ],
          [
            85.3174505,
            23.421197
          ],
          [
            85.3174236,
            23.4210321
          ],
          [
            85.3173995,
            23.4208401
          ],
          [
            85.3173613,
            23.4204986
          ],
          [
            85.3172855,
            23.4199602
          ],
          [
            85.3171887,
            23.41931
          ],
          [
            85.3171393,
            23.4188982
          ],
          [
            85.3169784,
            23.4176786
          ],
          [
            85.3169295,
            23.417313
          ],
          [
            85.3168293,
            23.4165392
          ],
          [
            85.3167622,
            23.4161411
          ],
          [
            85.3167244,
            23.4159319
          ],
          [
            85.3165801,
            23.4152033
          ],
          [
            85.3165716,
            23.4151603
          ],
          [
            85.3165351,
            23.414976
          ],
          [
            85.3163707,
            23.4139844
          ],
          [
            85.3163092,
            23.4135916
          ],
          [
            85.3162783,
            23.4134156
          ],
          [
            85.3162542,
            23.4132458
          ],
          [
            85.3162301,
            23.4130427
          ],
          [
            85.3161912,
            23.4127289
          ],
          [
            85.3161609,
            23.4123647
          ],
          [
            85.3161552,
            23.4123181
          ],
          [
            85.3161233,
            23.4120597
          ],
          [
            85.3161093,
            23.4119267
          ],
          [
            85.3159806,
            23.410969
          ],
          [
            85.3159568,
            23.4107491
          ],
          [
            85.3159481,
            23.4106595
          ],
          [
            85.3159431,
            23.4106072
          ],
          [
            85.315935,
            23.4104238
          ],
          [
            85.3159337,
            23.4101629
          ],
          [
            85.3159216,
            23.409454
          ],
          [
            85.3159216,
            23.4093273
          ],
          [
            85.315931,
            23.4091931
          ],
          [
            85.3159659,
            23.4090097
          ],
          [
            85.3160168,
            23.4088485
          ],
          [
            85.3160824,
            23.4086397
          ],
          [
            85.3161013,
            23.408547
          ],
          [
            85.3161226,
            23.4084333
          ],
          [
            85.3161255,
            23.4083402
          ],
          [
            85.3161187,
            23.4082405
          ],
          [
            85.3161027,
            23.4081655
          ],
          [
            85.3160811,
            23.4080795
          ],
          [
            85.3160495,
            23.4079958
          ],
          [
            85.3157996,
            23.4075809
          ],
          [
            85.3156762,
            23.4073606
          ],
          [
            85.315585,
            23.4071833
          ],
          [
            85.315522,
            23.4070135
          ],
          [
            85.3154924,
            23.4068978
          ],
          [
            85.3154659,
            23.4067668
          ],
          [
            85.3154361,
            23.4066603
          ],
          [
            85.3153878,
            23.4064646
          ],
          [
            85.3153208,
            23.4061852
          ],
          [
            85.3152779,
            23.4059932
          ],
          [
            85.3152417,
            23.4058652
          ],
          [
            85.3151894,
            23.4056363
          ],
          [
            85.3151183,
            23.4053569
          ],
          [
            85.3150365,
            23.4048917
          ],
          [
            85.3150137,
            23.4047588
          ],
          [
            85.315007,
            23.4046788
          ],
          [
            85.3149922,
            23.4045618
          ],
          [
            85.3149801,
            23.4044006
          ],
          [
            85.3149734,
            23.4042972
          ],
          [
            85.3149748,
            23.4041557
          ],
          [
            85.3149869,
            23.4040388
          ],
          [
            85.3150177,
            23.4038603
          ],
          [
            85.3150633,
            23.4036363
          ],
          [
            85.3150888,
            23.4034824
          ],
          [
            85.3151049,
            23.4033323
          ],
          [
            85.3151156,
            23.4030517
          ],
          [
            85.315109,
            23.4028497
          ],
          [
            85.3150915,
            23.4027046
          ],
          [
            85.315066,
            23.4025348
          ],
          [
            85.3150029,
            23.4021852
          ],
          [
            85.3149694,
            23.4019477
          ],
          [
            85.3149399,
            23.4017569
          ],
          [
            85.3149158,
            23.4015354
          ],
          [
            85.3148983,
            23.4013766
          ],
          [
            85.314893,
            23.4012227
          ],
          [
            85.314889,
            23.4010763
          ],
          [
            85.3148931,
            23.4009367
          ],
          [
            85.314897,
            23.4008006
          ],
          [
            85.3149144,
            23.4004728
          ],
          [
            85.3149198,
            23.4003747
          ],
          [
            85.3149158,
            23.4001987
          ],
          [
            85.314893,
            23.3999169
          ],
          [
            85.3148675,
            23.3995624
          ],
          [
            85.3148474,
            23.3992313
          ],
          [
            85.3148393,
            23.3990737
          ],
          [
            85.3148165,
            23.3987304
          ],
          [
            85.3148058,
            23.3984559
          ],
          [
            85.3147817,
            23.3978405
          ],
          [
            85.314775,
            23.3976201
          ],
          [
            85.3147602,
            23.3974158
          ],
          [
            85.3147535,
            23.3972694
          ],
          [
            85.3147334,
            23.3971352
          ],
          [
            85.3147038,
            23.3969948
          ],
          [
            85.3146387,
            23.3967551
          ],
          [
            85.3146125,
            23.3966578
          ]
        ]
      },
      "properties": {
        "osm_id": 425725568,
        "category": "Highways & Arterials",
        "name": "Ranchi Infrastructure (Highways & Arterials)",
        "highway": "primary",
        "railway": null,
        "waterway": null,
        "amenity": null,
        "city": "Ranchi",
        "district": "Ranchi",
        "state": "Jharkhand",
        "state_code": "20"
      }
    },
    {
      "type": "Feature",
      "id": 504951646,
      "geometry": {
        "type": "LineString",
        "coordinates": [
          [
            85.3401277,
            23.3490875
          ],
          [
            85.3390865,
            23.3490678
          ],
          [
            85.3385511,
            23.3490577
          ],
          [
            85.33612,
            23.3489554
          ],
          [
            85.3328997,
            23.3488533
          ],
          [
            85.332393,
            23.3488606
          ],
          [
            85.3320065,
            23.3488969
          ],
          [
            85.3312394,
            23.3489856
          ],
          [
            85.330478,
            23.3490083
          ]
        ]
      },
      "properties": {
        "osm_id": 504951646,
        "category": "Rail Network & Terminals",
        "name": "Ranchi Infrastructure (Rail Network & Terminals)",
        "highway": null,
        "railway": "rail",
        "waterway": null,
        "amenity": null,
        "city": "Ranchi",
        "district": "Ranchi",
        "state": "Jharkhand",
        "state_code": "20"
      }
    },
    {
      "type": "Feature",
      "id": 504951647,
      "geometry": {
        "type": "LineString",
        "coordinates": [
          [
            85.3361266,
            23.3490745
          ],
          [
            85.338004,
            23.3491464
          ],
          [
            85.3390818,
            23.3491767
          ],
          [
            85.339973,
            23.3492016
          ],
          [
            85.3404161,
            23.3492525
          ],
          [
            85.3409348,
            23.3493466
          ],
          [
            85.3413542,
            23.3494244
          ]
        ]
      },
      "properties": {
        "osm_id": 504951647,
        "category": "Rail Network & Terminals",
        "name": "Ranchi Infrastructure (Rail Network & Terminals)",
        "highway": null,
        "railway": "rail",
        "waterway": null,
        "amenity": null,
        "city": "Ranchi",
        "district": "Ranchi",
        "state": "Jharkhand",
        "state_code": "20"
      }
    },
    {
      "type": "Feature",
      "id": 504951653,
      "geometry": {
        "type": "LineString",
        "coordinates": [
          [
            85.3270394,
            23.348863
          ],
          [
            85.3279271,
            23.3488532
          ],
          [
            85.3298581,
            23.3488723
          ],
          [
            85.3301666,
            23.3488755
          ],
          [
            85.3305018,
            23.3488582
          ],
          [
            85.3313842,
            23.3487967
          ],
          [
            85.3324142,
            23.348713
          ],
          [
            85.3327039,
            23.3487007
          ],
          [
            85.3331035,
            23.3487122
          ],
          [
            85.3361428,
            23.3488163
          ],
          [
            85.3388998,
            23.3489166
          ],
          [
            85.3392539,
            23.3489494
          ],
          [
            85.3401277,
            23.3490875
          ],
          [
            85.341047,
            23.3492785
          ],
          [
            85.3414616,
            23.3493519
          ],
          [
            85.3417231,
            23.3493605
          ],
          [
            85.3420892,
            23.3493851
          ],
          [
            85.3423038,
            23.3494307
          ],
          [
            85.342745,
            23.3494393
          ],
          [
            85.3430119,
            23.3494516
          ]
        ]
      },
      "properties": {
        "osm_id": 504951653,
        "category": "Rail Network & Terminals",
        "name": "Ranchi Infrastructure (Rail Network & Terminals)",
        "highway": null,
        "railway": "rail",
        "waterway": null,
        "amenity": null,
        "city": "Ranchi",
        "district": "Ranchi",
        "state": "Jharkhand",
        "state_code": "20"
      }
    },
    {
      "type": "Feature",
      "id": 504951656,
      "geometry": {
        "type": "LineString",
        "coordinates": [
          [
            85.3404161,
            23.3492525
          ],
          [
            85.3399888,
            23.3491612
          ],
          [
            85.3395811,
            23.3491366
          ],
          [
            85.3390843,
            23.3491194
          ],
          [
            85.332763,
            23.3489001
          ],
          [
            85.3325403,
            23.34891
          ],
          [
            85.332106,
            23.3489383
          ]
        ]
      },
      "properties": {
        "osm_id": 504951656,
        "category": "Rail Network & Terminals",
        "name": "Ranchi Infrastructure (Rail Network & Terminals)",
        "highway": null,
        "railway": "rail",
        "waterway": null,
        "amenity": null,
        "city": "Ranchi",
        "district": "Ranchi",
        "state": "Jharkhand",
        "state_code": "20"
      }
    },
    {
      "type": "Feature",
      "id": 511551578,
      "geometry": {
        "type": "LineString",
        "coordinates": [
          [
            85.3153023,
            23.3439849
          ],
          [
            85.3155703,
            23.3448337
          ],
          [
            85.3156079,
            23.3450307
          ],
          [
            85.3155918,
            23.3451834
          ],
          [
            85.3155542,
            23.345341
          ],
          [
            85.3154899,
            23.3454592
          ],
          [
            85.3155274,
            23.3455971
          ],
          [
            85.3156776,
            23.3458138
          ],
          [
            85.315801,
            23.3459911
          ],
          [
            85.3159834,
            23.3461783
          ],
          [
            85.3161497,
            23.3464098
          ],
          [
            85.3162677,
            23.3465329
          ],
          [
            85.3163696,
            23.3466265
          ],
          [
            85.3165198,
            23.3466609
          ],
          [
            85.3166325,
            23.3466412
          ],
          [
            85.3168524,
            23.3465477
          ],
          [
            85.317126,
            23.3464196
          ],
          [
            85.3174854,
            23.3466757
          ],
          [
            85.3179963,
            23.3471245
          ]
        ]
      },
      "properties": {
        "osm_id": 511551578,
        "category": "Hydrology & Drainage (Subarnarekha/Harmu)",
        "name": "Ranchi Infrastructure (Hydrology & Drainage (Subarnarekha/Harmu))",
        "highway": null,
        "railway": null,
        "waterway": "stream",
        "amenity": null,
        "city": "Ranchi",
        "district": "Ranchi",
        "state": "Jharkhand",
        "state_code": "20"
      }
    },
    {
      "type": "Feature",
      "id": 511551579,
      "geometry": {
        "type": "LineString",
        "coordinates": [
          [
            85.3179963,
            23.3471245
          ],
          [
            85.318339,
            23.3473574
          ],
          [
            85.3186521,
            23.3475107
          ],
          [
            85.3190695,
            23.347367
          ],
          [
            85.3192156,
            23.3473574
          ],
          [
            85.3194139,
            23.3476544
          ],
          [
            85.3193826,
            23.3478652
          ],
          [
            85.3193826,
            23.3481143
          ],
          [
            85.31956,
            23.3482006
          ],
          [
            85.3198626,
            23.3481814
          ],
          [
            85.3201131,
            23.3480281
          ],
          [
            85.3203635,
            23.3479323
          ],
          [
            85.3206348,
            23.3477886
          ],
          [
            85.3207809,
            23.3475682
          ],
          [
            85.3211149,
            23.3475203
          ],
          [
            85.3213131,
            23.3473574
          ],
          [
            85.3215636,
            23.3473191
          ]
        ]
      },
      "properties": {
        "osm_id": 511551579,
        "category": "Hydrology & Drainage (Subarnarekha/Harmu)",
        "name": "Ranchi Infrastructure (Hydrology & Drainage (Subarnarekha/Harmu))",
        "highway": null,
        "railway": null,
        "waterway": "stream",
        "amenity": null,
        "city": "Ranchi",
        "district": "Ranchi",
        "state": "Jharkhand",
        "state_code": "20"
      }
    },
    {
      "type": "Feature",
      "id": 511551580,
      "geometry": {
        "type": "LineString",
        "coordinates": [
          [
            85.3130731,
            23.3436571
          ],
          [
            85.3132257,
            23.3437741
          ],
          [
            85.3136013,
            23.3439178
          ],
          [
            85.3139353,
            23.3439657
          ],
          [
            85.3143631,
            23.3439945
          ],
          [
            85.3148536,
            23.3439561
          ],
          [
            85.3153023,
            23.3439849
          ]
        ]
      },
      "properties": {
        "osm_id": 511551580,
        "category": "Hydrology & Drainage (Subarnarekha/Harmu)",
        "name": "Ranchi Infrastructure (Hydrology & Drainage (Subarnarekha/Harmu))",
        "highway": null,
        "railway": null,
        "waterway": "stream",
        "amenity": null,
        "city": "Ranchi",
        "district": "Ranchi",
        "state": "Jharkhand",
        "state_code": "20"
      }
    },
    {
      "type": "Feature",
      "id": 511551581,
      "geometry": {
        "type": "LineString",
        "coordinates": [
          [
            85.3215636,
            23.3473191
          ],
          [
            85.3221592,
            23.3474091
          ],
          [
            85.3224059,
            23.3472712
          ],
          [
            85.3224703,
            23.3470742
          ],
          [
            85.322878,
            23.3468673
          ],
          [
            85.3235861,
            23.3465619
          ],
          [
            85.3240474,
            23.3467294
          ],
          [
            85.3242942,
            23.3467787
          ],
          [
            85.3247106,
            23.3466859
          ]
        ]
      },
      "properties": {
        "osm_id": 511551581,
        "category": "Hydrology & Drainage (Subarnarekha/Harmu)",
        "name": "Ranchi Infrastructure (Hydrology & Drainage (Subarnarekha/Harmu))",
        "highway": null,
        "railway": null,
        "waterway": "stream",
        "amenity": null,
        "city": "Ranchi",
        "district": "Ranchi",
        "state": "Jharkhand",
        "state_code": "20"
      }
    },
    {
      "type": "Feature",
      "id": 511551582,
      "geometry": {
        "type": "LineString",
        "coordinates": [
          [
            85.3080588,
            23.3437299
          ],
          [
            85.3083082,
            23.3434787
          ],
          [
            85.3086623,
            23.3435575
          ],
          [
            85.309306,
            23.3435181
          ],
          [
            85.3096923,
            23.3434689
          ],
          [
            85.3101321,
            23.3433408
          ],
          [
            85.3107769,
            23.3430438
          ],
          [
            85.3111151,
            23.3429306
          ],
          [
            85.3113786,
            23.3429693
          ]
        ]
      },
      "properties": {
        "osm_id": 511551582,
        "category": "Hydrology & Drainage (Subarnarekha/Harmu)",
        "name": "Ranchi Infrastructure (Hydrology & Drainage (Subarnarekha/Harmu))",
        "highway": null,
        "railway": null,
        "waterway": "stream",
        "amenity": null,
        "city": "Ranchi",
        "district": "Ranchi",
        "state": "Jharkhand",
        "state_code": "20"
      }
    },
    {
      "type": "Feature",
      "id": 511551583,
      "geometry": {
        "type": "LineString",
        "coordinates": [
          [
            85.2997704,
            23.3455067
          ],
          [
            85.3002723,
            23.3453257
          ],
          [
            85.300562,
            23.3453159
          ],
          [
            85.3014418,
            23.3453848
          ],
          [
            85.3017744,
            23.3454932
          ],
          [
            85.3020855,
            23.3456311
          ],
          [
            85.3024396,
            23.3455917
          ],
          [
            85.3026756,
            23.3455227
          ],
          [
            85.3029653,
            23.3455621
          ],
          [
            85.3034052,
            23.3447938
          ],
          [
            85.3036627,
            23.344518
          ],
          [
            85.3039094,
            23.3443899
          ],
          [
            85.3042527,
            23.3444293
          ],
          [
            85.3046068,
            23.3445672
          ],
          [
            85.3050789,
            23.3448135
          ],
          [
            85.3054436,
            23.3449514
          ],
          [
            85.3056836,
            23.345014
          ]
        ]
      },
      "properties": {
        "osm_id": 511551583,
        "category": "Hydrology & Drainage (Subarnarekha/Harmu)",
        "name": "Ranchi Infrastructure (Hydrology & Drainage (Subarnarekha/Harmu))",
        "highway": null,
        "railway": null,
        "waterway": "stream",
        "amenity": null,
        "city": "Ranchi",
        "district": "Ranchi",
        "state": "Jharkhand",
        "state_code": "20"
      }
    },
    {
      "type": "Feature",
      "id": 511551584,
      "geometry": {
        "type": "LineString",
        "coordinates": [
          [
            85.2944251,
            23.3472859
          ],
          [
            85.2946612,
            23.347345
          ],
          [
            85.2948972,
            23.3473155
          ],
          [
            85.295144,
            23.3471973
          ],
          [
            85.2952834,
            23.3470594
          ],
          [
            85.295498,
            23.3468624
          ],
          [
            85.2959593,
            23.346429
          ],
          [
            85.2961739,
            23.3462024
          ],
          [
            85.2964421,
            23.3461039
          ],
          [
            85.296764,
            23.3460152
          ],
          [
            85.2970537,
            23.3459561
          ],
          [
            85.2973112,
            23.3460546
          ],
          [
            85.2974721,
            23.3461729
          ],
          [
            85.2976652,
            23.3463206
          ],
          [
            85.2978154,
            23.3464782
          ],
          [
            85.297912,
            23.3466851
          ],
          [
            85.2981695,
            23.3468033
          ],
          [
            85.2983411,
            23.3466752
          ],
          [
            85.2983411,
            23.3465176
          ],
          [
            85.2984484,
            23.3463994
          ],
          [
            85.2984592,
            23.3462714
          ],
          [
            85.2984592,
            23.3461236
          ],
          [
            85.298545,
            23.345897
          ],
          [
            85.2986523,
            23.3455326
          ]
        ]
      },
      "properties": {
        "osm_id": 511551584,
        "category": "Hydrology & Drainage (Subarnarekha/Harmu)",
        "name": "Ranchi Infrastructure (Hydrology & Drainage (Subarnarekha/Harmu))",
        "highway": null,
        "railway": null,
        "waterway": "stream",
        "amenity": null,
        "city": "Ranchi",
        "district": "Ranchi",
        "state": "Jharkhand",
        "state_code": "20"
      }
    },
    {
      "type": "Feature",
      "id": 514016214,
      "geometry": {
        "type": "LineString",
        "coordinates": [
          [
            85.3289953,
            23.3381698
          ],
          [
            85.3294973,
            23.3380462
          ],
          [
            85.3296226,
            23.3380211
          ],
          [
            85.3300375,
            23.3379159
          ],
          [
            85.330368,
            23.3378328
          ],
          [
            85.3306344,
            23.3377506
          ],
          [
            85.3308112,
            23.3376944
          ]
        ]
      },
      "properties": {
        "osm_id": 514016214,
        "category": "City Roadways",
        "name": "Ranchi Infrastructure (City Roadways)",
        "highway": "secondary",
        "railway": null,
        "waterway": null,
        "amenity": null,
        "city": "Ranchi",
        "district": "Ranchi",
        "state": "Jharkhand",
        "state_code": "20"
      }
    },
    {
      "type": "Feature",
      "id": 514016215,
      "geometry": {
        "type": "LineString",
        "coordinates": [
          [
            85.3258108,
            23.3388293
          ],
          [
            85.3262122,
            23.3387586
          ],
          [
            85.3268472,
            23.3386196
          ],
          [
            85.3270315,
            23.3385793
          ],
          [
            85.3271996,
            23.3385425
          ],
          [
            85.3277048,
            23.3384328
          ],
          [
            85.3285046,
            23.3382405
          ],
          [
            85.3287231,
            23.3382029
          ],
          [
            85.3288853,
            23.3381799
          ],
          [
            85.3289953,
            23.3381698
          ]
        ]
      },
      "properties": {
        "osm_id": 514016215,
        "category": "City Roadways",
        "name": "Ranchi Infrastructure (City Roadways)",
        "highway": "secondary",
        "railway": null,
        "waterway": null,
        "amenity": null,
        "city": "Ranchi",
        "district": "Ranchi",
        "state": "Jharkhand",
        "state_code": "20"
      }
    },
    {
      "type": "Feature",
      "id": 515431627,
      "geometry": {
        "type": "LineString",
        "coordinates": [
          [
            85.3867497,
            23.3524532
          ],
          [
            85.3872091,
            23.3525059
          ]
        ]
      },
      "properties": {
        "osm_id": 515431627,
        "category": "Rail Network & Terminals",
        "name": "Ranchi Infrastructure (Rail Network & Terminals)",
        "highway": null,
        "railway": "rail",
        "waterway": null,
        "amenity": null,
        "city": "Ranchi",
        "district": "Ranchi",
        "state": "Jharkhand",
        "state_code": "20"
      }
    },
    {
      "type": "Feature",
      "id": 516368135,
      "geometry": {
        "type": "LineString",
        "coordinates": [
          [
            85.3336775,
            23.3475224
          ],
          [
            85.3336512,
            23.3476009
          ],
          [
            85.3335787,
            23.3477259
          ],
          [
            85.333506,
            23.3478161
          ],
          [
            85.3334357,
            23.347849
          ],
          [
            85.3333294,
            23.3478604
          ],
          [
            85.3331275,
            23.3478295
          ],
          [
            85.3329693,
            23.3478341
          ],
          [
            85.332811,
            23.3478386
          ],
          [
            85.3327303,
            23.3478555
          ],
          [
            85.3327084,
            23.3478601
          ],
          [
            85.3324253,
            23.3479497
          ],
          [
            85.3322209,
            23.3480175
          ],
          [
            85.3316576,
            23.3482044
          ],
          [
            85.3313882,
            23.3482938
          ],
          [
            85.3309443,
            23.3484275
          ],
          [
            85.3305841,
            23.3485277
          ],
          [
            85.3304349,
            23.3485377
          ],
          [
            85.3295143,
            23.348511
          ],
          [
            85.3288865,
            23.348511
          ],
          [
            85.3287902,
            23.348511
          ],
          [
            85.3284623,
            23.3485241
          ],
          [
            85.3283718,
            23.3485277
          ],
          [
            85.3280736,
            23.3485374
          ],
          [
            85.3279606,
            23.348541
          ],
          [
            85.3277102,
            23.3485359
          ]
        ]
      },
      "properties": {
        "osm_id": 516368135,
        "category": "City Roadways",
        "name": "Ranchi Infrastructure (City Roadways)",
        "highway": "secondary",
        "railway": null,
        "waterway": null,
        "amenity": null,
        "city": "Ranchi",
        "district": "Ranchi",
        "state": "Jharkhand",
        "state_code": "20"
      }
    },
    {
      "type": "Feature",
      "id": 516368137,
      "geometry": {
        "type": "LineString",
        "coordinates": [
          [
            85.3266023,
            23.3480763
          ],
          [
            85.3268404,
            23.3480834
          ],
          [
            85.3269502,
            23.348054
          ],
          [
            85.3270354,
            23.3480319
          ],
          [
            85.3270963,
            23.3480315
          ],
          [
            85.3272295,
            23.3481149
          ],
          [
            85.327488,
            23.3483887
          ],
          [
            85.327609,
            23.3485018
          ],
          [
            85.3277102,
            23.3485359
          ]
        ]
      },
      "properties": {
        "osm_id": 516368137,
        "category": "City Roadways",
        "name": "Ranchi Infrastructure (City Roadways)",
        "highway": "secondary",
        "railway": null,
        "waterway": null,
        "amenity": null,
        "city": "Ranchi",
        "district": "Ranchi",
        "state": "Jharkhand",
        "state_code": "20"
      }
    },
    {
      "type": "Feature",
      "id": 516368143,
      "geometry": {
        "type": "LineString",
        "coordinates": [
          [
            85.3262223,
            23.3448472
          ],
          [
            85.3262699,
            23.3449884
          ],
          [
            85.3263012,
            23.3451896
          ],
          [
            85.3263639,
            23.3456399
          ],
          [
            85.3264317,
            23.3461214
          ],
          [
            85.3264566,
            23.3464247
          ]
        ]
      },
      "properties": {
        "osm_id": 516368143,
        "category": "City Roadways",
        "name": "Ranchi Infrastructure (City Roadways)",
        "highway": "secondary",
        "railway": null,
        "waterway": null,
        "amenity": null,
        "city": "Ranchi",
        "district": "Ranchi",
        "state": "Jharkhand",
        "state_code": "20"
      }
    },
    {
      "type": "Feature",
      "id": 516691717,
      "geometry": {
        "type": "LineString",
        "coordinates": [
          [
            85.3752839,
            23.3880593
          ],
          [
            85.3751934,
            23.3880837
          ],
          [
            85.3751485,
            23.3880954
          ],
          [
            85.3750915,
            23.3881132
          ],
          [
            85.3750459,
            23.3881295
          ],
          [
            85.3750063,
            23.388144
          ],
          [
            85.3749557,
            23.388164
          ]
        ]
      },
      "properties": {
        "osm_id": 516691717,
        "category": "City Roadways",
        "name": "Ranchi Infrastructure (City Roadways)",
        "highway": "secondary_link",
        "railway": null,
        "waterway": null,
        "amenity": null,
        "city": "Ranchi",
        "district": "Ranchi",
        "state": "Jharkhand",
        "state_code": "20"
      }
    },
    {
      "type": "Feature",
      "id": 516960079,
      "geometry": {
        "type": "LineString",
        "coordinates": [
          [
            85.3247443,
            23.3537169
          ],
          [
            85.3246696,
            23.3536139
          ],
          [
            85.3246542,
            23.35358
          ],
          [
            85.3246407,
            23.3535395
          ],
          [
            85.3246184,
            23.3533648
          ]
        ]
      },
      "properties": {
        "osm_id": 516960079,
        "category": "City Roadways",
        "name": "Ranchi Infrastructure (City Roadways)",
        "highway": "secondary_link",
        "railway": null,
        "waterway": null,
        "amenity": null,
        "city": "Ranchi",
        "district": "Ranchi",
        "state": "Jharkhand",
        "state_code": "20"
      }
    },
    {
      "type": "Feature",
      "id": 516977254,
      "geometry": {
        "type": "LineString",
        "coordinates": [
          [
            85.3283304,
            23.3777034
          ],
          [
            85.3283117,
            23.377854
          ],
          [
            85.3282881,
            23.3779609
          ],
          [
            85.3282645,
            23.3780159
          ],
          [
            85.3282389,
            23.3780611
          ],
          [
            85.3281704,
            23.3781351
          ]
        ]
      },
      "properties": {
        "osm_id": 516977254,
        "category": "City Roadways",
        "name": "Ranchi Infrastructure (City Roadways)",
        "highway": "primary_link",
        "railway": null,
        "waterway": null,
        "amenity": null,
        "city": "Ranchi",
        "district": "Ranchi",
        "state": "Jharkhand",
        "state_code": "20"
      }
    },
    {
      "type": "Feature",
      "id": 516977255,
      "geometry": {
        "type": "LineString",
        "coordinates": [
          [
            85.3284722,
            23.3783129
          ],
          [
            85.3285126,
            23.3781957
          ],
          [
            85.3285568,
            23.3780953
          ],
          [
            85.3286165,
            23.3779679
          ]
        ]
      },
      "properties": {
        "osm_id": 516977255,
        "category": "City Roadways",
        "name": "Ranchi Infrastructure (City Roadways)",
        "highway": "primary_link",
        "railway": null,
        "waterway": null,
        "amenity": null,
        "city": "Ranchi",
        "district": "Ranchi",
        "state": "Jharkhand",
        "state_code": "20"
      }
    },
    {
      "type": "Feature",
      "id": 517004578,
      "geometry": {
        "type": "LineString",
        "coordinates": [
          [
            85.3661446,
            23.3552138
          ],
          [
            85.3663297,
            23.3552188
          ],
          [
            85.366504,
            23.3552188
          ],
          [
            85.3666998,
            23.3552028
          ],
          [
            85.3669251,
            23.355156
          ],
          [
            85.3671518,
            23.3550919
          ],
          [
            85.3674602,
            23.3549799
          ],
          [
            85.3682861,
            23.3546567
          ]
        ]
      },
      "properties": {
        "osm_id": 517004578,
        "category": "City Roadways",
        "name": "Ranchi Infrastructure (City Roadways)",
        "highway": "secondary",
        "railway": null,
        "waterway": null,
        "amenity": null,
        "city": "Ranchi",
        "district": "Ranchi",
        "state": "Jharkhand",
        "state_code": "20"
      }
    },
    {
      "type": "Feature",
      "id": 517004579,
      "geometry": {
        "type": "LineString",
        "coordinates": [
          [
            85.3682501,
            23.3545543
          ],
          [
            85.3680865,
            23.3546142
          ],
          [
            85.3677097,
            23.3547657
          ],
          [
            85.3674576,
            23.3548605
          ],
          [
            85.3671665,
            23.3549651
          ],
          [
            85.3669319,
            23.3550353
          ],
          [
            85.3666918,
            23.3550858
          ],
          [
            85.3664906,
            23.3551104
          ],
          [
            85.3663203,
            23.3551153
          ],
          [
            85.3661245,
            23.3551055
          ]
        ]
      },
      "properties": {
        "osm_id": 517004579,
        "category": "City Roadways",
        "name": "Ranchi Infrastructure (City Roadways)",
        "highway": "secondary",
        "railway": null,
        "waterway": null,
        "amenity": null,
        "city": "Ranchi",
        "district": "Ranchi",
        "state": "Jharkhand",
        "state_code": "20"
      }
    },
    {
      "type": "Feature",
      "id": 517004580,
      "geometry": {
        "type": "LineString",
        "coordinates": [
          [
            85.3696141,
            23.354006
          ],
          [
            85.369885,
            23.3538447
          ],
          [
            85.3700553,
            23.3537228
          ],
          [
            85.3702457,
            23.3535628
          ],
          [
            85.3703839,
            23.3534187
          ],
          [
            85.3705166,
            23.3532574
          ],
          [
            85.3706776,
            23.3530198
          ],
          [
            85.370758,
            23.3528511
          ],
          [
            85.3708278,
            23.352675
          ],
          [
            85.3708787,
            23.352494
          ],
          [
            85.3709257,
            23.352286
          ],
          [
            85.3709914,
            23.351876
          ],
          [
            85.3710357,
            23.3515065
          ],
          [
            85.3711425,
            23.3506581
          ],
          [
            85.3712543,
            23.3497681
          ]
        ]
      },
      "properties": {
        "osm_id": 517004580,
        "category": "City Roadways",
        "name": "Ranchi Infrastructure (City Roadways)",
        "highway": "secondary",
        "railway": null,
        "waterway": null,
        "amenity": null,
        "city": "Ranchi",
        "district": "Ranchi",
        "state": "Jharkhand",
        "state_code": "20"
      }
    },
    {
      "type": "Feature",
      "id": 517004581,
      "geometry": {
        "type": "LineString",
        "coordinates": [
          [
            85.3712543,
            23.3497681
          ],
          [
            85.371273,
            23.3496067
          ],
          [
            85.3712797,
            23.3494516
          ],
          [
            85.3712797,
            23.3492829
          ],
          [
            85.3712703,
            23.3490822
          ],
          [
            85.3712636,
            23.348863
          ],
          [
            85.3712569,
            23.3486119
          ],
          [
            85.3712516,
            23.3482893
          ],
          [
            85.3712408,
            23.3478472
          ],
          [
            85.3712381,
            23.3475589
          ]
        ]
      },
      "properties": {
        "osm_id": 517004581,
        "category": "City Roadways",
        "name": "Ranchi Infrastructure (City Roadways)",
        "highway": "secondary",
        "railway": null,
        "waterway": null,
        "amenity": null,
        "city": "Ranchi",
        "district": "Ranchi",
        "state": "Jharkhand",
        "state_code": "20"
      }
    },
    {
      "type": "Feature",
      "id": 517004582,
      "geometry": {
        "type": "LineString",
        "coordinates": [
          [
            85.3712381,
            23.3475589
          ],
          [
            85.3712702,
            23.347417
          ],
          [
            85.3712928,
            23.3473286
          ],
          [
            85.3713161,
            23.3472446
          ],
          [
            85.371368,
            23.3470532
          ]
        ]
      },
      "properties": {
        "osm_id": 517004582,
        "category": "City Roadways",
        "name": "Ranchi Infrastructure (City Roadways)",
        "highway": "secondary",
        "railway": null,
        "waterway": null,
        "amenity": null,
        "city": "Ranchi",
        "district": "Ranchi",
        "state": "Jharkhand",
        "state_code": "20"
      }
    },
    {
      "type": "Feature",
      "id": 517004583,
      "geometry": {
        "type": "LineString",
        "coordinates": [
          [
            85.3712409,
            23.3470387
          ],
          [
            85.3712381,
            23.3475589
          ]
        ]
      },
      "properties": {
        "osm_id": 517004583,
        "category": "City Roadways",
        "name": "Ranchi Infrastructure (City Roadways)",
        "highway": "secondary",
        "railway": null,
        "waterway": null,
        "amenity": null,
        "city": "Ranchi",
        "district": "Ranchi",
        "state": "Jharkhand",
        "state_code": "20"
      }
    },
    {
      "type": "Feature",
      "id": 517004588,
      "geometry": {
        "type": "LineString",
        "coordinates": [
          [
            85.3641216,
            23.3545176
          ],
          [
            85.3641001,
            23.3545718
          ],
          [
            85.3640867,
            23.3546296
          ],
          [
            85.364082,
            23.3546986
          ],
          [
            85.3640934,
            23.3547583
          ],
          [
            85.3641293,
            23.3548094
          ],
          [
            85.3641588,
            23.3548386
          ],
          [
            85.3642114,
            23.3548672
          ],
          [
            85.3642678,
            23.3548789
          ],
          [
            85.3643261,
            23.3548679
          ],
          [
            85.3643878,
            23.3548315
          ],
          [
            85.3644314,
            23.3548008
          ],
          [
            85.3644682,
            23.3547706
          ],
          [
            85.3645118,
            23.354725
          ],
          [
            85.3645494,
            23.3546739
          ],
          [
            85.3645796,
            23.3546068
          ],
          [
            85.3645957,
            23.3545557
          ],
          [
            85.3646064,
            23.3545108
          ],
          [
            85.3646117,
            23.3544616
          ],
          [
            85.3645923,
            23.3544074
          ],
          [
            85.364548,
            23.3543637
          ],
          [
            85.3644925,
            23.3543405
          ],
          [
            85.364428,
            23.3543298
          ],
          [
            85.364365,
            23.3543354
          ],
          [
            85.3643026,
            23.3543563
          ],
          [
            85.3642597,
            23.3543785
          ],
          [
            85.3642027,
            23.3544166
          ],
          [
            85.3641618,
            23.354456
          ],
          [
            85.3641216,
            23.3545176
          ]
        ]
      },
      "properties": {
        "osm_id": 517004588,
        "category": "Highways & Arterials",
        "name": "Ranchi Infrastructure (Highways & Arterials)",
        "highway": "primary",
        "railway": null,
        "waterway": null,
        "amenity": null,
        "city": "Ranchi",
        "district": "Ranchi",
        "state": "Jharkhand",
        "state_code": "20"
      }
    },
    {
      "type": "Feature",
      "id": 517004616,
      "geometry": {
        "type": "LineString",
        "coordinates": [
          [
            85.3876793,
            23.3454489
          ],
          [
            85.3881346,
            23.3458445
          ],
          [
            85.3887607,
            23.3460312
          ],
          [
            85.3891916,
            23.3461282
          ],
          [
            85.3893705,
            23.3464194
          ],
          [
            85.389525,
            23.3468523
          ],
          [
            85.3897445,
            23.3471286
          ],
          [
            85.3899641,
            23.3474197
          ],
          [
            85.3899885,
            23.347778
          ],
          [
            85.3902405,
            23.3480094
          ],
          [
            85.3902978,
            23.3482557
          ]
        ]
      },
      "properties": {
        "osm_id": 517004616,
        "category": "Hydrology & Drainage (Subarnarekha/Harmu)",
        "name": "Ranchi Infrastructure (Hydrology & Drainage (Subarnarekha/Harmu))",
        "highway": null,
        "railway": null,
        "waterway": "river",
        "amenity": null,
        "city": "Ranchi",
        "district": "Ranchi",
        "state": "Jharkhand",
        "state_code": "20"
      }
    },
    {
      "type": "Feature",
      "id": 659793672,
      "geometry": {
        "type": "LineString",
        "coordinates": [
          [
            85.3772664,
            23.2838775
          ],
          [
            85.3772128,
            23.2840943
          ],
          [
            85.3770786,
            23.2845328
          ],
          [
            85.3771913,
            23.2847398
          ],
          [
            85.3772181,
            23.2849467
          ],
          [
            85.3771323,
            23.2851241
          ],
          [
            85.3770411,
            23.2854148
          ],
          [
            85.3771216,
            23.2857548
          ],
          [
            85.3769392,
            23.2859963
          ],
          [
            85.376907,
            23.2863954
          ],
          [
            85.3769499,
            23.2866861
          ],
          [
            85.376907,
            23.2869374
          ],
          [
            85.3767729,
            23.2871936
          ],
          [
            85.3764027,
            23.2873858
          ],
          [
            85.3761667,
            23.2876174
          ],
          [
            85.3758824,
            23.2878194
          ],
          [
            85.3755015,
            23.2880165
          ],
          [
            85.3751475,
            23.2883811
          ],
          [
            85.3748417,
            23.2884304
          ],
          [
            85.3743535,
            23.2885635
          ],
          [
            85.3740585,
            23.288455
          ],
          [
            85.373683,
            23.2882924
          ],
          [
            85.3734469,
            23.2881101
          ],
          [
            85.3732055,
            23.28812
          ],
          [
            85.3728247,
            23.2881397
          ],
          [
            85.3724384,
            23.2880412
          ],
          [
            85.371725,
            23.2879968
          ],
          [
            85.3712314,
            23.2878983
          ],
          [
            85.3707862,
            23.287918
          ],
          [
            85.3704107,
            23.2878391
          ],
          [
            85.3702122,
            23.2878884
          ],
          [
            85.3700405,
            23.2879475
          ],
          [
            85.369826,
            23.2878342
          ],
          [
            85.3695524,
            23.2878342
          ],
          [
            85.3692681,
            23.2876962
          ],
          [
            85.3689516,
            23.2876322
          ],
          [
            85.3687906,
            23.2874154
          ],
          [
            85.3687048,
            23.287376
          ],
          [
            85.3684044,
            23.2873365
          ],
          [
            85.3680289,
            23.2873858
          ],
          [
            85.3678679,
            23.2873415
          ],
          [
            85.3675836,
            23.2872873
          ],
          [
            85.3673583,
            23.2872676
          ],
          [
            85.3670847,
            23.2873464
          ],
          [
            85.3666556,
            23.2872281
          ],
          [
            85.3664356,
            23.2872232
          ],
          [
            85.3662425,
            23.2874055
          ],
          [
            85.366103,
            23.2876962
          ],
          [
            85.3656793,
            23.2877554
          ],
          [
            85.365234,
            23.2879426
          ],
          [
            85.3646976,
            23.2880904
          ],
          [
            85.3643167,
            23.2880658
          ],
          [
            85.3642362,
            23.2878884
          ],
          [
            85.3641665,
            23.2875583
          ],
          [
            85.3639197,
            23.2872478
          ],
          [
            85.3635549,
            23.287169
          ],
          [
            85.3630668,
            23.2871591
          ],
          [
            85.3629219,
            23.2870212
          ],
          [
            85.3628415,
            23.2867551
          ],
          [
            85.3625572,
            23.2866812
          ],
          [
            85.362305,
            23.2867009
          ],
          [
            85.3621119,
            23.2867009
          ],
          [
            85.3618544,
            23.2868438
          ],
          [
            85.3616828,
            23.2871049
          ],
          [
            85.3615594,
            23.2874844
          ],
          [
            85.3613716,
            23.2879525
          ],
          [
            85.3613663,
            23.2882235
          ],
          [
            85.3613663,
            23.288529
          ],
          [
            85.3614306,
            23.2887063
          ],
          [
            85.3614306,
            23.289613
          ],
          [
            85.3614736,
            23.2897854
          ],
          [
            85.3615594,
            23.2898889
          ],
          [
            85.3615648,
            23.2900318
          ],
          [
            85.361554,
            23.2902831
          ],
          [
            85.361436,
            23.2903718
          ],
          [
            85.3613234,
            23.2906428
          ],
          [
            85.3611302,
            23.2910912
          ],
          [
            85.3609425,
            23.2912242
          ],
          [
            85.3607333,
            23.2911355
          ],
          [
            85.360626,
            23.2911798
          ],
          [
            85.3606045,
            23.2913424
          ],
          [
            85.3605777,
            23.2915592
          ],
          [
            85.3605187,
            23.2919781
          ],
          [
            85.3604972,
            23.2921949
          ],
          [
            85.3603417,
            23.2923378
          ],
          [
            85.3599286,
            23.2924511
          ],
          [
            85.3596872,
            23.2925102
          ],
          [
            85.3593922,
            23.2926679
          ],
          [
            85.3591239,
            23.2930325
          ],
          [
            85.3591078,
            23.2934759
          ],
          [
            85.3589523,
            23.2937272
          ],
          [
            85.358727,
            23.2938652
          ],
          [
            85.358668,
            23.2940228
          ],
          [
            85.3585499,
            23.2946338
          ],
          [
            85.3584051,
            23.2948752
          ],
          [
            85.3579652,
            23.2949344
          ],
          [
            85.3575522,
            23.2948999
          ],
          [
            85.3572196,
            23.294821
          ],
          [
            85.3570265,
            23.2949442
          ],
          [
            85.3569835,
            23.2952793
          ],
          [
            85.3570211,
            23.2954961
          ],
          [
            85.3571176,
            23.296038
          ],
          [
            85.3569192,
            23.2963238
          ],
          [
            85.356769,
            23.2963435
          ],
          [
            85.3565705,
            23.2965948
          ],
          [
            85.356372,
            23.2967081
          ],
          [
            85.3560823,
            23.2968707
          ],
          [
            85.3559482,
            23.2973339
          ],
          [
            85.3558624,
            23.2974767
          ],
          [
            85.355562,
            23.2977132
          ],
          [
            85.3554761,
            23.2978955
          ],
          [
            85.3554708,
            23.2981419
          ],
          [
            85.3553957,
            23.2983587
          ],
          [
            85.355224,
            23.298738
          ],
          [
            85.3550792,
            23.299009
          ],
          [
            85.3549719,
            23.299413
          ],
          [
            85.3548914,
            23.2996101
          ],
          [
            85.3546822,
            23.299615
          ],
          [
            85.3545159,
            23.2995411
          ],
          [
            85.3542262,
            23.2995017
          ],
          [
            85.354017,
            23.2995806
          ],
          [
            85.3539044,
            23.2997678
          ],
          [
            85.3538883,
            23.3001274
          ],
          [
            85.3536898,
            23.3003344
          ],
          [
            85.3532928,
            23.3005019
          ],
          [
            85.3528154,
            23.3006398
          ],
          [
            85.3526598,
            23.3008813
          ],
          [
            85.352354,
            23.3011424
          ],
          [
            85.3519463,
            23.3013198
          ],
          [
            85.3517801,
            23.3016942
          ],
          [
            85.351721,
            23.3019947
          ],
          [
            85.3517303,
            23.3021176
          ],
          [
            85.3517371,
            23.3022066
          ],
          [
            85.3518739,
            23.3023125
          ],
          [
            85.35189,
            23.3023815
          ],
          [
            85.3518471,
            23.3024406
          ],
          [
            85.3518686,
            23.3025465
          ],
          [
            85.3519651,
            23.3025687
          ],
          [
            85.3520939,
            23.3025909
          ],
          [
            85.3521878,
            23.3026796
          ],
          [
            85.3521743,
            23.3027806
          ],
          [
            85.3520966,
            23.30282
          ],
          [
            85.3520188,
            23.3028446
          ],
          [
            85.3519785,
            23.302953
          ],
          [
            85.3519464,
            23.3030023
          ],
          [
            85.3518042,
            23.3029924
          ],
          [
            85.351662,
            23.3030836
          ],
          [
            85.3516084,
            23.303256
          ],
          [
            85.3514555,
            23.3033619
          ],
          [
            85.3512812,
            23.3034383
          ],
          [
            85.3512329,
            23.3035492
          ],
          [
            85.3512248,
            23.3037191
          ],
          [
            85.3512222,
            23.3039655
          ],
          [
            85.351198,
            23.3041305
          ],
          [
            85.3511229,
            23.3042512
          ],
          [
            85.3509405,
            23.3042906
          ],
          [
            85.3508198,
            23.3043547
          ],
          [
            85.3507903,
            23.3045419
          ],
          [
            85.3508064,
            23.3046897
          ],
          [
            85.3508922,
            23.3048104
          ],
          [
            85.3511202,
            23.3048646
          ],
          [
            85.3516835,
            23.304771
          ],
          [
            85.3519329,
            23.3047932
          ],
          [
            85.3519973,
            23.3048818
          ],
          [
            85.3519946,
            23.3050075
          ],
          [
            85.3516325,
            23.305744
          ],
          [
            85.3516191,
            23.3058918
          ],
          [
            85.3516942,
            23.3060914
          ],
          [
            85.3518686,
            23.3066407
          ],
          [
            85.3520429,
            23.3068279
          ],
          [
            85.3521851,
            23.3069585
          ],
          [
            85.3523701,
            23.3070397
          ],
          [
            85.352743,
            23.3069338
          ],
          [
            85.3532633,
            23.3065249
          ],
          [
            85.3535154,
            23.3064584
          ],
          [
            85.3537327,
            23.3065742
          ],
          [
            85.3538561,
            23.3066678
          ],
          [
            85.3539875,
            23.3067195
          ],
          [
            85.3541002,
            23.3067959
          ],
          [
            85.3541028,
            23.3069166
          ],
          [
            85.354076,
            23.3069782
          ],
          [
            85.3540572,
            23.3073723
          ],
          [
            85.3541484,
            23.3074831
          ],
          [
            85.3542155,
            23.3075743
          ],
          [
            85.3542691,
            23.3078132
          ],
          [
            85.3542262,
            23.3079265
          ],
          [
            85.3542611,
            23.3080103
          ],
          [
            85.3542182,
            23.3081606
          ],
          [
            85.3541726,
            23.308503
          ],
          [
            85.3541297,
            23.3088651
          ],
          [
            85.3541672,
            23.3091902
          ],
          [
            85.3543496,
            23.3095622
          ],
          [
            85.3543952,
            23.309774
          ],
          [
            85.3544006,
            23.3099711
          ],
          [
            85.3543032,
            23.3103608
          ]
        ]
      },
      "properties": {
        "osm_id": 659793672,
        "category": "Hydrology & Drainage (Subarnarekha/Harmu)",
        "name": "Ranchi Infrastructure (Hydrology & Drainage (Subarnarekha/Harmu))",
        "highway": null,
        "railway": null,
        "waterway": "stream",
        "amenity": null,
        "city": "Ranchi",
        "district": "Ranchi",
        "state": "Jharkhand",
        "state_code": "20"
      }
    },
    {
      "type": "Feature",
      "id": 659793706,
      "geometry": {
        "type": "LineString",
        "coordinates": [
          [
            85.3959507,
            23.2797678
          ],
          [
            85.3958809,
            23.2799847
          ],
          [
            85.395838,
            23.2806647
          ],
          [
            85.3959453,
            23.280985
          ],
          [
            85.3960526,
            23.2813299
          ],
          [
            85.3960365,
            23.2815714
          ],
          [
            85.3959399,
            23.2817635
          ],
          [
            85.3959668,
            23.2820198
          ],
          [
            85.3957522,
            23.2823376
          ],
          [
            85.3958058,
            23.2826357
          ],
          [
            85.3958675,
            23.282717
          ],
          [
            85.3959909,
            23.2827614
          ],
          [
            85.396404,
            23.2830299
          ],
          [
            85.3964978,
            23.2831802
          ],
          [
            85.3966427,
            23.2832664
          ],
          [
            85.3967661,
            23.2833034
          ],
          [
            85.3968251,
            23.2834438
          ],
          [
            85.3968868,
            23.2835941
          ],
          [
            85.3968599,
            23.2840696
          ],
          [
            85.3967902,
            23.2841657
          ],
          [
            85.3966051,
            23.2842643
          ],
          [
            85.3966239,
            23.2845698
          ],
          [
            85.3965327,
            23.2847521
          ],
          [
            85.3964844,
            23.2852177
          ],
          [
            85.3964388,
            23.2856119
          ],
          [
            85.3964549,
            23.2858829
          ],
          [
            85.3965166,
            23.2863116
          ],
          [
            85.3965113,
            23.286595
          ],
          [
            85.3964764,
            23.2867921
          ],
          [
            85.396522,
            23.2869399
          ],
          [
            85.396522,
            23.2870581
          ],
          [
            85.3964576,
            23.2872257
          ],
          [
            85.3964952,
            23.2873489
          ],
          [
            85.3966185,
            23.2874203
          ],
          [
            85.396809,
            23.2874326
          ],
          [
            85.3969002,
            23.2875755
          ],
          [
            85.3969833,
            23.287881
          ],
          [
            85.3970236,
            23.288088
          ],
          [
            85.3969029,
            23.2881717
          ],
          [
            85.396935,
            23.2883836
          ],
          [
            85.3970182,
            23.2885117
          ],
          [
            85.397214,
            23.2885832
          ],
          [
            85.3974125,
            23.288593
          ],
          [
            85.3975788,
            23.2886891
          ],
          [
            85.3976914,
            23.2889305
          ],
          [
            85.3977397,
            23.2891646
          ],
          [
            85.3979006,
            23.289374
          ],
          [
            85.3982145,
            23.2894923
          ],
          [
            85.3983486,
            23.2896154
          ],
          [
            85.3991318,
            23.2899037
          ],
          [
            85.3994966,
            23.2899012
          ],
          [
            85.3997862,
            23.289815
          ],
          [
            85.3999981,
            23.2896401
          ],
          [
            85.4001993,
            23.2895686
          ],
          [
            85.4004997,
            23.2895859
          ],
          [
            85.4006097,
            23.2897928
          ],
          [
            85.400666,
            23.2900712
          ],
          [
            85.4006258,
            23.2902289
          ],
          [
            85.4006633,
            23.2902831
          ],
          [
            85.4007679,
            23.2903077
          ],
          [
            85.4008967,
            23.2902535
          ],
          [
            85.401063,
            23.2903521
          ],
          [
            85.4011998,
            23.290559
          ],
          [
            85.4010817,
            23.2907758
          ],
          [
            85.400961,
            23.291611
          ],
          [
            85.4010308,
            23.2918795
          ],
          [
            85.4006043,
            23.2926161
          ],
          [
            85.4005828,
            23.2928945
          ],
          [
            85.4006955,
            23.2930719
          ],
          [
            85.4010522,
            23.2935104
          ],
          [
            85.4010764,
            23.2937248
          ],
          [
            85.4010817,
            23.2939021
          ],
          [
            85.401248,
            23.2940499
          ],
          [
            85.4015082,
            23.2940573
          ],
          [
            85.4017174,
            23.2941411
          ],
          [
            85.4017684,
            23.2943283
          ],
          [
            85.401763,
            23.2945156
          ],
          [
            85.4015136,
            23.2946732
          ],
          [
            85.4013821,
            23.294821
          ],
          [
            85.4013741,
            23.2949541
          ],
          [
            85.401476,
            23.2950231
          ],
          [
            85.4016155,
            23.2950132
          ],
          [
            85.4017013,
            23.2951462
          ],
          [
            85.4016906,
            23.2952275
          ],
          [
            85.4016665,
            23.2953138
          ],
          [
            85.4017255,
            23.295602
          ],
          [
            85.4017925,
            23.2956611
          ],
          [
            85.4018488,
            23.2956488
          ],
          [
            85.4018676,
            23.2955601
          ],
          [
            85.4019374,
            23.295565
          ],
          [
            85.4019937,
            23.295671
          ],
          [
            85.4020822,
            23.2958311
          ],
          [
            85.4021627,
            23.2960306
          ],
          [
            85.4022431,
            23.2960873
          ],
          [
            85.4026455,
            23.2962351
          ],
          [
            85.4027635,
            23.296346
          ],
          [
            85.402907,
            23.2965259
          ],
          [
            85.4029056,
            23.2965997
          ],
          [
            85.4028493,
            23.2966687
          ],
          [
            85.4028144,
            23.2967648
          ],
          [
            85.4028574,
            23.2968806
          ],
          [
            85.4029459,
            23.2969274
          ],
          [
            85.4029754,
            23.2970333
          ],
          [
            85.4028279,
            23.2971072
          ],
          [
            85.4027849,
            23.2970333
          ],
          [
            85.4026642,
            23.2971269
          ],
          [
            85.4026294,
            23.2971614
          ],
          [
            85.4025677,
            23.2973462
          ],
          [
            85.4024953,
            23.2974275
          ],
          [
            85.4023907,
            23.2974275
          ],
          [
            85.4023156,
            23.2973683
          ],
          [
            85.4021493,
            23.2973166
          ],
          [
            85.402101,
            23.2973585
          ],
          [
            85.4020688,
            23.297457
          ],
          [
            85.4020983,
            23.2976492
          ],
          [
            85.4020956,
            23.2977453
          ],
          [
            85.401881,
            23.2980261
          ],
          [
            85.4018354,
            23.2982232
          ],
          [
            85.4018033,
            23.2983932
          ],
          [
            85.4016745,
            23.2984646
          ],
          [
            85.4011166,
            23.2987504
          ],
          [
            85.401063,
            23.2988834
          ],
          [
            85.4011086,
            23.2990312
          ],
          [
            85.4009905,
            23.2991002
          ],
          [
            85.4009959,
            23.2992628
          ],
          [
            85.4010227,
            23.2994648
          ],
          [
            85.4009771,
            23.2995781
          ],
          [
            85.4005641,
            23.2999156
          ],
          [
            85.4003924,
            23.3000338
          ],
          [
            85.4003119,
            23.3001324
          ],
          [
            85.4003388,
            23.3002753
          ],
          [
            85.4006821,
            23.3011375
          ],
          [
            85.4007438,
            23.3012335
          ],
          [
            85.4008242,
            23.3012779
          ],
          [
            85.4008055,
            23.3014429
          ],
          [
            85.4006821,
            23.3015784
          ],
          [
            85.4005855,
            23.3018691
          ],
          [
            85.4007062,
            23.3020736
          ],
          [
            85.4009449,
            23.3022435
          ],
          [
            85.4011112,
            23.3023051
          ],
          [
            85.4011515,
            23.3024677
          ],
          [
            85.4010174,
            23.3027953
          ],
          [
            85.4009101,
            23.3028594
          ],
          [
            85.4007089,
            23.3028298
          ],
          [
            85.400615,
            23.3028988
          ],
          [
            85.400615,
            23.3029826
          ],
          [
            85.4006901,
            23.3031008
          ],
          [
            85.4007652,
            23.3032191
          ],
          [
            85.400717,
            23.3033792
          ],
          [
            85.4007277,
            23.3035812
          ],
          [
            85.4008082,
            23.304096
          ],
          [
            85.4009986,
            23.3042389
          ],
          [
            85.4013741,
            23.30433
          ],
          [
            85.4015538,
            23.3045567
          ],
          [
            85.4015887,
            23.3049016
          ],
          [
            85.4016477,
            23.3050641
          ],
          [
            85.401653,
            23.3051898
          ],
          [
            85.4015619,
            23.3053006
          ],
          [
            85.4016128,
            23.305446
          ],
          [
            85.4017442,
            23.305478
          ],
          [
            85.4019749,
            23.305478
          ],
          [
            85.4019856,
            23.3055642
          ],
          [
            85.4019535,
            23.3056948
          ],
          [
            85.4021278,
            23.3060273
          ],
          [
            85.4021546,
            23.3062367
          ],
          [
            85.402109,
            23.3065963
          ],
          [
            85.4022753,
            23.3068279
          ],
          [
            85.4028279,
            23.3068722
          ],
          [
            85.4032382,
            23.3069461
          ],
          [
            85.4034126,
            23.3071112
          ],
          [
            85.4033616,
            23.3073378
          ],
          [
            85.403257,
            23.3073772
          ],
          [
            85.40319,
            23.307759
          ],
          [
            85.4030451,
            23.3078797
          ],
          [
            85.4029406,
            23.3082443
          ],
          [
            85.4029553,
            23.3083119
          ],
          [
            85.402911,
            23.3085941
          ],
          [
            85.4030344,
            23.3088084
          ],
          [
            85.4031792,
            23.3089193
          ],
          [
            85.4032382,
            23.3090276
          ],
          [
            85.4032624,
            23.3093996
          ],
          [
            85.4032624,
            23.3098233
          ],
          [
            85.4033375,
            23.3101287
          ],
          [
            85.403434,
            23.3104736
          ],
          [
            85.4032516,
            23.3108973
          ],
          [
            85.4030907,
            23.3112717
          ],
          [
            85.4031014,
            23.3115476
          ],
          [
            85.4028869,
            23.3119713
          ],
          [
            85.4027474,
            23.312257
          ],
          [
            85.4028761,
            23.3126807
          ],
          [
            85.4030692,
            23.3130452
          ],
          [
            85.4030585,
            23.3134295
          ],
          [
            85.4029727,
            23.3137251
          ],
          [
            85.4027367,
            23.3140207
          ],
          [
            85.4023611,
            23.3142079
          ],
          [
            85.4016316,
            23.3142374
          ],
          [
            85.4013312,
            23.3144246
          ],
          [
            85.4012561,
            23.3147498
          ],
          [
            85.4013848,
            23.3156267
          ],
          [
            85.4012668,
            23.3159222
          ],
          [
            85.4013097,
            23.3165331
          ],
          [
            85.4012346,
            23.3169666
          ],
          [
            85.4009128,
            23.3171637
          ],
          [
            85.400387,
            23.3173016
          ],
          [
            85.4001081,
            23.317479
          ],
          [
            85.3987348,
            23.3178928
          ],
          [
            85.3983271,
            23.3181883
          ],
          [
            85.3979409,
            23.3182869
          ],
          [
            85.3972757,
            23.3188189
          ],
          [
            85.3967982,
            23.3191539
          ],
          [
            85.3963611,
            23.3192967
          ],
          [
            85.396208,
            23.319422
          ],
          [
            85.3961413,
            23.3195021
          ],
          [
            85.3960975,
            23.3195806
          ],
          [
            85.396117,
            23.3196613
          ],
          [
            85.3960043,
            23.3197549
          ],
          [
            85.395838,
            23.3200455
          ],
          [
            85.3958648,
            23.3207056
          ],
          [
            85.3959185,
            23.3209766
          ],
          [
            85.3958809,
            23.3212032
          ],
          [
            85.3957951,
            23.3213509
          ],
          [
            85.3958648,
            23.3215283
          ],
          [
            85.3960097,
            23.3218485
          ],
          [
            85.3959346,
            23.3221982
          ],
          [
            85.3958595,
            23.3223214
          ],
          [
            85.3954945,
            23.3225171
          ],
          [
            85.3952748,
            23.3226514
          ],
          [
            85.395028,
            23.3227697
          ],
          [
            85.394851,
            23.323011
          ],
          [
            85.3949261,
            23.3231391
          ],
          [
            85.3950441,
            23.3233657
          ],
          [
            85.3952855,
            23.3235184
          ],
          [
            85.3953713,
            23.3235997
          ],
          [
            85.3954089,
            23.3237204
          ],
          [
            85.3953659,
            23.3241194
          ],
          [
            85.3952104,
            23.3247204
          ],
          [
            85.3950816,
            23.3248386
          ],
          [
            85.3949207,
            23.3250751
          ],
          [
            85.3948402,
            23.3253164
          ],
          [
            85.3948134,
            23.3257105
          ],
          [
            85.3949314,
            23.3259667
          ],
          [
            85.3951085,
            23.3262031
          ],
          [
            85.3950977,
            23.3265036
          ],
          [
            85.3949368,
            23.3267991
          ],
          [
            85.3946418,
            23.3269174
          ],
          [
            85.3940946,
            23.3270011
          ],
          [
            85.3934616,
            23.3270011
          ],
          [
            85.3932577,
            23.3270602
          ],
          [
            85.3930968,
            23.3272376
          ],
          [
            85.3929412,
            23.3273114
          ],
          [
            85.3927213,
            23.3274001
          ],
          [
            85.392437,
            23.3275528
          ],
          [
            85.392158,
            23.3281242
          ],
          [
            85.391525,
            23.32874
          ],
          [
            85.3914607,
            23.3291291
          ],
          [
            85.3914392,
            23.3294
          ],
          [
            85.3914231,
            23.3297842
          ],
          [
            85.3912032,
            23.3301537
          ],
          [
            85.3908277,
            23.3304098
          ],
          [
            85.390538,
            23.3305527
          ],
          [
            85.3902912,
            23.3307694
          ],
          [
            85.3901786,
            23.3312817
          ],
          [
            85.3900981,
            23.3314787
          ],
          [
            85.3901035,
            23.3317398
          ],
          [
            85.3900015,
            23.3319072
          ],
          [
            85.3900123,
            23.3320501
          ],
          [
            85.3901786,
            23.3322964
          ],
          [
            85.3904146,
            23.3324836
          ],
          [
            85.3904736,
            23.332853
          ],
          [
            85.3907257,
            23.3332914
          ],
          [
            85.3907847,
            23.3335229
          ],
          [
            85.3907043,
            23.3338677
          ],
          [
            85.3900927,
            23.3350203
          ],
          [
            85.3900444,
            23.3363108
          ],
          [
            85.3900659,
            23.3367541
          ],
          [
            85.3898889,
            23.3371137
          ],
          [
            85.3896153,
            23.3375373
          ],
          [
            85.3890789,
            23.338217
          ],
          [
            85.3875446,
            23.3396552
          ],
          [
            85.3874856,
            23.3398178
          ],
          [
            85.3874749,
            23.3403743
          ],
          [
            85.387314,
            23.3407536
          ],
          [
            85.3873998,
            23.3409851
          ],
          [
            85.3875017,
            23.3419702
          ],
          [
            85.3875929,
            23.3421229
          ],
          [
            85.3878611,
            23.3424479
          ],
          [
            85.3879362,
            23.3427976
          ],
          [
            85.388242,
            23.343034
          ],
          [
            85.3884244,
            23.3434133
          ],
          [
            85.3882742,
            23.3436891
          ],
          [
            85.3880113,
            23.3439403
          ],
          [
            85.3878397,
            23.3442752
          ],
          [
            85.3878987,
            23.3444772
          ],
          [
            85.3877968,
            23.3447283
          ],
          [
            85.3875983,
            23.3449155
          ],
          [
            85.3875339,
            23.3451765
          ],
          [
            85.3876793,
            23.3454489
          ]
        ]
      },
      "properties": {
        "osm_id": 659793706,
        "category": "Hydrology & Drainage (Subarnarekha/Harmu)",
        "name": "Ranchi Infrastructure (Hydrology & Drainage (Subarnarekha/Harmu))",
        "highway": null,
        "railway": null,
        "waterway": "river",
        "amenity": null,
        "city": "Ranchi",
        "district": "Ranchi",
        "state": "Jharkhand",
        "state_code": "20"
      }
    },
    {
      "type": "Feature",
      "id": 661403438,
      "geometry": {
        "type": "LineString",
        "coordinates": [
          [
            85.3058097,
            23.3450214
          ],
          [
            85.3059372,
            23.3450253
          ]
        ]
      },
      "properties": {
        "osm_id": 661403438,
        "category": "Hydrology & Drainage (Subarnarekha/Harmu)",
        "name": "Ranchi Infrastructure (Hydrology & Drainage (Subarnarekha/Harmu))",
        "highway": null,
        "railway": null,
        "waterway": "stream",
        "amenity": null,
        "city": "Ranchi",
        "district": "Ranchi",
        "state": "Jharkhand",
        "state_code": "20"
      }
    },
    {
      "type": "Feature",
      "id": 661403440,
      "geometry": {
        "type": "LineString",
        "coordinates": [
          [
            85.3056836,
            23.345014
          ],
          [
            85.3058097,
            23.3450214
          ]
        ]
      },
      "properties": {
        "osm_id": 661403440,
        "category": "Hydrology & Drainage (Subarnarekha/Harmu)",
        "name": "Ranchi Infrastructure (Hydrology & Drainage (Subarnarekha/Harmu))",
        "highway": null,
        "railway": null,
        "waterway": "stream",
        "amenity": null,
        "city": "Ranchi",
        "district": "Ranchi",
        "state": "Jharkhand",
        "state_code": "20"
      }
    },
    {
      "type": "Feature",
      "id": 661403444,
      "geometry": {
        "type": "LineString",
        "coordinates": [
          [
            85.307812,
            23.3440796
          ],
          [
            85.3080588,
            23.3437299
          ]
        ]
      },
      "properties": {
        "osm_id": 661403444,
        "category": "Hydrology & Drainage (Subarnarekha/Harmu)",
        "name": "Ranchi Infrastructure (Hydrology & Drainage (Subarnarekha/Harmu))",
        "highway": null,
        "railway": null,
        "waterway": "stream",
        "amenity": null,
        "city": "Ranchi",
        "district": "Ranchi",
        "state": "Jharkhand",
        "state_code": "20"
      }
    },
    {
      "type": "Feature",
      "id": 661403447,
      "geometry": {
        "type": "LineString",
        "coordinates": [
          [
            85.3059372,
            23.3450253
          ],
          [
            85.3064843,
            23.3449859
          ],
          [
            85.3068169,
            23.3449169
          ],
          [
            85.3070744,
            23.3446805
          ],
          [
            85.3074392,
            23.3443554
          ],
          [
            85.307812,
            23.3440796
          ]
        ]
      },
      "properties": {
        "osm_id": 661403447,
        "category": "Hydrology & Drainage (Subarnarekha/Harmu)",
        "name": "Ranchi Infrastructure (Hydrology & Drainage (Subarnarekha/Harmu))",
        "highway": null,
        "railway": null,
        "waterway": "stream",
        "amenity": null,
        "city": "Ranchi",
        "district": "Ranchi",
        "state": "Jharkhand",
        "state_code": "20"
      }
    },
    {
      "type": "Feature",
      "id": 661403449,
      "geometry": {
        "type": "LineString",
        "coordinates": [
          [
            85.3113786,
            23.3429693
          ],
          [
            85.3117751,
            23.3430842
          ],
          [
            85.3122552,
            23.3433046
          ],
          [
            85.3127143,
            23.3434675
          ],
          [
            85.3129846,
            23.3436103
          ]
        ]
      },
      "properties": {
        "osm_id": 661403449,
        "category": "Hydrology & Drainage (Subarnarekha/Harmu)",
        "name": "Ranchi Infrastructure (Hydrology & Drainage (Subarnarekha/Harmu))",
        "highway": null,
        "railway": null,
        "waterway": "stream",
        "amenity": null,
        "city": "Ranchi",
        "district": "Ranchi",
        "state": "Jharkhand",
        "state_code": "20"
      }
    },
    {
      "type": "Feature",
      "id": 661403452,
      "geometry": {
        "type": "LineString",
        "coordinates": [
          [
            85.3129846,
            23.3436103
          ],
          [
            85.3130731,
            23.3436571
          ]
        ]
      },
      "properties": {
        "osm_id": 661403452,
        "category": "Hydrology & Drainage (Subarnarekha/Harmu)",
        "name": "Ranchi Infrastructure (Hydrology & Drainage (Subarnarekha/Harmu))",
        "highway": null,
        "railway": null,
        "waterway": "stream",
        "amenity": null,
        "city": "Ranchi",
        "district": "Ranchi",
        "state": "Jharkhand",
        "state_code": "20"
      }
    },
    {
      "type": "Feature",
      "id": 663514555,
      "geometry": {
        "type": "LineString",
        "coordinates": [
          [
            85.2772562,
            23.3895685
          ],
          [
            85.2777857,
            23.3892271
          ],
          [
            85.2781665,
            23.3890405
          ],
          [
            85.2784431,
            23.3889002
          ],
          [
            85.2785999,
            23.3888116
          ],
          [
            85.2787147,
            23.3887497
          ],
          [
            85.2793532,
            23.3884629
          ],
          [
            85.2797303,
            23.388301
          ],
          [
            85.280015,
            23.3881738
          ],
          [
            85.2811536,
            23.3876797
          ],
          [
            85.2813864,
            23.3875795
          ],
          [
            85.2814688,
            23.3875424
          ],
          [
            85.2827347,
            23.3869662
          ],
          [
            85.2832812,
            23.3867456
          ],
          [
            85.2833065,
            23.386733
          ],
          [
            85.2845081,
            23.3861928
          ],
          [
            85.2854709,
            23.3857825
          ]
        ]
      },
      "properties": {
        "osm_id": 663514555,
        "category": "Highways & Arterials",
        "name": "Ratu Road",
        "highway": "primary",
        "railway": null,
        "waterway": null,
        "amenity": null,
        "city": "Ranchi",
        "district": "Ranchi",
        "state": "Jharkhand",
        "state_code": "20"
      }
    },
    {
      "type": "Feature",
      "id": 663514556,
      "geometry": {
        "type": "LineString",
        "coordinates": [
          [
            85.2769517,
            23.3897482
          ],
          [
            85.2772562,
            23.3895685
          ]
        ]
      },
      "properties": {
        "osm_id": 663514556,
        "category": "Highways & Arterials",
        "name": "Ratu Road",
        "highway": "primary",
        "railway": null,
        "waterway": null,
        "amenity": null,
        "city": "Ranchi",
        "district": "Ranchi",
        "state": "Jharkhand",
        "state_code": "20"
      }
    },
    {
      "type": "Feature",
      "id": 663514557,
      "geometry": {
        "type": "LineString",
        "coordinates": [
          [
            85.271126,
            23.3894127
          ],
          [
            85.271818,
            23.3889155
          ],
          [
            85.2721667,
            23.388753
          ],
          [
            85.2723652,
            23.3886447
          ],
          [
            85.2725637,
            23.3884625
          ],
          [
            85.27273,
            23.3884182
          ],
          [
            85.272966,
            23.3883099
          ],
          [
            85.2732503,
            23.3882852
          ],
          [
            85.2735507,
            23.388364
          ],
          [
            85.2737546,
            23.388561
          ],
          [
            85.2738404,
            23.3887087
          ],
          [
            85.2739423,
            23.3888515
          ],
          [
            85.2741623,
            23.3889893
          ],
          [
            85.2743822,
            23.389009
          ],
          [
            85.2746022,
            23.389137
          ],
          [
            85.2748382,
            23.3892946
          ],
          [
            85.2749133,
            23.3892995
          ],
          [
            85.2754551,
            23.3890878
          ],
          [
            85.2755892,
            23.3891026
          ],
          [
            85.2757716,
            23.3892306
          ],
          [
            85.2758306,
            23.3894004
          ],
          [
            85.2760076,
            23.389462
          ],
          [
            85.2761552,
            23.3894275
          ],
          [
            85.2763429,
            23.3893266
          ],
          [
            85.2764878,
            23.3892749
          ],
          [
            85.2766326,
            23.3892749
          ],
          [
            85.2767587,
            23.3893413
          ],
          [
            85.2769303,
            23.3894964
          ],
          [
            85.2771369,
            23.3896983
          ],
          [
            85.2773112,
            23.3899002
          ],
          [
            85.2776545,
            23.3903679
          ],
          [
            85.2781427,
            23.3907076
          ],
          [
            85.2784806,
            23.39088
          ],
          [
            85.278765,
            23.3909292
          ],
          [
            85.2792638,
            23.3912886
          ],
          [
            85.279516,
            23.3914068
          ],
          [
            85.2796018,
            23.3915594
          ],
          [
            85.2797949,
            23.3915988
          ],
          [
            85.2798808,
            23.3918598
          ],
          [
            85.2797681,
            23.3922143
          ],
          [
            85.2797252,
            23.3923915
          ],
          [
            85.2798486,
            23.3925294
          ],
          [
            85.2799988,
            23.392554
          ],
          [
            85.2801329,
            23.3924653
          ],
          [
            85.2802402,
            23.3924457
          ],
          [
            85.2803528,
            23.3925146
          ],
          [
            85.2805138,
            23.3925441
          ],
          [
            85.2806532,
            23.392554
          ],
          [
            85.2807283,
            23.3926327
          ],
          [
            85.280959,
            23.3927952
          ],
          [
            85.2811789,
            23.3928592
          ],
          [
            85.2813882,
            23.3929823
          ],
          [
            85.2815223,
            23.3930956
          ],
          [
            85.2816188,
            23.3932236
          ],
          [
            85.281651,
            23.3934697
          ],
          [
            85.281828,
            23.3936125
          ],
          [
            85.2819085,
            23.3935977
          ],
          [
            85.281989,
            23.3938341
          ],
          [
            85.2825683,
            23.3943018
          ],
          [
            85.2827829,
            23.3943757
          ],
          [
            85.2828795,
            23.3943609
          ],
          [
            85.283204,
            23.3942206
          ],
          [
            85.2832845,
            23.3941246
          ],
          [
            85.2833462,
            23.3940704
          ],
          [
            85.2837136,
            23.3940335
          ],
          [
            85.2838585,
            23.3939892
          ],
          [
            85.2839255,
            23.3938808
          ],
          [
            85.2840596,
            23.3938341
          ],
          [
            85.2843869,
            23.3937528
          ],
          [
            85.2847195,
            23.3937061
          ],
          [
            85.2851996,
            23.3938218
          ],
          [
            85.2854383,
            23.3939449
          ],
          [
            85.2856234,
            23.3940359
          ],
          [
            85.2859721,
            23.3941492
          ],
          [
            85.2862644,
            23.3941369
          ],
          [
            85.2865621,
            23.3942033
          ],
          [
            85.2868786,
            23.3942304
          ],
          [
            85.2871495,
            23.394223
          ],
          [
            85.2873078,
            23.3942526
          ],
          [
            85.2875733,
            23.3943043
          ],
          [
            85.2878952,
            23.3944052
          ],
          [
            85.2880615,
            23.3945381
          ],
          [
            85.2882117,
            23.3947203
          ],
          [
            85.2884182,
            23.3947449
          ],
          [
            85.2885202,
            23.3947572
          ],
          [
            85.2886355,
            23.3948508
          ],
          [
            85.2886409,
            23.3949517
          ],
          [
            85.2890646,
            23.3951683
          ],
          [
            85.2891988,
            23.3951634
          ],
          [
            85.2893248,
            23.3950797
          ],
          [
            85.2895689,
            23.3949763
          ],
          [
            85.2896896,
            23.3949689
          ],
          [
            85.289982,
            23.3950206
          ],
          [
            85.2902448,
            23.3951388
          ],
          [
            85.2904192,
            23.3951609
          ],
          [
            85.2910656,
            23.3950846
          ],
          [
            85.2917468,
            23.3947892
          ],
          [
            85.2924335,
            23.3946809
          ],
          [
            85.2927661,
            23.3946317
          ],
          [
            85.2935493,
            23.3948975
          ],
          [
            85.2938282,
            23.3950059
          ],
          [
            85.2943969,
            23.3950009
          ],
          [
            85.294708,
            23.3950846
          ],
          [
            85.2955127,
            23.3957542
          ],
          [
            85.2967465,
            23.3970047
          ],
          [
            85.3060055,
            23.4014258
          ],
          [
            85.3078666,
            23.4050274
          ]
        ]
      },
      "properties": {
        "osm_id": 663514557,
        "category": "Hydrology & Drainage (Subarnarekha/Harmu)",
        "name": "Ranchi Infrastructure (Hydrology & Drainage (Subarnarekha/Harmu))",
        "highway": null,
        "railway": null,
        "waterway": "stream",
        "amenity": null,
        "city": "Ranchi",
        "district": "Ranchi",
        "state": "Jharkhand",
        "state_code": "20"
      }
    },
    {
      "type": "Feature",
      "id": 666655178,
      "geometry": {
        "type": "LineString",
        "coordinates": [
          [
            85.3282197,
            23.3490403
          ],
          [
            85.3288092,
            23.3491399
          ],
          [
            85.329116,
            23.3491572
          ],
          [
            85.3303385,
            23.3492041
          ],
          [
            85.3306335,
            23.3492127
          ],
          [
            85.3311633,
            23.3492965
          ],
          [
            85.3315736,
            23.3493371
          ],
          [
            85.3337194,
            23.3493913
          ]
        ]
      },
      "properties": {
        "osm_id": 666655178,
        "category": "Rail Network & Terminals",
        "name": "Ranchi Infrastructure (Rail Network & Terminals)",
        "highway": null,
        "railway": "rail",
        "waterway": null,
        "amenity": null,
        "city": "Ranchi",
        "district": "Ranchi",
        "state": "Jharkhand",
        "state_code": "20"
      }
    },
    {
      "type": "Feature",
      "id": 666655180,
      "geometry": {
        "type": "LineString",
        "coordinates": [
          [
            85.3065572,
            23.3212785
          ],
          [
            85.306411,
            23.3221653
          ],
          [
            85.3062352,
            23.323151
          ],
          [
            85.306048,
            23.3240826
          ],
          [
            85.3059286,
            23.3247883
          ],
          [
            85.3057059,
            23.3262144
          ],
          [
            85.3054511,
            23.3277217
          ],
          [
            85.3052017,
            23.3291453
          ],
          [
            85.3049495,
            23.3306748
          ],
          [
            85.3046384,
            23.3325244
          ],
          [
            85.304515,
            23.333182
          ],
          [
            85.3041771,
            23.3351252
          ],
          [
            85.3037935,
            23.3374008
          ],
          [
            85.3037023,
            23.3379771
          ],
          [
            85.3036648,
            23.3383933
          ],
          [
            85.3036594,
            23.3387602
          ],
          [
            85.3036916,
            23.339142
          ],
          [
            85.3038042,
            23.3398143
          ],
          [
            85.3039464,
            23.3402526
          ],
          [
            85.3041342,
            23.3406836
          ],
          [
            85.3044198,
            23.3412372
          ],
          [
            85.3047779,
            23.3417253
          ],
          [
            85.3051293,
            23.3421169
          ],
          [
            85.3053644,
            23.3423494
          ],
          [
            85.3058204,
            23.3427287
          ],
          [
            85.3061584,
            23.3429577
          ],
          [
            85.3066036,
            23.3432237
          ],
          [
            85.3070623,
            23.3434576
          ],
          [
            85.3094709,
            23.3445803
          ],
          [
            85.3138757,
            23.3466336
          ],
          [
            85.3159833,
            23.3476219
          ],
          [
            85.3165331,
            23.3478657
          ],
          [
            85.3170991,
            23.3480726
          ],
          [
            85.3177321,
            23.3482351
          ],
          [
            85.3183383,
            23.3483385
          ],
          [
            85.3189337,
            23.348405
          ],
          [
            85.3241585,
            23.3487291
          ]
        ]
      },
      "properties": {
        "osm_id": 666655180,
        "category": "Rail Network & Terminals",
        "name": "Ranchi Infrastructure (Rail Network & Terminals)",
        "highway": null,
        "railway": "rail",
        "waterway": null,
        "amenity": null,
        "city": "Ranchi",
        "district": "Ranchi",
        "state": "Jharkhand",
        "state_code": "20"
      }
    },
    {
      "type": "Feature",
      "id": 666884797,
      "geometry": {
        "type": "LineString",
        "coordinates": [
          [
            85.3293326,
            23.3489689
          ],
          [
            85.3288284,
            23.3489976
          ]
        ]
      },
      "properties": {
        "osm_id": 666884797,
        "category": "Rail Network & Terminals",
        "name": "Ranchi Infrastructure (Rail Network & Terminals)",
        "highway": null,
        "railway": "rail",
        "waterway": null,
        "amenity": null,
        "city": "Ranchi",
        "district": "Ranchi",
        "state": "Jharkhand",
        "state_code": "20"
      }
    },
    {
      "type": "Feature",
      "id": 666884800,
      "geometry": {
        "type": "LineString",
        "coordinates": [
          [
            85.3312394,
            23.3489856
          ],
          [
            85.332106,
            23.3489383
          ],
          [
            85.3326476,
            23.3489412
          ],
          [
            85.3361266,
            23.3490745
          ]
        ]
      },
      "properties": {
        "osm_id": 666884800,
        "category": "Rail Network & Terminals",
        "name": "Ranchi Infrastructure (Rail Network & Terminals)",
        "highway": null,
        "railway": "rail",
        "waterway": null,
        "amenity": null,
        "city": "Ranchi",
        "district": "Ranchi",
        "state": "Jharkhand",
        "state_code": "20"
      }
    },
    {
      "type": "Feature",
      "id": 666884801,
      "geometry": {
        "type": "LineString",
        "coordinates": [
          [
            85.315927,
            23.347713
          ],
          [
            85.3164983,
            23.3479396
          ],
          [
            85.3168738,
            23.3480911
          ],
          [
            85.3172895,
            23.3482203
          ],
          [
            85.317728,
            23.3483237
          ],
          [
            85.3183208,
            23.348421
          ],
          [
            85.318931,
            23.3484764
          ],
          [
            85.3234747,
            23.3487473
          ],
          [
            85.3241422,
            23.3488017
          ]
        ]
      },
      "properties": {
        "osm_id": 666884801,
        "category": "Rail Network & Terminals",
        "name": "Ranchi Infrastructure (Rail Network & Terminals)",
        "highway": null,
        "railway": "rail",
        "waterway": null,
        "amenity": null,
        "city": "Ranchi",
        "district": "Ranchi",
        "state": "Jharkhand",
        "state_code": "20"
      }
    },
    {
      "type": "Feature",
      "id": 666884803,
      "geometry": {
        "type": "LineString",
        "coordinates": [
          [
            85.3282197,
            23.3490403
          ],
          [
            85.3285682,
            23.3490527
          ],
          [
            85.3291132,
            23.3491071
          ],
          [
            85.3292656,
            23.349124
          ],
          [
            85.3305772,
            23.3491635
          ],
          [
            85.3311485,
            23.349262
          ],
          [
            85.3315777,
            23.3493063
          ],
          [
            85.3338213,
            23.3493703
          ]
        ]
      },
      "properties": {
        "osm_id": 666884803,
        "category": "Rail Network & Terminals",
        "name": "Ranchi Infrastructure (Rail Network & Terminals)",
        "highway": null,
        "railway": "rail",
        "waterway": null,
        "amenity": null,
        "city": "Ranchi",
        "district": "Ranchi",
        "state": "Jharkhand",
        "state_code": "20"
      }
    },
    {
      "type": "Feature",
      "id": 771611198,
      "geometry": {
        "type": "LineString",
        "coordinates": [
          [
            85.3160302,
            23.4119364
          ],
          [
            85.3161093,
            23.4119267
          ]
        ]
      },
      "properties": {
        "osm_id": 771611198,
        "category": "City Roadways",
        "name": "Ranchi Infrastructure (City Roadways)",
        "highway": "primary_link",
        "railway": null,
        "waterway": null,
        "amenity": null,
        "city": "Ranchi",
        "district": "Ranchi",
        "state": "Jharkhand",
        "state_code": "20"
      }
    },
    {
      "type": "Feature",
      "id": 806380063,
      "geometry": {
        "type": "LineString",
        "coordinates": [
          [
            85.3166958,
            23.4161493
          ],
          [
            85.3167622,
            23.4161411
          ]
        ]
      },
      "properties": {
        "osm_id": 806380063,
        "category": "City Roadways",
        "name": "Ranchi Infrastructure (City Roadways)",
        "highway": "primary_link",
        "railway": null,
        "waterway": null,
        "amenity": null,
        "city": "Ranchi",
        "district": "Ranchi",
        "state": "Jharkhand",
        "state_code": "20"
      }
    },
    {
      "type": "Feature",
      "id": 846112070,
      "geometry": {
        "type": "LineString",
        "coordinates": [
          [
            85.3687958,
            23.3514959
          ],
          [
            85.3677072,
            23.3514518
          ],
          [
            85.3672872,
            23.3514499
          ],
          [
            85.3670861,
            23.3514721
          ],
          [
            85.366948,
            23.3515164
          ],
          [
            85.3667642,
            23.3515903
          ],
          [
            85.3666033,
            23.3516568
          ],
          [
            85.3663337,
            23.3517848
          ],
          [
            85.3660507,
            23.351972
          ],
          [
            85.3659193,
            23.3520779
          ],
          [
            85.3657624,
            23.352233
          ],
          [
            85.3656893,
            23.3523186
          ],
          [
            85.3656109,
            23.3524103
          ],
          [
            85.3654061,
            23.3526987
          ],
          [
            85.3651482,
            23.353074
          ],
          [
            85.3649289,
            23.3533945
          ],
          [
            85.3648596,
            23.3535008
          ]
        ]
      },
      "properties": {
        "osm_id": 846112070,
        "category": "Highways & Arterials",
        "name": "Ranchi Infrastructure (Highways & Arterials)",
        "highway": "primary",
        "railway": null,
        "waterway": null,
        "amenity": null,
        "city": "Ranchi",
        "district": "Ranchi",
        "state": "Jharkhand",
        "state_code": "20"
      }
    },
    {
      "type": "Feature",
      "id": 846112071,
      "geometry": {
        "type": "LineString",
        "coordinates": [
          [
            85.3645923,
            23.3544074
          ],
          [
            85.3645822,
            23.3542498
          ],
          [
            85.3645849,
            23.3541476
          ],
          [
            85.364601,
            23.3540614
          ],
          [
            85.364648,
            23.3539297
          ],
          [
            85.3647405,
            23.353761
          ],
          [
            85.3648378,
            23.3536041
          ],
          [
            85.3648596,
            23.3535008
          ]
        ]
      },
      "properties": {
        "osm_id": 846112071,
        "category": "Highways & Arterials",
        "name": "Ranchi Infrastructure (Highways & Arterials)",
        "highway": "primary",
        "railway": null,
        "waterway": null,
        "amenity": null,
        "city": "Ranchi",
        "district": "Ranchi",
        "state": "Jharkhand",
        "state_code": "20"
      }
    },
    {
      "type": "Feature",
      "id": 846112072,
      "geometry": {
        "type": "LineString",
        "coordinates": [
          [
            85.3686431,
            23.3544592
          ],
          [
            85.3689301,
            23.3543372
          ],
          [
            85.3691018,
            23.3542639
          ],
          [
            85.3693123,
            23.3541661
          ],
          [
            85.3696141,
            23.354006
          ]
        ]
      },
      "properties": {
        "osm_id": 846112072,
        "category": "City Roadways",
        "name": "Ranchi Infrastructure (City Roadways)",
        "highway": "secondary",
        "railway": null,
        "waterway": null,
        "amenity": null,
        "city": "Ranchi",
        "district": "Ranchi",
        "state": "Jharkhand",
        "state_code": "20"
      }
    }
  ],
  "metadata": {
    "city": "Ranchi",
    "state_code": "20",
    "total_features": 387,
    "source": "OpenStreetMap Planet Database via Overpass API"
  }
}