{"type": "FeatureCollection", "name": "Pune_Heritage_and_Amenities", "features": [{"type": "Feature", "properties": {"amenity": "fast_food", "check_date": "2026-03-12", "name": "\u0928\u094d\u092f\u093e. \u0930\u093e\u0928\u0921\u0947 \u092c\u093e\u0932\u0915 \u092e\u0902\u0926\u093f\u0930"}, "geometry": {"type": "Point", "coordinates": [73.8497965, 18.5188515]}}, {"type": "Feature", "properties": {"amenity": "bus_station", "bus": "yes", "check_date": "2026-03-12", "internet_access": "no", "name": "Manapa Bhavan", "name:mr": "\u092e\u0928\u092a\u093e \u092d\u0935\u0928", "network": "PMPML", "operator": "PMPML", "public_transport": "station"}, "geometry": {"type": "Point", "coordinates": [73.8534229, 18.5230248]}}, {"type": "Feature", "properties": {"amenity": "events_venue", "name": "Varadshree Karyalay"}, "geometry": {"type": "Point", "coordinates": [73.8538907, 18.5104607]}}, {"type": "Feature", "properties": {"addr:full": "727, Kumtekar Road, Opp. Sadishiv Post OfficePune, Pune 411030, India", "amenity": "library", "check_date": "2026-03-12", "name": "The Phoenix Library"}, "geometry": {"type": "Point", "coordinates": [73.8491157, 18.5132392]}}, {"type": "Feature", "properties": {"amenity": "police", "check_date": "2026-03-13", "name": "Ganesh Peth Police station", "source": "Personal Knowledge"}, "geometry": {"type": "Point", "coordinates": [73.8621906, 18.5161748]}}, {"type": "Feature", "properties": {"amenity": "atm", "brand": "Axis Bank", "brand:wikidata": "Q2003549", "check_date": "2026-03-13", "fee": "no", "operator": "Axis Bank", "operator:wikidata": "Q2003549"}, "geometry": {"type": "Point", "coordinates": [73.8617339, 18.5137742]}}, {"type": "Feature", "properties": {"amenity": "atm", "brand": "ICICI Bank", "brand:wikidata": "Q1653258", "check_date": "2026-03-13", "fee": "no", "operator": "ICICI Bank", "operator:wikidata": "Q1653258", "short_name": "ICICI"}, "geometry": {"type": "Point", "coordinates": [73.8625171, 18.5130875]}}, {"type": "Feature", "properties": {"amenity": "atm", "brand": "Axis Bank", "brand:wikidata": "Q2003549", "check_date": "2026-03-17", "fee": "no", "operator": "Axis Bank", "operator:wikidata": "Q2003549"}, "geometry": {"type": "Point", "coordinates": [73.8659174, 18.5152684]}}, {"type": "Feature", "properties": {"amenity": "atm", "brand": "ICICI Bank", "brand:wikidata": "Q1653258", "check_date": "2026-03-17", "fee": "no", "operator": "ICICI Bank", "operator:wikidata": "Q1653258", "short_name": "ICICI"}, "geometry": {"type": "Point", "coordinates": [73.86587, 18.5152976]}}, {"type": "Feature", "properties": {"amenity": "atm", "check_date": "2026-03-17", "fee": "no", "operator": "SBI Bank"}, "geometry": {"type": "Point", "coordinates": [73.8663448, 18.5154527]}}, {"type": "Feature", "properties": {"amenity": "atm", "brand": "HDFC Bank", "brand:wikidata": "Q631047", "check_date": "2026-03-17", "fee": "no", "operator": "HDFC Bank", "operator:wikidata": "Q631047", "short_name": "HDFC"}, "geometry": {"type": "Point", "coordinates": [73.8664672, 18.5152937]}}, {"type": "Feature", "properties": {"amenity": "place_of_worship", "name": "Khunya Murlidhar Mandir", "religion": "hindu"}, "geometry": {"type": "Point", "coordinates": [73.8505554, 18.5115855]}}, {"type": "Feature", "properties": {"amenity": "toilets", "check_date": "2026-03-12"}, "geometry": {"type": "Point", "coordinates": [73.8455228, 18.5132062]}}, {"type": "Feature", "properties": {"amenity": "ice_cream", "brand": "Naturals", "brand:wikidata": "Q24439154", "cuisine": "ice_cream", "name": "Naturals", "name:mr": "\u0928\u0945\u091a\u0930\u0932\u094d\u0938"}, "geometry": {"type": "Point", "coordinates": [73.8475945, 18.5231678]}}, {"type": "Feature", "properties": {"amenity": "police", "name": "Balagandharva Police Station", "name:mr": "\u092c\u093e\u0932\u0917\u0902\u0927\u0930\u094d\u0935 \u092a\u094b\u0932\u0940\u0938 \u0938\u094d\u0925\u093e\u0928\u0915"}, "geometry": {"type": "Point", "coordinates": [73.8478417, 18.5222358]}}, {"type": "Feature", "properties": {"amenity": "place_of_worship", "check_date": "2026-03-13", "name": "Dulya Maruti", "name:mr": "\u0921\u0941\u0932\u094d\u092f\u093e \u092e\u093e\u0930\u0941\u0924\u0940", "religion": "hindu"}, "geometry": {"type": "Point", "coordinates": [73.8627746, 18.5162403]}}, {"type": "Feature", "properties": {"amenity": "place_of_worship", "check_date": "2026-03-12", "name": "Kasba Ganpati", "name:mr": "\u0915\u0938\u092c\u093e \u0917\u0923\u092a\u0924\u0940", "religion": "hindu", "wikidata": "Q6374068", "wikimedia_commons": "Category:Kasba Ganpati temple", "wikipedia": "en:Kasba Ganapati"}, "geometry": {"type": "Point", "coordinates": [73.8572406, 18.5190304]}}, {"type": "Feature", "properties": {"addr:city": "Pune", "addr:full": "Near Shaniwar Wada", "addr:housenumber": "1317", "addr:postcode": "411011", "addr:street": "Agarwal Road", "addr:suburb": "Kasba Peth", "amenity": "hospital", "check_date": "2026-03-12", "healthcare": "hospital", "name": "Surya Sahyadri Hospital", "name:mr": "\u0938\u0941\u0930\u094d\u092f\u093e \u0930\u0941\u0917\u094d\u0923\u093e\u0932\u092f", "operator": "Sahyadri Hospitals", "phone": "02024574232", "website": "https://www.sahyadrihospital.com/"}, "geometry": {"type": "Point", "coordinates": [73.8556767, 18.521259]}}, {"type": "Feature", "properties": {"alt_name": "Ganesh Vasudev Joshi", "historic": "memorial", "name": "Sarvajanik Kaka"}, "geometry": {"type": "Point", "coordinates": [73.8537136, 18.5119368]}}, {"type": "Feature", "properties": {"amenity": "place_of_worship", "check_date": "2026-03-15", "name": "Untade Maruti Mandir", "name:mr": "\u0909\u0902\u091f\u093e\u0921\u0947 \u092e\u093e\u0930\u0941\u0924\u0940 \u092e\u0902\u0926\u093f\u0930", "religion": "hindu"}, "geometry": {"type": "Point", "coordinates": [73.8672569, 18.5194948]}}, {"type": "Feature", "properties": {"amenity": "post_office", "name": "Vishrambag Wada", "operator": "India Post", "operator:wikidata": "Q3519720"}, "geometry": {"type": "Point", "coordinates": [73.8531763, 18.5137558]}}, {"type": "Feature", "properties": {"amenity": "post_box", "operator": "India Post", "operator:wikidata": "Q3519720"}, "geometry": {"type": "Point", "coordinates": [73.8532181, 18.513721]}}, {"type": "Feature", "properties": {"addr:city": "Pune", "addr:housenumber": "1224", "addr:postcode": "411030", "addr:street": "Tatyasaheb Karandikar Path", "amenity": "police", "name": "Perugate Police Chowki", "name:mr": "\u092a\u0947\u0930\u0942\u0917\u0947\u091f \u092a\u094b\u0932\u0940\u0938 \u091a\u094c\u0915\u0940"}, "geometry": {"type": "Point", "coordinates": [73.8487755, 18.5113926]}}, {"type": "Feature", "properties": {"amenity": "place_of_worship", "check_date": "2026-03-13", "name": "Someshwar Mandir", "name:mr": "\u0938\u094b\u092e\u0947\u0936\u094d\u0935\u0930 \u092e\u0902\u0926\u093f\u0930", "religion": "hindu", "tourism": "place_of_worship"}, "geometry": {"type": "Point", "coordinates": [73.8604832, 18.5138161]}}, {"type": "Feature", "properties": {"amenity": "restaurant", "cuisine": "indian", "name": "Shivsagar", "name:mr": "\u0936\u093f\u0935\u0938\u093e\u0917\u0930", "phone": "02025889601", "website": "https://shivsagar.com/"}, "geometry": {"type": "Point", "coordinates": [73.8457959, 18.5202983]}}, {"type": "Feature", "properties": {"amenity": "place_of_worship", "building": "temple", "name": "Garud Ganapati Mandir", "name:mr": "\u0917\u0930\u0941\u0921 \u0917\u0923\u092a\u0924\u0940 \u092e\u0902\u0926\u093f\u0930", "religion": "hindu"}, "geometry": {"type": "Point", "coordinates": [73.8456282, 18.5136612]}}, {"type": "Feature", "properties": {"amenity": "place_of_worship", "building": "temple", "check_date": "2026-03-12", "name": "Mati Ganapati Mandir", "name:mr": "\u092e\u093e\u0924\u0940 \u0917\u0923\u092a\u0924\u0940 \u092e\u0902\u0926\u093f\u0930", "religion": "hindu"}, "geometry": {"type": "Point", "coordinates": [73.8467687, 18.515851]}}, {"type": "Feature", "properties": {"amenity": "place_of_worship", "check_date": "2026-03-12", "name": "Hatti Ganpati Mandir", "name:mr": "\u0939\u0924\u094d\u0924\u0940 \u0917\u0923\u092a\u0924\u0940 \u092e\u0902\u0926\u093f\u0930", "religion": "hindu"}, "geometry": {"type": "Point", "coordinates": [73.845858, 18.5112234]}}, {"type": "Feature", "properties": {"amenity": "police", "check_date": "2026-03-12", "name": "Narayan Peth Police Chowki", "name:mr": "\u0928\u093e\u0930\u093e\u092f\u0923 \u092a\u0947\u0920 \u092a\u094b\u0932\u0940\u0938 \u091a\u094c\u0915\u0940"}, "geometry": {"type": "Point", "coordinates": [73.8478649, 18.5162004]}}, {"type": "Feature", "properties": {"amenity": "place_of_worship", "building": "temple", "check_date": "2026-03-12", "name": "Patrya Maruti", "name:mr": "\u092a\u0924\u094d\u0930\u094d\u092f\u093e \u092e\u093e\u0930\u0941\u0924\u0940", "religion": "hindu"}, "geometry": {"type": "Point", "coordinates": [73.8501817, 18.5152989]}}, {"type": "Feature", "properties": {"historic": "memorial", "memorial": "statue", "name": "Rani Laxmibai", "name:mr": "\u0930\u093e\u0923\u0940 \u0932\u0915\u094d\u0937\u094d\u092e\u0940\u092c\u093e\u0908", "wikidata": "Q659396", "wikipedia": "fr:Statue \u00e9questre"}, "geometry": {"type": "Point", "coordinates": [73.8482223, 18.5225267]}}, {"type": "Feature", "properties": {"amenity": "place_of_worship", "check_date": "2026-03-12", "name": "Dakshinmukhi Maruti Mandir", "name:mr": "\u0926\u0915\u094d\u0937\u093f\u0923\u092e\u0941\u0916\u0940 \u092e\u093e\u0930\u0941\u0924\u0940 \u092e\u0902\u0926\u093f\u0930", "religion": "hindu"}, "geometry": {"type": "Point", "coordinates": [73.8538869, 18.518207]}}, {"type": "Feature", "properties": {"amenity": "place_of_worship", "name": "Shani Mandir", "name:mr": "\u0936\u0928\u093f \u092e\u0902\u0926\u093f\u0930", "religion": "hindu"}, "geometry": {"type": "Point", "coordinates": [73.8537361, 18.5131263]}}, {"type": "Feature", "properties": {"addr:city": "Pune", "addr:housenumber": "33 A", "addr:postcode": "411002", "addr:street": "Budhwar Peth", "amenity": "place_of_worship", "description": "Old Temple with great history of Pune . This temple is", "name": "Tambdi Jogeshwari", "name:mr": "\u0924\u093e\u0902\u092c\u0921\u0940 \u091c\u094b\u0917\u0947\u0936\u094d\u0935\u0930\u0940", "religion": "hindu"}, "geometry": {"type": "Point", "coordinates": [73.8547653, 18.5165314]}}, {"type": "Feature", "properties": {"amenity": "bank", "atm": "yes", "brand": "Union Bank of India", "brand:wikidata": "Q2004078", "brand:wikipedia": "en:Andhra Bank", "name": "Union Bank of India", "name:en": "Andhra Bank", "name:mr": "\u0906\u0902\u0927\u094d\u0930\u093e \u092c\u0901\u0915", "operator": "Andhra Bank", "website": "https://www.andhrabank.in"}, "geometry": {"type": "Point", "coordinates": [73.8468419, 18.5234997]}}, {"type": "Feature", "properties": {"amenity": "bank", "atm": "yes", "brand": "Bank of Maharashtra", "brand:wikidata": "Q2004304", "brand:wikipedia": "en:Bank of Maharashtra", "name": "Bank of Maharashtra", "name:en": "Bank of Maharashtra", "name:mr": "\u092c\u0901\u0915 \u0911\u092b \u092e\u0939\u093e\u0930\u093e\u0937\u094d\u091f\u094d\u0930, \u092c\u093e\u091c\u0940\u0930\u093e\u0935 \u092a\u0925 \u0936\u093e\u0916\u093e", "website": "https://www.bankofmaharashtra.in/"}, "geometry": {"type": "Point", "coordinates": [73.8539446, 18.5136974]}}, {"type": "Feature", "properties": {"addr:city": "Pune", "addr:district": "Pune", "addr:postcode": "411030", "amenity": "place_of_worship", "check_date": "2026-03-12", "name": "Hanuman Mandir Nagnath Paar", "name:mr": "\u0939\u0928\u0941\u092e\u093e\u0928 \u092e\u0902\u0926\u093f\u0930", "religion": "hindu"}, "geometry": {"type": "Point", "coordinates": [73.8502664, 18.5123838]}}, {"type": "Feature", "properties": {"amenity": "bank", "atm": "yes", "brand": "IDBI Bank", "brand:wikidata": "Q3633485", "brand:wikipedia": "en:IDBI Bank", "check_date": "2026-03-12", "name": "IDBI Bank", "name:en": "IDBI Bank", "old_name": "Industrial Development Bank of India", "operator": "IDBI", "short_name": "IDBI", "website": "https://www.idbi.com"}, "geometry": {"type": "Point", "coordinates": [73.8479184, 18.5133208]}}, {"type": "Feature", "properties": {"amenity": "ice_cream", "name": "Sujata Mastani", "name:mr": "\u0938\u0941\u091c\u093e\u0924\u093e \u092e\u0938\u094d\u0924\u093e\u0928\u0940"}, "geometry": {"type": "Point", "coordinates": [73.8520533, 18.5117375]}}, {"type": "Feature", "properties": {"amenity": "post_box", "operator": "India Post", "operator:wikidata": "Q3519720"}, "geometry": {"type": "Point", "coordinates": [73.8456391, 18.5130366]}}, {"type": "Feature", "properties": {"amenity": "atm", "brand": "State Bank of India", "brand:wikidata": "Q1340361", "check_date": "2026-03-12", "operator": "State Bank of India", "operator:wikidata": "Q1340361", "short_name": "SBI"}, "geometry": {"type": "Point", "coordinates": [73.8508498, 18.5134848]}}, {"type": "Feature", "properties": {"amenity": "atm", "brand": "HDFC Bank", "brand:wikidata": "Q631047", "check_date": "2026-03-12", "operator": "HDFC Bank", "operator:wikidata": "Q631047", "short_name": "HDFC"}, "geometry": {"type": "Point", "coordinates": [73.850255, 18.5137033]}}, {"type": "Feature", "properties": {"amenity": "bank", "atm": "yes", "brand": "Federal Bank", "brand:wikidata": "Q2044983", "brand:wikipedia": "en:Federal Bank", "name": "Federal Bank", "name:en": "Federal Bank", "name:mr": "\u092b\u0947\u0921\u0930\u0932 \u092c\u0901\u0915", "operator": "Federal Bank", "website": "https://www.federalbank.co.in"}, "geometry": {"type": "Point", "coordinates": [73.8474353, 18.5233029]}}, {"type": "Feature", "properties": {"amenity": "atm", "brand": "ICICI Bank", "brand:wikidata": "Q1653258", "check_date": "2026-03-12", "operator": "ICICI Bank", "operator:wikidata": "Q1653258", "short_name": "ICICI"}, "geometry": {"type": "Point", "coordinates": [73.854006, 18.5170315]}}, {"type": "Feature", "properties": {"amenity": "atm", "brand": "Bank of Baroda", "brand:wikidata": "Q2003797", "check_date": "2026-03-12", "operator": "Bank of Baroda", "operator:wikidata": "Q2003797"}, "geometry": {"type": "Point", "coordinates": [73.8527467, 18.5200119]}}, {"type": "Feature", "properties": {"amenity": "atm", "brand": "ICICI Bank", "brand:wikidata": "Q1653258", "operator": "ICICI Bank", "operator:wikidata": "Q1653258", "short_name": "ICICI"}, "geometry": {"type": "Point", "coordinates": [73.8465515, 18.5236224]}}, {"type": "Feature", "properties": {"amenity": "police", "check_date": "2026-03-12", "name": "Kasba Peth Police Chowki", "name:mr": "\u0915\u0938\u092c\u093e \u092a\u0947\u0920 \u092a\u094b\u0932\u0940\u0938 \u091a\u094c\u0915\u0940"}, "geometry": {"type": "Point", "coordinates": [73.8560378, 18.5204757]}}, {"type": "Feature", "properties": {"amenity": "place_of_worship", "check_date": "2026-03-12", "name": "Navagraha Shani Mandir", "name:mr": "\u0928\u0935\u0917\u094d\u0930\u0939 \u0936\u0928\u0940 \u092e\u0902\u0926\u093f\u0930", "religion": "hindu"}, "geometry": {"type": "Point", "coordinates": [73.8562818, 18.519789]}}, {"type": "Feature", "properties": {"amenity": "restaurant", "check_date": "2026-03-17", "cuisine": "indian", "diet:lacto_vegetarian": "only", "name": "Samadhan", "name:mr": "\u0938\u092e\u093e\u0927\u093e\u0928"}, "geometry": {"type": "Point", "coordinates": [73.8564341, 18.5157746]}}, {"type": "Feature", "properties": {"amenity": "place_of_worship", "check_date": "2026-03-17", "name": "Tamboli Masjid", "name:mr": "\u0924\u093e\u0902\u092c\u094b\u0933\u0940 \u092e\u0938\u094d\u091c\u093f\u0926", "religion": "muslim"}, "geometry": {"type": "Point", "coordinates": [73.8598348, 18.5161693]}}, {"type": "Feature", "properties": {"amenity": "place_of_worship", "check_date": "2026-03-17", "name": "Sonya Maruti", "name:mr": "\u0938\u094b\u0928\u094d\u092f\u093e \u092e\u093e\u0930\u0941\u0924\u0940", "religion": "hindu"}, "geometry": {"type": "Point", "coordinates": [73.8594099, 18.516055]}}, {"type": "Feature", "properties": {"addr:city": "Pune", "addr:postcode": "411004", "addr:street": "Jangli Maharaj Road", "amenity": "fast_food", "cuisine": "donut", "name": "Mad Over Donuts", "name:mr": "\u092e\u0945\u0921 \u0913\u0935\u094d\u0939\u0930 \u0921\u094b\u0928\u091f\u094d\u0938", "opening_hours": "Mo-Su 09:00-23:00", "phone": "02025530117", "website": "https://www.madoverdonuts.com/"}, "geometry": {"type": "Point", "coordinates": [73.8454021, 18.5192288]}}, {"type": "Feature", "properties": {"addr:district": "Pune", "addr:full": "781/782, Shukrawar Peth, Opposite Jain Mandir", "addr:postcode": "411002", "addr:state": "Maharashtra", "amenity": "hospital", "check_date": "2026-03-13", "name": "Naik Hospital, Pune", "name:mr": "\u0928\u093e\u0908\u0915 \u0930\u0941\u0917\u094d\u0923\u093e\u0932\u092f", "source": "OpenGovernmentData"}, "geometry": {"type": "Point", "coordinates": [73.8594694, 18.5102879]}}, {"type": "Feature", "properties": {"amenity": "waste_disposal"}, "geometry": {"type": "Point", "coordinates": [73.8530314, 18.5164842]}}, {"type": "Feature", "properties": {"amenity": "police", "check_date": "2026-03-12", "name": "Shaniwar Peth Police Chowki", "name:mr": "\u0936\u0928\u093f\u0935\u093e\u0930 \u092a\u0947\u0920 \u092a\u094b\u0932\u0940\u0938 \u091a\u094c\u0915\u0940"}, "geometry": {"type": "Point", "coordinates": [73.8500242, 18.5200094]}}, {"type": "Feature", "properties": {"amenity": "place_of_worship", "check_date": "2026-03-12", "name": "Shaniwar Veer Maruti Mandir", "name:mr": "\u0936\u0928\u093f\u0935\u093e\u0930 \u0935\u0940\u0930 \u092e\u093e\u0930\u0941\u0924\u0940 \u092e\u0902\u0926\u093f\u0930", "religion": "hindu"}, "geometry": {"type": "Point", "coordinates": [73.8518036, 18.5194624]}}, {"type": "Feature", "properties": {"historic": "aircraft", "name": "English Electric Canberra", "ref": "IF908"}, "geometry": {"type": "Point", "coordinates": [73.8662954, 18.5310245]}}, {"type": "Feature", "properties": {"amenity": "cafe", "brand": "Cafe Coffee Day", "brand:wikidata": "Q5017235", "cuisine": "coffee_shop", "name": "Cafe Coffee Day", "opening_hours": "Mo-Su 09:00-23:00", "phone": "+919326877251", "takeaway": "yes", "website": "https://www.cafecoffeeday.com/"}, "geometry": {"type": "Point", "coordinates": [73.8483963, 18.5228996]}}, {"type": "Feature", "properties": {"addr:street": "Laxmi Road", "amenity": "restaurant", "diet:vegetarian": "yes", "internet_access": "yes", "name": "Agatya", "opening_hours": "Mo-Su 08:00-23:30", "phone": "+91 20 2445 6019"}, "geometry": {"type": "Point", "coordinates": [73.8542899, 18.514425]}}, {"type": "Feature", "properties": {"amenity": "school", "education": "school", "name": "Ratanben Chunilal Mehta (RCM) Gujarati High School"}, "geometry": {"type": "Point", "coordinates": [73.8605502, 18.5194727]}}, {"type": "Feature", "properties": {"addr:district": "Pune", "addr:full": "# 589, Ganesh Peth, Dhor Lane, Opposite Pravin Masalewale", "addr:postcode": "411002", "addr:state": "Maharashtra", "amenity": "hospital", "check_date": "2026-03-13", "healthcare": "hospital", "name": "Bora Hospital", "source": "OpenGovernmentData"}, "geometry": {"type": "Point", "coordinates": [73.8625468, 18.511463]}}, {"type": "Feature", "properties": {"amenity": "atm", "brand": "Yes Bank", "brand:wikidata": "Q2040394", "check_date": "2022-09-11", "name": "Yes Bank", "operator": "Yes Bank", "operator:wikidata": "Q2040394"}, "geometry": {"type": "Point", "coordinates": [73.8484216, 18.5229314]}}, {"type": "Feature", "properties": {"amenity": "place_of_worship", "name": "Belbag Mandir", "name:mr": "\u092c\u0947\u0932\u092c\u093e\u0917 \u092e\u0902\u0926\u093f\u0930", "religion": "hindu", "wikidata": "Q98801445"}, "geometry": {"type": "Point", "coordinates": [73.8556093, 18.5156688]}}, {"type": "Feature", "properties": {"amenity": "place_of_worship", "check_date": "2026-03-17", "name": "Lakerya Maruti", "name:mr": "\u0932\u0915\u0947\u0931\u094d\u092f\u093e \u092e\u093e\u0930\u0941\u0924\u0940", "religion": "hindu"}, "geometry": {"type": "Point", "coordinates": [73.8659234, 18.5175688]}}, {"type": "Feature", "properties": {"amenity": "place_of_worship", "check_date": "2026-03-12", "name": "Bhajiram Mandir", "name:mr": "\u092d\u093e\u091c\u0940\u0930\u093e\u092e \u092e\u0902\u0926\u093f\u0930", "religion": "hindu"}, "geometry": {"type": "Point", "coordinates": [73.8477647, 18.5160196]}}, {"type": "Feature", "properties": {"amenity": "cafe", "name": "Floyds 23", "name:mr": "\u092b\u094d\u0932\u0949\u0907\u0921\u094d\u0938 \u0968\u0969"}, "geometry": {"type": "Point", "coordinates": [73.8452439, 18.5190715]}}, {"type": "Feature", "properties": {"historic": "memorial", "inscription": "\u0938\u092e\u093e\u091c\u0938\u0947\u0935\u0915 \u0915\u0943\u0937\u094d\u0923\u0930\u093e\u0935 \u0917\u093e\u0902\u0917\u0941\u0930\u094d\u0921\u0947 (\u0967\u096f\u0967\u096a - \u0967\u096f\u096e\u096c) \u092f\u0947\u0925\u0947 \u0930\u093e\u0939\u093e\u0924 \u0939\u094b\u0924\u0947 \u0967\u096f\u096b\u096c - \u0967\u096f\u096e\u096c", "memorial": "blue_plaque", "name": "Krushnarao Gangurde", "name:mr": "\u0915\u0943\u0937\u094d\u0923\u0930\u093e\u0935 \u0917\u093e\u0902\u0917\u0941\u0930\u094d\u0921\u0947"}, "geometry": {"type": "Point", "coordinates": [73.8506498, 18.5260723]}}, {"type": "Feature", "properties": {"amenity": "atm", "brand": "State Bank of India", "brand:wikidata": "Q1340361", "operator": "State Bank of India", "operator:wikidata": "Q1340361", "short_name": "SBI"}, "geometry": {"type": "Point", "coordinates": [73.8456703, 18.5147245]}}, {"type": "Feature", "properties": {"amenity": "atm", "brand": "Punjab National Bank", "brand:wikidata": "Q2743499", "operator": "Punjab National Bank", "operator:wikidata": "Q2743499", "wheelchair": "no"}, "geometry": {"type": "Point", "coordinates": [73.845273, 18.5191087]}}, {"type": "Feature", "properties": {"amenity": "atm", "brand": "Union Bank of India", "brand:wikidata": "Q2004078", "opening_hours": "24/7", "operator": "Union Bank of India", "operator:wikidata": "Q2004078", "wheelchair": "no"}, "geometry": {"type": "Point", "coordinates": [73.8452912, 18.5191305]}}, {"type": "Feature", "properties": {"amenity": "place_of_worship", "name": "Pataleshwar cave temple", "religion": "hindu"}, "geometry": {"type": "Point", "coordinates": [73.8498456, 18.5269463]}}, {"type": "Feature", "properties": {"addr:street": "Rangoba Ladkat Path", "amenity": "post_office", "check_date": "2026-03-15", "name": "Kasba Peth Post Office", "opening_hours": "Mo-Sa 09:00-16:30"}, "geometry": {"type": "Point", "coordinates": [73.8597302, 18.5200369]}}, {"type": "Feature", "properties": {"amenity": "atm", "brand": "ICICI Bank", "brand:wikidata": "Q1653258", "check_date": "2026-03-12", "name": "ICICI Bank", "name:mr": "\u0906\u092f\u0938\u0940\u0906\u092f\u0938\u0940\u0906\u092f \u092c\u0901\u0915", "opening_hours": "24/7", "operator": "ICICI Bank", "operator:wikidata": "Q1653258", "short_name": "ICICI"}, "geometry": {"type": "Point", "coordinates": [73.8502282, 18.5125847]}}, {"type": "Feature", "properties": {"amenity": "atm", "brand": "Axis Bank", "brand:wikidata": "Q2003549", "check_date": "2026-03-12", "operator": "Axis Bank", "operator:wikidata": "Q2003549"}, "geometry": {"type": "Point", "coordinates": [73.8500144, 18.5164422]}}, {"type": "Feature", "properties": {"amenity": "place_of_worship", "check_date": "2026-03-15", "name:en": "Ram krishna temple", "religion": "hindu"}, "geometry": {"type": "Point", "coordinates": [73.861598, 18.5198182]}}, {"type": "Feature", "properties": {"amenity": "fuel", "brand": "Indian Oil", "brand:wikidata": "Q1289348", "check_date": "2026-03-17", "name": "Indian Oil"}, "geometry": {"type": "Point", "coordinates": [73.8666574, 18.5225285]}}, {"type": "Feature", "properties": {"amenity": "bank", "check_date": "2026-03-15", "name:en": "Pune urban Bank"}, "geometry": {"type": "Point", "coordinates": [73.8587869, 18.5186979]}}, {"type": "Feature", "properties": {"amenity": "place_of_worship", "name:en": "Prem Vitthal"}, "geometry": {"type": "Point", "coordinates": [73.8563099, 18.5190267]}}, {"type": "Feature", "properties": {"amenity": "bank", "brand": "ICICI Bank", "brand:wikidata": "Q1653258", "check_date": "2026-03-15", "name": "ICICI Bank", "name:en": "ICICI", "short_name": "ICICI"}, "geometry": {"type": "Point", "coordinates": [73.8596076, 18.5184143]}}, {"type": "Feature", "properties": {"amenity": "restaurant", "cuisine": "indian", "name": "Supreme Corner", "name:mr": "\u0938\u0941\u092a\u094d\u0930\u0940\u092e \u0915\u0949\u0930\u094d\u0928\u0930"}, "geometry": {"type": "Point", "coordinates": [73.8460261, 18.520535]}}, {"type": "Feature", "properties": {"amenity": "ice_cream", "check_date": "2026-03-12", "name:en": "Khatri Bandhu Ice Cream"}, "geometry": {"type": "Point", "coordinates": [73.8499313, 18.5154115]}}, {"type": "Feature", "properties": {"amenity": "atm", "brand": "Axis Bank", "brand:wikidata": "Q2003549", "operator": "Axis Bank", "operator:wikidata": "Q2003549"}, "geometry": {"type": "Point", "coordinates": [73.8538483, 18.5157857]}}, {"type": "Feature", "properties": {"amenity": "clinic", "healthcare": "clinic", "name:en": "Piles care clinic"}, "geometry": {"type": "Point", "coordinates": [73.8539021, 18.5130522]}}, {"type": "Feature", "properties": {"amenity": "bank", "name:en": "Ganesh Sahkari Bank"}, "geometry": {"type": "Point", "coordinates": [73.8538436, 18.5146424]}}, {"type": "Feature", "properties": {"amenity": "bank", "name:en": "Saraswat Cooperative Bank"}, "geometry": {"type": "Point", "coordinates": [73.8536492, 18.5162659]}}, {"type": "Feature", "properties": {"amenity": "atm", "brand": "Axis Bank", "brand:wikidata": "Q2003549", "operator": "Axis Bank", "operator:wikidata": "Q2003549"}, "geometry": {"type": "Point", "coordinates": [73.8492367, 18.5322712]}}, {"type": "Feature", "properties": {"amenity": "atm", "brand": "HDFC Bank", "brand:wikidata": "Q631047", "operator": "HDFC Bank", "operator:wikidata": "Q631047", "short_name": "HDFC"}, "geometry": {"type": "Point", "coordinates": [73.8492461, 18.5322477]}}, {"type": "Feature", "properties": {"amenity": "atm", "brand": "PDCC Bank", "operator": "PDCC Bank"}, "geometry": {"type": "Point", "coordinates": [73.8492715, 18.5321676]}}, {"type": "Feature", "properties": {"amenity": "bank", "atm": "no", "brand": "PDCC Bank", "name": "PDCC Bank, Agricultural College Branch", "name:mr": "\u092a\u0941\u0923\u0947 \u091c\u093f\u0932\u094d\u0939\u093e \u092e\u0927\u094d\u092f\u0935\u0930\u094d\u0924\u0940 \u0938\u0939\u0915\u093e\u0930\u0940 \u092c\u0901\u0915, \u0915\u0943\u0937\u0940 \u092e\u0939\u093e\u0935\u093f\u0926\u094d\u092f\u093e\u0932\u092f \u0936\u093e\u0916\u093e", "operator": "PDCC Bank"}, "geometry": {"type": "Point", "coordinates": [73.8492595, 18.5322077]}}, {"type": "Feature", "properties": {"amenity": "restaurant", "name": "Aalok", "name:mr": "\u0906\u0932\u094b\u0915"}, "geometry": {"type": "Point", "coordinates": [73.8532647, 18.5253926]}}, {"type": "Feature", "properties": {"amenity": "fountain"}, "geometry": {"type": "Point", "coordinates": [73.8496566, 18.5197359]}}, {"type": "Feature", "properties": {"amenity": "place_of_worship", "name": "Shri Sadguru Ramanand Bidkar Maharaj Math", "name:mr": "\u0936\u094d\u0930\u0940 \u0938\u0926\u094d\u0917\u0941\u0930\u0942 \u0930\u093e\u092e\u093e\u0928\u0902\u0926 \u092c\u093f\u0921\u0915\u0930 \u092e\u0939\u093e\u0930\u093e\u091c \u092e\u0920", "religion": "hindu"}, "geometry": {"type": "Point", "coordinates": [73.8480679, 18.518122]}}, {"type": "Feature", "properties": {"amenity": "post_box"}, "geometry": {"type": "Point", "coordinates": [73.8625404, 18.522527]}}, {"type": "Feature", "properties": {"amenity": "hospital", "healthcare": "hospital", "name": "Paranjape Hospital", "name:mr": "\u092a\u0930\u093e\u0902\u091c\u092a\u0947 \u0939\u0949\u0938\u094d\u092a\u093f\u091f\u0932"}, "geometry": {"type": "Point", "coordinates": [73.8460515, 18.5143979]}}, {"type": "Feature", "properties": {"amenity": "restaurant", "contact:phone": "+912024453820", "delivery": "yes", "name": "New Apoorwai", "name:mr": "\u0928\u094d\u092f\u0942 \u0905\u092a\u0942\u0930\u094d\u0935\u093e\u0908", "phone": "+912024453820"}, "geometry": {"type": "Point", "coordinates": [73.8461682, 18.5142459]}}, {"type": "Feature", "properties": {"amenity": "atm", "brand": "Kotak Mahindra Bank", "brand:wikidata": "Q2040404", "check_date": "2026-03-12", "name": "Kotak Mahindra Bank", "name:mr": "\u0915\u094b\u091f\u0915 \u092e\u0939\u093f\u0902\u0926\u094d\u0930\u093e \u092c\u0901\u0915", "opening_hours": "24/7", "operator": "Kotak Mahindra Bank", "operator:wikidata": "Q2040404"}, "geometry": {"type": "Point", "coordinates": [73.8470218, 18.5140154]}}, {"type": "Feature", "properties": {"amenity": "atm", "brand": "State Bank of India", "brand:wikidata": "Q1340361", "name": "State Bank of India", "name:mr": "\u0938\u094d\u091f\u0947\u091f \u092c\u0901\u0915 \u0911\u092b \u0907\u0902\u0921\u093f\u092f\u093e", "opening_hours": "24/7", "operator": "State Bank of India", "operator:wikidata": "Q1340361", "short_name": "SBI"}, "geometry": {"type": "Point", "coordinates": [73.8469725, 18.5140094]}}, {"type": "Feature", "properties": {"addr:city": "Pune", "amenity": "bank", "check_date": "2026-03-12", "name": "Bhangini Nivedita Sahakari Bank", "name:en": "Bhangini Nivedita Sahakari Bank", "name:mr": "\u092d\u0917\u093f\u0928\u0940 \u0928\u093f\u0935\u0947\u0926\u093f\u0924\u093e \u0938\u0939\u0915\u093e\u0930\u0940 \u092c\u0901\u0915", "operator": "Bhangini Nivedita Sahakari Bank"}, "geometry": {"type": "Point", "coordinates": [73.847048, 18.5140246]}}, {"type": "Feature", "properties": {"amenity": "place_of_worship", "name": "Guruji Talim", "name:mr": "\u0917\u0941\u0930\u0941\u091c\u0940 \u0924\u093e\u0932\u0940\u092e", "religion": "hindu"}, "geometry": {"type": "Point", "coordinates": [73.8546601, 18.5150471]}}, {"type": "Feature", "properties": {"amenity": "restaurant", "check_date": "2026-03-13", "cuisine": "indian", "name": "Shri Niyanand Bhuvan", "name:mr": "\u0936\u094d\u0930\u0940 \u0928\u093f\u0924\u094d\u092f\u093e\u0928\u0902\u0926 \u092d\u0941\u0935\u0928"}, "geometry": {"type": "Point", "coordinates": [73.8585547, 18.5127211]}}, {"type": "Feature", "properties": {"amenity": "bank", "check_date": "2026-03-17", "name": "TJSB Bank", "name:mr": "\u091f\u0940\u091c\u0947\u090f\u0938\u092c\u0940 \u092c\u0901\u0915", "operator": "TJSB Bank"}, "geometry": {"type": "Point", "coordinates": [73.8575435, 18.5130683]}}, {"type": "Feature", "properties": {"amenity": "restaurant", "name": "Surabhi", "name:mr": "\u0938\u0941\u0930\u092d\u093f"}, "geometry": {"type": "Point", "coordinates": [73.8496605, 18.5254288]}}, {"type": "Feature", "properties": {"amenity": "restaurant", "name": "Gandharva", "name:mr": "\u0917\u0902\u0927\u0930\u094d\u0935"}, "geometry": {"type": "Point", "coordinates": [73.8490851, 18.5226465]}}, {"type": "Feature", "properties": {"amenity": "restaurant", "check_date": "2026-03-12", "name": "Caf\u00e9 Canada", "name:mr": "\u0915\u0945\u092b\u0947 \u0915\u0945\u0928\u0921\u093e"}, "geometry": {"type": "Point", "coordinates": [73.8639446, 18.5272371]}}, {"type": "Feature", "properties": {"addr:street": "Ghole Road", "amenity": "bank", "name": "Janata Sahakari Bank Ltd. Pune", "opening_hours": "Mo-Sa 09:30-18:30"}, "geometry": {"type": "Point", "coordinates": [73.8461991, 18.523505]}}, {"type": "Feature", "properties": {"amenity": "restaurant", "check_date": "2026-03-15", "name:en": "Hotel Nageshwar"}, "geometry": {"type": "Point", "coordinates": [73.862533, 18.5197288]}}, {"type": "Feature", "properties": {"amenity": "restaurant", "check_date": "2026-03-13", "name:en": "Lalit Mahal"}, "geometry": {"type": "Point", "coordinates": [73.8648453, 18.5207018]}}, {"type": "Feature", "properties": {"amenity": "ice_cream", "name": "Sujata Mastani", "name:mr": "\u0938\u0941\u091c\u093e\u0924\u093e \u092e\u0938\u094d\u0924\u093e\u0928\u0940"}, "geometry": {"type": "Point", "coordinates": [73.8522367, 18.5116529]}}, {"type": "Feature", "properties": {"amenity": "place_of_worship", "name": "Kala Datta Mandir", "name:mr": "\u0915\u093e\u0933\u093e \u0926\u0924\u094d\u0924 \u092e\u0902\u0926\u093f\u0930", "religion": "hindu"}, "geometry": {"type": "Point", "coordinates": [73.8570748, 18.5187546]}}, {"type": "Feature", "properties": {"amenity": "place_of_worship", "name": "Phani Ali Ganesh Mandir", "name:mr": "\u092b\u0923\u0940 \u0906\u0933\u0940 \u0917\u0923\u0947\u0936 \u092e\u0902\u0926\u093f\u0930", "religion": "hindu"}, "geometry": {"type": "Point", "coordinates": [73.8570996, 18.5188329]}}, {"type": "Feature", "properties": {"amenity": "place_of_worship", "check_date": "2026-03-15", "name": "Chavhan Shriram Mandir", "name:mr": "\u091a\u0935\u094d\u0939\u093e\u0923 \u0936\u094d\u0930\u0940\u0930\u093e\u092e \u092e\u0902\u0926\u093f\u0930", "religion": "hindu"}, "geometry": {"type": "Point", "coordinates": [73.8585466, 18.5189689]}}, {"type": "Feature", "properties": {"amenity": "atm", "brand": "Union Bank", "check_date": "2026-03-12", "name": "Union Bank", "name:mr": "\u092f\u0942\u0928\u093f\u092f\u0928 \u092c\u0901\u0915", "operator": "Union Bank"}, "geometry": {"type": "Point", "coordinates": [73.8643134, 18.5242907]}}, {"type": "Feature", "properties": {"amenity": "bank", "brand": "Union Bank", "check_date": "2026-03-12", "name": "Union Bank", "name:mr": "\u092f\u0942\u0928\u093f\u092f\u0928 \u092c\u0901\u0915", "operator": "Union Bank"}, "geometry": {"type": "Point", "coordinates": [73.8642557, 18.5242246]}}, {"type": "Feature", "properties": {"amenity": "community_centre", "check_date": "2026-03-12", "name": "Vishnukrupa", "name:mr": "\u0935\u093f\u0937\u094d\u0923\u0941\u0915\u0943\u092a\u093e"}, "geometry": {"type": "Point", "coordinates": [73.8499126, 18.5191711]}}, {"type": "Feature", "properties": {"amenity": "atm", "brand": "ICICI Bank", "brand:wikidata": "Q1653258", "check_date": "2026-03-12", "name": "ICICI Bank", "name:mr": "\u0906\u092f\u0938\u0940\u0906\u092f\u0938\u0940\u0906\u092f \u092c\u0901\u0915", "opening_hours": "24/7", "operator": "ICICI Bank", "operator:wikidata": "Q1653258", "short_name": "ICICI"}, "geometry": {"type": "Point", "coordinates": [73.8499951, 18.5186243]}}, {"type": "Feature", "properties": {"amenity": "bank", "brand": "ICICI Bank", "brand:wikidata": "Q1653258", "check_date": "2026-03-12", "name": "ICICI Bank", "name:mr": "\u0906\u092f\u0938\u0940\u0906\u092f\u0938\u0940\u0906\u092f \u092c\u0901\u0915", "operator": "ICICI Bank", "short_name": "ICICI"}, "geometry": {"type": "Point", "coordinates": [73.8502251, 18.5126143]}}, {"type": "Feature", "properties": {"amenity": "atm", "brand": "Cosmos Bank", "check_date": "2026-03-15", "name": "Cosmos Bank", "name:mr": "\u0915\u0949\u0938\u092e\u0949\u0938 \u092c\u0901\u0915", "opening_hours": "24/7", "operator": "Cosmos Bank"}, "geometry": {"type": "Point", "coordinates": [73.8524432, 18.5143782]}}, {"type": "Feature", "properties": {"amenity": "bank", "brand": "Cosmos Bank", "check_date": "2026-03-15", "name": "Cosmos Bank", "name:mr": "\u0915\u0949\u0938\u092e\u0949\u0938 \u092c\u0901\u0915", "operator": "Cosmos Bank"}, "geometry": {"type": "Point", "coordinates": [73.8524955, 18.5144189]}}, {"type": "Feature", "properties": {"amenity": "place_of_worship", "name": "Shrikunthunath Shwetambar Jain Mandir", "name:mr": "\u0936\u094d\u0930\u0940\u0915\u0941\u0902\u0925\u0941\u0928\u093e\u0925 \u0936\u094d\u0935\u0947\u0924\u093e\u0902\u092c\u0930 \u091c\u0948\u0928 \u092e\u0902\u0926\u093f\u0930", "religion": "jain"}, "geometry": {"type": "Point", "coordinates": [73.85694, 18.5177049]}}, {"type": "Feature", "properties": {"amenity": "theatre", "check_date": "2026-03-12", "name": "Mini Auditorium COEP"}, "geometry": {"type": "Point", "coordinates": [73.8556592, 18.5311165]}}, {"type": "Feature", "properties": {"addr:city": "Pune", "addr:full": "near Hotel Pride", "addr:housenumber": "1671 - 75", "addr:neighbourhood": "Shivaji Nagar", "addr:postcode": "411005", "addr:street": "Ganeshkhind Road", "addr:suburb": "Narveer Tanaji Wadi", "amenity": "hospital", "healthcare": "hospital", "healthcare:speciality": "gynaecology", "name": "ONP Leela Hospital", "operator": "ONP Hospitals", "phone": "020 6721 6600;020 6721 6699;9373813199", "website": "https://onphospitals.com", "wikidata": "Q65057391", "wikipedia": "en:ONP Hospitals"}, "geometry": {"type": "Point", "coordinates": [73.8468085, 18.5329215]}}, {"type": "Feature", "properties": {"addr:city": "Pune", "addr:district": "PUNE", "addr:full": "C.T.S. No. 592, 3rd Floor, Dhanwantari Complex, Rasta Peth, Pune", "addr:postcode": "411011", "addr:state": "Maharashtra", "amenity": "blood_bank", "check_date": "2026-03-17", "contact:mobile": "09822252965; 09822252965", "contact:phone": "02026133387; 02026141719; 02027472876", "name": "Poona Serological Institute Blood Bank", "operator:type": "ngo", "source": "OpenGovernmentData"}, "geometry": {"type": "Point", "coordinates": [73.8645829, 18.5173234]}}, {"type": "Feature", "properties": {"addr:city": "Pune", "addr:district": "PUNE", "addr:full": "Pune", "addr:state": "Maharashtra", "amenity": "blood_bank", "check_date": "2026-03-12", "name": "M/s. Vidyashree Charitable Trusts Om Blood Bank", "operator:type": "ngo", "source": "OpenGovernmentData"}, "geometry": {"type": "Point", "coordinates": [73.8641996, 18.5234401]}}, {"type": "Feature", "properties": {"addr:city": "Pune", "addr:full": "Sardar Moodliar Road, Rastha Peth, Pune", "addr:postcode": "411001", "addr:state": "Maharashtra", "amenity": "blood_bank", "check_date": "2026-03-17", "contact:phone": "02026125600; 02066037324; 02026125603", "name": "KEM Hospital Blood Bank", "operator:type": "ngo", "source": "OpenGovernmentData"}, "geometry": {"type": "Point", "coordinates": [73.8666764, 18.5200829]}}, {"type": "Feature", "properties": {"amenity": "atm", "brand": "Kotak Mahindra Bank", "brand:wikidata": "Q2040404", "name": "Kotak Mahindra Bank", "operator": "Kotak Mahindra Bank", "operator:wikidata": "Q2040404"}, "geometry": {"type": "Point", "coordinates": [73.8639928, 18.5202083]}}, {"type": "Feature", "properties": {"amenity": "atm", "brand": "ICICI Bank", "brand:wikidata": "Q1653258", "check_date": "2026-03-13", "name": "ICICI Bank", "operator": "ICICI Bank", "operator:wikidata": "Q1653258", "short_name": "ICICI"}, "geometry": {"type": "Point", "coordinates": [73.866525, 18.5224248]}}, {"type": "Feature", "properties": {"amenity": "atm", "brand": "HDFC Bank", "brand:wikidata": "Q631047", "name": "HDFC Bank", "operator": "HDFC Bank", "operator:wikidata": "Q631047", "short_name": "HDFC"}, "geometry": {"type": "Point", "coordinates": [73.8640356, 18.5202627]}}, {"type": "Feature", "properties": {"addr:district": "Pune", "addr:full": "420, Moti Chowk Ravivar Peth , 420, Moti Chowk Ravivar Peth", "addr:postcode": "411001", "addr:state": "Maharashtra", "amenity": "hospital", "check_date": "2026-03-17", "healthcare": "hospital", "name": "Yashda Hospital", "source": "OpenGovernmentData"}, "geometry": {"type": "Point", "coordinates": [73.859535, 18.5168084]}}, {"type": "Feature", "properties": {"addr:district": "Pune", "addr:full": "351 Shukrawar Peth", "addr:postcode": "411013", "addr:state": "Maharashtra", "amenity": "hospital", "check_date": "2026-03-13", "healthcare": "hospital", "name": "Umarji Hospital", "source": "OpenGovernmentData"}, "geometry": {"type": "Point", "coordinates": [73.857758, 18.5119352]}}, {"type": "Feature", "properties": {"addr:district": "Pune", "addr:full": "23, Mangalwar Peth", "addr:postcode": "411011", "addr:state": "Maharashtra", "amenity": "clinic", "check_date": "2026-03-15", "health_facility:type": "dispensary", "healthcare": "centre", "name": "CGHS Dispensary No.4", "operator:type": "government", "source": "OpenGovernmentData", "website": "http://nb.bsf.gov.in/CGHS%20DIspenseries.pdf"}, "geometry": {"type": "Point", "coordinates": [73.8599682, 18.5189181]}}, {"type": "Feature", "properties": {"addr:district": "Pune", "addr:full": "1162/3, Crescent Exclusee, Shivaji Nagar", "addr:postcode": "411005", "addr:state": "Maharashtra", "amenity": "hospital", "healthcare": "hospital", "name": "Pune Fertility Center", "source": "OpenGovernmentData"}, "geometry": {"type": "Point", "coordinates": [73.8479868, 18.5287757]}}, {"type": "Feature", "properties": {"addr:district": "Pune", "addr:full": "227, Rasta Peth, Omkar Apt", "addr:postcode": "411011", "addr:state": "Maharashtra", "amenity": "hospital", "check_date": "2026-03-17", "healthcare": "hospital", "name": "Shri Samarth Hospital", "source": "OpenGovernmentData"}, "geometry": {"type": "Point", "coordinates": [73.865867, 18.5180616]}}, {"type": "Feature", "properties": {"addr:district": "Pune", "addr:full": "555, Narayan Peth, N C Kelkar Road", "addr:postcode": "411030", "addr:state": "Maharashtra", "amenity": "hospital", "check_date": "2026-03-12", "healthcare": "hospital", "name": "Ashakiran Hospital", "source": "OpenGovernmentData"}, "geometry": {"type": "Point", "coordinates": [73.8474959, 18.5158253]}}, {"type": "Feature", "properties": {"addr:district": "Pune", "addr:full": "No. 695, Sadashiva Peth, ,Opposite Vijay Cinema,Laxmi Road", "addr:postcode": "411030", "addr:state": "Maharashtra", "amenity": "hospital", "check_date": "2026-03-12", "healthcare": "hospital", "name": "Sant Dnyaneswar Medical Education Research Centre", "source": "OpenGovernmentData"}, "geometry": {"type": "Point", "coordinates": [73.8476971, 18.5137805]}}, {"type": "Feature", "properties": {"addr:district": "Pune", "addr:full": "1233, Shivaji Nagar, J.M. Road", "addr:postcode": "411005", "addr:state": "Maharashtra", "amenity": "hospital", "healthcare": "hospital", "name": "Dr. Karve Childrens Hospital", "natural": "tree", "source": "OpenGovernmentData"}, "geometry": {"type": "Point", "coordinates": [73.85012, 18.5259905]}}, {"type": "Feature", "properties": {"addr:district": "Pune", "addr:full": "No. 695-A , Sadashiv Peth Laxmi Road, Opp Vijay Talkies", "addr:postcode": "411030", "addr:state": "Maharashtra", "amenity": "clinic", "check_date": "2026-03-12", "healthcare": "clinic", "name": "Shaishav Clinic", "source": "OpenGovernmentData"}, "geometry": {"type": "Point", "coordinates": [73.8477098, 18.5138215]}}, {"type": "Feature", "properties": {"addr:district": "Pune", "addr:full": "339-C, Near Kem Hospital,Rasta Peth", "addr:postcode": "411011", "addr:state": "Maharashtra", "amenity": "hospital", "check_date": "2026-03-17", "healthcare": "hospital", "name": "Dhanwantari Hospital", "source": "OpenGovernmentData"}, "geometry": {"type": "Point", "coordinates": [73.8658999, 18.5194471]}}, {"type": "Feature", "properties": {"addr:district": "Pune", "addr:full": "No. 562 / 1, Jada Bhuvan, Shivaji Nagaar, Opp Bal Gandharv Bridge;Survey No 1187/13, Chiroda Niwas, Ghole Road, Next to NIO, Pune", "addr:postcode": "411005", "addr:state": "Maharashtra;Maharastra", "amenity": "hospital", "healthcare": "hospital", "name": "Pungliya Hospital", "source": "OpenGovernmentData;Local Knowledge"}, "geometry": {"type": "Point", "coordinates": [73.8508487, 18.5226796]}}, {"type": "Feature", "properties": {"addr:district": "Pune", "addr:full": "Awanti Apartments Opposiste Amti Ganpati Kelkar Road Narayanpeth", "addr:postcode": "411027", "addr:state": "Maharashtra", "amenity": "clinic", "check_date": "2026-03-12", "healthcare": "clinic", "name": "S P Deshpande Eye Clinic", "source": "OpenGovernmentData"}, "geometry": {"type": "Point", "coordinates": [73.8471479, 18.5157802]}}, {"type": "Feature", "properties": {"addr:district": "Pune", "addr:full": "1301 , Bharat Natya Mandir Road", "addr:postcode": "411030", "addr:state": "Maharashtra", "amenity": "hospital", "healthcare": "hospital", "name": "Godbole Hospital", "source": "OpenGovernmentData"}, "geometry": {"type": "Point", "coordinates": [73.8513154, 18.5112078]}}, {"type": "Feature", "properties": {"addr:district": "Pune", "addr:full": "1st Floor, 1206/A/40, Matru Mandir, Opp, Jangali Maharaj Rd, Sambhaji Garden, Shivajinagar", "addr:postcode": "411005", "addr:state": "Maharashtra", "amenity": "clinic", "healthcare": "clinic", "name": "Bhide Clinic", "source": "OpenGovernmentData"}, "geometry": {"type": "Point", "coordinates": [73.8458765, 18.5208179]}}, {"type": "Feature", "properties": {"addr:district": "Pune", "addr:full": "1486, Kasba Peth , Next To Daruwala Pool", "addr:postcode": "411011", "addr:state": "Maharashtra", "amenity": "hospital", "check_date": "2026-03-15", "healthcare": "hospital", "name": "Samarth Hospital, Pune", "source": "OpenGovernmentData"}, "geometry": {"type": "Point", "coordinates": [73.862059, 18.5195234]}}, {"type": "Feature", "properties": {"addr:district": "Pune", "addr:full": "8/1, Mangalwar Peth, 137 Mangalwar Peth, 573, Nana Peth", "addr:postcode": "411001", "addr:state": "Maharashtra", "amenity": "hospital", "check_date": "2026-03-12", "healthcare": "hospital", "name": "Dr. Todkar Hospital", "source": "OpenGovernmentData"}, "geometry": {"type": "Point", "coordinates": [73.8639473, 18.5229518]}}, {"type": "Feature", "properties": {"addr:district": "Pune", "addr:full": "1148,Sadashiv Peth,Opposite Perugate", "addr:postcode": "411030", "addr:state": "Maharashtra", "amenity": "hospital", "check_date": "2026-03-12", "healthcare": "hospital", "name": "Manoj Clinic / Gore Hospital", "source": "OpenGovernmentData"}, "geometry": {"type": "Point", "coordinates": [73.8487867, 18.5117788]}}, {"type": "Feature", "properties": {"addr:district": "Pune", "addr:full": "Chhatrapati Sambhaji Maharaj Rd, Pantancha Gate, Sadashiv Peth", "addr:postcode": "411030", "addr:state": "Maharashtra", "amenity": "hospital", "check_date": "2026-03-12", "healthcare": "hospital", "name": "Vishwaniranjan Eye Hospital", "source": "OpenGovernmentData"}, "geometry": {"type": "Point", "coordinates": [73.8458276, 18.5113846]}}, {"type": "Feature", "properties": {"addr:district": "Pune", "addr:full": "1206/4,OppositeSambhaji Park,K.P Kulkarni Road", "addr:postcode": "411004", "addr:state": "Maharashtra", "amenity": "hospital", "healthcare": "hospital", "name": "Centre For Laproscopy Surgery", "source": "OpenGovernmentData"}, "geometry": {"type": "Point", "coordinates": [73.8452496, 18.5207937]}}, {"type": "Feature", "properties": {"addr:district": "Pune", "addr:full": "Kamal 2nd Floor, 1306 Shivajinagar, Behind Bank Of Baroda", "addr:postcode": "411005", "addr:state": "Maharashtra", "amenity": "clinic", "healthcare": "clinic", "name": "Pandit Clinic", "source": "OpenGovernmentData"}, "geometry": {"type": "Point", "coordinates": [73.8496108, 18.5232989]}}, {"type": "Feature", "properties": {"addr:district": "Pune", "addr:full": "Laxmi Road, Narayan Peth, Pune, Maharashtra", "addr:postcode": "411030", "addr:state": "Maharashtra", "addr:subdistrict": "Pune City", "amenity": "hospital", "healthcare": "hospital", "name": "Sutika Seva Mandir", "source": "OpenGovernmentData"}, "geometry": {"type": "Point", "coordinates": [73.846551, 18.513913]}}, {"type": "Feature", "properties": {"amenity": "bus_station", "bus": "yes", "internet_access": "no", "name": "PMPML Bus Parking", "network": "PMPML", "operator": "PMPML", "public_transport": "station", "wikidata": "Q7260109", "wikimedia_commons": "Category:Pune Mahanagar Parivahan Mahamandal Limited", "wikipedia": "en:Pune Mahanagar Parivahan Mahamandal Limited"}, "geometry": {"type": "Point", "coordinates": [73.8602685, 18.5338511]}}, {"type": "Feature", "properties": {"amenity": "fast_food", "check_date": "2026-03-12", "name": "Fast food"}, "geometry": {"type": "Point", "coordinates": [73.8564329, 18.5295693]}}, {"type": "Feature", "properties": {"addr:district": "Pune", "addr:full": "Ramganesh Gadkari Path, Yashodatta Housing Society, Kasba Peth, Pune", "addr:postcode": "411011", "addr:state": "Maharastra", "amenity": "clinic", "check_date": "2026-03-15", "healthcare": "clinic", "name": "Manish Clinic", "source": "Local Knowledge"}, "geometry": {"type": "Point", "coordinates": [73.8574069, 18.5195705]}}, {"type": "Feature", "properties": {"addr:district": "Pune", "addr:full": "Pratham Apartment, RB Kumthekar Road, Opposite to Sadashiv Peth, Pune", "addr:postcode": "411030", "addr:state": "Maharastra", "amenity": "clinic", "check_date": "2026-03-12", "healthcare": "clinic", "name": "Pratham Clinic", "source": "Local Knowledge"}, "geometry": {"type": "Point", "coordinates": [73.8489965, 18.5131462]}}, {"type": "Feature", "properties": {"addr:district": "Pune", "addr:full": "Nikhil Nikethan Apartments, Vandemataram Chowk, Near Bhikardas Maruti, Pune", "addr:postcode": "411030", "addr:state": "Maharastra", "amenity": "hospital", "name": "Date Hospital", "source": "Local Knowledge"}, "geometry": {"type": "Point", "coordinates": [73.8522294, 18.51024]}}, {"type": "Feature", "properties": {"addr:district": "Pune", "addr:full": "Budhwar Peth, Pune", "addr:postcode": "411002", "addr:state": "Maharastra", "amenity": "clinic", "healthcare": "clinic", "name": "Dr. Saha Clinic", "source": "Local Knowledge"}, "geometry": {"type": "Point", "coordinates": [73.859913, 18.5177669]}}, {"type": "Feature", "properties": {"addr:district": "Pune", "addr:full": "405, Munjabacha Bole Road, Narayan Peth, Pune", "addr:postcode": "411030", "addr:state": "Maharastra", "amenity": "hospital", "check_date": "2026-03-12", "healthcare": "hospital", "name": "Morya General Hospital", "source": "Local Knowledge"}, "geometry": {"type": "Point", "coordinates": [73.8484343, 18.5147901]}}, {"type": "Feature", "properties": {"addr:district": "Pune", "addr:full": "Gandhinagar, Mangalwar Peth, Kasba Peth, Pune", "addr:postcode": "411011", "addr:state": "Maharastra", "amenity": "clinic", "check_date": "2026-03-12", "healthcare": "clinic", "name": "Niramay Clinic", "source": "Local Knowledge"}, "geometry": {"type": "Point", "coordinates": [73.8631174, 18.5238058]}}, {"type": "Feature", "properties": {"addr:district": "Pune", "addr:full": "Shreepal Chambers, Near Shaniwar wada, Bajirao Road, Pune", "addr:postcode": "411030", "addr:state": "Maharastra", "amenity": "doctors", "healthcare": "doctor", "name": "Dr. K M Gangwal", "source": "Local Knowledge"}, "geometry": {"type": "Point", "coordinates": [73.8502601, 18.5140279]}}, {"type": "Feature", "properties": {"addr:district": "Pune", "addr:full": "106/2, Old Tophakhana, Tophakhana, Shivajinagar, Pune", "addr:postcode": "411005", "addr:state": "Maharastra", "amenity": "clinic", "healthcare": "clinic", "name": "Shri Dattakrupa Clinic", "source": "Local Knowledge"}, "geometry": {"type": "Point", "coordinates": [73.8550284, 18.5262863]}}, {"type": "Feature", "properties": {"addr:district": "Pune", "addr:full": "612, Laxmi Road, Anutej Symphony Society, Rasta Peth, Pune", "addr:postcode": "411002", "addr:state": "Maharashtra", "amenity": "clinic", "check_date": "2026-03-17", "healthcare": "clinic", "name": "Shree Ganga Clinic", "source": "Local Knowledge"}, "geometry": {"type": "Point", "coordinates": [73.8653981, 18.5155226]}}, {"type": "Feature", "properties": {"addr:district": "Pune", "addr:full": "576, LB Bhopatkar Path, Bhatancha Bol, Narayan Peth, Pune", "addr:postcode": "411030", "addr:state": "Maharastra", "amenity": "clinic", "check_date": "2026-03-12", "healthcare": "clinic", "name": "Asava Clinic", "source": "Local Knowledge"}, "geometry": {"type": "Point", "coordinates": [73.8498982, 18.516103]}}, {"type": "Feature", "properties": {"addr:district": "Pune", "addr:full": "Opposite Hotel Basera, Hasabnis Bakhal, Shaniwar Peth, Pune", "addr:postcode": "411030", "addr:state": "Maharastra", "amenity": "dentist", "check_date": "2026-03-12", "healthcare": "dentist", "name": "Behere Dental Clinic", "source": "Local Knowledge"}, "geometry": {"type": "Point", "coordinates": [73.8538528, 18.517895]}}, {"type": "Feature", "properties": {"addr:city": "Pune", "addr:district": "Pune", "addr:full": "Asus Service Center, Sadashiv Peth, Limayewadi Road, Perugate, Pune", "addr:housenumber": "1169", "addr:postcode": "411030", "addr:state": "Maharastra", "addr:street": "Limaye Wadi Road", "amenity": "doctors", "check_date": "2026-03-15", "healthcare": "doctor", "healthcare:speciality": "general", "name": "Dr. Chetan Deshmukh", "source": "Local Knowledge"}, "geometry": {"type": "Point", "coordinates": [73.8465396, 18.5103956]}}, {"type": "Feature", "properties": {"addr:district": "Pune", "addr:full": "Poona Hospital & Research Centre 27, Sadashiv Peth, Nr. Alka Talkies, Pune", "addr:postcode": "411030", "addr:state": "Maharastra", "amenity": "doctors", "healthcare": "doctor", "name": "Dr. Nitin Abhyankar", "source": "Local Knowledge"}, "geometry": {"type": "Point", "coordinates": [73.850646, 18.5108253]}}, {"type": "Feature", "properties": {"addr:district": "Pune", "addr:full": "Ayurvedic Rasashala Premises, Maharshi Karve Road, Khilarewadi, Erandwane, Pune", "addr:postcode": "411004", "addr:state": "Maharastra", "amenity": "doctors", "healthcare": "doctor", "name": "Dr. Shailesh Puntambekar", "source": "Local Knowledge"}, "geometry": {"type": "Point", "coordinates": [73.850995, 18.5258653]}}, {"type": "Feature", "properties": {"addr:district": "Pune", "addr:full": "Niranjan Madhav Road, Apte Ghat, Shaniwar Peth, Pune", "addr:postcode": "411030", "addr:state": "Maharastra", "amenity": "doctors", "check_date": "2026-03-12", "healthcare": "doctor", "name": "Dr. Neelima Beke", "source": "Local Knowledge"}, "geometry": {"type": "Point", "coordinates": [73.853084, 18.5199979]}}, {"type": "Feature", "properties": {"addr:district": "Pune", "addr:full": "Nageshwar Mandir Road, Somwar Peth, Pune", "addr:postcode": "411011", "addr:state": "Maharashtra", "amenity": "hospital", "check_date": "2026-03-12", "healthcare": "hospital", "name": "Kumbhare Hospital", "source": "Local Knowledge"}, "geometry": {"type": "Point", "coordinates": [73.8622355, 18.5218011]}}, {"type": "Feature", "properties": {"addr:district": "Pune", "addr:full": "1188, Limayewadi Road, Vishnu Bhuvan Society, Limayewadi, Sadashiv Peth, Pune", "addr:postcode": "411030", "addr:state": "Maharastra", "amenity": "hospital", "healthcare": "hospital", "name": "\u092f\u094b\u0917\u0947\u0936 \u0939\u0949\u0938\u094d\u092a\u093f\u091f\u0932", "name:en": "Yogesh Hospital", "opening_hours": "24/7", "source": "Local Knowledge"}, "geometry": {"type": "Point", "coordinates": [73.847875, 18.510438]}}, {"type": "Feature", "properties": {"addr:district": "Pune", "addr:full": "Somwar Peth, Pune", "addr:postcode": "411011", "addr:state": "Maharastra", "amenity": "clinic", "check_date": "2026-03-15", "healthcare": "clinic", "name": "Paras Clinic", "source": "Local Knowledge"}, "geometry": {"type": "Point", "coordinates": [73.8625837, 18.5214643]}}, {"type": "Feature", "properties": {"addr:district": "Pune", "addr:full": "Near Bank of Maharashtra, New Nana Peth, Bhawani Peth, Pune", "addr:postcode": "411002", "addr:state": "Maharastra", "amenity": "hospital", "check_date": "2026-03-12", "healthcare": "hospital", "name": "Todkar Hospital", "source": "Local Knowledge"}, "geometry": {"type": "Point", "coordinates": [73.8660862, 18.5107128]}}, {"type": "Feature", "properties": {"addr:district": "Pune", "addr:full": "695/A, Laxmi Road, Opposite Vijay Talkies, Sadashiv Peth, Pune", "addr:postcode": "411030", "addr:state": "Maharastra", "amenity": "hospital", "check_date": "2026-03-12", "healthcare": "hospital", "name": "Shaishav Children's Hospital", "source": "Local Knowledge"}, "geometry": {"type": "Point", "coordinates": [73.8476204, 18.5137927]}}, {"type": "Feature", "properties": {"addr:district": "Pune", "addr:full": "753, Gundacha Ganpati Road, Kasba Peth, Pune", "addr:postcode": "411011", "addr:state": "Maharastra", "amenity": "clinic", "check_date": "2026-03-12", "healthcare": "clinic", "name": "Milenkari Clinic", "source": "Local Knowledge"}, "geometry": {"type": "Point", "coordinates": [73.859575, 18.521921]}}, {"type": "Feature", "properties": {"addr:district": "Pune", "addr:full": "Revenue Colony, Shivajinagar, Pune", "addr:postcode": "411005", "addr:state": "Maharastra", "amenity": "doctors", "healthcare": "doctor", "name": "Dr. Shreerang Godbole", "source": "Local Knowledge"}, "geometry": {"type": "Point", "coordinates": [73.849329, 18.5259463]}}, {"type": "Feature", "properties": {"addr:city": "Pune", "addr:district": "Pune", "addr:full": "1021/22, Sadashiv Peth Road, Nagnath Par, Sadashiv Peth, Pune", "addr:housenumber": "1021/22", "addr:postcode": "411030", "addr:state": "Maharastra", "addr:street": "Sadashiv Peth Houd", "amenity": "hospital", "check_date": "2026-03-12", "healthcare": "hospital", "healthcare:speciality": "CONSULTANT_OBSTETRICIAN_AND_GYNAECOLOGIST", "name": "Shintre Hospital", "source": "Local Knowledge", "website": "https://www.shintrehospital.in/"}, "geometry": {"type": "Point", "coordinates": [73.8499324, 18.5122403]}}, {"type": "Feature", "properties": {"addr:district": "Pune", "addr:full": "VG Kothari Path, Narayan Peth, Pune", "addr:postcode": "411030", "addr:state": "Maharashtra", "amenity": "hospital", "check_date": "2026-03-12", "healthcare": "hospital", "name": "Kalavati Mavale Hospital", "source": "Local Knowledge"}, "geometry": {"type": "Point", "coordinates": [73.8464127, 18.5150421]}}, {"type": "Feature", "properties": {"addr:district": "Pune", "addr:full": "Lokhande Talim Road, Narayan Peth, Pune", "addr:postcode": "411030", "addr:state": "Maharastra", "amenity": "clinic", "check_date": "2026-03-12", "healthcare": "clinic", "name": "Nirmal Clinic", "source": "Local Knowledge"}, "geometry": {"type": "Point", "coordinates": [73.8492849, 18.5152266]}}, {"type": "Feature", "properties": {"addr:district": "Pune", "addr:full": "24, Ganesh Road, Kasba Peth, Pune", "addr:postcode": "411011", "addr:state": "Maharashtra", "amenity": "clinic", "check_date": "2026-03-15", "healthcare": "clinic", "name": "Dr. Dilip Shah Clinic", "source": "Local Knowledge"}, "geometry": {"type": "Point", "coordinates": [73.859382, 18.5188008]}}, {"type": "Feature", "properties": {"addr:district": "Pune", "addr:full": "1187/67, Gruhalaxmi Building, Balgandharv Chowk, J M Road, Shivajinagar, Pune", "addr:postcode": "411005", "addr:state": "Maharastra", "amenity": "clinic", "healthcare": "clinic", "name": "Borawake Clinic", "source": "Local Knowledge"}, "geometry": {"type": "Point", "coordinates": [73.8480644, 18.5232019]}}, {"type": "Feature", "properties": {"addr:district": "Pune", "addr:full": "489, Sardar Mudaliar Road, Rasta Peth, Pune", "addr:postcode": "411011", "addr:state": "Maharashtra", "amenity": "hospital", "check_date": "2026-03-17", "healthcare": "hospital", "name": "KEM Hospital", "source": "Local Knowledge"}, "geometry": {"type": "Point", "coordinates": [73.8669776, 18.5200596]}}, {"type": "Feature", "properties": {"addr:district": "Pune", "addr:full": "Kamala Plaza, Jawaharlal Nehru Road, Koregaon Park Annexe, Ganesh Peth, Pune", "addr:postcode": "411002", "addr:state": "Maharastra", "amenity": "doctors", "check_date": "2026-03-12", "healthcare": "doctor", "name": "Dr. Sunil Sathe", "source": "Local Knowledge"}, "geometry": {"type": "Point", "coordinates": [73.8659912, 18.5109076]}}, {"type": "Feature", "properties": {"addr:district": "Pune", "addr:full": "NC Kelkar Road, Bhatancha Bol, Narayan Peth, Pune", "addr:postcode": "411030", "addr:state": "Maharastra", "amenity": "clinic", "check_date": "2026-03-12", "healthcare": "clinic", "name": "Shrutij Panchkarm Clinic", "source": "Local Knowledge"}, "geometry": {"type": "Point", "coordinates": [73.8515172, 18.5162662]}}, {"type": "Feature", "properties": {"addr:district": "Pune", "addr:full": "277, Omkareshwar Path, Shaniwar Peth, Pune", "addr:postcode": "411030", "addr:state": "Maharastra", "amenity": "clinic", "check_date": "2026-03-12", "healthcare": "clinic", "name": "Patil Clinic", "source": "Local Knowledge"}, "geometry": {"type": "Point", "coordinates": [73.8498691, 18.5196001]}}, {"type": "Feature", "properties": {"addr:city": "Pune", "addr:housenumber": "Pain Management Clinic", "addr:postcode": "411038", "addr:street": "Karve Road,Near Ambar Hall Pune, Karve Road", "amenity": "clinic", "check_date": "2026-03-12", "healthcare": "clinic", "healthcare:speciality": "PAIN_SPECIALIST", "name": "Pain Management Clinic", "website": "https://www.painclinicpune.com/painclinicpune"}, "geometry": {"type": "Point", "coordinates": [73.8517463, 18.516483]}}, {"type": "Feature", "properties": {"addr:city": "Pune", "addr:housenumber": "400", "addr:postcode": "411005", "addr:street": "Near Jangali Maharaj Mandir, J M Road, Above Panchali Hotel, Shivajinagar", "amenity": "clinic", "healthcare": "clinic", "healthcare:speciality": "Diabetology;Diagnostic_Radiology;Abdominal_Radiology;Pediatric_Radiology;Vascular_and_Interventional_Radiology;Cardiothoracic_Radiology_and_General_physician_and_Diabetologist", "name": "J M Diagnostic Centre - Madhu - Meet Diabetes", "website": "https://www.jmdiagnostic.com/"}, "geometry": {"type": "Point", "coordinates": [73.8504215, 18.5258066]}}, {"type": "Feature", "properties": {"amenity": "bank", "branch": "COEP", "brand": "State Bank of India", "brand:wikidata": "Q1340361", "brand:wikipedia": "en:State Bank of India", "check_date": "2026-03-12", "name": "State Bank of India", "short_name": "SBI"}, "geometry": {"type": "Point", "coordinates": [73.8580109, 18.5293438]}}, {"type": "Feature", "properties": {"amenity": "social_centre", "name": "Swadhar I.D.W.C", "name:mr": "\u0938\u094d\u0935\u093e\u0927\u093e\u0930"}, "geometry": {"type": "Point", "coordinates": [73.8498061, 18.5275102]}}, {"type": "Feature", "properties": {"amenity": "nursing_home", "check_date": "2026-03-15", "healthcare": "chemist", "name": "Caring Clinic"}, "geometry": {"type": "Point", "coordinates": [73.8643689, 18.5223414]}}, {"type": "Feature", "properties": {"amenity": "cafe", "check_date": "2026-03-12", "name": "Mochi Cafe", "opening_hours": "Mo-Sa 08:00-18:00"}, "geometry": {"type": "Point", "coordinates": [73.8638644, 18.5229615]}}, {"type": "Feature", "properties": {"addr:city": "Pune,Maharashtra, India", "addr:housenumber": "2nd Floor", "addr:postcode": "411030", "addr:street": "Pinnacle Prestige, Above Cosmos Bank ,1169 Sadashiv Peth, Tilak Road,", "amenity": "clinic", "check_date": "2026-03-15", "healthcare": "clinic", "healthcare:speciality": "diabetologist_&_endocrinologist", "name": "Deshmukh Clinic & Research Centre", "website": "https://www.drvaishalideshmukh.com/"}, "geometry": {"type": "Point", "coordinates": [73.8464875, 18.5104258]}}, {"type": "Feature", "properties": {"amenity": "pharmacy", "healthcare": "pharmacy", "name": "Rahul Pharma"}, "geometry": {"type": "Point", "coordinates": [73.8476123, 18.5104017]}}, {"type": "Feature", "properties": {"addr:street": "1149, Police Chowky, opposite Perugate, Perugate, Sadashiv Peth, Pune, Maharashtra 411030", "amenity": "restaurant", "check_date": "2026-03-12", "description": "Classic Saatwik dishes from Pune & the surrounding region, served in a casual space.", "name": "New Poona Boarding House", "opening_hours": "Mo-Su 11:00-15:00, 19:00-22:00"}, "geometry": {"type": "Point", "coordinates": [73.8486243, 18.5116828]}}, {"type": "Feature", "properties": {"addr:city": "Pune", "addr:street": "K. B. Joshi Path", "amenity": "clinic", "healthcare": "clinic", "healthcare:speciality": "cardiology", "name": "Dr. Gadkari Cardiac clinic", "opening_hours": "Mo,We,Fr 12:00-14:30", "phone": "+919673338046"}, "geometry": {"type": "Point", "coordinates": [73.8473745, 18.5330242]}}, {"type": "Feature", "properties": {"addr:city": "Pune", "addr:postcode": "411011", "addr:street": "Daruwala Pul", "amenity": "place_of_worship", "check_date": "2026-03-15", "name": "Swami Samartha Mandir", "religion": "hindu"}, "geometry": {"type": "Point", "coordinates": [73.8627733, 18.5205244]}}, {"type": "Feature", "properties": {"amenity": "restaurant", "name": "sooth indian dosa shop"}, "geometry": {"type": "Point", "coordinates": [73.8488493, 18.5108703]}}, {"type": "Feature", "properties": {"amenity": "restaurant", "name": "vedanti mess"}, "geometry": {"type": "Point", "coordinates": [73.848385, 18.5106947]}}, {"type": "Feature", "properties": {"amenity": "restaurant", "name": "kaku chi mess"}, "geometry": {"type": "Point", "coordinates": [73.8509422, 18.5100593]}}, {"type": "Feature", "properties": {"amenity": "restaurant", "name": "bhola tea shop"}, "geometry": {"type": "Point", "coordinates": [73.8485853, 18.5115436]}}, {"type": "Feature", "properties": {"amenity": "hospital", "healthcare": "hospital", "name": "Bora Hospital"}, "geometry": {"type": "Point", "coordinates": [73.8639446, 18.5104549]}}, {"type": "Feature", "properties": {"amenity": "restaurant", "name": "Omkar tea shop"}, "geometry": {"type": "Point", "coordinates": [73.8486976, 18.5108357]}}, {"type": "Feature", "properties": {"amenity": "restaurant", "name": "Ani kay hav tea shop"}, "geometry": {"type": "Point", "coordinates": [73.8490435, 18.5108847]}}, {"type": "Feature", "properties": {"amenity": "restaurant", "name": "bhigavan fish dishes"}, "geometry": {"type": "Point", "coordinates": [73.8487826, 18.5103753]}}, {"type": "Feature", "properties": {"amenity": "restaurant", "name": "bhosale maratha mess"}, "geometry": {"type": "Point", "coordinates": [73.8486642, 18.5101538]}}, {"type": "Feature", "properties": {"amenity": "restaurant", "check_date": "2026-03-12", "name": "Masaledar biryani"}, "geometry": {"type": "Point", "coordinates": [73.8453131, 18.5128546]}}, {"type": "Feature", "properties": {"amenity": "hospital", "check_date": "2026-03-13", "healthcare": "hospital", "name": "Umarji Hospital"}, "geometry": {"type": "Point", "coordinates": [73.857759, 18.5119365]}}, {"type": "Feature", "properties": {"amenity": "restaurant", "name": "sudhirbhaucha katta"}, "geometry": {"type": "Point", "coordinates": [73.8515557, 18.5101312]}}, {"type": "Feature", "properties": {"amenity": "restaurant", "name": "patilwada"}, "geometry": {"type": "Point", "coordinates": [73.8451669, 18.5129829]}}, {"type": "Feature", "properties": {"amenity": "restaurant", "name": "raghav non veg"}, "geometry": {"type": "Point", "coordinates": [73.845019, 18.512976]}}, {"type": "Feature", "properties": {"amenity": "hospital", "healthcare": "hospital", "name": "Oyster and Pearl Hospital"}, "geometry": {"type": "Point", "coordinates": [73.8472769, 18.5318931]}}, {"type": "Feature", "properties": {"amenity": "hospital", "check_date": "2026-03-17", "healthcare": "hospital", "name": "Seth Tarachand Hospital"}, "geometry": {"type": "Point", "coordinates": [73.864031, 18.5177725]}}, {"type": "Feature", "properties": {"amenity": "hospital", "check_date": "2026-03-17", "healthcare": "hospital", "name": "Shre Samarth Hospital"}, "geometry": {"type": "Point", "coordinates": [73.8658612, 18.5180497]}}, {"type": "Feature", "properties": {"amenity": "hospital", "check_date": "2026-03-12", "healthcare": "hospital", "name": "Kawediya Hospital"}, "geometry": {"type": "Point", "coordinates": [73.8627099, 18.5242312]}}, {"type": "Feature", "properties": {"amenity": "hospital", "check_date": "2026-03-15", "healthcare": "hospital", "name": "Unique Hospital"}, "geometry": {"type": "Point", "coordinates": [73.8676777, 18.5221641]}}, {"type": "Feature", "properties": {"amenity": "hospital", "check_date": "2026-03-12", "healthcare": "hospital", "name": "KAMLA NEHRU HOSPITAL", "operator": "GOVT", "operator:type": "government"}, "geometry": {"type": "Point", "coordinates": [73.8620344, 18.5229428]}}, {"type": "Feature", "properties": {"amenity": "place_of_worship", "check_date": "2026-03-12", "description": "Modi Ganpati Mandir", "name": "Ganpati Temple", "religion": "hindu"}, "geometry": {"type": "Point", "coordinates": [73.8477706, 18.5153055]}}, {"type": "Feature", "properties": {"amenity": "place_of_worship", "check_date": "2026-03-17", "name": "Tulshibaug Mandir", "religion": "hindu"}, "geometry": {"type": "Point", "coordinates": [73.8555018, 18.513722]}}, {"type": "Feature", "properties": {"amenity": "place_of_worship", "check_date": "2026-03-13", "name": "Madar Chala Masjid", "religion": "muslim"}, "geometry": {"type": "Point", "coordinates": [73.8616962, 18.5151427]}}, {"type": "Feature", "properties": {"amenity": "place_of_worship", "check_date": "2026-03-13", "name": "Bagbban Masjid", "religion": "muslim"}, "geometry": {"type": "Point", "coordinates": [73.8612088, 18.5131018]}}, {"type": "Feature", "properties": {"amenity": "place_of_worship", "check_date": "2026-03-17", "name": "Lakerya Maruti", "religion": "hindu"}, "geometry": {"type": "Point", "coordinates": [73.8659249, 18.5175629]}}, {"type": "Feature", "properties": {"amenity": "place_of_worship", "check_date": "2026-03-17", "name": "Lakshmishwar Mandir", "religion": "hindu"}, "geometry": {"type": "Point", "coordinates": [73.8655759, 18.5191374]}}, {"type": "Feature", "properties": {"amenity": "place_of_worship", "check_date": "2026-03-13", "name": "Raste Wadda Datta Mandir", "religion": "hindu"}, "geometry": {"type": "Point", "coordinates": [73.8661412, 18.5202329]}}, {"type": "Feature", "properties": {"amenity": "place_of_worship", "check_date": "2026-03-12", "name": "Shaarashwar Mandir", "religion": "hindu"}, "geometry": {"type": "Point", "coordinates": [73.8669866, 18.5111988]}}, {"type": "Feature", "properties": {"amenity": "vending_machine", "brand": "Bharat Petroleum", "brand:wikidata": "Q854826", "currency:rupee": "yes", "name": "Bharat Petroleum", "operator": "BPCL", "payment:cash": "yes", "payment:debit_cards": "yes", "vending": "fuel"}, "geometry": {"type": "Point", "coordinates": [73.8535708, 18.5252987]}}, {"type": "Feature", "properties": {"amenity": "vending_machine", "check_date": "2026-03-12", "vending": "fuel"}, "geometry": {"type": "Point", "coordinates": [73.8657635, 18.5267607]}}, {"type": "Feature", "properties": {"amenity": "vending_machine", "check_date": "2026-03-12", "vending": "fuel"}, "geometry": {"type": "Point", "coordinates": [73.865832, 18.5267493]}}, {"type": "Feature", "properties": {"amenity": "vending_machine", "check_date": "2026-03-12", "vending": "fuel"}, "geometry": {"type": "Point", "coordinates": [73.8658149, 18.5266614]}}, {"type": "Feature", "properties": {"amenity": "vending_machine", "check_date": "2026-03-12", "vending": "fuel"}, "geometry": {"type": "Point", "coordinates": [73.8657829, 18.5268455]}}, {"type": "Feature", "properties": {"amenity": "vending_machine", "check_date": "2026-03-12", "vending": "fuel"}, "geometry": {"type": "Point", "coordinates": [73.865847, 18.5268361]}}, {"type": "Feature", "properties": {"historic": "monument"}, "geometry": {"type": "Point", "coordinates": [73.8677267, 18.5255098]}}, {"type": "Feature", "properties": {"addr:city": "Pune", "addr:postcode": "411011", "amenity": "place_of_worship", "check_date": "2026-03-15", "name": "Nageshwar Temple", "religion": "hindu"}, "geometry": {"type": "Point", "coordinates": [73.8630948, 18.5211685]}}, {"type": "Feature", "properties": {"addr:city": "Pune", "addr:postcode": "411011", "amenity": "place_of_worship", "check_date": "2026-03-15", "name": "Kalaram Mandir", "religion": "hindu"}, "geometry": {"type": "Point", "coordinates": [73.8630558, 18.5208854]}}, {"type": "Feature", "properties": {"addr:city": "Pune", "addr:housenumber": "403, Varun Capital, Off,", "addr:postcode": "411005", "addr:street": "Jangali Maharaj Rd, near Hotel Sudama, JM Road", "amenity": "clinic", "healthcare": "clinic", "healthcare:speciality": "cardiology", "name": "Ishwar Heart Clinic"}, "geometry": {"type": "Point", "coordinates": [73.8518531, 18.5262983]}}, {"type": "Feature", "properties": {"amenity": "fountain"}, "geometry": {"type": "Point", "coordinates": [73.8553348, 18.5195714]}}, {"type": "Feature", "properties": {"amenity": "fountain"}, "geometry": {"type": "Point", "coordinates": [73.8552166, 18.519843]}}, {"type": "Feature", "properties": {"amenity": "fountain"}, "geometry": {"type": "Point", "coordinates": [73.8554279, 18.5198481]}}, {"type": "Feature", "properties": {"amenity": "fountain", "name": "Hazari Karanje"}, "geometry": {"type": "Point", "coordinates": [73.8550759, 18.519359]}}, {"type": "Feature", "properties": {"historic": "city_gate", "name": "Delhi Darwaja", "name:en": "Delhi Darwaja", "name:hi": "\u0926\u093f\u0932\u094d\u0932\u0940 \u0926\u0930\u0935\u093e\u091c\u093e", "name:mr": "\u0926\u093f\u0932\u094d\u0932\u0940 \u0926\u0930\u0935\u093e\u091c\u093e"}, "geometry": {"type": "Point", "coordinates": [73.8553009, 18.5200699]}}, {"type": "Feature", "properties": {"amenity": "school", "name": "Aandra association primary school"}, "geometry": {"type": "Point", "coordinates": [73.8453597, 18.5192589]}}, {"type": "Feature", "properties": {"amenity": "cafe", "check_date": "2026-03-12", "cuisine": "coffee_shop", "name": "Captain Coffee."}, "geometry": {"type": "Point", "coordinates": [73.8557679, 18.5207406]}}, {"type": "Feature", "properties": {"amenity": "restaurant", "check_date": "2026-03-12", "name": "Sudamache Pohe"}, "geometry": {"type": "Point", "coordinates": [73.8562912, 18.520062]}}, {"type": "Feature", "properties": {"addr:street": "Ravjimama Kondhakar Path", "amenity": "place_of_worship", "name:en": "Chimanya Ganapati Mandir"}, "geometry": {"type": "Point", "coordinates": [73.8521084, 18.5111408]}}, {"type": "Feature", "properties": {"addr:street": "Bajirao Road", "amenity": "cafe", "cuisine": "indian", "name:en": "Shree Wadeshwar Bhuvan"}, "geometry": {"type": "Point", "coordinates": [73.8536392, 18.5108811]}}, {"type": "Feature", "properties": {"addr:street": "Ravjimama Kondhakar Path", "amenity": "restaurant", "cuisine": "indian", "name:en": "Disha Snacks"}, "geometry": {"type": "Point", "coordinates": [73.8520614, 18.5115123]}}, {"type": "Feature", "properties": {"amenity": "community_centre", "name": "Eknath Mangal Karyalay", "name:mr": "\u090f\u0915\u0928\u093e\u0925 \u092e\u0902\u0917\u0932 \u0915\u093e\u0930\u094d\u092f\u093e\u0932\u092f"}, "geometry": {"type": "Point", "coordinates": [73.8588289, 18.5178905]}}, {"type": "Feature", "properties": {"addr:postcode": "411030", "addr:street": "Ravjimama Kondhakar Path", "amenity": "restaurant", "cuisine": "indian", "name:en": "Shivtirth Vada Pav"}, "geometry": {"type": "Point", "coordinates": [73.8520768, 18.5116691]}}, {"type": "Feature", "properties": {"addr:street": "Narsimha Chintaman Kelkar Marg", "amenity": "restaurant", "cuisine": "indian", "name": "Sri Murlidhar Veg Thali", "name:en": "Sri Murlidhar Veg Thali", "opening_hours": "Su-Fr 12:00-15:00, 19:30-22:30"}, "geometry": {"type": "Point", "coordinates": [73.845534, 18.5145809]}}, {"type": "Feature", "properties": {"amenity": "restaurant", "name": "Bedekar Mis"}, "geometry": {"type": "Point", "coordinates": [73.8499396, 18.5148096]}}, {"type": "Feature", "properties": {"addr:housenumber": "1176", "addr:postcode": "411030", "addr:street": "Wamanrao Shedge Path", "amenity": "restaurant", "name:en": "Shama Bhosale\u2019s Lazeez Biryani", "opening_hours": "Sa 07:00-22:30; Su, Tu-Fr 12:00-15:00, 19:00-22:30"}, "geometry": {"type": "Point", "coordinates": [73.8477696, 18.5103]}}, {"type": "Feature", "properties": {"amenity": "ice_cream", "check_date": "2023-11-20", "name": "Rajmandir", "name:mr": "\u0930\u093e\u091c\u092e\u0902\u0926\u093f\u0930", "outdoor_seating": "no"}, "geometry": {"type": "Point", "coordinates": [73.8476701, 18.5231229]}}, {"type": "Feature", "properties": {"amenity": "fast_food", "check_date": "2023-11-20", "cuisine": "paan"}, "geometry": {"type": "Point", "coordinates": [73.8476316, 18.5231358]}}, {"type": "Feature", "properties": {"air_conditioning": "yes", "amenity": "restaurant", "cuisine": "mutton", "name": "Sandeep", "name:mr": "\u0938\u0902\u0926\u0940\u092a", "outdoor_seating": "yes"}, "geometry": {"type": "Point", "coordinates": [73.8474846, 18.5229261]}}, {"type": "Feature", "properties": {"amenity": "atm", "brand": "ICICI Bank", "brand:wikidata": "Q1653258", "check_date": "2026-03-12", "operator": "ICICI Bank", "operator:wikidata": "Q1653258", "short_name": "ICICI"}, "geometry": {"type": "Point", "coordinates": [73.8482771, 18.5114971]}}, {"type": "Feature", "properties": {"amenity": "bank", "brand": "Indian Bank", "brand:wikidata": "Q2003789", "check_date": "2026-03-12", "name": "Indian Bank", "name:en": "Indian Bank"}, "geometry": {"type": "Point", "coordinates": [73.8501998, 18.5116854]}}, {"type": "Feature", "properties": {"addr:floor": "3", "addr:postcode": "411030", "addr:street": "Lokmanya Tilak Marg", "amenity": "restaurant", "check_date": "2026-03-15", "level": "3", "name": "Durvankur Dining Hall", "name:en": "Durvankur Dining Hall", "name:mr": "\u0926\u0941\u0930\u094d\u0935\u093e\u0902\u0915\u0941\u0930 \u0921\u093e\u092f\u0928\u093f\u0902\u0917 \u0939\u0949\u0932", "payment:cash": "yes", "payment:credit_cards": "yes", "payment:upi": "yes"}, "geometry": {"type": "Point", "coordinates": [73.8461159, 18.5106902]}}, {"type": "Feature", "properties": {"amenity": "place_of_worship", "check_date": "2026-03-12", "name": "Nilkantheshwar", "religion": "hindu"}, "geometry": {"type": "Point", "coordinates": [73.8564866, 18.5202571]}}, {"type": "Feature", "properties": {"addr:city": "Pune", "addr:district": "Pune", "addr:postcode": "411005", "addr:street": "Jangli Maharaj Path", "amenity": "library", "level": "1", "name": "Saraswati Abhyasika", "name:en": "Saraswati Abhyasika", "name:hi": "\u0938\u0930\u0938\u094d\u0935\u0924\u0940 \u0906\u092d\u094d\u092f\u093e\u0938\u093f\u0915\u093e", "name:mr": "\u0938\u0930\u0938\u094d\u0935\u0924\u0940 \u0906\u092d\u094d\u092f\u093e\u0938\u093f\u0915\u093e"}, "geometry": {"type": "Point", "coordinates": [73.8498564, 18.5248253]}}, {"type": "Feature", "properties": {"amenity": "place_of_worship", "name": "Shri Sadguru Dattatray Temple", "religion": "hindu"}, "geometry": {"type": "Point", "coordinates": [73.8543362, 18.5124632]}}, {"type": "Feature", "properties": {"amenity": "restaurant", "name": "Joshi wadewale"}, "geometry": {"type": "Point", "coordinates": [73.849542, 18.5225079]}}, {"type": "Feature", "properties": {"addr:city": "Pune", "addr:district": "Pune", "addr:postcode": "411005", "addr:street": "Dr. Rajendra Prasad Path", "amenity": "bank", "branch": "Pune Main Branch", "brand": "Federal Bank", "brand:wikidata": "Q2044983", "check_date": "2026-03-12", "name": "Federal Bank"}, "geometry": {"type": "Point", "coordinates": [73.8527179, 18.5289906]}}, {"type": "Feature", "properties": {"addr:full": "Tatyaba Sadhuji Gaikwad Rd, Shivajinagar, Pune, Maharashtra 411005", "amenity": "library", "name": "Kalpana Library"}, "geometry": {"type": "Point", "coordinates": [73.8521432, 18.5247782]}}, {"type": "Feature", "properties": {"addr:full": "Shivajinagar, Pune, Maharashtra 411005", "amenity": "library", "check_date": "2026-03-12", "name": "COEP Central Library"}, "geometry": {"type": "Point", "coordinates": [73.8571717, 18.5294641]}}, {"type": "Feature", "properties": {"addr:full": "Jangali Maharaj Rd, Shivajinagar, Pune, Maharashtra 411005", "amenity": "library", "name": "Saraswati Library"}, "geometry": {"type": "Point", "coordinates": [73.8496305, 18.5248867]}}, {"type": "Feature", "properties": {"addr:full": "Shivaji Market Cantonment, Shivaji Market, Pune, Maharashtra 411001", "amenity": "library", "check_date": "2026-03-12", "name": "Siddharth Free Reading Room & Library"}, "geometry": {"type": "Point", "coordinates": [73.8567437, 18.5204303]}}, {"type": "Feature", "properties": {"addr:full": "727, Kumthekar Road, Sadashiv Peth, Opposite Sadashiv Post Off, Sadashiv Peth, Pune, Maharashtra 411030", "amenity": "library", "check_date": "2026-03-12", "name": "Phoenix Library"}, "geometry": {"type": "Point", "coordinates": [73.8490851, 18.5132769]}}, {"type": "Feature", "properties": {"addr:full": "181, laxmi road, Tulshibaug, Budhwar Peth, Pune, Maharashtra 411002", "amenity": "library", "check_date": "2026-03-17", "name": "Pune Nagar Vachan Mandir"}, "geometry": {"type": "Point", "coordinates": [73.856036, 18.515557]}}, {"type": "Feature", "properties": {"addr:full": "Ramsukh House, 3rd Floor Ganeshkhind Road, Near Sancheti Hospital, Pune, Maharashtra 411005", "amenity": "library", "check_date": "2026-03-12", "name": "The British Council Pune"}, "geometry": {"type": "Point", "coordinates": [73.851562, 18.5299023]}}, {"type": "Feature", "properties": {"addr:full": "966, Raviwar Peth, Pune, Maharashtra 411002", "amenity": "library", "check_date": "2026-03-13", "name": "Government District Library Pune"}, "geometry": {"type": "Point", "coordinates": [73.8617635, 18.5164532]}}, {"type": "Feature", "properties": {"addr:city": "Pune", "addr:district": "Pune", "addr:postcode": "411011", "amenity": "place_of_worship", "check_date": "2026-03-12", "name": "Shree Trishunda Ganpati Mandir", "name:mr": "\u0936\u094d\u0930\u0940 \u0924\u094d\u0930\u093f\u0936\u0941\u0902\u0921 \u0917\u0923\u092a\u0924\u0940 \u092e\u0902\u0926\u093f\u0930"}, "geometry": {"type": "Point", "coordinates": [73.8618526, 18.5216552]}}, {"type": "Feature", "properties": {"addr:city": "Pune", "addr:district": "Pune", "addr:postcode": "411030", "addr:street": "Kishore Bhadbhade Path", "amenity": "school", "check_date": "2026-03-12"}, "geometry": {"type": "Point", "coordinates": [73.8531214, 18.5173559]}}, {"type": "Feature", "properties": {"addr:city": "Pune", "addr:district": "Pune", "addr:postcode": "411030", "addr:street": "Vasantrao Limaye Path", "amenity": "place_of_worship", "name": "Nimbalkar Talim Ganpati Mandir", "religion": "hindu"}, "geometry": {"type": "Point", "coordinates": [73.852217, 18.5119275]}}, {"type": "Feature", "properties": {"addr:floor": "G", "amenity": "fast_food", "check_date": "2025-05-01", "cuisine": "indian", "diet:vegetarian": "yes", "level": "0", "name": "Guru Misal", "wheelchair": "yes"}, "geometry": {"type": "Point", "coordinates": [73.8463126, 18.5212977]}}, {"type": "Feature", "properties": {"amenity": "restaurant", "check_date": "2025-05-01", "cuisine": "indian", "diet:vegetarian": "yes", "name": "Athavale Silver Leaf", "payment:cash": "yes", "payment:credit_cards": "yes", "payment:debit_cards": "yes", "wheelchair": "no"}, "geometry": {"type": "Point", "coordinates": [73.8474067, 18.5232985]}}, {"type": "Feature", "properties": {"amenity": "restaurant", "check_date": "2025-05-01", "cuisine": "indian", "diet:vegetarian": "yes", "name": "Naivaidya", "payment:cash": "yes", "payment:credit_cards": "yes", "payment:debit_cards": "yes", "wheelchair": "no"}, "geometry": {"type": "Point", "coordinates": [73.8472044, 18.5233494]}}, {"type": "Feature", "properties": {"amenity": "restaurant", "cuisine": "indian", "diet:vegetarian": "yes", "name": "parampara"}, "geometry": {"type": "Point", "coordinates": [73.8470197, 18.5234836]}}, {"type": "Feature", "properties": {"addr:city": "Pune", "addr:district": "Pune", "addr:housenumber": "778/B-1", "addr:postcode": "411005", "addr:street": "Abhinav Apartments, Next to Congress House, Shivaji Nagar", "amenity": "clinic", "healthcare": "clinic", "name": "The Urology Clinic | Dr. Ketan Pai", "operator": "Novosalus Technology", "operator:type": "private"}, "geometry": {"type": "Point", "coordinates": [73.851787, 18.5225423]}}, {"type": "Feature", "properties": {"historic": "city_gate", "name": "Ganesh Darwaja", "name:en": "Ganesh Darwaja", "name:mr": "\u0917\u0923\u0947\u0936 \u0926\u0930\u0935\u093e\u091c\u093e"}, "geometry": {"type": "Point", "coordinates": [73.8559764, 18.5187704]}}, {"type": "Feature", "properties": {"historic": "city_gate", "name": "Khidaki Darwaja", "name:en": "Khidaki Darwaja", "name:mr": "\u0916\u093f\u0921\u0915\u0940 \u0926\u0930\u0935\u093e\u091c\u093e"}, "geometry": {"type": "Point", "coordinates": [73.8559686, 18.5197185]}}, {"type": "Feature", "properties": {"historic": "city_gate", "name": "Mastani Darwaja", "name:en": "Mastani Darwaja", "name:mr": "\u092e\u0938\u094d\u0924\u093e\u0928\u0940 \u0926\u0930\u0935\u093e\u091c\u093e"}, "geometry": {"type": "Point", "coordinates": [73.8559062, 18.5200782]}}, {"type": "Feature", "properties": {"addr:city": "Pune", "addr:district": "Pune", "addr:housenumber": "somwar peth", "addr:postcode": "411011", "addr:street": "Station Road", "amenity": "ice_cream", "check_date": "2026-03-13", "name": "Shrinath ji ice cream"}, "geometry": {"type": "Point", "coordinates": [73.8647632, 18.5214475]}}, {"type": "Feature", "properties": {"addr:city": "Pune", "addr:district": "pune", "addr:postcode": "411030", "amenity": "school", "check_date": "2026-03-12", "education": "school", "name": "ahilyadevi high school"}, "geometry": {"type": "Point", "coordinates": [73.85139, 18.5184408]}}, {"type": "Feature", "properties": {"Ground": "COEP Ground", "amenity": "college", "check_date": "2026-03-12", "education": "college", "name": "COEP", "name:en": "College Of Engineering Pune"}, "geometry": {"type": "Point", "coordinates": [73.8579376, 18.53051]}}, {"type": "Feature", "properties": {"addr:postcode": "411030", "addr:street": "R. B. Kumthekar Marg", "amenity": "fast_food", "check_date": "2026-03-12", "cuisine": "indian", "name": "Radhika Bhel", "self_service": "only"}, "geometry": {"type": "Point", "coordinates": [73.8456374, 18.5126458]}}, {"type": "Feature", "properties": {"amenity": "bus_station", "bus": "yes", "check_date": "2026-03-12", "public_transport": "station"}, "geometry": {"type": "Point", "coordinates": [73.8535016, 18.5226563]}}, {"type": "Feature", "properties": {"amenity": "fuel", "brand": "Shell", "brand:wikidata": "Q110716465", "check_date": "2026-03-04", "name": "Shell"}, "geometry": {"type": "Point", "coordinates": [73.8540491, 18.5309499]}}, {"type": "Feature", "properties": {"amenity": "police", "check_date": "2026-03-04", "name": "ShivajiNagar Police Station"}, "geometry": {"type": "Point", "coordinates": [73.8500128, 18.529982]}}, {"type": "Feature", "properties": {"amenity": "ice_cream", "check_date": "2026-03-07", "name": "Shree Ji Ice Cream"}, "geometry": {"type": "Point", "coordinates": [73.8453738, 18.514709]}}, {"type": "Feature", "properties": {"amenity": "restaurant", "check_date": "2026-03-07", "name": "Fountain Family Resto And Bar"}, "geometry": {"type": "Point", "coordinates": [73.8520364, 18.5267316]}}, {"type": "Feature", "properties": {"amenity": "fuel", "brand": "Shell", "brand:wikidata": "Q110716465", "check_date": "2026-03-07", "name": "Shell"}, "geometry": {"type": "Point", "coordinates": [73.8520401, 18.5310543]}}, {"type": "Feature", "properties": {"amenity": "bank", "brand": "HDFC Bank", "brand:wikidata": "Q631047", "check_date": "2026-03-07", "name": "HDFC Bank", "short_name": "HDFC"}, "geometry": {"type": "Point", "coordinates": [73.8511592, 18.5301043]}}, {"type": "Feature", "properties": {"amenity": "college", "check_date": "2026-03-09", "education": "college", "name": "Engineering College Ground"}, "geometry": {"type": "Point", "coordinates": [73.8532932, 18.5279867]}}, {"type": "Feature", "properties": {"amenity": "bank", "check_date": "2026-03-11", "name": "SBM Bank"}, "geometry": {"type": "Point", "coordinates": [73.8513453, 18.5300127]}}, {"type": "Feature", "properties": {"amenity": "fuel", "check_date": "2026-03-13", "name": "Petrol Pump"}, "geometry": {"type": "Point", "coordinates": [73.8630476, 18.5291084]}}, {"type": "Feature", "properties": {"amenity": "fuel", "check_date": "2026-03-13", "name": "Shell"}, "geometry": {"type": "Point", "coordinates": [73.8623543, 18.5293609]}}, {"type": "Feature", "properties": {"amenity": "restaurant", "check_date": "2026-03-13", "name": "New Central Restaurant"}, "geometry": {"type": "Point", "coordinates": [73.850606, 18.5262027]}}, {"type": "Feature", "properties": {"amenity": "college", "check_date": "2026-03-15", "education": "college", "name": "Coep ground"}, "geometry": {"type": "Point", "coordinates": [73.8532395, 18.5284958]}}, {"type": "Feature", "properties": {"amenity": "college", "check_date": "2026-03-15", "education": "college", "name": "Coep College"}, "geometry": {"type": "Point", "coordinates": [73.8567993, 18.5303369]}}, {"type": "Feature", "properties": {"amenity": "bank", "brand": "State Bank of India", "brand:wikidata": "Q1340361", "check_date": "2026-05-23", "name": "State Bank of India", "short_name": "SBI"}, "geometry": {"type": "Point", "coordinates": [73.8481881, 18.523643]}}, {"type": "Feature", "properties": {"amenity": "doctors", "check_date": "2026-05-23", "healthcare": "doctor", "healthcare:speciality": "plastic_surgery", "name": "Aara Aesthetics", "name:en": "Aara Aesthetics", "name:mr": "\u0906\u0930\u093e \u0905\u0938\u094d\u0925\u0947\u0924\u093f\u0915\u094d\u0938"}, "geometry": {"type": "Point", "coordinates": [73.8482417, 18.5237099]}}, {"type": "Feature", "properties": {"amenity": "toilets"}, "geometry": {"type": "Point", "coordinates": [73.8544852, 18.5233732]}}, {"type": "Feature", "properties": {"amenity": "bank", "name": "Nkgsb Co-operative Bank Ltd"}, "geometry": {"type": "Point", "coordinates": [73.8536793, 18.5163006]}}, {"type": "Feature", "properties": {"amenity": "fast_food", "name": "Kulkarni Food Corner"}, "geometry": {"type": "Point", "coordinates": [73.8537352, 18.5165128]}}, {"type": "Feature", "properties": {"amenity": "bank", "name": "Saraswat co-op bank Ltd"}, "geometry": {"type": "Point", "coordinates": [73.8538981, 18.5162007]}}, {"type": "Feature", "properties": {"amenity": "events_venue", "name": "Bhivpathaki Event Hall"}, "geometry": {"type": "Point", "coordinates": [73.8537226, 18.5162494]}}, {"type": "Feature", "properties": {"amenity": "atm"}, "geometry": {"type": "Point", "coordinates": [73.8482336, 18.5176723]}}, {"type": "Feature", "properties": {"amenity": "hospital", "healthcare": "hospital", "name": "Paranjpe Hospital"}, "geometry": {"type": "Point", "coordinates": [73.8457646, 18.512019]}}, {"type": "Feature", "properties": {"amenity": "prep_school", "education": "prep_school", "name": "Swamini Abhyasika"}, "geometry": {"type": "Point", "coordinates": [73.8463597, 18.5118388]}}, {"type": "Feature", "properties": {"amenity": "post_office", "name": "Shaniwar Peth Sub Post Office"}, "geometry": {"type": "Point", "coordinates": [73.8540638, 18.5184695]}}, {"type": "Feature", "properties": {"amenity": "restaurant", "name": "\u090f\u0930\u0902\u0921\u0947\u091c \u091d\u0915\u093e\u0938 \u0905\u0938\u094d\u0938\u0932 \u0915\u094b\u0932\u094d\u0939\u093e\u092a\u0941\u0930\u0940 \u092e\u093f\u0938\u0933"}, "geometry": {"type": "Point", "coordinates": [73.8497779, 18.5185862]}}, {"type": "Feature", "properties": {"addr:city": "pune", "addr:district": "Pune", "addr:housenumber": "767", "addr:postcode": "411002", "addr:street": "Bagade Rd, Budhwar Peth", "amenity": "restaurant", "cuisine": "misal", "name": "Vaidya Upahar Gruha"}, "geometry": {"type": "Point", "coordinates": [73.8591757, 18.5179494]}}, {"type": "Feature", "properties": {"amenity": "pharmacy", "check_date": "2026-08-02", "healthcare": "pharmacy"}, "geometry": {"type": "Point", "coordinates": [73.8673134, 18.5228058]}}, {"type": "Feature", "properties": {"amenity": "marketplace", "building": "yes", "check_date": "2026-03-17", "name": "Mahatma Phule Mandai", "name:en": "Mahatma Phule Mandai", "name:mr": "\u092e\u0939\u093e\u0924\u094d\u092e\u093e \u092b\u0941\u0932\u0947 \u092e\u0902\u0921\u0908", "wikidata": "Q6747716"}, "geometry": {"type": "Polygon", "coordinates": [[[73.8562309, 18.5125607], [73.8562205, 18.5127156], [73.856116, 18.512604], [73.8559872, 18.5127126], [73.85609, 18.5128224], [73.8559257, 18.5128148], [73.8559168, 18.512986], [73.8560635, 18.5129928], [73.855962, 18.51308], [73.8560818, 18.5132055], [73.856194, 18.5131091], [73.8561846, 18.5132497], [73.8563516, 18.5132598], [73.8563616, 18.5131124], [73.8564693, 18.5132275], [73.8565982, 18.513119], [73.856499, 18.5130131], [73.8566647, 18.5130208], [73.8566735, 18.5128496], [73.8565055, 18.5128418], [73.8566147, 18.5127481], [73.8564949, 18.5126226], [73.8563884, 18.512714], [73.856398, 18.5125708], [73.8562309, 18.5125607]]]}}, {"type": "Feature", "properties": {"addr:city": "Pune", "addr:district": "Pune", "addr:housenumber": "1186/A", "addr:postcode": "411005", "addr:street": "Chaturshringi Road", "amenity": "college", "contact:facebook": "pesmoderncoepune", "contact:instagram": "pesmoderncoe_pune", "contact:linkedin": "https://in.linkedin.com/company/pes-s-modern-college-of-engineering", "contact:twitter": "pesmcoepune", "contact:youtube": "https://www.youtube.com/channel/UCBb6z3vfY4jEMZw6A12OeGw", "education": "college", "email": "pesmcoe@moderncoe.edu.in", "image": "https://moderncoe.edu.in/images/new_bannernew.jpg", "internet_access": "yes", "internet_access:fee": "customers", "name": "Modern College of Engineering", "phone": "+91 20 2553 3638;+91 20 2553 3648;+91 20 2553 0957", "website": "https://moderncoe.edu.in", "wheelchair": "limited", "wikidata": "Q7119019", "wikimedia_commons": "Category:P.E.S. Modern College of Engineering, Pune", "wikipedia": "en:PES Modern College of Engineering, Pune"}, "geometry": {"type": "Polygon", "coordinates": [[[73.8452482, 18.5262874], [73.8451417, 18.5250199], [73.8462312, 18.5248411], [73.8465059, 18.5247247], [73.8469498, 18.5255984], [73.8475436, 18.5253393], [73.8477249, 18.5256882], [73.8470129, 18.5260469], [73.8470052, 18.5260484], [73.8462363, 18.5262015], [73.8452482, 18.5262874]]]}}, {"type": "Feature", "properties": {"amenity": "parking", "building": "yes", "parking": "multi-storey"}, "geometry": {"type": "Polygon", "coordinates": [[[73.8558314, 18.5128187], [73.8558436, 18.5124581], [73.8553622, 18.5124434], [73.8553557, 18.512636], [73.8554124, 18.5126377], [73.8554096, 18.5127217], [73.855576, 18.5127267], [73.8555731, 18.5128109], [73.8558314, 18.5128187]]]}}, {"type": "Feature", "properties": {"amenity": "parking", "building": "yes", "name": "Hutatma Babu Genu Parking", "name:en": "Hutatma Babu Genu Parking", "name:mr": "\u0939\u0941\u0924\u093e\u0924\u094d\u092e\u093e \u092c\u093e\u092c\u0942 \u0917\u0947\u0928\u0942 \u0935\u093e\u0939\u0928\u0924\u0933", "parking": "multi-storey"}, "geometry": {"type": "Polygon", "coordinates": [[[73.8558161, 18.5137348], [73.8558161, 18.5135568], [73.855918, 18.5135619], [73.856101, 18.5136906], [73.8561165, 18.5139739], [73.8558751, 18.5139739], [73.8558757, 18.5139246], [73.8556981, 18.5139129], [73.8557019, 18.5137325], [73.8558161, 18.5137348]]]}}, {"type": "Feature", "properties": {"amenity": "parking"}, "geometry": {"type": "Polygon", "coordinates": [[[73.8559265, 18.5202172], [73.8554749, 18.5202011], [73.8554489, 18.5202488], [73.8558145, 18.5204222], [73.8559749, 18.5202443], [73.8559265, 18.5202172]]]}}, {"type": "Feature", "properties": {"amenity": "parking"}, "geometry": {"type": "Polygon", "coordinates": [[[73.8547072, 18.5202185], [73.8547322, 18.5201435], [73.8551361, 18.5201525], [73.8551492, 18.5202027], [73.8551752, 18.5202504], [73.8548643, 18.520388], [73.8547285, 18.5202493], [73.8547072, 18.5202185]]]}}, {"type": "Feature", "properties": {"amenity": "theatre", "building": "yes", "name": "Balgandharva Rangmandir", "name:mr": "\u092c\u093e\u0932\u0917\u0902\u0927\u0930\u094d\u0935 \u0930\u0902\u0917\u092e\u0902\u0926\u093f\u0930", "wikidata": "Q4849632", "wikimedia_commons": "Category:Bal Gandharva Ranga Mandir", "wikipedia": "en:Bal Gandharva Ranga Mandir"}, "geometry": {"type": "Polygon", "coordinates": [[[73.8484744, 18.5220553], [73.8485352, 18.5218335], [73.8489146, 18.5219269], [73.8488539, 18.5221487], [73.8484744, 18.5220553]]]}}, {"type": "Feature", "properties": {"amenity": "public_building", "building": "yes", "check_date": "2026-03-12", "name": "Shivajinagar District Sessions Court"}, "geometry": {"type": "Polygon", "coordinates": [[[73.8557463, 18.5275905], [73.8560234, 18.5277172], [73.8560529, 18.5276592], [73.856219, 18.5277351], [73.8561885, 18.5277951], [73.8563994, 18.5278916], [73.8564008, 18.5278552], [73.8565443, 18.5279221], [73.8565349, 18.5279773], [73.856782, 18.5280905], [73.856901, 18.5278567], [73.8566516, 18.5277425], [73.8566702, 18.527706], [73.8558731, 18.5273413], [73.8557463, 18.5275905]]]}}, {"type": "Feature", "properties": {"amenity": "public_building", "building": "yes", "name": "Pasalkar Bhavan"}, "geometry": {"type": "Polygon", "coordinates": [[[73.8544749, 18.5263191], [73.8547163, 18.5264005], [73.8547217, 18.5262581], [73.8545232, 18.5261869], [73.8544749, 18.5263191]]]}}, {"type": "Feature", "properties": {"amenity": "college", "check_date": "2026-03-12", "name": "AISSMS College of Hotel Management"}, "geometry": {"type": "Polygon", "coordinates": [[[73.8536436, 18.5271953], [73.8536096, 18.5270564], [73.853819, 18.5270232], [73.8538386, 18.5269831], [73.8537808, 18.5266193], [73.8540436, 18.5263204], [73.8550308, 18.5267965], [73.8544518, 18.5274715], [73.854192, 18.5273827], [73.8536436, 18.5271953]]]}}, {"type": "Feature", "properties": {"amenity": "cinema", "name": "Apollo", "name:mr": "\u0905\u092a\u094b\u0932\u094b"}, "geometry": {"type": "Polygon", "coordinates": [[[73.8643527, 18.5195716], [73.8645729, 18.5195674], [73.8646781, 18.5195835], [73.8647547, 18.5196215], [73.8647795, 18.5196444], [73.8647889, 18.519936], [73.8643573, 18.5199103], [73.8643527, 18.5195716]]]}}, {"type": "Feature", "properties": {"amenity": "place_of_worship", "check_date": "2026-03-13", "name": "Madar Chala Masjid", "religion": "muslim"}, "geometry": {"type": "Polygon", "coordinates": [[[73.861532, 18.5152709], [73.8616634, 18.5153142], [73.8617895, 18.5153243], [73.8617921, 18.5151794], [73.8618799, 18.5151778], [73.8618887, 18.5150369], [73.8618056, 18.5150344], [73.8617948, 18.5150064], [73.8616232, 18.5149835], [73.8616124, 18.5150242], [73.8615615, 18.5150166], [73.8615025, 18.5151107], [73.861532, 18.5152709]]]}}, {"type": "Feature", "properties": {"addr:postcode": "411002", "addr:street": "Raviwar Peth, Pune", "alt_name": "School No. 10", "amenity": "school", "check_date": "2026-03-13", "designation": "Urdu Medium School", "name": "Moula Mohammed Ali Johar Urdu School", "name:etymology:wikidata": "Q3241714"}, "geometry": {"type": "Polygon", "coordinates": [[[73.8611645, 18.5150573], [73.861186, 18.5146885], [73.8616194, 18.5146793], [73.8615454, 18.5148894], [73.8614354, 18.5150573], [73.8611645, 18.5150573]]]}}, {"type": "Feature", "properties": {"addr:city": "Pune", "addr:country": "IN", "addr:full": "510, Sadashiv Peth, Pune", "addr:housenumber": "510", "addr:postcode": "411030", "addr:street": "Sadashiv Peth", "addr:suburb": "Sadashiv Peth", "amenity": "school", "check_date": "2026-03-12", "name": "Jnana Prabodhini Prashala", "name:mr": "\u091c\u094d\u091e\u093e\u0928 \u092a\u094d\u0930\u092c\u094b\u0927\u093f\u0928\u0940", "phone": "+91-20-24207000", "website": "https://www.prashala.jnanaprabodhini.org/", "wikidata": "Q6203925", "wikimedia_commons": "Category:Jnana Prabodhini", "wikipedia": "en:Jnana Prabodhini"}, "geometry": {"type": "Polygon", "coordinates": [[[73.8453183, 18.5120945], [73.845376, 18.5116116], [73.8455089, 18.5116259], [73.8455144, 18.5115794], [73.8457001, 18.5116038], [73.8456582, 18.5118489], [73.84564, 18.5119556], [73.8456019, 18.5119515], [73.8455941, 18.5120172], [73.8455814, 18.5121227], [73.8453183, 18.5120945]]]}}, {"type": "Feature", "properties": {"amenity": "school", "check_date": "2026-03-12", "name": "New English School , Tilak Road", "name:mr": "\u0928\u094d\u092f\u0942 \u0907\u0902\u0917\u094d\u0932\u093f\u0936 \u0938\u094d\u0915\u0942\u0932, \u091f\u093f\u0933\u0915 \u0930\u0938\u094d\u0924\u093e", "operator": "Deccan Education Society", "website": "https://www.despune.org/newenglishschool-pune"}, "geometry": {"type": "Polygon", "coordinates": [[[73.8435149, 18.5111966], [73.8450741, 18.511392], [73.8454672, 18.5110294], [73.8455447, 18.510389], [73.8446055, 18.5101892], [73.8437532, 18.5100328], [73.8435529, 18.5105846], [73.8435513, 18.5106109], [73.8435322, 18.5109177], [73.8435149, 18.5111966]]]}}, {"type": "Feature", "properties": {"amenity": "school", "check_date": "2026-03-12", "name": "New English School Ramanbag", "name:mr": "\u0928\u094d\u092f\u0942 \u0907\u0902\u0917\u094d\u0932\u093f\u0936 \u0938\u094d\u0915\u0942\u0932 \u0930\u092e\u0923\u092c\u093e\u0917", "operator": "Deccan Education Society", "website": "https://www.despune.org/newenglishschool-ramanbaug"}, "geometry": {"type": "Polygon", "coordinates": [[[73.8483904, 18.517696], [73.8491292, 18.5177002], [73.8491371, 18.517469], [73.8493804, 18.5174806], [73.8493814, 18.517681], [73.8498684, 18.517687], [73.8499056, 18.516798], [73.8484392, 18.5167641], [73.8483904, 18.517696]]]}}, {"type": "Feature", "properties": {"amenity": "school", "check_date": "2026-03-12", "name": "Navin Marathi Shala", "name:mr": "\u0928\u0935\u0940\u0928 \u092e\u0930\u093e\u0920\u0940 \u0936\u093e\u0933\u093e", "operator": "Deccan Education Society", "website": "https://www.despune.org/navinmarathishala-pune"}, "geometry": {"type": "Polygon", "coordinates": [[[73.8487777, 18.5177851], [73.8493566, 18.5177963], [73.8496046, 18.5178389], [73.8494498, 18.5186252], [73.8494062, 18.518847], [73.8490801, 18.5189372], [73.8488834, 18.5189916], [73.8487823, 18.5189295], [73.8487005, 18.5184821], [73.8487777, 18.5177851]]]}}, {"type": "Feature", "properties": {"amenity": "kindergarten", "check_date": "2026-03-12", "name": "Ranade Balak Mandir", "name:mr": "\u0930\u093e\u0928\u0921\u0947 \u092c\u093e\u0932\u0915 \u092e\u0902\u0926\u093f\u0930", "operator": "Deccan Education Society", "website": "https://www.despune.org/nyayamurti-ranade-balak-mandir"}, "geometry": {"type": "Polygon", "coordinates": [[[73.8490801, 18.5189372], [73.8496368, 18.5192221], [73.8498119, 18.5187257], [73.8494498, 18.5186252], [73.8494062, 18.518847], [73.8490801, 18.5189372]]]}}, {"type": "Feature", "properties": {"amenity": "parking", "disused": "yes", "fee": "yes", "parking": "multi-storey"}, "geometry": {"type": "Polygon", "coordinates": [[[73.8462931, 18.5200677], [73.8463455, 18.5200291], [73.8464356, 18.5201373], [73.8463838, 18.5201766], [73.8462931, 18.5200677]]]}}, {"type": "Feature", "properties": {"addr:district": "Pune", "addr:full": "489, Rasta Peth, Sardar Moodliar Road", "addr:postcode": "411011", "addr:state": "Maharashtra", "alt_name": "King Edward Memorial Hospital", "amenity": "hospital", "check_date": "2026-03-17", "email": "kem@kemhospital.org", "emergency": "yes", "healthcare": "hospital", "name": "KEM Hospital", "name:mr": "\u0915\u0947\u0908\u090f\u092e \u0930\u0941\u0917\u094d\u0923\u093e\u0932\u092f", "operator:type": "private", "source": "OpenGovernmentData", "website": "http://www.kemhospital.org", "wikidata": "Q30279574", "wikimedia_commons": "Category:King Edward Memorial Hospital"}, "geometry": {"type": "Polygon", "coordinates": [[[73.8664486, 18.519602], [73.8677404, 18.5196019], [73.867821, 18.5196543], [73.8678417, 18.519757], [73.8677795, 18.5198794], [73.8674639, 18.520419], [73.8674339, 18.5205305], [73.8670357, 18.5205452], [73.8670265, 18.5208934], [73.8663993, 18.5209019], [73.8664486, 18.519602]]]}}, {"type": "Feature", "properties": {"amenity": "place_of_worship", "name": "Omkareshwar Mandir", "religion": "hindu"}, "geometry": {"type": "Polygon", "coordinates": [[[73.8487693, 18.5197765], [73.8489981, 18.5197782], [73.8494166, 18.5197813], [73.8494205, 18.5198872], [73.8494286, 18.5201036], [73.84887, 18.5200819], [73.8488082, 18.520021], [73.8487693, 18.5197765]]]}}, {"type": "Feature", "properties": {"amenity": "cinema", "name": "Mangala Multiplex", "name:mr": "\u092e\u0902\u0917\u0932\u093e \u092e\u0932\u094d\u091f\u0940\u092a\u094d\u0932\u0947\u0915\u094d\u0938"}, "geometry": {"type": "Polygon", "coordinates": [[[73.8542498, 18.5240482], [73.8548169, 18.524298], [73.8546263, 18.5246869], [73.8540592, 18.5244371], [73.8542498, 18.5240482]]]}}, {"type": "Feature", "properties": {"amenity": "parking"}, "geometry": {"type": "Polygon", "coordinates": [[[73.8523928, 18.532078], [73.8524168, 18.5316856], [73.8523434, 18.5318097], [73.8523527, 18.5320806], [73.8523928, 18.532078]]]}}, {"type": "Feature", "properties": {"amenity": "school", "check_date": "2026-03-12", "name": "Ahilyadevi Girls' Highschool"}, "geometry": {"type": "Polygon", "coordinates": [[[73.851174, 18.5181869], [73.851366, 18.5181903], [73.8513704, 18.5179685], [73.8514929, 18.5179707], [73.8514889, 18.5181734], [73.8516317, 18.5181759], [73.8516222, 18.5186581], [73.8511648, 18.51865], [73.851174, 18.5181869]]]}}, {"type": "Feature", "properties": {"amenity": "theatre", "name": "Bharat Naatya Mandir", "name:mr": "\u092d\u0930\u0924 \u0928\u093e\u091f\u094d\u092f \u092e\u0902\u0926\u093f\u0930", "wikidata": "Q13119416"}, "geometry": {"type": "Polygon", "coordinates": [[[73.8491387, 18.5104975], [73.8493895, 18.5105282], [73.8493537, 18.5107911], [73.8491029, 18.5107604], [73.8491387, 18.5104975]]]}}, {"type": "Feature", "properties": {"amenity": "school", "name": "Gopal Highschool"}, "geometry": {"type": "Polygon", "coordinates": [[[73.8515638, 18.5105005], [73.8519678, 18.5105441], [73.8519305, 18.5108549], [73.8515265, 18.5108113], [73.8515638, 18.5105005]]]}}, {"type": "Feature", "properties": {"amenity": "parking", "building": "yes", "fee": "yes", "name": "Hamalwada Parking", "name:mr": "\u0939\u092e\u093e\u0932\u0935\u093e\u0921\u093e \u0935\u093e\u0939\u0928\u0924\u0933", "parking": "multi-storey"}, "geometry": {"type": "Polygon", "coordinates": [[[73.8511646, 18.5148556], [73.8513532, 18.5148608], [73.8513565, 18.514752], [73.8515498, 18.5147574], [73.8515347, 18.5152467], [73.8515022, 18.5152458], [73.8515007, 18.5152935], [73.8513145, 18.5152883], [73.8513162, 18.5152307], [73.8512995, 18.5152302], [73.8513045, 18.5150703], [73.8511581, 18.5150662], [73.8511646, 18.5148556]]]}}, {"type": "Feature", "properties": {"amenity": "school", "check_date": "2026-03-15", "loc_name": "Hujurpaga", "name": "His Highness Chintamanrao Patwardhan Highschool", "name:etymology:wikidata": "Q56163357", "short_name": "HHCP Highschool"}, "geometry": {"type": "Polygon", "coordinates": [[[73.8523261, 18.5145384], [73.8536694, 18.5145484], [73.8537281, 18.5145488], [73.8537194, 18.5156078], [73.8536317, 18.5156072], [73.8535815, 18.5156068], [73.8523174, 18.5155975], [73.8523188, 18.5154254], [73.8523261, 18.5145384]]]}}, {"type": "Feature", "properties": {"amenity": "bank", "check_date": "2026-03-12", "name": "Janata Sahakari Bank", "name:mr": "\u091c\u0928\u0924\u093e \u0938\u0939\u0915\u093e\u0930\u0940 \u092c\u0901\u0915"}, "geometry": {"type": "Polygon", "coordinates": [[[73.8496918, 18.5163367], [73.8497668, 18.5163787], [73.8497685, 18.5166318], [73.8496874, 18.5166318], [73.8496918, 18.5163367]]]}}, {"type": "Feature", "properties": {"addr:postcode": "411030", "addr:street": "Lokmanya Tilak Marg", "amenity": "school", "name:en": "Maharashtriya Mandal", "religion": "none"}, "geometry": {"type": "Polygon", "coordinates": [[[73.8479332, 18.5094064], [73.8480216, 18.5095558], [73.8481932, 18.5095636], [73.8481746, 18.5098674], [73.8481229, 18.510079], [73.8473045, 18.5100202], [73.8473415, 18.5097355], [73.8479332, 18.5094064]]]}}, {"type": "Feature", "properties": {"amenity": "school", "loc_name": "Numavi", "loc_name:mr": "\u0928\u0942\u092e\u0935\u093f", "name": "Nutan Marathi Vidyalaya", "name:en": "Nutan Marathi Vidyalaya", "name:mr": "\u0928\u0942\u0924\u0928 \u092e\u0930\u093e\u0920\u0940 \u0935\u093f\u0926\u094d\u092f\u093e\u0932\u092f"}, "geometry": {"type": "Polygon", "coordinates": [[[73.853788, 18.515212], [73.8549347, 18.5152247], [73.8549151, 18.5155841], [73.8537911, 18.5155663], [73.853788, 18.515212]]]}}, {"type": "Feature", "properties": {"amenity": "school", "check_date": "2026-03-12", "loc_name": "Numavi", "loc_name:mr": "\u0928\u0942\u092e\u0935\u093f", "name": "Nutan Marathi Vidyalaya", "name:mr": "\u0928\u0942\u0924\u0928 \u092e\u0930\u093e\u0920\u0940 \u0935\u093f\u0926\u094d\u092f\u093e\u0932\u092f"}, "geometry": {"type": "Polygon", "coordinates": [[[73.8530786, 18.5164828], [73.853081, 18.5167629], [73.8530197, 18.5167634], [73.8530231, 18.5171668], [73.8535049, 18.5171631], [73.8535015, 18.5167643], [73.8535, 18.5165905], [73.8533409, 18.5165917], [73.8533399, 18.5164807], [73.8530786, 18.5164828]]]}}, {"type": "Feature", "properties": {"amenity": "school", "check_date": "2026-03-12", "name": "Perugate Bhave School"}, "geometry": {"type": "Polygon", "coordinates": [[[73.8466736, 18.5105879], [73.8477335, 18.5107007], [73.8477049, 18.510942], [73.8479972, 18.5109731], [73.8479505, 18.5113674], [73.8465984, 18.5112235], [73.8466736, 18.5105879]]]}}, {"type": "Feature", "properties": {"amenity": "school", "name": "Renuka Swaroop Highschool"}, "geometry": {"type": "Polygon", "coordinates": [[[73.8491594, 18.5099109], [73.8493867, 18.5099403], [73.8496037, 18.5097189], [73.8502673, 18.5097967], [73.8501577, 18.5105966], [73.8490809, 18.5104792], [73.8491594, 18.5099109]]]}}, {"type": "Feature", "properties": {"addr:city": "Pune", "addr:country": "IN", "addr:housenumber": "591", "addr:postcode": "411030", "addr:street": "Narsimha Chintaman Kelkar Road", "addr:suburb": "Narayan Peth", "alt_name": "SNDT Kanyashala", "alt_name:mr": "\u090f\u0938. \u090f\u0928. \u0921\u0940. \u091f\u0940. \u0915\u0928\u094d\u092f\u093e\u0936\u093e\u0933\u093e", "amenity": "school", "check_date": "2026-03-12", "name": "Shrimati Nathibai Damodar Thakarsi Kanyashala", "name:mr": "\u0936\u094d\u0930\u0940\u092e\u0924\u0940 \u0928\u093e\u0925\u0940\u092c\u093e\u0908 \u0926\u093e\u092e\u094b\u0926\u0930 \u0920\u093e\u0915\u0930\u0938\u0940 \u0915\u0928\u094d\u092f\u093e\u0936\u093e\u0933\u093e"}, "geometry": {"type": "Polygon", "coordinates": [[[73.851088, 18.5158719], [73.8513738, 18.5158673], [73.8513814, 18.5162958], [73.8510956, 18.5163004], [73.851088, 18.5158719]]]}}, {"type": "Feature", "properties": {"amenity": "cinema", "building": "yes", "name": "Kibe Laxmi Theatre", "name:mr": "\u0915\u093f\u092c\u0947 \u0932\u0915\u094d\u0937\u094d\u092e\u0940 \u0925\u093f\u090f\u091f\u0930", "opening_hours": "Mo-Su 07:00-23:00", "opening_hours:covid19": "off", "payment:cards": "yes", "payment:cash": "yes", "payment:google_pay": "yes", "payment:mobikwik": "yes", "payment:paytm": "yes", "payment:phonepe": "yes"}, "geometry": {"type": "Polygon", "coordinates": [[[73.8540284, 18.5167124], [73.8539808, 18.5169489], [73.8543358, 18.5170132], [73.8543834, 18.5167767], [73.8540284, 18.5167124]]]}}, {"type": "Feature", "properties": {"amenity": "parking", "building": "yes", "fee": "yes", "name": "Kridamaharshi Haribhau Sane Parking", "name:mr": "\u0915\u094d\u0930\u093f\u0921\u093e\u092e\u0939\u0930\u094d\u0937\u0940 \u0939\u0930\u093f\u092d\u093e\u090a \u0938\u093e\u0928\u0947 \u0935\u093e\u0939\u0928\u0924\u0933", "parking": "multi-storey"}, "geometry": {"type": "Polygon", "coordinates": [[[73.8481586, 18.514932], [73.8481457, 18.5152095], [73.8480108, 18.5152038], [73.8480128, 18.5151599], [73.8479704, 18.5151581], [73.8479959, 18.5146128], [73.8481581, 18.5146196], [73.8481554, 18.5146773], [73.8481833, 18.5146798], [73.8482101, 18.5146878], [73.8482345, 18.5147008], [73.8482556, 18.5147184], [73.8482724, 18.5147397], [73.8482841, 18.5147639], [73.8482902, 18.5147898], [73.8482906, 18.5148164], [73.8482851, 18.5148425], [73.848274, 18.514867], [73.8482578, 18.5148887], [73.8482372, 18.5149067], [73.848213, 18.5149203], [73.8481865, 18.5149289], [73.8481586, 18.514932]]]}}, {"type": "Feature", "properties": {"amenity": "school", "check_date": "2026-03-12", "name": "Gogate Prashala", "name:mr": "\u0917\u094b\u0917\u091f\u0947 \u092a\u094d\u0930\u0936\u093e\u0932\u093e"}, "geometry": {"type": "Polygon", "coordinates": [[[73.8465281, 18.5147378], [73.8467174, 18.5147749], [73.8470567, 18.5148066], [73.8470423, 18.5151363], [73.8470029, 18.5151974], [73.8465072, 18.5151759], [73.8465281, 18.5147378]]]}}, {"type": "Feature", "properties": {"addr:full": "Mangalwar Peth, In front of Bus Stop, Pune", "addr:postcode": "411011", "addr:state": "Maharashtra", "addr:subdistrict": "Pune City", "amenity": "hospital", "check_date": "2026-03-12", "description": "Sub District Hospital", "healthcare": "hospital", "name": "Kamla Nehru Hospital", "name:etymology:wikidata": "Q3633365", "name:mr": "\u0915\u092e\u0932\u093e \u0928\u0947\u0939\u0930\u0941 \u0930\u0941\u0917\u094d\u0923\u093e\u0932\u092f", "source": "OpenGovernmentData"}, "geometry": {"type": "Polygon", "coordinates": [[[73.8616543, 18.5225855], [73.8624634, 18.5225964], [73.8624565, 18.5230448], [73.8626563, 18.5230569], [73.8626435, 18.5232963], [73.8615931, 18.5232503], [73.8615944, 18.5232012], [73.8616084, 18.5226677], [73.861616, 18.5226121], [73.8616543, 18.5225855]]]}}, {"type": "Feature", "properties": {"amenity": "parking", "parking": "surface"}, "geometry": {"type": "Polygon", "coordinates": [[[73.856352, 18.514758], [73.8565193, 18.514804], [73.8563581, 18.5150488], [73.8563278, 18.5150431], [73.856352, 18.514758]]]}}, {"type": "Feature", "properties": {"historic": "archaeological_site", "name": "Pataleshwar", "name:mr": "\u092a\u093e\u0924\u093e\u0933\u0947\u0936\u094d\u0935\u0930", "tourism": "attraction", "wikidata": "Q7144204", "wikimedia_commons": "Category:Pataleshwar", "wikipedia": "en:Pataleshwar"}, "geometry": {"type": "Polygon", "coordinates": [[[73.8494587, 18.5268489], [73.8496409, 18.5267379], [73.8505181, 18.5267405], [73.8506992, 18.5269774], [73.8501884, 18.5273522], [73.8494588, 18.5270665], [73.8494587, 18.5268489]]]}}, {"type": "Feature", "properties": {"addr:city": "Pune", "addr:housenumber": "11/12", "addr:neighbourhood": "Shivajinagar", "addr:postcode": "411005", "addr:state": "Maharashtra", "addr:street": "Thube Park Road", "amenity": "hospital", "check_date": "2026-03-12", "email": "appointment@sanchetihospital.org", "emergency": "yes", "healthcare": "hospital", "healthcare:speciality": "surgery;orthopaedic oncology;arthritis;paediatric ortopaedics", "name": "Sancheti Hospital", "phone": "+91 8888808845", "website": "https://www.sanchetihospital.org/"}, "geometry": {"type": "Polygon", "coordinates": [[[73.8523022, 18.5296921], [73.8527245, 18.5295665], [73.8528897, 18.5295458], [73.8530798, 18.5296064], [73.8532248, 18.5296906], [73.85339, 18.5298073], [73.8534601, 18.5298694], [73.8529894, 18.530357], [73.8529365, 18.5302373], [73.8526924, 18.5300243], [73.8524954, 18.5300142], [73.8523972, 18.5299758], [73.8523022, 18.5296921]]]}}, {"type": "Feature", "properties": {"amenity": "post_office", "building": "yes", "name": "Shivajinagar General Post Office"}, "geometry": {"type": "Polygon", "coordinates": [[[73.8502407, 18.5276243], [73.8502134, 18.5276517], [73.8503868, 18.5278071], [73.8504548, 18.5277388], [73.850441, 18.5277265], [73.8505474, 18.5276199], [73.8505102, 18.5275865], [73.8506336, 18.5274627], [73.8506487, 18.5274762], [73.8506771, 18.5274477], [73.850666, 18.5274377], [73.8507064, 18.5273972], [73.8504981, 18.5272105], [73.8504463, 18.5272624], [73.8505874, 18.5273889], [73.8505333, 18.5274432], [73.8503862, 18.5273114], [73.8503141, 18.5273837], [73.8504409, 18.5274974], [73.8503652, 18.5275733], [73.850266, 18.5274845], [73.8501804, 18.5275703], [73.8502407, 18.5276243]]]}}, {"type": "Feature", "properties": {"amenity": "school", "name": "Government Technical Highschool"}, "geometry": {"type": "Polygon", "coordinates": [[[73.8439147, 18.5242834], [73.8440929, 18.525181], [73.8451417, 18.5250199], [73.8462312, 18.5248411], [73.8460364, 18.5244075], [73.8457738, 18.5238144], [73.84485, 18.524114], [73.8439147, 18.5242834]]]}}, {"type": "Feature", "properties": {"amenity": "school", "name": "Modern Highschool", "name:mr": "\u092e\u0949\u0921\u0930\u094d\u0928 \u0936\u093e\u0933\u093e"}, "geometry": {"type": "Polygon", "coordinates": [[[73.8472305, 18.5246019], [73.848297, 18.5241458], [73.8484547, 18.5243813], [73.8488904, 18.5241776], [73.8493871, 18.5248879], [73.8493792, 18.5249533], [73.8486459, 18.525286], [73.8477608, 18.5256562], [73.8472305, 18.5246019]]]}}, {"type": "Feature", "properties": {"amenity": "fuel", "brand": "BPCL", "check_date": "2026-03-12", "fuel:diesel": "yes", "fuel:octane_91": "yes", "fuel:octane_95": "yes", "operator": "BPCL"}, "geometry": {"type": "Polygon", "coordinates": [[[73.8626542, 18.5288546], [73.8632519, 18.5288689], [73.8632247, 18.5293755], [73.8631795, 18.5294814], [73.86311, 18.5295272], [73.8630195, 18.5295558], [73.8626512, 18.5295472], [73.8626542, 18.5288546]]]}}, {"type": "Feature", "properties": {"amenity": "place_of_worship", "check_date": "2026-03-12", "name": "Modi Ganpati", "name:mr": "\u092e\u094b\u0926\u0940 \u0917\u0923\u092a\u0924\u0940", "religion": "hindu"}, "geometry": {"type": "Polygon", "coordinates": [[[73.8477084, 18.5153124], [73.8477108, 18.5152721], [73.8478841, 18.5152771], [73.8478797, 18.5153311], [73.8477084, 18.5153124]]]}}, {"type": "Feature", "properties": {"alt_name": "Vijay Talkies", "alt_name:mr": "\u0935\u093f\u091c\u092f \u091f\u0949\u0915\u0940\u091c", "amenity": "cinema", "check_date": "2026-03-12", "name": "Limaye Natya-Chitra Mandir", "name:mr": "\u0932\u093f\u092e\u092f\u0947 \u0928\u093e\u091f\u094d\u092f-\u091a\u093f\u0924\u094d\u0930 \u092e\u0902\u0926\u093f\u0930"}, "geometry": {"type": "Polygon", "coordinates": [[[73.8472797, 18.5140411], [73.847371, 18.5140611], [73.8474697, 18.5140827], [73.8478271, 18.5141608], [73.8477832, 18.5143412], [73.847481, 18.5142751], [73.8471958, 18.5142127], [73.8472397, 18.5140324], [73.8472797, 18.5140411]]]}}, {"type": "Feature", "properties": {"amenity": "parking", "parking": "surface"}, "geometry": {"type": "Polygon", "coordinates": [[[73.8550797, 18.528779], [73.8557264, 18.5286027], [73.8557586, 18.528721], [73.8552987, 18.5288753], [73.8551209, 18.5289454], [73.8550797, 18.528779]]]}}, {"type": "Feature", "properties": {"amenity": "fuel", "brand": "MNGL", "fuel:cng": "yes", "name": "MNGL CNG Pump", "operator": "MNGL"}, "geometry": {"type": "Polygon", "coordinates": [[[73.8475082, 18.5339787], [73.8478543, 18.5343324], [73.8477929, 18.5343864], [73.8474469, 18.5340327], [73.8475082, 18.5339787]]]}}, {"type": "Feature", "properties": {"addr:city": "Pune", "addr:country": "IN", "addr:district": "Pune", "addr:full": "Ganeshkhind Rd, near Hotel Pride, Narveer Tanaji Wadi, Shivajinagar", "addr:housename": "Oyster and Pearl Hospital", "addr:housenumber": "671-75", "addr:postcode": "411016", "addr:state": "Maharashtra", "addr:street": "Ganeshkhind Road", "addr:suburb": "Shivajinagar", "amenity": "hospital", "building": "yes", "healthcare": "hospital", "name": "Oyster and Pearl Hospital Tulip", "name:mr": "\u0911\u092f\u0938\u094d\u091f\u0930 \u0905\u0901\u0921 \u092a\u0930\u094d\u0932 \u0939\u0949\u0938\u094d\u092a\u093f\u091f\u0932", "source": "OpenGovernmentData", "website": "https://www.onphospital.com"}, "geometry": {"type": "Polygon", "coordinates": [[[73.8473444, 18.5318101], [73.8473314, 18.5317934], [73.8472929, 18.5318203], [73.8472735, 18.5317954], [73.847063, 18.5319423], [73.8471544, 18.53206], [73.8473914, 18.5318945], [73.8474153, 18.5318975], [73.8474397, 18.5318924], [73.8474608, 18.5318797], [73.847476, 18.5318609], [73.8474835, 18.5318383], [73.8474824, 18.5318147], [73.8474729, 18.5317928], [73.847456, 18.5317753], [73.8474339, 18.5317644], [73.8474091, 18.5317613], [73.8473847, 18.5317664], [73.8473637, 18.5317791], [73.8473485, 18.5317979], [73.8473444, 18.5318101]]]}}, {"type": "Feature", "properties": {"addr:city": "pune", "addr:postcode": "411005", "addr:street": "Ganeshkhind Road", "amenity": "cinema", "name": "Rahul Cineplex", "name:mr": "\u0930\u093e\u0939\u0941\u0932 \u0938\u093f\u0928\u0947\u092a\u094d\u0932\u0947\u0915\u094d\u0938"}, "geometry": {"type": "Polygon", "coordinates": [[[73.8465752, 18.5311218], [73.8461407, 18.5312438], [73.8463039, 18.5319587], [73.8466441, 18.5320261], [73.846816, 18.5320601], [73.8465752, 18.5311218]]]}}, {"type": "Feature", "properties": {"amenity": "theatre", "check_date": "2026-03-12", "name": "COEP Auditorium", "source": "Bing"}, "geometry": {"type": "Polygon", "coordinates": [[[73.8572184, 18.5295482], [73.8571987, 18.5294863], [73.8571825, 18.5294353], [73.8571569, 18.5293548], [73.8574531, 18.5292855], [73.8575185, 18.5294862], [73.8572184, 18.5295482]]]}}, {"type": "Feature", "properties": {"amenity": "place_of_worship", "building": "yes", "check_date": "2026-03-17", "name": "Pasodya Vithoba Mandir", "name:mr": "\u092a\u093e\u0938\u094b\u0921\u094d\u092f\u093e \u0935\u093f\u0920\u094b\u092c\u093e \u092e\u0902\u0926\u093f\u0930", "religion": "hindu"}, "geometry": {"type": "Polygon", "coordinates": [[[73.8582173, 18.5169268], [73.8580871, 18.5169277], [73.8580868, 18.5168774], [73.8582169, 18.5168765], [73.8582425, 18.5168906], [73.8582425, 18.516912], [73.8582173, 18.5169268]]]}}, {"type": "Feature", "properties": {"amenity": "place_of_worship", "building": "temple", "check_date": "2026-03-12", "name": "Shreemant Dagdusheth Halwai Ganpati Mandir", "name:mr": "\u0936\u094d\u0930\u0940\u092e\u0902\u0924 \u0926\u0917\u0921\u0942\u0936\u0947\u0920 \u0939\u0932\u0935\u093e\u0908 \u0917\u0923\u092a\u0924\u0940 \u092e\u0902\u0926\u093f\u0930", "religion": "hindu"}, "geometry": {"type": "Polygon", "coordinates": [[[73.8560354, 18.5164834], [73.8560377, 18.5163777], [73.8559842, 18.5163766], [73.8559859, 18.5162955], [73.8561846, 18.5162994], [73.8561806, 18.5164862], [73.8560354, 18.5164834]]]}}, {"type": "Feature", "properties": {"amenity": "place_of_worship", "building": "yes", "religion": "hindu"}, "geometry": {"type": "Polygon", "coordinates": [[[73.8497943, 18.5269736], [73.8498316, 18.5269902], [73.8498655, 18.5269868], [73.8498947, 18.5269769], [73.8499145, 18.5269536], [73.8499238, 18.5269282], [73.8499215, 18.5269005], [73.8499087, 18.5268784], [73.8498842, 18.5268673], [73.8498538, 18.5268673], [73.8498258, 18.5268739], [73.8498059, 18.5268894], [73.8497896, 18.5269127], [73.8497837, 18.5269337], [73.8497814, 18.5269581], [73.8497943, 18.5269736]]]}}, {"type": "Feature", "properties": {"amenity": "police", "building": "yes", "name": "Faraskhana Police Station", "name:mr": "\u092b\u0930\u093e\u0938\u0916\u093e\u0928\u093e \u092a\u094b\u0932\u0940\u0938 \u0920\u093e\u0923\u0947"}, "geometry": {"type": "Polygon", "coordinates": [[[73.8560255, 18.516496], [73.8560246, 18.5163869], [73.8556584, 18.5163897], [73.8556593, 18.5164988], [73.8560255, 18.516496]]]}}, {"type": "Feature", "properties": {"amenity": "school", "check_date": "2026-03-15", "name": "Sevasadan", "name:mr": "\u0938\u0947\u0935\u093e\u0938\u0926\u0928"}, "geometry": {"type": "Polygon", "coordinates": [[[73.8525927, 18.5143346], [73.8525978, 18.5139884], [73.8533051, 18.5139932], [73.8532897, 18.5143456], [73.8525927, 18.5143346]]]}}, {"type": "Feature", "properties": {"amenity": "parking"}, "geometry": {"type": "Polygon", "coordinates": [[[73.8469176, 18.5139589], [73.8469306, 18.5138856], [73.8471503, 18.5139333], [73.847141, 18.5139924], [73.8469176, 18.5139589]]]}}, {"type": "Feature", "properties": {"amenity": "place_of_worship", "building": "temple", "name": "Jangli Maharaj Mandir", "name:mr": "\u091c\u0902\u0917\u0932\u0940 \u092e\u0939\u093e\u0930\u093e\u091c \u092e\u0902\u0926\u093f\u0930", "religion": "hindu", "wikidata": "Q98801468", "wikimedia_commons": "Category:Jangli Maharaj Temple"}, "geometry": {"type": "Polygon", "coordinates": [[[73.8499498, 18.5264027], [73.8499603, 18.5263385], [73.8500432, 18.5263507], [73.8500326, 18.5264149], [73.8499498, 18.5264027]]]}}, {"type": "Feature", "properties": {"amenity": "university", "education": "university", "name": "COEP TU South Campus"}, "geometry": {"type": "Polygon", "coordinates": [[[73.8550067, 18.5292565], [73.8546357, 18.52943], [73.8545792, 18.5294617], [73.8543096, 18.5296131], [73.8538704, 18.5299201], [73.8544133, 18.5299945], [73.8549404, 18.5300273], [73.8555889, 18.5299191], [73.855691, 18.5299144], [73.8559369, 18.529861], [73.8569719, 18.5296521], [73.8572977, 18.5295796], [73.8575312, 18.5295248], [73.858199, 18.5293679], [73.8583732, 18.5293436], [73.8587206, 18.529367], [73.8586893, 18.5290015], [73.8585407, 18.5286046], [73.8577378, 18.5285874], [73.8571865, 18.5285846], [73.8568348, 18.5286332], [73.8562903, 18.5287595], [73.855808, 18.5289067], [73.8554594, 18.5290424], [73.8552604, 18.5291365], [73.8550067, 18.5292565]]]}}, {"type": "Feature", "properties": {"amenity": "courthouse", "check_date": "2026-03-12", "name": "Pune District Court", "name:mr": "\u092a\u0941\u0923\u0947 \u091c\u093f\u0932\u094d\u0939\u093e \u0928\u094d\u092f\u093e\u092f\u093e\u0932\u092f", "wikipedia": "en:Pune District Court"}, "geometry": {"type": "Polygon", "coordinates": [[[73.855033, 18.5267981], [73.8573294, 18.5279503], [73.857356, 18.5279833], [73.8573688, 18.5280119], [73.8573665, 18.5280503], [73.8573514, 18.5280865], [73.857312, 18.5281107], [73.8572379, 18.5281217], [73.8567425, 18.528151], [73.8536713, 18.5289834], [73.8535873, 18.5287031], [73.8535133, 18.5286727], [73.8542864, 18.5277757], [73.8543206, 18.5276915], [73.854328, 18.5276038], [73.8543177, 18.5275358], [73.8542788, 18.5274391], [73.8542858, 18.5274205], [73.8544557, 18.5274826], [73.855033, 18.5267981]]]}}, {"type": "Feature", "properties": {"amenity": "school", "name": "Shri Shivaji Preparatory Military School", "name:etymology:wikidata": "Q239505", "name:mr": "\u0936\u094d\u0930\u0940 \u0936\u093f\u0935\u093e\u091c\u0940 \u092a\u094d\u0930\u093f\u092a\u0930\u0947\u091f\u0930\u0940 \u092e\u093f\u0932\u093f\u091f\u0930\u0940 \u0938\u094d\u0915\u0942\u0932", "wikidata": "Q16238312", "wikimedia_commons": "Category:Shri Shivaji Preparatory Military School", "wikipedia": "en:Shri Shivaji Preparatory Military School (Pune)"}, "geometry": {"type": "Polygon", "coordinates": [[[73.8533383, 18.5259803], [73.8532815, 18.5259774], [73.8532197, 18.525993], [73.8531789, 18.5260148], [73.8531464, 18.5260321], [73.8529432, 18.5262727], [73.8526524, 18.5265495], [73.852492, 18.5267005], [73.8522032, 18.5269157], [73.8518732, 18.5270859], [73.852243, 18.527637], [73.8526509, 18.527384], [73.8526907, 18.5273593], [73.8529805, 18.5272703], [73.8533044, 18.527196], [73.8535282, 18.5271686], [73.8536436, 18.5271953], [73.8536096, 18.5270564], [73.853819, 18.5270232], [73.8538386, 18.5269831], [73.8537808, 18.5266193], [73.8540436, 18.5263204], [73.8533383, 18.5259803]]]}}, {"type": "Feature", "properties": {"amenity": "parking", "parking": "surface"}, "geometry": {"type": "Polygon", "coordinates": [[[73.8558965, 18.5283666], [73.8558657, 18.5282646], [73.8548512, 18.5285402], [73.8548821, 18.5286421], [73.8558965, 18.5283666]]]}}, {"type": "Feature", "properties": {"amenity": "fuel", "brand": "Bharat Petroleum", "brand:wikidata": "Q854826", "name": "Bharat Petroleum"}, "geometry": {"type": "Polygon", "coordinates": [[[73.8507953, 18.5264341], [73.8509373, 18.5266529], [73.850834, 18.5267132], [73.8506919, 18.5264944], [73.8507953, 18.5264341]]]}}, {"type": "Feature", "properties": {"amenity": "college", "check_date": "2026-03-12", "name": "Krushi Mahavidyalay", "name:en": "Agriculture College", "name:mr": "\u0915\u0943\u0937\u0940 \u092e\u0939\u093e\u0935\u093f\u0926\u094d\u092f\u093e\u0932\u092f", "wikidata": "Q85753321", "wikimedia_commons": "Category:College of Agriculture, Pune", "wikipedia": "en:College of Agriculture, Pune"}, "geometry": {"type": "Polygon", "coordinates": [[[73.8478846, 18.5357238], [73.8470696, 18.5359424], [73.8466396, 18.5360443], [73.8461481, 18.5361284], [73.8462215, 18.5353635], [73.8463031, 18.5345143], [73.8466908, 18.5345527], [73.8467237, 18.5340963], [73.8462524, 18.5337312], [73.8451858, 18.5335654], [73.8452643, 18.5328351], [73.8447373, 18.5327799], [73.8448716, 18.531725], [73.844772, 18.5316346], [73.844259, 18.5318076], [73.8444365, 18.5323131], [73.8443218, 18.5335837], [73.8438004, 18.533571], [73.8437554, 18.5342192], [73.8417031, 18.5340919], [73.8417234, 18.5336259], [73.841014, 18.5335634], [73.8387438, 18.5351345], [73.8389136, 18.5355669], [73.8391697, 18.53562], [73.8391798, 18.5356012], [73.8391323, 18.5359069], [73.8389772, 18.5358987], [73.8388683, 18.5362599], [73.8386259, 18.5366992], [73.8385521, 18.5368158], [73.8386334, 18.5371137], [73.8386361, 18.5373221], [73.8385641, 18.53754], [73.838384, 18.5376879], [73.8381642, 18.537754], [73.8377921, 18.5378], [73.8375533, 18.5378669], [73.837352, 18.5380424], [73.8372759, 18.5383102], [73.8372967, 18.5390584], [73.8373954, 18.5392626], [73.8376015, 18.5396679], [73.8380749, 18.5403339], [73.8389588, 18.5411069], [73.8389815, 18.5413435], [73.8389204, 18.5419951], [73.8390518, 18.5423047], [73.8406996, 18.5424225], [73.8427444, 18.5427388], [73.8424983, 18.5442862], [73.8468985, 18.5443056], [73.8470751, 18.5442982], [73.8471689, 18.5442613], [73.8472458, 18.5441884], [73.8472829, 18.5441068], [73.8472988, 18.5440091], [73.847482, 18.5404423], [73.8476, 18.537929], [73.8476484, 18.5378222], [73.8477128, 18.53776], [73.8477663, 18.5367394], [73.8478846, 18.5357238]]]}}, {"type": "Feature", "properties": {"amenity": "school", "check_date": "2026-03-12", "name": "N. V. Gadgil Vidyalay", "name:mr": "\u0928. \u0935\u093f. \u0917\u093e\u0921\u0917\u0940\u0933 \u0935\u093f\u0926\u094d\u092f\u093e\u0932\u092f"}, "geometry": {"type": "Polygon", "coordinates": [[[73.8531572, 18.5185279], [73.8532669, 18.5185213], [73.8532704, 18.5184106], [73.8537793, 18.518394], [73.8537816, 18.5187304], [73.8534268, 18.5187327], [73.8534292, 18.5187625], [73.8531595, 18.5187946], [73.8531572, 18.5185279]]]}}, {"type": "Feature", "properties": {"amenity": "place_of_worship", "check_date": "2026-03-12", "name": "Amruteshwar Mandir", "name:mr": "\u0905\u092e\u0943\u0924\u0947\u0936\u094d\u0935\u0930 \u092e\u0902\u0926\u093f\u0930", "religion": "hindu", "wikidata": "Q98801443", "wikimedia_commons": "Category:Amruteshwar Temple Complex, Pune"}, "geometry": {"type": "Polygon", "coordinates": [[[73.8535248, 18.5209652], [73.8535262, 18.5208825], [73.8535621, 18.5208524], [73.8535926, 18.5208432], [73.8535939, 18.5205442], [73.8533063, 18.5205416], [73.8533063, 18.5209638], [73.8535248, 18.5209652]]]}}, {"type": "Feature", "properties": {"amenity": "school", "check_date": "2026-03-12", "name": "Annabhau Sathe Shalagruh", "name:etymology:wikidata": "Q55759", "name:mr": "\u0905\u0923\u094d\u0923\u093e\u092d\u093e\u090a \u0938\u093e\u0920\u0947 \u0936\u093e\u0932\u093e\u0917\u0943\u0939"}, "geometry": {"type": "Polygon", "coordinates": [[[73.8506742, 18.5138842], [73.8507093, 18.5136015], [73.8504274, 18.51357], [73.8503923, 18.5138527], [73.8506742, 18.5138842]]]}}, {"type": "Feature", "properties": {"addr:district": "Pune", "addr:full": "Survey No. 1160 / 61, Shivaji Nagar,Near Rahul Theatre,Opposite Lic,Ganeshkhind Road", "addr:postcode": "411005", "addr:state": "Maharashtra", "amenity": "hospital", "building": "yes", "healthcare": "hospital", "name": "Deccan Hardikar Hospital", "name:en": "Deccan Hardikar Hospital", "name:mr": "\u0921\u0947\u0915\u094d\u0915\u0928 \u0939\u0930\u094d\u0921\u0940\u0915\u0930 \u0930\u0941\u0917\u094d\u0923\u093e\u0932\u092f", "source": "OpenGovernmentData", "wikidata": "Q5655991", "wikipedia": "en:Hardikar Hospital"}, "geometry": {"type": "Polygon", "coordinates": [[[73.8475792, 18.5304328], [73.8476741, 18.5304247], [73.8476381, 18.5300477], [73.8474079, 18.5300674], [73.8474454, 18.5304603], [73.8475807, 18.5304487], [73.8475792, 18.5304328]]]}}, {"type": "Feature", "properties": {"amenity": "fuel", "brand": "Hindustan Petroleum", "brand:wikidata": "Q1619375", "check_date": "2026-03-12", "fuel:diesel": "yes", "fuel:octane_91": "yes", "fuel:octane_95": "yes", "name": "Hindustan Petroleum", "official_name": "Hindustan Petroleum", "short_name": "HP"}, "geometry": {"type": "Polygon", "coordinates": [[[73.8472874, 18.5306542], [73.8472253, 18.5304051], [73.8470084, 18.5304264], [73.8469913, 18.5307149], [73.8472874, 18.5306542]]]}}, {"type": "Feature", "properties": {"addr:housenumber": "020-24496474", "addr:street": "Gadgil Street", "amenity": "place_of_worship", "building": "temple", "check_date": "2026-03-12", "name": "Vishweshwar Mandir", "name:mr": "\u0935\u093f\u0936\u094d\u0935\u0947\u0936\u094d\u0935\u0930 \u092e\u0902\u0926\u093f\u0930", "religion": "hindu"}, "geometry": {"type": "Polygon", "coordinates": [[[73.8502391, 18.5133001], [73.8502396, 18.5132401], [73.850299, 18.5132405], [73.8502985, 18.5133005], [73.8502391, 18.5133001]]]}}, {"type": "Feature", "properties": {"access": "yes", "amenity": "toilets", "building": "yes", "check_date": "2026-03-12", "toilets:position": "squat;urinal", "wheelchair": "no"}, "geometry": {"type": "Polygon", "coordinates": [[[73.8541442, 18.5232805], [73.8541614, 18.5232382], [73.8542444, 18.5232686], [73.8542357, 18.5232899], [73.8541896, 18.523273], [73.854181, 18.523294], [73.8541442, 18.5232805]]]}}, {"type": "Feature", "properties": {"amenity": "school", "check_date": "2026-03-13", "name": "Rasta Peth Education Society", "name:mr": "\u0930\u093e\u0938\u094d\u0924\u093e \u092a\u0947\u0920 \u090f\u091c\u094d\u092f\u0941\u0915\u0947\u0936\u0928 \u0938\u094b\u0938\u093e\u092f\u091f\u0940"}, "geometry": {"type": "Polygon", "coordinates": [[[73.8663561, 18.5222467], [73.8664026, 18.5214665], [73.8667125, 18.5213261], [73.8668203, 18.5213087], [73.866824, 18.5215834], [73.8667144, 18.5223464], [73.8663561, 18.5222467]]]}}, {"type": "Feature", "properties": {"amenity": "place_of_worship", "check_date": "2026-03-12", "name": "Ashtabhuja Mandir", "name:mr": "\u0905\u0937\u094d\u091f\u092d\u0941\u091c\u093e \u092e\u0902\u0926\u093f\u0930", "religion": "hindu", "wikidata": "Q98802419", "wikimedia_commons": "Category:Ashtabhuja Durga Temple"}, "geometry": {"type": "Polygon", "coordinates": [[[73.8464289, 18.5171622], [73.8466457, 18.5171159], [73.8466878, 18.517307], [73.8465125, 18.5173435], [73.8464289, 18.5171622]]]}}, {"type": "Feature", "properties": {"amenity": "post_office", "building": "public", "check_date": "2026-03-17", "name": "City Post", "name:mr": "\u0938\u093f\u091f\u0940 \u092a\u094b\u0938\u094d\u091f", "operator": "India Post", "operator:wikidata": "Q3519720"}, "geometry": {"type": "Polygon", "coordinates": [[[73.8566747, 18.5153452], [73.8566625, 18.5154243], [73.8567572, 18.5154375], [73.8567653, 18.5153856], [73.8568726, 18.5154006], [73.8568389, 18.5156179], [73.8567425, 18.5156045], [73.8567478, 18.5155699], [73.8566345, 18.5155541], [73.8566293, 18.5155877], [73.8565755, 18.5155802], [73.8566132, 18.5153367], [73.8566747, 18.5153452]]]}}, {"type": "Feature", "properties": {"amenity": "place_of_worship", "building": "yes", "check_date": "2026-03-17", "name": "Gurusingh Sabha Gurudwara", "name:mr": "\u0917\u0941\u0930\u0941\u0938\u093f\u0902\u0939 \u0938\u092d\u093e \u0917\u0941\u0930\u0941\u0926\u094d\u0935\u093e\u0930\u093e", "religion": "sikh"}, "geometry": {"type": "Polygon", "coordinates": [[[73.8617296, 18.5179665], [73.86174, 18.5177168], [73.861894, 18.5177227], [73.8618912, 18.5177739], [73.8620252, 18.5177826], [73.8620135, 18.5179509], [73.8618632, 18.5179706], [73.8617296, 18.5179665]]]}}, {"type": "Feature", "properties": {"amenity": "fuel", "brand": "Hindustan Petroleum", "brand:wikidata": "Q1619375", "brand:wikipedia": "en:Hindustan Petroleum", "check_date": "2024-04-14", "fuel:diesel": "yes", "fuel:octane_91": "yes", "fuel:octane_95": "yes", "name": "HP", "official_name": "Hindustan Petroleum", "short_name": "HP"}, "geometry": {"type": "Polygon", "coordinates": [[[73.8450678, 18.5187937], [73.8449007, 18.5185992], [73.844822, 18.51866], [73.844989, 18.5188545], [73.8450678, 18.5187937]]]}}, {"type": "Feature", "properties": {"amenity": "post_office", "building": "yes", "check_date": "2026-03-12", "name": "Sadashiv Peth Post Office", "name:mr": "\u0938\u0926\u093e\u0936\u093f\u0935 \u092a\u0947\u0920 \u091f\u092a\u093e\u0932\u0918\u0930", "operator": "India Post", "operator:wikidata": "Q3519720"}, "geometry": {"type": "Polygon", "coordinates": [[[73.8493016, 18.5135202], [73.8493138, 18.5134194], [73.8491481, 18.5134013], [73.8491359, 18.5135022], [73.8493016, 18.5135202]]]}}, {"type": "Feature", "properties": {"amenity": "college", "check_date": "2026-03-17", "name": "Tilak Ayurveda Mahavidyalay", "name:mr": "\u091f\u093f\u0933\u0915 \u0906\u092f\u0941\u0930\u094d\u0935\u0947\u0926 \u092e\u0939\u093e\u0935\u093f\u0926\u094d\u092f\u093e\u0932\u092f"}, "geometry": {"type": "Polygon", "coordinates": [[[73.8621508, 18.518708], [73.8626773, 18.5187341], [73.8629818, 18.5180046], [73.8623322, 18.5182257], [73.8621751, 18.5185698], [73.8621508, 18.518708]]]}}, {"type": "Feature", "properties": {"amenity": "school", "name": "Lal Bahadur Shastri Vidyalay", "name:etymology:wikidata": "Q244689", "name:mr": "\u0932\u093e\u0932 \u092c\u0939\u093e\u0926\u0942\u0930 \u0936\u093e\u0938\u094d\u0924\u094d\u0930\u0940 \u0935\u093f\u0926\u094d\u092f\u093e\u0932\u092f"}, "geometry": {"type": "Polygon", "coordinates": [[[73.8502636, 18.5228843], [73.8508985, 18.5228434], [73.8509252, 18.5232155], [73.8505677, 18.5232408], [73.8503129, 18.5232875], [73.8502636, 18.5228843]]]}}, {"type": "Feature", "properties": {"amenity": "place_of_worship", "building": "temple", "check_date": "2026-03-13", "religion": "jain"}, "geometry": {"type": "Polygon", "coordinates": [[[73.8592893, 18.5105971], [73.8595754, 18.5105971], [73.8595934, 18.5106407], [73.8596094, 18.5106825], [73.8596163, 18.5107385], [73.8592853, 18.5107432], [73.8592893, 18.5105971]]]}}, {"type": "Feature", "properties": {"amenity": "place_of_worship", "building": "temple", "check_date": "2026-03-15", "name": "Shrimant Peshwe Ganesh Mandir", "name:mr": "\u0936\u094d\u0930\u0940\u092e\u0902\u0924 \u092a\u0947\u0936\u0935\u0947 \u0917\u0923\u0947\u0936 \u092e\u0902\u0926\u093f\u0930", "religion": "hindu"}, "geometry": {"type": "Polygon", "coordinates": [[[73.8560561, 18.518855], [73.8560996, 18.518856], [73.8561022, 18.5187611], [73.8560587, 18.5187601], [73.8560561, 18.518855]]]}}, {"type": "Feature", "properties": {"amenity": "college", "check_date": "2026-03-12", "name": "AISSMS"}, "geometry": {"type": "Polygon", "coordinates": [[[73.864023, 18.5301006], [73.8639325, 18.5317924], [73.8652409, 18.5319218], [73.8673263, 18.5319768], [73.8675716, 18.530833], [73.8675812, 18.5303745], [73.8675379, 18.5302878], [73.8674777, 18.5302627], [73.8674152, 18.5302468], [73.864023, 18.5301006]]]}}, {"type": "Feature", "properties": {"amenity": "cremation_ground", "name": "Kailas Smashanbhoomi", "name:mr": "\u0915\u0948\u0932\u093e\u0938 \u0938\u094d\u092e\u0936\u093e\u0928\u092d\u0942\u092e\u0940"}, "geometry": {"type": "Polygon", "coordinates": [[[73.8663173, 18.5331201], [73.8664451, 18.5320392], [73.8651761, 18.5319939], [73.8651195, 18.5325375], [73.8653121, 18.5325849], [73.8663173, 18.5331201]]]}}, {"type": "Feature", "properties": {"amenity": "hospital", "healthcare": "hospital", "healthcare:speciality": "general", "name": "eshavari clinic", "operator": "shivanjali", "operator:type": "public"}, "geometry": {"type": "Polygon", "coordinates": [[[73.8519091, 18.5264176], [73.8520054, 18.5263586], [73.8518938, 18.5261947], [73.8517975, 18.5262537], [73.8519091, 18.5264176]]]}}, {"type": "Feature", "properties": {"amenity": "place_of_worship", "building": "yes", "check_date": "2026-03-13", "denomination": "dattasampradaya", "name": "Raste Wada Datta Mandir", "religion": "hindu"}, "geometry": {"type": "Polygon", "coordinates": [[[73.8659622, 18.5203042], [73.8663139, 18.5203032], [73.8663134, 18.5201497], [73.8659618, 18.5201506], [73.8659622, 18.5203042]]]}}, {"type": "Feature", "properties": {"amenity": "place_of_worship", "building": "yes", "check_date": "2026-03-13", "name": "Bagban Masjid", "name:mr": "\u092c\u093e\u0917\u092c\u093e\u0928 \u092e\u0938\u094d\u091c\u093f\u0926", "religion": "muslim"}, "geometry": {"type": "Polygon", "coordinates": [[[73.861126, 18.5131442], [73.861308, 18.5131542], [73.8613144, 18.5130498], [73.8611323, 18.5130398], [73.861126, 18.5131442]]]}}, {"type": "Feature", "properties": {"amenity": "school", "name": "Adarsh Vidyalay", "name:mr": "\u0906\u0926\u0930\u094d\u0936 \u0935\u093f\u0926\u094d\u092f\u093e\u0932\u092f"}, "geometry": {"type": "Polygon", "coordinates": [[[73.8547053, 18.5100904], [73.8546978, 18.5105595], [73.8549084, 18.5105625], [73.8549114, 18.5103753], [73.8550016, 18.5103766], [73.8550061, 18.5100947], [73.8547053, 18.5100904]]]}}, {"type": "Feature", "properties": {"amenity": "school", "check_date": "2026-03-13", "name": "Agarkar Madhyamik Vidyalay", "name:mr": "\u0906\u0917\u0930\u0915\u0930 \u092e\u093e\u0927\u094d\u092f\u092e\u093f\u0915 \u0935\u093f\u0926\u094d\u092f\u093e\u0932\u092f"}, "geometry": {"type": "Polygon", "coordinates": [[[73.864873, 18.5205851], [73.864863, 18.5211312], [73.8650332, 18.5211354], [73.8650359, 18.5210456], [73.8655485, 18.521071], [73.8655266, 18.5205808], [73.864873, 18.5205851]]]}}, {"type": "Feature", "properties": {"amenity": "school", "check_date": "2026-03-12", "name": "Ashok Vidyalay", "name:mr": "\u0905\u0936\u094b\u0915 \u0935\u093f\u0926\u094d\u092f\u093e\u0932\u092f"}, "geometry": {"type": "Polygon", "coordinates": [[[73.8456165, 18.511235], [73.8455809, 18.5115064], [73.8452745, 18.5114648], [73.845259, 18.5114418], [73.8452596, 18.5114148], [73.845457, 18.5112226], [73.8456165, 18.511235]]]}}, {"type": "Feature", "properties": {"amenity": "school", "check_date": "2026-03-17", "name": "Raja Dhanraj Girji Madhyamik Vidyalay", "name:mr": "\u0930\u093e\u091c\u093e \u0927\u0928\u0930\u093e\u091c \u0917\u093f\u0930\u091c\u0940 \u092e\u093e\u0927\u094d\u092f\u092e\u093f\u0915 \u0935\u093f\u0926\u094d\u092f\u093e\u0932\u092f"}, "geometry": {"type": "Polygon", "coordinates": [[[73.8631874, 18.5188805], [73.8631605, 18.5181695], [73.8632216, 18.5181704], [73.8640254, 18.518269], [73.864043, 18.5185047], [73.8639525, 18.5185159], [73.8637055, 18.5185466], [73.8637155, 18.5188762], [73.8631874, 18.5188805]]]}}, {"type": "Feature", "properties": {"amenity": "school", "name": "Saraswati Mandir", "name:mr": "\u0938\u0930\u0938\u094d\u0935\u0924\u0940 \u092e\u0902\u0926\u093f\u0930"}, "geometry": {"type": "Polygon", "coordinates": [[[73.8538109, 18.509658], [73.8543956, 18.5096278], [73.8544275, 18.5102095], [73.853816, 18.5101802], [73.8538109, 18.509658]]]}}, {"type": "Feature", "properties": {"amenity": "school", "name": "Sardar Laxmibai Raste Prathamik Vidyalay", "name:mr": "\u0938\u0930\u0926\u093e\u0930 \u0932\u0915\u094d\u0937\u094d\u092e\u0940\u092c\u093e\u0908 \u0930\u093e\u0938\u094d\u0924\u0947 \u092a\u094d\u0930\u093e\u0925\u092e\u093f\u0915 \u0935\u093f\u0926\u094d\u092f\u093e\u0932\u092f"}, "geometry": {"type": "Polygon", "coordinates": [[[73.864873, 18.5205843], [73.8657131, 18.5205791], [73.8657041, 18.5199067], [73.8648972, 18.5199132], [73.8648736, 18.5205665], [73.864873, 18.5205843]]]}}, {"type": "Feature", "properties": {"amenity": "place_of_worship", "check_date": "2026-03-15", "name": "Succath Shelomo Synagogue", "name:mr": "\u0938\u0941\u0915\u094d\u0915\u093e\u0925 \u0936\u0947\u0932\u094b\u092e\u094b \u0938\u093f\u0928\u0947\u0917\u0949\u0917", "religion": "jewish"}, "geometry": {"type": "Polygon", "coordinates": [[[73.8671432, 18.5178212], [73.8671471, 18.5175764], [73.8674672, 18.517581], [73.8674634, 18.5178257], [73.8671432, 18.5178212]]]}}, {"type": "Feature", "properties": {"amenity": "place_of_worship", "building": "temple", "check_date": "2026-03-17", "name": "Tulshibaug Ram Mandir", "name:en": "Tulshibaug Ram Mandir", "name:mr": "\u0924\u0941\u0933\u0936\u0940\u092c\u093e\u0917 \u0930\u093e\u092e \u092e\u0902\u0926\u093f\u0930", "religion": "hindu"}, "geometry": {"type": "Polygon", "coordinates": [[[73.8553979, 18.5137715], [73.8555946, 18.513774], [73.8555958, 18.5136865], [73.8553991, 18.513684], [73.8553979, 18.5137715]]]}}, {"type": "Feature", "properties": {"addr:full": "Near Shivaji Nagar S. T. Stand, Pune", "addr:postcode": "411005", "addr:state": "Maharashtra", "addr:subdistrict": "Pune City", "amenity": "hospital", "healthcare": "hospital", "name": "Dalvi Hospital", "name:mr": "\u0926\u0933\u0935\u0940 \u0930\u0941\u0917\u094d\u0923\u093e\u0932\u092f", "source": "OpenGovernmentData"}, "geometry": {"type": "Polygon", "coordinates": [[[73.8487021, 18.5328123], [73.8490867, 18.5329869], [73.8489373, 18.5334773], [73.848454, 18.5332438], [73.8487021, 18.5328123]]]}}, {"type": "Feature", "properties": {"access": "private", "amenity": "parking", "name": "COEP Parking"}, "geometry": {"type": "Polygon", "coordinates": [[[73.8554094, 18.5301551], [73.8553828, 18.5300448], [73.8559478, 18.5299177], [73.8564158, 18.5298214], [73.8567042, 18.529759], [73.8567307, 18.5298693], [73.8554094, 18.5301551]]]}}, {"type": "Feature", "properties": {"amenity": "place_of_worship", "building": "yes", "check_date": "2026-03-15", "name": "Shrimahalakshmi Ganesh Mandir", "name:mr": "\u0936\u094d\u0930\u0940\u092e\u0939\u093e\u0932\u0915\u094d\u0937\u094d\u092e\u0940 \u0917\u0923\u0947\u0936 \u092e\u0902\u0926\u093f\u0930", "religion": "hindu"}, "geometry": {"type": "Polygon", "coordinates": [[[73.8584413, 18.5189492], [73.8584708, 18.5189492], [73.8584708, 18.5189219], [73.8584582, 18.5189219], [73.8584413, 18.5189219], [73.8584413, 18.5189492]]]}}, {"type": "Feature", "properties": {"amenity": "place_of_worship", "building": "yes", "check_date": "2026-03-12", "name": "Prakash Navajawan Mandal", "name:mr": "\u092a\u094d\u0930\u0915\u093e\u0936 \u0928\u0935\u091c\u0935\u093e\u0928 \u092e\u0902\u0921\u0933", "religion": "hindu"}, "geometry": {"type": "Polygon", "coordinates": [[[73.8637377, 18.5233361], [73.8637565, 18.5233186], [73.8637397, 18.5233024], [73.8637209, 18.5233199], [73.8637377, 18.5233361]]]}}, {"type": "Feature", "properties": {"amenity": "school", "check_date": "2026-03-12", "name": "Baburao Sanas Kanyashala", "name:mr": "\u092c\u093e\u092c\u0941\u0930\u093e\u0935 \u0938\u0923\u0938 \u0915\u0928\u094d\u092f\u093e\u0936\u093e\u0933\u093e"}, "geometry": {"type": "Polygon", "coordinates": [[[73.8633709, 18.5233164], [73.8634132, 18.5226545], [73.8638215, 18.522678], [73.8637817, 18.5233019], [73.8636855, 18.5232964], [73.8636831, 18.5233343], [73.8633709, 18.5233164]]]}}, {"type": "Feature", "properties": {"amenity": "school", "check_date": "2026-03-12", "name": "Gurudev Ravindranath Tagore Vidyaniketan", "name:etymology:wikidata": "Q7241", "name:mr": "\u0917\u0941\u0930\u0941\u0926\u0947\u0935 \u0930\u0935\u0940\u0902\u0926\u094d\u0930\u0928\u093e\u0925 \u091f\u093e\u0917\u094b\u0930 \u0935\u093f\u0926\u094d\u092f\u093e\u0928\u093f\u0915\u0947\u0924\u0928"}, "geometry": {"type": "Polygon", "coordinates": [[[73.8646433, 18.5250334], [73.8649477, 18.5249749], [73.8653232, 18.5254161], [73.8647264, 18.525481], [73.8646433, 18.5250334]]]}}, {"type": "Feature", "properties": {"amenity": "place_of_worship", "building": "yes", "check_date": "2026-03-13", "email": "ambpunecentre@gmail.com", "name": "Avatar Meher Baba Pune Centre", "phone": "+91 20 2606 7846", "website": "http://meherpunecentre.org/"}, "geometry": {"type": "Polygon", "coordinates": [[[73.8658844, 18.5206522], [73.8658861, 18.5210247], [73.8662064, 18.5210314], [73.8661551, 18.5206354], [73.8660932, 18.5206438], [73.8658844, 18.5206522]]]}}, {"type": "Feature", "properties": {"amenity": "place_of_worship", "building": "yes", "check_date": "2026-03-17", "name": "Lakshmishwar Mandir", "religion": "hindu"}, "geometry": {"type": "Polygon", "coordinates": [[[73.8653881, 18.5192877], [73.8653921, 18.5189265], [73.8657622, 18.5189367], [73.8657689, 18.5192864], [73.8656616, 18.5192851], [73.8656107, 18.5192851], [73.8653881, 18.5192877]]]}}, {"type": "Feature", "properties": {"amenity": "police", "building": "yes", "check_date": "2026-03-15", "name": "Somwar Peth Police Station \u0938\u094b\u092e\u0935\u093e\u0930 \u092a\u0947\u0920 \u092a\u094b\u0932\u093f\u0938 \u0938\u094d\u091f\u0947\u0936\u0928"}, "geometry": {"type": "Polygon", "coordinates": [[[73.8624461, 18.5195682], [73.8624193, 18.5195439], [73.862529, 18.5193413], [73.8626703, 18.5194481], [73.8627088, 18.5195837], [73.8625968, 18.5195804], [73.862529, 18.5195771], [73.8624461, 18.5195682]]]}}, {"type": "Feature", "properties": {"addr:district": "Pune", "addr:postcode": "411030", "addr:street": "Vedacharya Phatak Guruji Marg", "amenity": "hospital", "healthcare": "hospital", "healthcare:speciality": "paediatrics", "name": "Shintre Hospital", "operator": "Private", "operator:type": "private"}, "geometry": {"type": "Polygon", "coordinates": [[[73.8497242, 18.5122636], [73.8498103, 18.512271], [73.849832, 18.5120434], [73.8497459, 18.512036], [73.8497242, 18.5122636]]]}}, {"type": "Feature", "properties": {"amenity": "bus_station", "building": "yes", "bus": "yes", "layer": "-1", "name": "Sangamwadi Private Bus Stand 1", "public_transport": "station"}, "geometry": {"type": "Polygon", "coordinates": [[[73.859762, 18.5355715], [73.8616939, 18.5358115], [73.861361, 18.5349313], [73.8607045, 18.5348735], [73.8606529, 18.5353803], [73.8598042, 18.5352914], [73.859762, 18.5355715]]]}}, {"type": "Feature", "properties": {"access": "private", "amenity": "bus_station", "building": "yes", "bus": "yes", "capacity": "50", "capacity:disabled": "50", "fee": "no", "internet_access": "no", "layer": "-1", "location": "surface", "name": "PMPML Bus Parking", "network": "PMPML", "operator": "PMPML", "operator:type": "private", "parking": "surface", "public_transport": "station", "surface": "ground"}, "geometry": {"type": "Polygon", "coordinates": [[[73.8602403, 18.5344329], [73.8605261, 18.5344995], [73.8606339, 18.534313], [73.8609758, 18.5339132], [73.8607885, 18.5337134], [73.860498, 18.5334868], [73.8602263, 18.5333003], [73.8599921, 18.5331404], [73.8599452, 18.5336556], [73.8599077, 18.5343263], [73.8602403, 18.5344329]]]}}, {"type": "Feature", "properties": {"amenity": "cafe", "building": "yes", "layer": "1", "name": "South Canteen"}, "geometry": {"type": "Polygon", "coordinates": [[[73.8543789, 18.5298433], [73.8543107, 18.5297169], [73.8546517, 18.5295199], [73.8547293, 18.5296493], [73.8543789, 18.5298433]]]}}, {"type": "Feature", "properties": {"amenity": "bus_station", "building:levels": "6", "bus": "yes", "check_date": "2026-03-12", "height": "18", "layer": "2", "min_height": "6", "min_level": "2", "name": "Manapa Bhavan PMPML Bus Station", "operator": "PMPML", "public_transport": "station"}, "geometry": {"type": "Polygon", "coordinates": [[[73.8531826, 18.522984], [73.854208, 18.5233495], [73.8542661, 18.5232119], [73.8532528, 18.5228031], [73.8531826, 18.522984]]]}}, {"type": "Feature", "properties": {"amenity": "school", "name": "Bharat English School"}, "geometry": {"type": "Polygon", "coordinates": [[[73.8493414, 18.5320483], [73.8485103, 18.5317948], [73.8486229, 18.5314267], [73.8488054, 18.5313687], [73.849496, 18.5312964], [73.84958, 18.5313317], [73.8493414, 18.5320483]]]}}, {"type": "Feature", "properties": {"amenity": "place_of_worship", "building": "yes", "building:levels": "1", "check_date": "2026-03-12", "height": "3", "name": "Batatya Maruti", "name:en": "Batatya Maruti", "name:mr": "\u092c\u091f\u093e\u091f\u094d\u092f\u093e \u092e\u093e\u0930\u0941\u0924\u0940", "religion": "hindu", "roof:levels": "1", "roof:shape": "hipped"}, "geometry": {"type": "Polygon", "coordinates": [[[73.8554237, 18.5205192], [73.8553841, 18.5205185], [73.8553849, 18.5204783], [73.8554245, 18.520479], [73.8554237, 18.5205192]]]}}, {"type": "Feature", "properties": {"addr:city": "Pune", "addr:housenumber": "196", "addr:postcode": "411042", "addr:street": "Bhawani Peth , Palkhi Chowk", "amenity": "place_of_worship", "building": "yes", "check_date": "2026-03-12", "denomination": "hindu", "name": "New Shankeshwar Parshvanath Jain Shawetambar Mandir", "religion": "hindu"}, "geometry": {"type": "Polygon", "coordinates": [[[73.866956, 18.5113321], [73.8670793, 18.5113029], [73.8670981, 18.5112571], [73.867019, 18.5111401], [73.8669546, 18.5110752], [73.8668607, 18.5111198], [73.8669104, 18.5112253], [73.866956, 18.5113321]]]}}, {"type": "Feature", "properties": {"amenity": "fuel", "brand": "Indian Oil", "brand:wikidata": "Q1289348", "check_date": "2026-03-12", "name": "Indian Oil", "opening_hours": "06:00-23:00"}, "geometry": {"type": "Polygon", "coordinates": [[[73.8655494, 18.5266428], [73.8658545, 18.5264813], [73.8658834, 18.5264663], [73.8659697, 18.5269582], [73.865699, 18.5270034], [73.8655494, 18.5266428]]]}}, {"type": "Feature", "properties": {"historic": "fort", "name": "Shaniwar Wada", "name:en": "Shaniwarwada", "name:mr": "\u0936\u0928\u093f\u0935\u093e\u0930 \u0935\u093e\u0921\u093e", "wikidata": "Q1351060", "wikimedia_commons": "Category:Shaniwar Wada", "wikipedia": "en:Shaniwar Wada"}, "geometry": {"type": "Polygon", "coordinates": [[[73.8554399, 18.5201046], [73.8559701, 18.5201165], [73.8559726, 18.5201499], [73.8559946, 18.520176], [73.8560283, 18.5201858], [73.856062, 18.5201758], [73.8560838, 18.5201495], [73.856086, 18.5201161], [73.856068, 18.5200874], [73.856036, 18.5200733], [73.8560012, 18.5200789], [73.8560249, 18.5195131], [73.8560545, 18.519523], [73.8560842, 18.5195137], [73.8561015, 18.5194889], [73.856099, 18.5194593], [73.8560779, 18.5194374], [73.856047, 18.5194325], [73.8560195, 18.5194468], [73.8560287, 18.518711], [73.8560535, 18.5187139], [73.8560776, 18.5187075], [73.8560972, 18.5186928], [73.8561093, 18.5186721], [73.8561121, 18.5186486], [73.8561051, 18.5186259], [73.8560894, 18.5186074], [73.8560675, 18.5185962], [73.8560426, 18.5185938], [73.8560187, 18.5186006], [73.8559995, 18.5186157], [73.8559878, 18.5186367], [73.8559856, 18.5186603], [73.8553926, 18.518656], [73.8547403, 18.5186447], [73.8547402, 18.518631], [73.8547362, 18.5186178], [73.8547287, 18.518606], [73.8547182, 18.5185965], [73.8547055, 18.51859], [73.8546913, 18.5185869], [73.8546769, 18.5185874], [73.854663, 18.5185916], [73.8546509, 18.518599], [73.8546412, 18.5186092], [73.8546346, 18.5186214], [73.8546317, 18.5186349], [73.8546327, 18.5186486], [73.8546374, 18.5186616], [73.8546456, 18.5186729], [73.8546566, 18.5186819], [73.8546697, 18.5186877], [73.854684, 18.5186901], [73.8546984, 18.5186888], [73.8547119, 18.518684], [73.8546991, 18.5192999], [73.854683, 18.5192851], [73.8546626, 18.5192764], [73.8546402, 18.5192748], [73.8546186, 18.5192806], [73.8546004, 18.5192931], [73.8545878, 18.5193106], [73.8545823, 18.5193313], [73.8545845, 18.5193524], [73.8545943, 18.5193716], [73.8546103, 18.5193864], [73.8546307, 18.5193952], [73.8546531, 18.5193968], [73.8546747, 18.5193911], [73.8546929, 18.5193787], [73.8546791, 18.5200436], [73.8546512, 18.5200387], [73.8546236, 18.520045], [73.8546011, 18.5200613], [73.8545875, 18.5200849], [73.8545852, 18.5201117], [73.8545946, 18.5201371], [73.854614, 18.5201567], [73.8546402, 18.5201671], [73.8546685, 18.5201665], [73.8546942, 18.520155], [73.8547128, 18.5201347], [73.854721, 18.520109], [73.8547156, 18.5200906], [73.8551668, 18.5201022], [73.8551667, 18.5201202], [73.8551667, 18.5201415], [73.8551752, 18.5201623], [73.8551933, 18.5201767], [73.8552165, 18.520181], [73.8552389, 18.5201742], [73.8552551, 18.520158], [73.8552611, 18.5201363], [73.8553068, 18.5201368], [73.8553525, 18.5201372], [73.8553553, 18.5201582], [73.8553725, 18.5201785], [73.8553989, 18.5201856], [73.8554247, 18.5201768], [73.8554404, 18.5201554], [73.85544, 18.5201294], [73.8554399, 18.5201046]]]}}, {"type": "Feature", "properties": {"building": "yes", "historic": "castle"}, "geometry": {"type": "Polygon", "coordinates": [[[73.8559141, 18.5187442], [73.8559154, 18.51869], [73.8560059, 18.518692], [73.8560031, 18.5188129], [73.8559754, 18.5188123], [73.8559764, 18.5187704], [73.855977, 18.5187455], [73.8559141, 18.5187442]]]}}, {"type": "Feature", "properties": {"access": "yes", "amenity": "parking", "fee": "no", "operator": "Pune Metro", "operator:type": "public", "parking": "surface"}, "geometry": {"type": "Polygon", "coordinates": [[[73.85659, 18.5273555], [73.8570103, 18.5275886], [73.857115, 18.5274576], [73.8567069, 18.5272044], [73.85659, 18.5273555]]]}}, {"type": "Feature", "properties": {"amenity": "cafe", "building": "yes", "check_date": "2026-03-12", "name": "COEP Hostel Mess"}, "geometry": {"type": "Polygon", "coordinates": [[[73.8508874, 18.5279778], [73.8514311, 18.5280243], [73.8514461, 18.5278671], [73.8509024, 18.5278205], [73.8508874, 18.5279778]]]}}, {"type": "Feature", "properties": {"amenity": "place_of_worship", "building": "yes", "check_date": "2026-03-12", "name": "Shree Trishunda Ganpati Mandir", "name:mr": "\u0936\u094d\u0930\u0940 \u0924\u094d\u0930\u093f\u0936\u0941\u0902\u0921 \u0917\u0923\u092a\u0924\u0940 \u092e\u0902\u0926\u093f\u0930"}, "geometry": {"type": "Polygon", "coordinates": [[[73.8617365, 18.5216894], [73.8618614, 18.5216929], [73.8618633, 18.5216352], [73.8617392, 18.5216317], [73.8617365, 18.5216894]]]}}, {"type": "Feature", "properties": {"amenity": "place_of_worship", "building": "yes", "check_date": "2026-03-13", "name": "Vishnu Mandir", "name:mr": "\u0935\u093f\u0937\u094d\u0923\u0942 \u092e\u0902\u0926\u093f\u0930"}, "geometry": {"type": "Polygon", "coordinates": [[[73.8648014, 18.5217543], [73.8649317, 18.5217559], [73.8649349, 18.5216714], [73.864803, 18.5216699], [73.8648014, 18.5217543]]]}}, {"type": "Feature", "properties": {"access": "yes", "amenity": "toilets", "building": "yes", "check_date": "2026-03-12", "name": "Sulabh Shauchalaya Sankul"}, "geometry": {"type": "Polygon", "coordinates": [[[73.8546452, 18.523128], [73.8546732, 18.523085], [73.8548862, 18.5232097], [73.8548582, 18.5232527], [73.8546452, 18.523128]]]}}, {"type": "Feature", "properties": {"amenity": "place_of_worship", "building": "yes", "check_date": "2026-03-12", "religion": "hindu"}, "geometry": {"type": "Polygon", "coordinates": [[[73.8555459, 18.5162957], [73.8555757, 18.5162962], [73.8555748, 18.5163381], [73.8555451, 18.5163376], [73.8555459, 18.5162957]]]}}, {"type": "Feature", "properties": {"amenity": "fuel", "brand": "Hindustan Petroleum", "brand:wikidata": "Q1619375", "name": "HP", "official_name": "Hindustan Petroleum", "operator": "P Panchratna Service Station"}, "geometry": {"type": "Polygon", "coordinates": [[[73.8648121, 18.5268597], [73.8647532, 18.5266392], [73.8645092, 18.5267183], [73.8645939, 18.526952], [73.8648121, 18.5268597]]]}}]}